{
"type": "FeatureCollection",
"name": "gota_tp33_cadastral",
"crs": { "type": "name", "properties": { "name": "urn:ogc:def:crs:EPSG::3857" } },
"features": [
{ "type": "Feature", "properties": { "id": "final_plot_boundary.fid-4639cb80_1a0ba89becd_6423", "gid": 24389, "tps_name": "Gota_33", "tps_no": "33", "village": "Gota", "city": "Ahmedabad", "authority": "AMC", "district": "Ahmedabad", "state": "Gujarat", "status": "Preliminary", "fp_no": "121", "reser_use": "Housing For S.E.W.S.", "reser_type": "Housing For S.E.W.S", "tps_id": 212, "show_hide": 1, "fp_area": "10034", "fp_area_final": 10034.0, "temp": "10034", "search": "Gota 33 121", "dxf_access": 1, "epsg_code": "EPSG:32643", "parcel_id": "121", "land_use": "Housing For S.E.W.S.", "area_sq_m": 10034.0, "owner_name": null, "source_type": "CTPVD_Final_Plot", "source_id": "121", "survey_scheme": "Gota_33", "village_name": "Gota", "city_name": "Ahmedabad", "authority_name": "AMC", "district_name": "Ahmedabad", "state_name": "Gujarat", "status_name": "Preliminary" }, "geometry": { "type": "MultiPolygon", "coordinates": [ [ [ [ 8075851.412075214087963, 2643984.07696858746931 ], [ 8075854.280789129436016, 2643949.779706045519561 ], [ 8075846.081129559315741, 2643952.709695348050445 ], [ 8075844.182094745337963, 2643947.334404792636633 ], [ 8075724.442057011649013, 2643990.12062036478892 ], [ 8075726.07618339266628, 2643995.069474864751101 ], [ 8075726.1134137744084, 2643995.176047758199275 ], [ 8075726.154274104163051, 2643995.281266930047423 ], [ 8075726.198715843260288, 2643995.385007370728999 ], [ 8075726.246686190366745, 2643995.487145822029561 ], [ 8075726.298128149472177, 2643995.587560940533876 ], [ 8075726.352980608120561, 2643995.68613341730088 ], [ 8075726.411178385838866, 2643995.782746139448136 ], [ 8075726.47265234682709, 2643995.877284321468323 ], [ 8075726.537329448387027, 2643995.969635645393282 ], [ 8075726.605132857337594, 2643996.059690385591239 ], [ 8075726.675982006825507, 2643996.147341549396515 ], [ 8075726.749792721122503, 2643996.232484999112785 ], [ 8075726.826477308757603, 2643996.315019575413316 ], [ 8075726.90594466496259, 2643996.394847217481583 ], [ 8075726.988100366666913, 2643996.471873084548861 ], [ 8075727.072846809402108, 2643996.546005658339709 ], [ 8075727.160083307884634, 2643996.617156866937876 ], [ 8075727.249706212431192, 2643996.685242171399295 ], [ 8075727.341609044931829, 2643996.750180683098733 ], [ 8075727.435682613402605, 2643996.811895245220512 ], [ 8075727.531815149821341, 2643996.870312537997961 ], [ 8075727.629892442375422, 2643996.925363153684884 ], [ 8075727.729797959327698, 2643996.976981687825173 ], [ 8075727.83141300920397, 2643997.02510680956766 ], [ 8075727.934616860002279, 2643997.069681346882135 ], [ 8075728.039286894723773, 2643997.110652335453779 ], [ 8075728.145298757590353, 2643997.147971099708229 ], [ 8075728.252526494674385, 2643997.181593301706016 ], [ 8075728.360842706635594, 2643997.211478995159268 ], [ 8075728.47011870983988, 2643997.237592671997845 ], [ 8075728.580224663950503, 2643997.259903306607157 ], [ 8075728.691029760055244, 2643997.278384393081069 ], [ 8075728.802402345463634, 2643997.293013971298933 ], [ 8075728.914210105314851, 2643997.303774660918862 ], [ 8075729.026320190168917, 2643997.310653680004179 ], [ 8075729.137090538628399, 2643997.317427434492856 ], [ 8075729.247567296028137, 2643997.327990667428821 ], [ 8075729.357622333802283, 2643997.342331129126251 ], [ 8075729.467128003947437, 2643997.360432183835655 ], [ 8075729.575957293622196, 2643997.38227283814922 ], [ 8075729.683983976952732, 2643997.407827763352543 ], [ 8075729.791082768701017, 2643997.437067314982414 ], [ 8075729.897129442542791, 2643997.469957582652569 ], [ 8075730.002001008018851, 2643997.506460419390351 ], [ 8075730.105575820431113, 2643997.546533486805856 ], [ 8075730.207733761519194, 2643997.590130304917693 ], [ 8075730.308356333523989, 2643997.637200311291963 ], [ 8075730.407326838001609, 2643997.687688909471035 ], [ 8075730.504530481062829, 2643997.741537540685385 ], [ 8075730.599854525178671, 2643997.79868375370279 ], [ 8075730.69318840187043, 2643997.85906126210466 ], [ 8075730.784423866309226, 2643997.922600040677935 ], [ 8075730.873455097898841, 2643997.989226394332945 ], [ 8075730.96017883066088, 2643998.058863043319434 ], [ 8075731.044494483619928, 2643998.13142922706902 ], [ 8075731.126304257661104, 2643998.206840773578733 ], [ 8075731.205513270571828, 2643998.285010222345591 ], [ 8075731.282029654830694, 2643998.365846904926002 ], [ 8075731.355764657258987, 2643998.449257067870349 ], [ 8075731.426632761955261, 2643998.535143964923918 ], [ 8075731.494551775045693, 2643998.623407982289791 ], [ 8075731.559442908503115, 2643998.713946749921888 ], [ 8075731.621230916120112, 2643998.806655251421034 ], [ 8075731.679844119586051, 2643998.901425964199007 ], [ 8075731.735214544460177, 2643998.998148968908936 ], [ 8075731.787277963012457, 2643999.09671208076179 ], [ 8075731.835973997600377, 2643999.197000981774181 ], [ 8075731.881246163509786, 2643999.29889935394749 ], [ 8075731.923041953705251, 2643999.402289009653032 ], [ 8075731.961312891915441, 2643999.507050034590065 ], [ 8075766.654095227830112, 2644099.7123590586707 ], [ 8075787.743403139524162, 2644092.17663174495101 ], [ 8075851.042942841537297, 2644069.557959876023233 ], [ 8075844.057625020854175, 2644048.247311534360051 ], [ 8075826.000010969117284, 2643993.157450139522552 ], [ 8075851.412075214087963, 2643984.07696858746931 ] ] ] ] } },
{ "type": "Feature", "properties": { "id": "final_plot_boundary.fid-4639cb80_1a0ba89becd_6424", "gid": 24492, "tps_name": "Gota_33", "tps_no": "33", "village": "Gota", "city": "Ahmedabad", "authority": "AMC", "district": "Ahmedabad", "state": "Gujarat", "status": "Preliminary", "fp_no": "6/2", "reser_use": null, "reser_type": null, "tps_id": 212, "show_hide": 1, "fp_area": "304", "fp_area_final": 304.0, "temp": "304", "search": "Gota 33 6/2", "dxf_access": 1, "epsg_code": "EPSG:32643", "parcel_id": "6/2", "land_use": null, "area_sq_m": 304.0, "owner_name": null, "source_type": "CTPVD_Final_Plot", "source_id": "6/2", "survey_scheme": "Gota_33", "village_name": "Gota", "city_name": "Ahmedabad", "authority_name": "AMC", "district_name": "Ahmedabad", "state_name": "Gujarat", "status_name": "Preliminary" }, "geometry": { "type": "MultiPolygon", "coordinates": [ [ [ [ 8075592.952319744043052, 2643587.185457528568804 ], [ 8075599.883765579201281, 2643607.87896913709119 ], [ 8075615.450902950949967, 2643602.316581926774234 ], [ 8075608.519954371266067, 2643581.624542862176895 ], [ 8075592.952319744043052, 2643587.185457528568804 ] ] ] ] } },
{ "type": "Feature", "properties": { "id": "final_plot_boundary.fid-4639cb80_1a0ba89becd_6425", "gid": 24475, "tps_name": "Gota_33", "tps_no": "33", "village": "Gota", "city": "Ahmedabad", "authority": "AMC", "district": "Ahmedabad", "state": "Gujarat", "status": "Preliminary", "fp_no": "95", "reser_use": null, "reser_type": null, "tps_id": 212, "show_hide": 1, "fp_area": "2126", "fp_area_final": 2126.0, "temp": "2126", "search": "Gota 33 95", "dxf_access": 1, "epsg_code": "EPSG:32643", "parcel_id": "95", "land_use": null, "area_sq_m": 2126.0, "owner_name": null, "source_type": "CTPVD_Final_Plot", "source_id": "95", "survey_scheme": "Gota_33", "village_name": "Gota", "city_name": "Ahmedabad", "authority_name": "AMC", "district_name": "Ahmedabad", "state_name": "Gujarat", "status_name": "Preliminary" }, "geometry": { "type": "MultiPolygon", "coordinates": [ [ [ [ 8075694.934982853941619, 2643466.743131961207837 ], [ 8075739.771619235165417, 2643450.721897504292428 ], [ 8075723.101315072737634, 2643400.417635709047318 ], [ 8075678.264809302054346, 2643416.438786434475332 ], [ 8075694.934982853941619, 2643466.743131961207837 ] ] ] ] } },
{ "type": "Feature", "properties": { "id": "final_plot_boundary.fid-4639cb80_1a0ba89becd_6426", "gid": 24399, "tps_name": "Gota_33", "tps_no": "33", "village": "Gota", "city": "Ahmedabad", "authority": "AMC", "district": "Ahmedabad", "state": "Gujarat", "status": "Preliminary", "fp_no": "29", "reser_use": null, "reser_type": null, "tps_id": 212, "show_hide": 1, "fp_area": "1665", "fp_area_final": 1665.0, "temp": "1665", "search": "Gota 33 29", "dxf_access": 1, "epsg_code": "EPSG:32643", "parcel_id": "29", "land_use": null, "area_sq_m": 1665.0, "owner_name": null, "source_type": "CTPVD_Final_Plot", "source_id": "29", "survey_scheme": "Gota_33", "village_name": "Gota", "city_name": "Ahmedabad", "authority_name": "AMC", "district_name": "Ahmedabad", "state_name": "Gujarat", "status_name": "Preliminary" }, "geometry": { "type": "MultiPolygon", "coordinates": [ [ [ [ 8076043.538094098679721, 2643860.273395279888064 ], [ 8076013.446367683820426, 2643870.991897089406848 ], [ 8076018.881779356859624, 2643886.42614499758929 ], [ 8076026.857828371226788, 2643909.074695686809719 ], [ 8076031.911509096622467, 2643923.424962923396379 ], [ 8076031.991192643530667, 2643923.6392678511329 ], [ 8076032.078265120275319, 2643923.85064514959231 ], [ 8076032.172620428726077, 2643924.058837233111262 ], [ 8076032.274143586866558, 2643924.263590403366834 ], [ 8076032.382710874080658, 2643924.464655146002769 ], [ 8076032.498189996927977, 2643924.661786447744817 ], [ 8076032.620440239086747, 2643924.854744083248079 ], [ 8076032.749312612228096, 2643925.043292915914208 ], [ 8076032.884650079533458, 2643925.227203180547804 ], [ 8076033.026287729851902, 2643925.406250766012818 ], [ 8076033.174052946269512, 2643925.580217484384775 ], [ 8076033.327765675261617, 2643925.748891342431307 ], [ 8076033.487238612025976, 2643925.912066792603582 ], [ 8076033.65227740444243, 2643926.069544991012663 ], [ 8076033.822680947370827, 2643926.221134037245065 ], [ 8076033.998241587541997, 2643926.366649202536792 ], [ 8076034.178745383396745, 2643926.505913164932281 ], [ 8076034.3639723835513, 2643926.638756216969341 ], [ 8076034.553696861490607, 2643926.765016477089375 ], [ 8076034.747687628492713, 2643926.884540083818138 ], [ 8076034.945708280429244, 2643926.997181389015168 ], [ 8076035.147517514415085, 2643927.102803125977516 ], [ 8076035.352869410067797, 2643927.201276582665741 ], [ 8076035.561513725668192, 2643927.29248176375404 ], [ 8076035.773196201771498, 2643927.376307525672019 ], [ 8076035.987658892758191, 2643927.452651715371758 ], [ 8076036.204640446230769, 2643927.521421304438263 ], [ 8076036.423876452259719, 2643927.582532489672303 ], [ 8076036.645099759101868, 2643927.635910799261183 ], [ 8076036.868040772154927, 2643927.68149118963629 ], [ 8076037.092427831143141, 2643927.719218113459647 ], [ 8076037.317987483926117, 2643927.749045596458018 ], [ 8076037.544444880448282, 2643927.77093729423359 ], [ 8076037.771524046547711, 2643927.784866526722908 ], [ 8076037.99894826952368, 2643927.790816321969032 ], [ 8076038.226440414786339, 2643927.788779427763075 ], [ 8076038.453723258338869, 2643927.77875832747668 ], [ 8076038.68051983602345, 2643927.760765234008431 ], [ 8076038.906553773209453, 2643927.734822068829089 ], [ 8076039.131549623794854, 2643927.700960451271385 ], [ 8076039.35523321852088, 2643927.659221643116325 ], [ 8076039.577331965789199, 2643927.60965650388971 ], [ 8076039.797575228847563, 2643927.55232543963939 ], [ 8076040.015694605186582, 2643927.487298308871686 ], [ 8076040.231424313038588, 2643927.414654356427491 ], [ 8076064.17774070892483, 2643918.880755866412073 ], [ 8076043.538094098679721, 2643860.273395279888064 ] ] ] ] } },
{ "type": "Feature", "properties": { "id": "final_plot_boundary.fid-4639cb80_1a0ba89becd_6427", "gid": 24431, "tps_name": "Gota_33", "tps_no": "33", "village": "Gota", "city": "Ahmedabad", "authority": "AMC", "district": "Ahmedabad", "state": "Gujarat", "status": "Preliminary", "fp_no": "97", "reser_use": null, "reser_type": null, "tps_id": 212, "show_hide": 1, "fp_area": "12228", "fp_area_final": 12228.0, "temp": "12228", "search": "Gota 33 97", "dxf_access": 1, "epsg_code": "EPSG:32643", "parcel_id": "97", "land_use": null, "area_sq_m": 12228.0, "owner_name": null, "source_type": "CTPVD_Final_Plot", "source_id": "97", "survey_scheme": "Gota_33", "village_name": "Gota", "city_name": "Ahmedabad", "authority_name": "AMC", "district_name": "Ahmedabad", "state_name": "Gujarat", "status_name": "Preliminary" }, "geometry": { "type": "MultiPolygon", "coordinates": [ [ [ [ 8075736.503495023585856, 2642849.917188672348857 ], [ 8075733.664203751832247, 2642849.72940419241786 ], [ 8075706.619416096247733, 2642845.283570361789316 ], [ 8075659.974702161736786, 2642830.677796640433371 ], [ 8075633.182667672634125, 2642825.625333240721375 ], [ 8075632.958984831348062, 2642825.59017157042399 ], [ 8075632.734222522005439, 2642825.562845360953361 ], [ 8075632.508652032352984, 2642825.543387595098466 ], [ 8075632.282545601017773, 2642825.531821757089347 ], [ 8075632.05617615301162, 2642825.528161806054413 ], [ 8075631.829816902056336, 2642825.532412157393992 ], [ 8075631.603741060942411, 2642825.544567684642971 ], [ 8075631.378221498802304, 2642825.564613715745509 ], [ 8075631.153530415147543, 2642825.592526055406779 ], [ 8075630.929939006455243, 2642825.628271012566984 ], [ 8075630.707717137411237, 2642825.671805444639176 ], [ 8075630.487133032642305, 2642825.723076808266342 ], [ 8075630.268452925607562, 2642825.782023216132075 ], [ 8075630.051940767094493, 2642825.848573524039239 ], [ 8075629.837857870385051, 2642825.922647407278419 ], [ 8075629.626462639309466, 2642826.004155457951128 ], [ 8075629.418010223656893, 2642826.092999300919473 ], [ 8075629.212752212770283, 2642826.189071702770889 ], [ 8075629.010936356149614, 2642826.292256705462933 ], [ 8075628.812806241214275, 2642826.402429765090346 ], [ 8075628.618601005524397, 2642826.519457910675555 ], [ 8075628.428555042482913, 2642826.6431998857297 ], [ 8075628.242897752672434, 2642826.773506340105087 ], [ 8075628.06185320019722, 2642826.910219994839281 ], [ 8075627.885639909654856, 2642827.053175842389464 ], [ 8075627.714470570906997, 2642827.202201334759593 ], [ 8075627.548551783896983, 2642827.357116602361202 ], [ 8075627.388083796948195, 2642827.517734669614583 ], [ 8075627.233260306529701, 2642827.683861668221653 ], [ 8075627.084268175065517, 2642827.855297090485692 ], [ 8075626.941287225112319, 2642828.031834014691412 ], [ 8075626.804490042850375, 2642828.213259366340935 ], [ 8075626.674041738733649, 2642828.399354169610888 ], [ 8075626.550099751912057, 2642828.589893812779337 ], [ 8075626.432813694700599, 2642828.784648314118385 ], [ 8075626.322325114160776, 2642828.983382614329457 ], [ 8075626.218767370097339, 2642829.185856842901558 ], [ 8075626.122265458106995, 2642829.391826616600156 ], [ 8075626.032935860566795, 2642829.601043336093426 ], [ 8075625.950886386446655, 2642829.813254481181502 ], [ 8075625.876216070726514, 2642830.028203916270286 ], [ 8075625.80901504214853, 2642830.245632203295827 ], [ 8075625.749364409595728, 2642830.465276907663792 ], [ 8075625.697336170822382, 2642830.686872926540673 ], [ 8075625.652993120253086, 2642830.910152798052877 ], [ 8075625.616388785652816, 2642831.134847026318312 ], [ 8075625.587567341513932, 2642831.360684408340603 ], [ 8075625.56656357832253, 2642831.587392365559936 ], [ 8075625.553402844816446, 2642831.814697266090661 ], [ 8075625.548101031221449, 2642832.042324756737798 ], [ 8075625.550664533860981, 2642832.270000095944852 ], [ 8075625.56109025888145, 2642832.497448483482003 ], [ 8075625.579365625977516, 2642832.724395393859595 ], [ 8075625.605468568392098, 2642832.95056690601632 ], [ 8075625.639367596246302, 2642833.175690037664026 ], [ 8075625.68102177977562, 2642833.399493067990988 ], [ 8075625.73038084898144, 2642833.621705869678408 ], [ 8075625.787385224364698, 2642833.842060240916908 ], [ 8075625.851966113783419, 2642834.060290211346 ], [ 8075625.924045559950173, 2642834.27613238664344 ], [ 8075678.83694922644645, 2642984.051062752492726 ], [ 8075678.936724994331598, 2642984.31860228208825 ], [ 8075679.045717196539044, 2642984.58247971534729 ], [ 8075679.163793233223259, 2642984.842374035622925 ], [ 8075679.290809465572238, 2642985.097969074733555 ], [ 8075679.426611377857625, 2642985.348953895270824 ], [ 8075679.571033762767911, 2642985.595023163594306 ], [ 8075679.723900922574103, 2642985.835877533536404 ], [ 8075679.885026895441115, 2642986.071223995648324 ], [ 8075680.054215664044023, 2642986.30077624740079 ], [ 8075680.231261408887804, 2642986.524255029391497 ], [ 8075680.415948750451207, 2642986.741388474125415 ], [ 8075680.608053007163107, 2642986.951912432909012 ], [ 8075680.807340489700437, 2642987.15557079622522 ], [ 8075681.013568743132055, 2642987.352115808986127 ], [ 8075681.22648689802736, 2642987.541308367624879 ], [ 8075681.445835924707353, 2642987.722918312065303 ], [ 8075681.671348989009857, 2642987.89672471024096 ], [ 8075681.902751739136875, 2642988.062516122125089 ], [ 8075682.13976267259568, 2642988.220090859103948 ], [ 8075682.382093456573784, 2642988.369257222861052 ], [ 8075682.62944929394871, 2642988.509833748452365 ], [ 8075682.88152926415205, 2642988.641649424098432 ], [ 8075683.138026702217758, 2642988.764543889090419 ], [ 8075683.398629583418369, 2642988.878367638215423 ], [ 8075683.663020865991712, 2642988.982982201967388 ], [ 8075683.930878912098706, 2642989.078260315116495 ], [ 8075684.201877874322236, 2642989.164086066186428 ], [ 8075684.475688061676919, 2642989.240355048328638 ], [ 8075684.751976385712624, 2642989.306974476668984 ], [ 8075685.030406725592911, 2642989.363863305654377 ], [ 8075685.310640375129879, 2642989.410952330566943 ], [ 8075685.592336413450539, 2642989.448184263892472 ], [ 8075685.875152146443725, 2642989.475513812154531 ], [ 8075686.158743525855243, 2642989.492907729465514 ], [ 8075686.442765553481877, 2642989.500344856642187 ], [ 8075686.726872713305056, 2642989.497816140763462 ], [ 8075687.010719371028244, 2642989.4853246640414 ], [ 8075687.293960228562355, 2642989.462885620072484 ], [ 8075687.576250709593296, 2642989.430526305455714 ], [ 8075687.857247401028872, 2642989.388286088593304 ], [ 8075688.136608465574682, 2642989.336216353811324 ], [ 8075688.413994045928121, 2642989.274380445946008 ], [ 8075688.689066700637341, 2642989.202853592578322 ], [ 8075688.961491790600121, 2642989.121722805779427 ], [ 8075689.230937907472253, 2642989.031086784321815 ], [ 8075774.819108436815441, 2642958.561659523751587 ], [ 8075736.503495023585856, 2642849.917188672348857 ] ] ] ] } },
{ "type": "Feature", "properties": { "id": "final_plot_boundary.fid-4639cb80_1a0ba89becd_6428", "gid": 24466, "tps_name": "Gota_33", "tps_no": "33", "village": "Gota", "city": "Ahmedabad", "authority": "AMC", "district": "Ahmedabad", "state": "Gujarat", "status": "Preliminary", "fp_no": "80", "reser_use": null, "reser_type": null, "tps_id": 212, "show_hide": 1, "fp_area": "7161", "fp_area_final": 7161.0, "temp": "7161", "search": "Gota 33 80", "dxf_access": 1, "epsg_code": "EPSG:32643", "parcel_id": "80", "land_use": null, "area_sq_m": 7161.0, "owner_name": null, "source_type": "CTPVD_Final_Plot", "source_id": "80", "survey_scheme": "Gota_33", "village_name": "Gota", "city_name": "Ahmedabad", "authority_name": "AMC", "district_name": "Ahmedabad", "state_name": "Gujarat", "status_name": "Preliminary" }, "geometry": { "type": "MultiPolygon", "coordinates": [ [ [ [ 8075931.990127368830144, 2643320.281081579159945 ], [ 8075951.253987427800894, 2643375.010038149077445 ], [ 8076012.963205672800541, 2643353.040613810066134 ], [ 8075969.898256666958332, 2643230.693667305633426 ], [ 8075908.189473227597773, 2643252.66280201356858 ], [ 8075931.990127368830144, 2643320.281081579159945 ] ] ] ] } },
{ "type": "Feature", "properties": { "id": "final_plot_boundary.fid-4639cb80_1a0ba89becd_6429", "gid": 24435, "tps_name": "Gota_33", "tps_no": "33", "village": "Gota", "city": "Ahmedabad", "authority": "AMC", "district": "Ahmedabad", "state": "Gujarat", "status": "Preliminary", "fp_no": "(109+110+111)/1", "reser_use": null, "reser_type": null, "tps_id": 212, "show_hide": 1, "fp_area": "2758", "fp_area_final": 2758.0, "temp": "2758", "search": "Gota 33 (109+110+111)/1", "dxf_access": 1, "epsg_code": "EPSG:32643", "parcel_id": "(109+110+111)/1", "land_use": null, "area_sq_m": 2758.0, "owner_name": null, "source_type": "CTPVD_Final_Plot", "source_id": "(109+110+111)/1", "survey_scheme": "Gota_33", "village_name": "Gota", "city_name": "Ahmedabad", "authority_name": "AMC", "district_name": "Ahmedabad", "state_name": "Gujarat", "status_name": "Preliminary" }, "geometry": { "type": "MultiPolygon", "coordinates": [ [ [ [ 8075287.094458214007318, 2642833.440131626557559 ], [ 8075332.909052751027048, 2642829.06400312948972 ], [ 8075333.134145154617727, 2642829.038525385316461 ], [ 8075333.358221147209406, 2642829.005195543635637 ], [ 8075333.581009995192289, 2642828.964053877163678 ], [ 8075333.802242519333959, 2642828.915150090120733 ], [ 8075334.021651435643435, 2642828.858543270267546 ], [ 8075334.23897163849324, 2642828.794301813002676 ], [ 8075334.453940569423139, 2642828.722503332421184 ], [ 8075334.666298496536911, 2642828.643234577029943 ], [ 8075334.875788851641119, 2642828.556591319385916 ], [ 8075335.082158518955112, 2642828.462678243871778 ], [ 8075335.285158168524504, 2642828.361608815379441 ], [ 8075335.484542526304722, 2642828.253505149390548 ], [ 8075335.680070701986551, 2642828.13849785970524 ], [ 8075335.871506446972489, 2642828.01672589359805 ], [ 8075336.058618478477001, 2642827.888336382806301 ], [ 8075336.241180720739067, 2642827.75348444422707 ], [ 8075336.418972598388791, 2642827.612333009485155 ], [ 8075336.591779303736985, 2642827.465052622836083 ], [ 8075336.759392051026225, 2642827.31182122323662 ], [ 8075336.921608328819275, 2642827.152823952957988 ], [ 8075337.078232143074274, 2642826.988252908457071 ], [ 8075337.229074263013899, 2642826.818306928966194 ], [ 8075337.373952436260879, 2642826.643191342707723 ], [ 8075337.512691628187895, 2642826.463117730803788 ], [ 8075337.645124201662838, 2642826.278303655330092 ], [ 8075337.771090163849294, 2642826.088972413446754 ], [ 8075337.89043730776757, 2642825.895352756138891 ], [ 8075338.003021445125341, 2642825.6976786153391 ], [ 8075338.108706548810005, 2642825.496188822202384 ], [ 8075338.207364933565259, 2642825.291126823518425 ], [ 8075338.298877390101552, 2642825.082740372978151 ], [ 8075338.383133362978697, 2642824.871281245723367 ], [ 8075338.460031053051353, 2642824.657004927285016 ], [ 8075338.529477544128895, 2642824.440170310903341 ], [ 8075338.591388934291899, 2642824.221039378084242 ], [ 8075338.645690428093076, 2642823.999876881949604 ], [ 8075338.692316403612494, 2642823.776950037106872 ], [ 8075338.731210545636714, 2642823.552528182510287 ], [ 8075338.762325846590102, 2642823.326882468070835 ], [ 8075338.785624725744128, 2642823.100285519380122 ], [ 8075338.801079022698104, 2642822.87301111407578 ], [ 8075338.80867007188499, 2642822.645333848427981 ], [ 8075338.808388700708747, 2642822.417528801597655 ], [ 8075337.828907920978963, 2642769.527975786011666 ], [ 8075337.820699519477785, 2642769.29928674781695 ], [ 8075337.804557478986681, 2642769.071025324054062 ], [ 8075337.780501487664878, 2642768.843469810672104 ], [ 8075337.74856086447835, 2642768.616897643078119 ], [ 8075337.708774564787745, 2642768.391585054341704 ], [ 8075337.661191080696881, 2642768.167806747369468 ], [ 8075337.60586843919009, 2642767.945835551712662 ], [ 8075337.54287408106029, 2642767.725942089688033 ], [ 8075337.472284815274179, 2642767.508394459728152 ], [ 8075337.39418669976294, 2642767.293457891792059 ], [ 8075333.150722376070917, 2642756.218575812410563 ], [ 8075322.012673398479819, 2642745.1613858807832 ], [ 8075280.940642779693007, 2642816.054258830379695 ], [ 8075287.094458214007318, 2642833.440131626557559 ] ] ] ] } },
{ "type": "Feature", "properties": { "id": "final_plot_boundary.fid-4639cb80_1a0ba89becd_642a", "gid": 24436, "tps_name": "Gota_33", "tps_no": "33", "village": "Gota", "city": "Ahmedabad", "authority": "AMC", "district": "Ahmedabad", "state": "Gujarat", "status": "Preliminary", "fp_no": "140", "reser_use": "Neighbourhood Center", "reser_type": "Public Purpose", "tps_id": 212, "show_hide": 1, "fp_area": "1182", "fp_area_final": 1182.0, "temp": "1182", "search": "Gota 33 140", "dxf_access": 1, "epsg_code": "EPSG:32643", "parcel_id": "140", "land_use": "Neighbourhood Center", "area_sq_m": 1182.0, "owner_name": null, "source_type": "CTPVD_Final_Plot", "source_id": "140", "survey_scheme": "Gota_33", "village_name": "Gota", "city_name": "Ahmedabad", "authority_name": "AMC", "district_name": "Ahmedabad", "state_name": "Gujarat", "status_name": "Preliminary" }, "geometry": { "type": "MultiPolygon", "coordinates": [ [ [ [ 8075445.350984827615321, 2643000.88695005280897 ], [ 8075387.803177014924586, 2643021.856713740155101 ], [ 8075395.572449784725904, 2643043.422099666204304 ], [ 8075453.003309418447316, 2643022.494927874300629 ], [ 8075445.350984827615321, 2643000.88695005280897 ] ] ] ] } },
{ "type": "Feature", "properties": { "id": "final_plot_boundary.fid-4639cb80_1a0ba89becd_642b", "gid": 24445, "tps_name": "Gota_33", "tps_no": "33", "village": "Gota", "city": "Ahmedabad", "authority": "AMC", "district": "Ahmedabad", "state": "Gujarat", "status": "Preliminary", "fp_no": "117", "reser_use": "Sale For Commercial", "reser_type": "Commercial", "tps_id": 212, "show_hide": 1, "fp_area": "2862", "fp_area_final": 2862.0, "temp": "2862", "search": "Gota 33 117", "dxf_access": 1, "epsg_code": "EPSG:32643", "parcel_id": "117", "land_use": "Sale For Commercial", "area_sq_m": 2862.0, "owner_name": null, "source_type": "CTPVD_Final_Plot", "source_id": "117", "survey_scheme": "Gota_33", "village_name": "Gota", "city_name": "Ahmedabad", "authority_name": "AMC", "district_name": "Ahmedabad", "state_name": "Gujarat", "status_name": "Preliminary" }, "geometry": { "type": "MultiPolygon", "coordinates": [ [ [ [ 8075859.666676443070173, 2644368.033529650885612 ], [ 8075895.53393442183733, 2644470.068516310770065 ], [ 8075911.482830561697483, 2644516.467592221219093 ], [ 8075911.535712811164558, 2644516.630590423941612 ], [ 8075911.582910943776369, 2644516.79534414736554 ], [ 8075911.624367546290159, 2644516.961652969475836 ], [ 8075911.660032189451158, 2644517.129314582794905 ], [ 8075911.689861479215324, 2644517.298125033732504 ], [ 8075911.713819132186472, 2644517.467878964263946 ], [ 8075911.731876013800502, 2644517.638369880151004 ], [ 8075911.744010150432587, 2644517.8093903795816 ], [ 8075911.750206777825952, 2644517.980732420925051 ], [ 8075911.75045836251229, 2644518.152187573257834 ], [ 8075911.744764599017799, 2644518.323547265958041 ], [ 8075911.733132414519787, 2644518.494603046216071 ], [ 8075911.715575949288905, 2644518.665146824903786 ], [ 8075911.69211657717824, 2644518.83497114572674 ], [ 8075911.662782815285027, 2644519.003869416657835 ], [ 8075911.627610369585454, 2644519.171636183280498 ], [ 8075911.586642004549503, 2644519.338067360688001 ], [ 8075911.539927571080625, 2644519.502960487734526 ], [ 8075911.487523889169097, 2644519.666114978026599 ], [ 8075911.429494711570442, 2644519.82733235694468 ], [ 8075911.365910622291267, 2644519.986416511237621 ], [ 8075911.296848972328007, 2644520.14317391673103 ], [ 8075911.222393769770861, 2644520.297413883265108 ], [ 8075911.142635599710047, 2644520.448948782403022 ], [ 8075911.057671471498907, 2644520.597594276536256 ], [ 8075910.967604748904705, 2644520.743169541005045 ], [ 8075910.872544995509088, 2644520.885497487615794 ], [ 8075910.772607846185565, 2644521.024404982570559 ], [ 8075910.667914868332446, 2644521.159723042976111 ], [ 8075910.558593426831067, 2644521.291287058964372 ], [ 8075910.444776499643922, 2644521.418936989270151 ], [ 8075910.326602544635534, 2644521.542517550289631 ], [ 8075910.204215313307941, 2644521.661878408864141 ], [ 8075910.077763698063791, 2644521.7768743657507 ], [ 8075909.947401512414217, 2644521.88736553164199 ], [ 8075909.81328734010458, 2644521.993217498064041 ], [ 8075909.675584330223501, 2644522.094301498029381 ], [ 8075909.534459996037185, 2644522.190494562964886 ], [ 8075909.39008600730449, 2644522.281679682433605 ], [ 8075909.242637991905212, 2644522.367745927534997 ], [ 8075909.092295320704579, 2644522.44858860084787 ], [ 8075908.939240872859955, 2644522.524109363090247 ], [ 8075908.783660843037069, 2644522.594216343015432 ], [ 8075908.625744479708374, 2644522.658824258018285 ], [ 8075908.465683897957206, 2644522.717854511458427 ], [ 8075908.303673794493079, 2644522.771235299762338 ], [ 8075908.139911253005266, 2644522.818901682272553 ], [ 8075907.974595496430993, 2644522.860795675311238 ], [ 8075907.807927614077926, 2644522.896866316441447 ], [ 8075907.64011035207659, 2644522.927069728262722 ], [ 8075907.472294348292053, 2644522.957272889092565 ], [ 8075907.305627694353461, 2644522.993343191221356 ], [ 8075907.140313133597374, 2644523.035236755385995 ], [ 8075906.976551770232618, 2644523.08290262054652 ], [ 8075906.814542811363935, 2644523.136282804887742 ], [ 8075906.65448332298547, 2644523.195312370080501 ], [ 8075906.496568018570542, 2644523.259919514879584 ], [ 8075906.340988997370005, 2644523.330025642644614 ], [ 8075906.187935512512922, 2644523.4055454749614 ], [ 8075906.037593736313283, 2644523.486387149430811 ], [ 8075905.890146559104323, 2644523.572452319320291 ], [ 8075905.745773346163332, 2644523.663636294193566 ], [ 8075905.604649720713496, 2644523.759828151203692 ], [ 8075905.466947345994413, 2644523.86091088084504 ], [ 8075905.332833734340966, 2644523.9667615192011 ], [ 8075905.202472034841776, 2644524.077251303941011 ], [ 8075905.076020816341043, 2644524.192245829384774 ], [ 8075904.953633908182383, 2644524.311605209484696 ], [ 8075904.835460179485381, 2644524.435184251051396 ], [ 8075904.72164339479059, 2644524.562832625117153 ], [ 8075904.612321997992694, 2644524.694395052734762 ], [ 8075904.507628975436091, 2644524.82971149822697 ], [ 8075904.407691683620214, 2644524.968617353588343 ], [ 8075904.312631687149405, 2644525.11094364291057 ], [ 8075904.2225646302104, 2644525.256517237983644 ], [ 8075904.13760007172823, 2644525.40516105433926 ], [ 8075904.05784135684371, 2644525.556694271974266 ], [ 8075903.983385526575148, 2644525.710932559333742 ], [ 8075903.914323139004409, 2644525.86768829356879 ], [ 8075903.850738206878304, 2644526.026770788244903 ], [ 8075903.792708088643849, 2644526.187986528035253 ], [ 8075903.740303363651037, 2644526.351139399688691 ], [ 8075903.693587786518037, 2644526.516030936036259 ], [ 8075903.652618180960417, 2644526.682460556272417 ], [ 8075903.617444392293692, 2644526.850225804373622 ], [ 8075903.588109197095037, 2644527.019122601486742 ], [ 8075903.564648289233446, 2644527.188945493660867 ], [ 8075903.547090198844671, 2644527.359487901907414 ], [ 8075903.535456292331219, 2644527.530542366672307 ], [ 8075903.52976072113961, 2644527.701900805812329 ], [ 8075903.5300104143098, 2644527.873354774899781 ], [ 8075903.536205064505339, 2644528.044695705641061 ], [ 8075903.548337139189243, 2644528.215715169440955 ], [ 8075903.566391879692674, 2644528.386205131653696 ], [ 8075903.59034731797874, 2644528.555958195589483 ], [ 8075903.620174330659211, 2644528.724767866078764 ], [ 8075903.655836611054838, 2644528.892428794875741 ], [ 8075903.697290793992579, 2644529.058737030252814 ], [ 8075907.346761061809957, 2644542.687623752746731 ], [ 8075932.754868261516094, 2644526.96416690479964 ], [ 8075913.742157317698002, 2644471.021683258004487 ], [ 8075882.911455866880715, 2644373.394609035924077 ], [ 8075881.232147914357483, 2644360.327555743046105 ], [ 8075859.666676443070173, 2644368.033529650885612 ] ] ] ] } },
{ "type": "Feature", "properties": { "id": "final_plot_boundary.fid-4639cb80_1a0ba89becd_642c", "gid": 24510, "tps_name": "Gota_33", "tps_no": "33", "village": "Gota", "city": "Ahmedabad", "authority": "AMC", "district": "Ahmedabad", "state": "Gujarat", "status": "Preliminary", "fp_no": "92/2", "reser_use": null, "reser_type": null, "tps_id": 212, "show_hide": 1, "fp_area": "789", "fp_area_final": 789.0, "temp": "789", "search": "Gota 33 92/2", "dxf_access": 1, "epsg_code": "EPSG:32643", "parcel_id": "92/2", "land_use": null, "area_sq_m": 789.0, "owner_name": null, "source_type": "CTPVD_Final_Plot", "source_id": "92/2", "survey_scheme": "Gota_33", "village_name": "Gota", "city_name": "Ahmedabad", "authority_name": "AMC", "district_name": "Ahmedabad", "state_name": "Gujarat", "status_name": "Preliminary" }, "geometry": { "type": "MultiPolygon", "coordinates": [ [ [ [ 8075601.662343020550907, 2643208.444089616183192 ], [ 8075579.766391727142036, 2643216.267894928343594 ], [ 8075592.433270706795156, 2643254.492440421134233 ], [ 8075614.3292704699561, 2643246.668604042846709 ], [ 8075601.662343020550907, 2643208.444089616183192 ] ] ] ] } },
{ "type": "Feature", "properties": { "id": "final_plot_boundary.fid-4639cb80_1a0ba89becd_642d", "gid": 24447, "tps_name": "Gota_33", "tps_no": "33", "village": "Gota", "city": "Ahmedabad", "authority": "AMC", "district": "Ahmedabad", "state": "Gujarat", "status": "Preliminary", "fp_no": "61", "reser_use": null, "reser_type": null, "tps_id": 212, "show_hide": 1, "fp_area": "2012", "fp_area_final": 2012.0, "temp": "2012", "search": "Gota 33 61", "dxf_access": 1, "epsg_code": "EPSG:32643", "parcel_id": "61", "land_use": null, "area_sq_m": 2012.0, "owner_name": null, "source_type": "CTPVD_Final_Plot", "source_id": "61", "survey_scheme": "Gota_33", "village_name": "Gota", "city_name": "Ahmedabad", "authority_name": "AMC", "district_name": "Ahmedabad", "state_name": "Gujarat", "status_name": "Preliminary" }, "geometry": { "type": "MultiPolygon", "coordinates": [ [ [ [ 8075774.115298091433942, 2643896.745601523667574 ], [ 8075820.459180884063244, 2643880.185665517579764 ], [ 8075804.300510372966528, 2643834.447712562978268 ], [ 8075757.956749591045082, 2643851.007566891610622 ], [ 8075774.115298091433942, 2643896.745601523667574 ] ] ] ] } },
{ "type": "Feature", "properties": { "id": "final_plot_boundary.fid-4639cb80_1a0ba89becd_642e", "gid": 24438, "tps_name": "Gota_33", "tps_no": "33", "village": "Gota", "city": "Ahmedabad", "authority": "AMC", "district": "Ahmedabad", "state": "Gujarat", "status": "Preliminary", "fp_no": "116", "reser_use": null, "reser_type": null, "tps_id": 212, "show_hide": 1, "fp_area": "5787", "fp_area_final": 5787.0, "temp": "5787", "search": "Gota 33 116", "dxf_access": 1, "epsg_code": "EPSG:32643", "parcel_id": "116", "land_use": null, "area_sq_m": 5787.0, "owner_name": null, "source_type": "CTPVD_Final_Plot", "source_id": "116", "survey_scheme": "Gota_33", "village_name": "Gota", "city_name": "Ahmedabad", "authority_name": "AMC", "district_name": "Ahmedabad", "state_name": "Gujarat", "status_name": "Preliminary" }, "geometry": { "type": "MultiPolygon", "coordinates": [ [ [ [ 8075556.114220814779401, 2643307.687442398630083 ], [ 8075527.504829037934542, 2643311.108182021882385 ], [ 8075493.477112550288439, 2643315.176706869155169 ], [ 8075480.186779391020536, 2643316.765745939686894 ], [ 8075525.934026120230556, 2643443.745681459549814 ], [ 8075553.040974768809974, 2643432.04077818710357 ], [ 8075555.616576794534922, 2643438.862749446649104 ], [ 8075556.114220814779401, 2643307.687442398630083 ] ] ] ] } },
{ "type": "Feature", "properties": { "id": "final_plot_boundary.fid-4639cb80_1a0ba89becd_642f", "gid": 24415, "tps_name": "Gota_33", "tps_no": "33", "village": "Gota", "city": "Ahmedabad", "authority": "AMC", "district": "Ahmedabad", "state": "Gujarat", "status": "Preliminary", "fp_no": "54", "reser_use": null, "reser_type": null, "tps_id": 212, "show_hide": 1, "fp_area": "2490", "fp_area_final": 2490.0, "temp": "2490", "search": "Gota 33 54", "dxf_access": 1, "epsg_code": "EPSG:32643", "parcel_id": "54", "land_use": null, "area_sq_m": 2490.0, "owner_name": null, "source_type": "CTPVD_Final_Plot", "source_id": "54", "survey_scheme": "Gota_33", "village_name": "Gota", "city_name": "Ahmedabad", "authority_name": "AMC", "district_name": "Ahmedabad", "state_name": "Gujarat", "status_name": "Preliminary" }, "geometry": { "type": "MultiPolygon", "coordinates": [ [ [ [ 8076204.450602754019201, 2643656.727910092566162 ], [ 8076258.081543384119868, 2643637.624037607572973 ], [ 8076258.294607019983232, 2643637.543906159698963 ], [ 8076258.504760170355439, 2643637.456345306709409 ], [ 8076258.711746798828244, 2643637.361461730673909 ], [ 8076258.915314720012248, 2643637.259371027816087 ], [ 8076259.115215916186571, 2643637.15019758651033 ], [ 8076259.311206843703985, 2643637.034074414055794 ], [ 8076259.503048712387681, 2643636.911142989993095 ], [ 8076259.690507793799043, 2643636.781553087290376 ], [ 8076259.87335570063442, 2643636.645462589804083 ], [ 8076260.051369660533965, 2643636.503037309274077 ], [ 8076260.224332786165178, 2643636.354450759943575 ], [ 8076260.392034353688359, 2643636.199883978813887 ], [ 8076260.554270039312541, 2643636.039525282103568 ], [ 8076260.710842190310359, 2643635.873570039402694 ], [ 8076260.861560043878853, 2643635.702220444567502 ], [ 8076261.006239967420697, 2643635.525685257744044 ], [ 8076261.144705701619387, 2643635.344179563224316 ], [ 8076261.276788540184498, 2643635.157924497034401 ], [ 8076261.402327570132911, 2643634.967146981041878 ], [ 8076261.521169828251004, 2643634.772079451009631 ], [ 8076261.633170534856617, 2643634.572959566023201 ], [ 8076261.738193223252892, 2643634.370029924437404 ], [ 8076261.836109949275851, 2643634.163537761662155 ], [ 8076261.926801411435008, 2643633.953734661452472 ], [ 8076262.010157126002014, 2643633.740876233205199 ], [ 8076262.086075521074235, 2643633.525221813935786 ], [ 8076262.154464116320014, 2643633.307034145109355 ], [ 8076262.215239575132728, 2643633.086579056922346 ], [ 8076262.268327875062823, 2643632.864125137683004 ], [ 8076262.313664315268397, 2643632.639943414367735 ], [ 8076262.35119367018342, 2643632.414307015016675 ], [ 8076262.380870216526091, 2643632.187490849290043 ], [ 8076262.402657795697451, 2643631.959771253634244 ], [ 8076262.416529868729413, 2643631.731425668578595 ], [ 8076262.422469523735344, 2643631.502732301130891 ], [ 8076262.420469539240003, 2643631.273969776928425 ], [ 8076262.410532334819436, 2643631.045416807755828 ], [ 8076262.392670037224889, 2643630.817351852077991 ], [ 8076262.366904389113188, 2643630.590052769519389 ], [ 8076262.333266803994775, 2643630.363796492572874 ], [ 8076262.291798242367804, 2643630.138858675956726 ], [ 8076262.24254924338311, 2643629.915513372048736 ], [ 8076262.185579808428884, 2643629.69403269328177 ], [ 8076262.120959338732064, 2643629.474686481058598 ], [ 8076262.048766566440463, 2643629.257741971872747 ], [ 8076248.711792192421854, 2643591.388379980809987 ], [ 8076188.937961556017399, 2643612.680376909673214 ], [ 8076204.450602754019201, 2643656.727910092566162 ] ] ] ] } },
{ "type": "Feature", "properties": { "id": "final_plot_boundary.fid-4639cb80_1a0ba89becd_6430", "gid": 24464, "tps_name": "Gota_33", "tps_no": "33", "village": "Gota", "city": "Ahmedabad", "authority": "AMC", "district": "Ahmedabad", "state": "Gujarat", "status": "Preliminary", "fp_no": "74/1", "reser_use": null, "reser_type": null, "tps_id": 212, "show_hide": 1, "fp_area": "8068", "fp_area_final": 8068.0, "temp": "8068", "search": "Gota 33 74/1", "dxf_access": 1, "epsg_code": "EPSG:32643", "parcel_id": "74/1", "land_use": null, "area_sq_m": 8068.0, "owner_name": null, "source_type": "CTPVD_Final_Plot", "source_id": "74/1", "survey_scheme": "Gota_33", "village_name": "Gota", "city_name": "Ahmedabad", "authority_name": "AMC", "district_name": "Ahmedabad", "state_name": "Gujarat", "status_name": "Preliminary" }, "geometry": { "type": "MultiPolygon", "coordinates": [ [ [ [ 8075967.417704746127129, 2643472.613964332267642 ], [ 8075942.961985256522894, 2643398.819832646287978 ], [ 8075939.592246799729764, 2643400.019483567681164 ], [ 8075834.319870016537607, 2643437.497321061324328 ], [ 8075834.056644660420716, 2643437.596200568601489 ], [ 8075833.796966752968729, 2643437.70415122481063 ], [ 8075833.541145253926516, 2643437.82104458892718 ], [ 8075833.2894845334813, 2643437.94674158282578 ], [ 8075833.042284027673304, 2643438.081092652399093 ], [ 8075832.799837844446301, 2643438.223937945906073 ], [ 8075832.562434450723231, 2643438.375107508152723 ], [ 8075832.330356317572296, 2643438.534421476535499 ], [ 8075832.103879558853805, 2643438.701690301299095 ], [ 8075831.883273632265627, 2643438.876714967656881 ], [ 8075831.66880102828145, 2643439.05928722769022 ], [ 8075831.460716928355396, 2643439.249189860187471 ], [ 8075831.259268895722926, 2643439.446196920704097 ], [ 8075831.064696618355811, 2643439.650074007920921 ], [ 8075830.877231606282294, 2643439.860578550491482 ], [ 8075830.697096890769899, 2643440.077460090164095 ], [ 8075830.524506811983883, 2643440.300460585393012 ], [ 8075830.359666711650789, 2643440.529314707033336 ], [ 8075830.2027727086097, 2643440.763750166166574 ], [ 8075830.054011484608054, 2643441.003488031215966 ], [ 8075829.913560036569834, 2643441.248243064153939 ], [ 8075829.781585466116667, 2643441.497724055778235 ], [ 8075829.658244799822569, 2643441.751634172163904 ], [ 8075829.543684793636203, 2643442.009671313222498 ], [ 8075829.438041745685041, 2643442.271528466138989 ], [ 8075829.341441354714334, 2643442.536894075106829 ], [ 8075829.253998556174338, 2643442.805452408269048 ], [ 8075829.175817381590605, 2643443.076883933506906 ], [ 8075829.106990858912468, 2643443.350865703541785 ], [ 8075829.047600876539946, 2643443.627071735914797 ], [ 8075828.997718096710742, 2643443.905173398554325 ], [ 8075828.957401877269149, 2643444.184839807916433 ], [ 8075828.926700172014534, 2643444.46573821734637 ], [ 8075828.905649525113404, 2643444.747534417081624 ], [ 8075828.894274970516562, 2643445.029893120285124 ], [ 8075828.892590052448213, 2643445.312478378415108 ], [ 8075828.900596770457923, 2643445.594953975640237 ], [ 8075828.918285601772368, 2643445.87698381813243 ], [ 8075828.945635502226651, 2643446.158232349902391 ], [ 8075828.982613925822079, 2643446.438364939298481 ], [ 8075829.029176873154938, 2643446.717048285529017 ], [ 8075829.085268958471715, 2643446.993950810749084 ], [ 8075829.150823432952166, 2643447.26874305633828 ], [ 8075829.225762294605374, 2643447.541098076384515 ], [ 8075829.309996400028467, 2643447.810691820457578 ], [ 8075851.2428791038692, 2643513.993883093353361 ], [ 8075964.048071554861963, 2643473.813985574990511 ], [ 8075967.417704746127129, 2643472.613964332267642 ] ] ] ] } },
{ "type": "Feature", "properties": { "id": "final_plot_boundary.fid-4639cb80_1a0ba89becd_6431", "gid": 24404, "tps_name": "Gota_33", "tps_no": "33", "village": "Gota", "city": "Ahmedabad", "authority": "AMC", "district": "Ahmedabad", "state": "Gujarat", "status": "Preliminary", "fp_no": "66/1", "reser_use": null, "reser_type": null, "tps_id": 212, "show_hide": 1, "fp_area": "3096", "fp_area_final": 3096.0, "temp": "3096", "search": "Gota 33 66/1", "dxf_access": 1, "epsg_code": "EPSG:32643", "parcel_id": "66/1", "land_use": null, "area_sq_m": 3096.0, "owner_name": null, "source_type": "CTPVD_Final_Plot", "source_id": "66/1", "survey_scheme": "Gota_33", "village_name": "Gota", "city_name": "Ahmedabad", "authority_name": "AMC", "district_name": "Ahmedabad", "state_name": "Gujarat", "status_name": "Preliminary" }, "geometry": { "type": "MultiPolygon", "coordinates": [ [ [ [ 8076002.111603746190667, 2643728.80119939474389 ], [ 8076039.602715836837888, 2643715.447062529157847 ], [ 8076025.916673972271383, 2643675.648685537744313 ], [ 8076009.887323634698987, 2643629.035973351914436 ], [ 8075971.660177872516215, 2643642.33194869523868 ], [ 8076002.111603746190667, 2643728.80119939474389 ] ] ] ] } },
{ "type": "Feature", "properties": { "id": "final_plot_boundary.fid-4639cb80_1a0ba89becd_6432", "gid": 24490, "tps_name": "Gota_33", "tps_no": "33", "village": "Gota", "city": "Ahmedabad", "authority": "AMC", "district": "Ahmedabad", "state": "Gujarat", "status": "Preliminary", "fp_no": "18", "reser_use": null, "reser_type": null, "tps_id": 212, "show_hide": 1, "fp_area": "391", "fp_area_final": 391.0, "temp": "391", "search": "Gota 33 18", "dxf_access": 1, "epsg_code": "EPSG:32643", "parcel_id": "18", "land_use": null, "area_sq_m": 391.0, "owner_name": null, "source_type": "CTPVD_Final_Plot", "source_id": "18", "survey_scheme": "Gota_33", "village_name": "Gota", "city_name": "Ahmedabad", "authority_name": "AMC", "district_name": "Ahmedabad", "state_name": "Gujarat", "status_name": "Preliminary" }, "geometry": { "type": "MultiPolygon", "coordinates": [ [ [ [ 8075695.108970577828586, 2643901.286906588822603 ], [ 8075702.10573582071811, 2643922.476278779096901 ], [ 8075721.888449969701469, 2643915.407496073748916 ], [ 8075714.45745949819684, 2643894.373288760427386 ], [ 8075695.108970577828586, 2643901.286906588822603 ] ] ] ] } },
{ "type": "Feature", "properties": { "id": "final_plot_boundary.fid-4639cb80_1a0ba89becd_6433", "gid": 24441, "tps_name": "Gota_33", "tps_no": "33", "village": "Gota", "city": "Ahmedabad", "authority": "AMC", "district": "Ahmedabad", "state": "Gujarat", "status": "Preliminary", "fp_no": "107", "reser_use": null, "reser_type": null, "tps_id": 212, "show_hide": 1, "fp_area": "463", "fp_area_final": 463.0, "temp": "463", "search": "Gota 33 107", "dxf_access": 1, "epsg_code": "EPSG:32643", "parcel_id": "107", "land_use": null, "area_sq_m": 463.0, "owner_name": null, "source_type": "CTPVD_Final_Plot", "source_id": "107", "survey_scheme": "Gota_33", "village_name": "Gota", "city_name": "Ahmedabad", "authority_name": "AMC", "district_name": "Ahmedabad", "state_name": "Gujarat", "status_name": "Preliminary" }, "geometry": { "type": "MultiPolygon", "coordinates": [ [ [ [ 8075311.281147975474596, 2642880.503871127031744 ], [ 8075309.098490850999951, 2642839.567475997377187 ], [ 8075289.911939891055226, 2642841.400127563625574 ], [ 8075304.455667317844927, 2642882.489255408756435 ], [ 8075311.281147975474596, 2642880.503871127031744 ] ] ] ] } },
{ "type": "Feature", "properties": { "id": "final_plot_boundary.fid-4639cb80_1a0ba89becd_6434", "gid": 24469, "tps_name": "Gota_33", "tps_no": "33", "village": "Gota", "city": "Ahmedabad", "authority": "AMC", "district": "Ahmedabad", "state": "Gujarat", "status": "Preliminary", "fp_no": "2", "reser_use": null, "reser_type": null, "tps_id": 212, "show_hide": 1, "fp_area": "475", "fp_area_final": 475.0, "temp": "475", "search": "Gota 33 2", "dxf_access": 1, "epsg_code": "EPSG:32643", "parcel_id": "2", "land_use": null, "area_sq_m": 475.0, "owner_name": null, "source_type": "CTPVD_Final_Plot", "source_id": "2", "survey_scheme": "Gota_33", "village_name": "Gota", "city_name": "Ahmedabad", "authority_name": "AMC", "district_name": "Ahmedabad", "state_name": "Gujarat", "status_name": "Preliminary" }, "geometry": { "type": "MultiPolygon", "coordinates": [ [ [ [ 8075641.07621041033417, 2643675.117702550254762 ], [ 8075637.666615227237344, 2643664.511622357182205 ], [ 8075644.526776830665767, 2643662.060363544616848 ], [ 8075640.258321480825543, 2643648.78267622878775 ], [ 8075615.838306895457208, 2643657.508364961948246 ], [ 8075621.968963775783777, 2643676.578815151937306 ], [ 8075622.024046751670539, 2643676.740501395426691 ], [ 8075622.084685454145074, 2643676.900164072401822 ], [ 8075622.150806589983404, 2643677.057610165327787 ], [ 8075622.222330210730433, 2643677.212649330962449 ], [ 8075622.299169852398336, 2643677.365094143897295 ], [ 8075622.381232621148229, 2643677.514760308433324 ], [ 8075622.468419319950044, 2643677.661466890946031 ], [ 8075622.560624534264207, 2643677.805036534089595 ], [ 8075622.6577368080616, 2643677.945295676589012 ], [ 8075622.759638729505241, 2643678.082074755337089 ], [ 8075622.866207114420831, 2643678.215208415873349 ], [ 8075622.977313136681914, 2643678.344535710755736 ], [ 8075623.09282245952636, 2643678.469900293275714 ], [ 8075623.212595463730395, 2643678.591150609310716 ], [ 8075623.336487338878214, 2643678.708140077535063 ], [ 8075623.464348318986595, 2643678.820727265905589 ], [ 8075623.596023821271956, 2643678.928776065818965 ], [ 8075623.73135466594249, 2643679.032155856490135 ], [ 8075623.870177251286805, 2643679.130741658154875 ], [ 8075624.012323758564889, 2643679.224414291791618 ], [ 8075624.157622330822051, 2643679.313060510903597 ], [ 8075624.305897316895425, 2643679.396573152393103 ], [ 8075624.456969472579658, 2643679.47485125483945 ], [ 8075624.610656165517867, 2643679.547800188418478 ], [ 8075624.76677158754319, 2643679.615331760141999 ], [ 8075624.925127021968365, 2643679.677364334929734 ], [ 8075625.085531016811728, 2643679.733822915703058 ], [ 8075625.247789668850601, 2643679.784639252349734 ], [ 8075625.41170681733638, 2643679.829751911107451 ], [ 8075625.577084299176931, 2643679.869106350000948 ], [ 8075625.743722191080451, 2643679.902655000332743 ], [ 8075625.911419034004211, 2643679.930357300210744 ], [ 8075626.079972101375461, 2643679.952179759275168 ], [ 8075626.249177620746195, 2643679.968095995485783 ], [ 8075626.418831042945385, 2643679.978086770046502 ], [ 8075626.58872726932168, 2643679.982140004634857 ], [ 8075626.758660912513733, 2643679.980250797234476 ], [ 8075626.928426533937454, 2643679.972421432845294 ], [ 8075627.097818893380463, 2643679.95866137649864 ], [ 8075627.266633221879601, 2643679.938987263478339 ], [ 8075627.434665433131158, 2643679.913422877434641 ], [ 8075627.601712384261191, 2643679.881999122910202 ], [ 8075627.767572137527168, 2643679.844753991346806 ], [ 8075627.932044176384807, 2643679.801732504740357 ], [ 8075628.094929674640298, 2643679.752986676059663 ], [ 8075628.256031707860529, 2643679.698575434274971 ], [ 8075641.07621041033417, 2643675.117702550254762 ] ] ] ] } },
{ "type": "Feature", "properties": { "id": "final_plot_boundary.fid-4639cb80_1a0ba89becd_6435", "gid": 24428, "tps_name": "Gota_33", "tps_no": "33", "village": "Gota", "city": "Ahmedabad", "authority": "AMC", "district": "Ahmedabad", "state": "Gujarat", "status": "Preliminary", "fp_no": "12", "reser_use": null, "reser_type": null, "tps_id": 212, "show_hide": 1, "fp_area": "2795", "fp_area_final": 2795.0, "temp": "2795", "search": "Gota 33 12", "dxf_access": 1, "epsg_code": "EPSG:32643", "parcel_id": "12", "land_use": null, "area_sq_m": 2795.0, "owner_name": null, "source_type": "CTPVD_Final_Plot", "source_id": "12", "survey_scheme": "Gota_33", "village_name": "Gota", "city_name": "Ahmedabad", "authority_name": "AMC", "district_name": "Ahmedabad", "state_name": "Gujarat", "status_name": "Preliminary" }, "geometry": { "type": "MultiPolygon", "coordinates": [ [ [ [ 8075699.484058326110244, 2643736.421866674441844 ], [ 8075745.710133134387434, 2643719.904218037147075 ], [ 8075745.325318638235331, 2643718.814969070255756 ], [ 8075723.205997944809496, 2643656.204316488001496 ], [ 8075676.980092625133693, 2643672.721851672977209 ], [ 8075699.484058326110244, 2643736.421866674441844 ] ] ] ] } },
{ "type": "Feature", "properties": { "id": "final_plot_boundary.fid-4639cb80_1a0ba89becd_6436", "gid": 24448, "tps_name": "Gota_33", "tps_no": "33", "village": "Gota", "city": "Ahmedabad", "authority": "AMC", "district": "Ahmedabad", "state": "Gujarat", "status": "Preliminary", "fp_no": "17", "reser_use": null, "reser_type": null, "tps_id": 212, "show_hide": 1, "fp_area": "1801", "fp_area_final": 1801.0, "temp": "1801", "search": "Gota 33 17", "dxf_access": 1, "epsg_code": "EPSG:32643", "parcel_id": "17", "land_use": null, "area_sq_m": 1801.0, "owner_name": null, "source_type": "CTPVD_Final_Plot", "source_id": "17", "survey_scheme": "Gota_33", "village_name": "Gota", "city_name": "Ahmedabad", "authority_name": "AMC", "district_name": "Ahmedabad", "state_name": "Gujarat", "status_name": "Preliminary" }, "geometry": { "type": "MultiPolygon", "coordinates": [ [ [ [ 8075721.888449969701469, 2643915.407496073748916 ], [ 8075753.129515990614891, 2643904.244344072416425 ], [ 8075736.971022768877447, 2643858.506272546481341 ], [ 8075690.901407475583255, 2643874.967944536358118 ], [ 8075690.761279561556876, 2643875.020765671506524 ], [ 8075690.623043534345925, 2643875.078408784233034 ], [ 8075690.486863386817276, 2643875.140805491711944 ], [ 8075690.352900688536465, 2643875.207881768234074 ], [ 8075690.221314357593656, 2643875.279558039270341 ], [ 8075690.092260514385998, 2643875.355749265290797 ], [ 8075689.965892252512276, 2643875.436365060973912 ], [ 8075689.84235948882997, 2643875.521309786010534 ], [ 8075689.721808786503971, 2643875.610482664313167 ], [ 8075689.604383162222803, 2643875.703777904622257 ], [ 8075689.490221921354532, 2643875.801084825769067 ], [ 8075689.379460501484573, 2643875.902287986595184 ], [ 8075689.272230306640267, 2643876.007267325185239 ], [ 8075689.168658547103405, 2643876.115898294374347 ], [ 8075689.068868095986545, 2643876.228052022866905 ], [ 8075688.972977350465953, 2643876.343595451675355 ], [ 8075688.881100060418248, 2643876.462391508277506 ], [ 8075688.79334522690624, 2643876.584299256559461 ], [ 8075688.709816970862448, 2643876.709174068178982 ], [ 8075688.630614370107651, 2643876.836867799051106 ], [ 8075688.555831401608884, 2643876.967228955589235 ], [ 8075688.485556777566671, 2643877.100102886091918 ], [ 8075688.419873874634504, 2643877.235331949777901 ], [ 8075688.358860607258976, 2643877.372755718883127 ], [ 8075688.302589369006455, 2643877.512211159802973 ], [ 8075688.251126913353801, 2643877.653532826341689 ], [ 8075688.204534293152392, 2643877.796553059015423 ], [ 8075688.162866786122322, 2643877.941102186683565 ], [ 8075688.126173823140562, 2643878.087008719798177 ], [ 8075688.094498940743506, 2643878.234099560882896 ], [ 8075688.067879708483815, 2643878.382200208492577 ], [ 8075688.046347718685865, 2643878.531134961172938 ], [ 8075688.029928498901427, 2643878.680727127939463 ], [ 8075688.018641546368599, 2643878.830799237824976 ], [ 8075688.012500236742198, 2643878.981173250824213 ], [ 8075688.011511866003275, 2643879.131670769769698 ], [ 8075688.015677601099014, 2643879.282113250344992 ], [ 8075688.024992503225803, 2643879.432322212960571 ], [ 8075688.039445519447327, 2643879.582119454629719 ], [ 8075688.059019513428211, 2643879.731327263638377 ], [ 8075688.083691246807575, 2643879.87976862443611 ], [ 8075688.113431461155415, 2643880.027267429977655 ], [ 8075688.148204870522022, 2643880.173648694530129 ], [ 8075688.187970221042633, 2643880.318738757167011 ], [ 8075688.232680335640907, 2643880.462365488987416 ], [ 8075695.108970577828586, 2643901.286906588822603 ], [ 8075714.45745949819684, 2643894.373288760427386 ], [ 8075721.888449969701469, 2643915.407496073748916 ] ] ] ] } },
{ "type": "Feature", "properties": { "id": "final_plot_boundary.fid-4639cb80_1a0ba89becd_6437", "gid": 24385, "tps_name": "Gota_33", "tps_no": "33", "village": "Gota", "city": "Ahmedabad", "authority": "AMC", "district": "Ahmedabad", "state": "Gujarat", "status": "Preliminary", "fp_no": "118", "reser_use": "Housing For S.E.W.S", "reser_type": "Housing For S.E.W.S", "tps_id": 212, "show_hide": 1, "fp_area": "7127", "fp_area_final": 7127.0, "temp": "7127", "search": "Gota 33 118", "dxf_access": 1, "epsg_code": "EPSG:32643", "parcel_id": "118", "land_use": "Housing For S.E.W.S", "area_sq_m": 7127.0, "owner_name": null, "source_type": "CTPVD_Final_Plot", "source_id": "118", "survey_scheme": "Gota_33", "village_name": "Gota", "city_name": "Ahmedabad", "authority_name": "AMC", "district_name": "Ahmedabad", "state_name": "Gujarat", "status_name": "Preliminary" }, "geometry": { "type": "MultiPolygon", "coordinates": [ [ [ [ 8075859.666676443070173, 2644368.033529650885612 ], [ 8075881.232147914357483, 2644360.327555743046105 ], [ 8075908.069224199280143, 2644245.154903096612543 ], [ 8075914.675202644430101, 2644208.782830832526088 ], [ 8075821.132039044052362, 2644242.208610114175826 ], [ 8075820.97293352894485, 2644242.268615179695189 ], [ 8075820.815998053178191, 2644242.334145875647664 ], [ 8075820.661422272212803, 2644242.405123006552458 ], [ 8075820.5093930112198, 2644242.481460790149868 ], [ 8075820.36009400524199, 2644242.563066970091313 ], [ 8075820.213705688714981, 2644242.649842919316143 ], [ 8075820.070404975675046, 2644242.741683766711503 ], [ 8075819.930365060456097, 2644242.838478515390307 ], [ 8075819.793755183927715, 2644242.940110184252262 ], [ 8075819.66074044816196, 2644243.046455944422632 ], [ 8075819.531481613405049, 2644243.157387271523476 ], [ 8075819.406134890392423, 2644243.272770102135837 ], [ 8075819.284851764328778, 2644243.392464982811362 ], [ 8075819.167778827250004, 2644243.516327264718711 ], [ 8075819.055057559162378, 2644243.644207243807614 ], [ 8075818.94682418461889, 2644243.77595037734136 ], [ 8075818.843209519051015, 2644243.911397441290319 ], [ 8075818.744338785298169, 2644244.050384745467454 ], [ 8075818.650331473909318, 2644244.192744309548289 ], [ 8075818.561301194131374, 2644244.338304087519646 ], [ 8075818.477355545386672, 2644244.486888163723052 ], [ 8075818.398595987819135, 2644244.638316964264959 ], [ 8075818.325117701664567, 2644244.792407480068505 ], [ 8075818.257009486667812, 2644244.94897348061204 ], [ 8075818.194353663362563, 2644245.107825748622417 ], [ 8075818.137225951068103, 2644245.268772302661091 ], [ 8075818.085695385932922, 2644245.4316186318174 ], [ 8075818.039824256673455, 2644245.596167923416942 ], [ 8075817.999667997471988, 2644245.762221311684698 ], [ 8075817.965275135822594, 2644245.929578112903982 ], [ 8075817.936687234789133, 2644246.098036065232009 ], [ 8075817.913938861340284, 2644246.267391577828676 ], [ 8075817.897057490423322, 2644246.437439976260066 ], [ 8075817.886063528247178, 2644246.607975744642317 ], [ 8075817.880970268510282, 2644246.778792783617973 ], [ 8075817.881783865392208, 2644246.949684649240226 ], [ 8075817.888503331691027, 2644247.120444808155298 ], [ 8075817.901120543479919, 2644247.29086688766256 ], [ 8075817.919620264321566, 2644247.460744924843311 ], [ 8075817.943980126641691, 2644247.629873611032963 ], [ 8075817.974170691333711, 2644247.798048543743789 ], [ 8075818.010155476629734, 2644247.965066473931074 ], [ 8075818.051890985108912, 2644248.130725550465286 ], [ 8075818.099326784722507, 2644248.294825564604253 ], [ 8075818.152405544184148, 2644248.457168194465339 ], [ 8075859.666676443070173, 2644368.033529650885612 ] ] ] ] } },
{ "type": "Feature", "properties": { "id": "final_plot_boundary.fid-4639cb80_1a0ba89becd_6438", "gid": 24442, "tps_name": "Gota_33", "tps_no": "33", "village": "Gota", "city": "Ahmedabad", "authority": "AMC", "district": "Ahmedabad", "state": "Gujarat", "status": "Preliminary", "fp_no": "105", "reser_use": null, "reser_type": null, "tps_id": 212, "show_hide": 1, "fp_area": "2307", "fp_area_final": 2307.0, "temp": "2307", "search": "Gota 33 105", "dxf_access": 1, "epsg_code": "EPSG:32643", "parcel_id": "105", "land_use": null, "area_sq_m": 2307.0, "owner_name": null, "source_type": "CTPVD_Final_Plot", "source_id": "105", "survey_scheme": "Gota_33", "village_name": "Gota", "city_name": "Ahmedabad", "authority_name": "AMC", "district_name": "Ahmedabad", "state_name": "Gujarat", "status_name": "Preliminary" }, "geometry": { "type": "MultiPolygon", "coordinates": [ [ [ [ 8075352.044104994274676, 2642821.675424303393811 ], [ 8075400.12361634336412, 2642819.567640605848283 ], [ 8075397.719564287923276, 2642764.104851832613349 ], [ 8075353.131370486691594, 2642762.454515547957271 ], [ 8075350.733269150368869, 2642762.448349684476852 ], [ 8075351.670542810112238, 2642813.056538703851402 ], [ 8075352.044104994274676, 2642821.675424303393811 ] ] ] ] } },
{ "type": "Feature", "properties": { "id": "final_plot_boundary.fid-4639cb80_1a0ba89becd_6439", "gid": 24491, "tps_name": "Gota_33", "tps_no": "33", "village": "Gota", "city": "Ahmedabad", "authority": "AMC", "district": "Ahmedabad", "state": "Gujarat", "status": "Preliminary", "fp_no": "6/1", "reser_use": null, "reser_type": null, "tps_id": 212, "show_hide": 1, "fp_area": "3825", "fp_area_final": 3825.0, "temp": "3825", "search": "Gota 33 6/1", "dxf_access": 1, "epsg_code": "EPSG:32643", "parcel_id": "6/1", "land_use": null, "area_sq_m": 3825.0, "owner_name": null, "source_type": "CTPVD_Final_Plot", "source_id": "6/1", "survey_scheme": "Gota_33", "village_name": "Gota", "city_name": "Ahmedabad", "authority_name": "AMC", "district_name": "Ahmedabad", "state_name": "Gujarat", "status_name": "Preliminary" }, "geometry": { "type": "MultiPolygon", "coordinates": [ [ [ [ 8075592.952319744043052, 2643587.185457528568804 ], [ 8075608.519954371266067, 2643581.624542862176895 ], [ 8075615.450902950949967, 2643602.316581926774234 ], [ 8075655.942328709177673, 2643587.848265861161053 ], [ 8075631.055737546645105, 2643510.434865947812796 ], [ 8075582.128365687094629, 2643526.826056239195168 ], [ 8075581.819289135746658, 2643526.967101155314595 ], [ 8075581.515205579809844, 2643527.118726317305118 ], [ 8075581.216472969390452, 2643527.280753237660974 ], [ 8075580.923442959785461, 2643527.45299118431285 ], [ 8075580.63646050542593, 2643527.635237404610962 ], [ 8075580.355863423086703, 2643527.827277367003262 ], [ 8075580.081982028670609, 2643528.02888500969857 ], [ 8075579.815138712525368, 2643528.239823003765196 ], [ 8075579.555647606030107, 2643528.459843046497554 ], [ 8075579.30381416156888, 2643528.688686136156321 ], [ 8075579.059934842400253, 2643528.926082887686789 ], [ 8075578.824296718463302, 2643529.171753849834204 ], [ 8075578.597177188843489, 2643529.42540982272476 ], [ 8075578.378843605518341, 2643529.686752214562148 ], [ 8075578.169552979059517, 2643529.955473386216909 ], [ 8075577.969551676884294, 2643530.231257004197687 ], [ 8075577.779075145721436, 2643530.513778429944068 ], [ 8075577.598347596824169, 2643530.802705087698996 ], [ 8075577.427581787109375, 2643531.097696866840124 ], [ 8075577.266978721134365, 2643531.398406509775668 ], [ 8075577.116727469488978, 2643531.704480038490146 ], [ 8075576.977004897780716, 2643532.015557149425149 ], [ 8075576.847975481301546, 2643532.331271656788886 ], [ 8075576.729791114106774, 2643532.651251911651343 ], [ 8075576.622590914368629, 2643532.975121245253831 ], [ 8075576.526501075364649, 2643533.302498409990221 ], [ 8075576.441634712740779, 2643533.632998033426702 ], [ 8075576.368091727606952, 2643533.966231058817357 ], [ 8075576.305958697572351, 2643534.301805220078677 ], [ 8075576.255308757536113, 2643534.639325487893075 ], [ 8075576.216201534494758, 2643534.978394547943026 ], [ 8075576.188683063723147, 2643535.318613261450082 ], [ 8075576.172785746864974, 2643535.659581132233143 ], [ 8075576.168528284877539, 2643536.00089678587392 ], [ 8075576.175915696658194, 2643536.342158439569175 ], [ 8075576.194939292035997, 2643536.682964369188994 ], [ 8075576.225576671771705, 2643537.0229133926332 ], [ 8075576.267791773192585, 2643537.361605333164334 ], [ 8075576.321534903720021, 2643537.698641495779157 ], [ 8075576.386742797680199, 2643538.033625130075961 ], [ 8075576.463338694535196, 2643538.366161906626076 ], [ 8075592.952319744043052, 2643587.185457528568804 ] ] ] ] } },
{ "type": "Feature", "properties": { "id": "final_plot_boundary.fid-4639cb80_1a0ba89becd_643a", "gid": 24407, "tps_name": "Gota_33", "tps_no": "33", "village": "Gota", "city": "Ahmedabad", "authority": "AMC", "district": "Ahmedabad", "state": "Gujarat", "status": "Preliminary", "fp_no": "42", "reser_use": null, "reser_type": null, "tps_id": 212, "show_hide": 1, "fp_area": "1277", "fp_area_final": 1277.0, "temp": "1277", "search": "Gota 33 42", "dxf_access": 1, "epsg_code": "EPSG:32643", "parcel_id": "42", "land_use": null, "area_sq_m": 1277.0, "owner_name": null, "source_type": "CTPVD_Final_Plot", "source_id": "42", "survey_scheme": "Gota_33", "village_name": "Gota", "city_name": "Ahmedabad", "authority_name": "AMC", "district_name": "Ahmedabad", "state_name": "Gujarat", "status_name": "Preliminary" }, "geometry": { "type": "MultiPolygon", "coordinates": [ [ [ [ 8076285.802618093788624, 2643696.704880457371473 ], [ 8076285.498001394793391, 2643695.839947497006506 ], [ 8076277.823483316227794, 2643674.048799378797412 ], [ 8076277.723886452615261, 2643673.78095058677718 ], [ 8076277.615055474452674, 2643673.516760669182986 ], [ 8076277.49712298065424, 2643673.256551495753229 ], [ 8076277.370232651010156, 2643673.000640090554953 ], [ 8076277.234539085999131, 2643672.749338246416301 ], [ 8076277.090207606554031, 2643672.50295213283971 ], [ 8076276.937414056621492, 2643672.261781933251768 ], [ 8076276.77634459733963, 2643672.026121475268155 ], [ 8076276.607195466756821, 2643671.796257873997092 ], [ 8076276.430172737687826, 2643671.57247118698433 ], [ 8076276.245492091402411, 2643671.355034055188298 ], [ 8076276.053378539159894, 2643671.14421139890328 ], [ 8076275.8540661316365, 2643670.940260069910437 ], [ 8076275.647797701880336, 2643670.743428550194949 ], [ 8076275.43482456356287, 2643670.553956649266183 ], [ 8076275.215406185947359, 2643670.37207520660013 ], [ 8076274.989809898659587, 2643670.198005819227546 ], [ 8076274.758310550823808, 2643670.031960563734174 ], [ 8076274.521190193481743, 2643669.874141737818718 ], [ 8076274.278737721033394, 2643669.724741618148983 ], [ 8076274.031248525716364, 2643669.583942227996886 ], [ 8076273.779024128802121, 2643669.45191510906443 ], [ 8076273.522371834143996, 2643669.32882111473009 ], [ 8076273.261604323983192, 2643669.214810214936733 ], [ 8076272.997039315290749, 2643669.110021312721074 ], [ 8076272.728999124839902, 2643669.01458208123222 ], [ 8076272.457810325548053, 2643668.928608796559274 ], [ 8076272.183803321793675, 2643668.852206200826913 ], [ 8076271.907311944290996, 2643668.785467378795147 ], [ 8076271.628673056140542, 2643668.72847364610061 ], [ 8076271.348226133733988, 2643668.681294434703887 ], [ 8076271.066312856972218, 2643668.643987228628248 ], [ 8076270.783276695758104, 2643668.616597480606288 ], [ 8076270.499462486244738, 2643668.599158557131886 ], [ 8076270.215216014534235, 2643668.591691709123552 ], [ 8076269.93088358361274, 2643668.594206029549241 ], [ 8076269.64681160915643, 2643668.606698460876942 ], [ 8076269.363346193917096, 2643668.629153777379543 ], [ 8076269.080832690931857, 2643668.661544624250382 ], [ 8076268.799615304917097, 2643668.703831535298377 ], [ 8076268.520036650821567, 2643668.755962992552668 ], [ 8076268.242437349632382, 2643668.817875482141972 ], [ 8076267.967155619524419, 2643668.889493571128696 ], [ 8076267.69452684186399, 2643668.970730007626116 ], [ 8076267.424883177503943, 2643669.061485815793276 ], [ 8076230.35695422347635, 2643682.265487927012146 ], [ 8076241.055794935673475, 2643712.644225446041673 ], [ 8076285.802618093788624, 2643696.704880457371473 ] ] ] ] } },
{ "type": "Feature", "properties": { "id": "final_plot_boundary.fid-4639cb80_1a0ba89becd_643b", "gid": 24515, "tps_name": "Gota_33", "tps_no": "33", "village": "Gota", "city": "Ahmedabad", "authority": "AMC", "district": "Ahmedabad", "state": "Gujarat", "status": "Preliminary", "fp_no": "56/1/2", "reser_use": null, "reser_type": null, "tps_id": 212, "show_hide": 1, "fp_area": "5690", "fp_area_final": 5690.0, "temp": "5690", "search": "Gota 33 56/1/2", "dxf_access": 1, "epsg_code": "EPSG:32643", "parcel_id": "56/1/2", "land_use": null, "area_sq_m": 5690.0, "owner_name": null, "source_type": "CTPVD_Final_Plot", "source_id": "56/1/2", "survey_scheme": "Gota_33", "village_name": "Gota", "city_name": "Ahmedabad", "authority_name": "AMC", "district_name": "Ahmedabad", "state_name": "Gujarat", "status_name": "Preliminary" }, "geometry": { "type": "MultiPolygon", "coordinates": [ [ [ [ 8076174.530041684396565, 2643571.769566714763641 ], [ 8076103.956819222308695, 2643596.316744207404554 ], [ 8076134.062059017829597, 2643681.800692157819867 ], [ 8076204.450602754019201, 2643656.727910092566162 ], [ 8076188.937961556017399, 2643612.680376909673214 ], [ 8076174.530041684396565, 2643571.769566714763641 ] ] ] ] } },
{ "type": "Feature", "properties": { "id": "final_plot_boundary.fid-4639cb80_1a0ba89becd_643c", "gid": 24505, "tps_name": "Gota_33", "tps_no": "33", "village": "Gota", "city": "Ahmedabad", "authority": "AMC", "district": "Ahmedabad", "state": "Gujarat", "status": "Preliminary", "fp_no": "30", "reser_use": null, "reser_type": null, "tps_id": 212, "show_hide": 1, "fp_area": "1702", "fp_area_final": 1702.0, "temp": "1702", "search": "Gota 33 30", "dxf_access": 1, "epsg_code": "EPSG:32643", "parcel_id": "30", "land_use": null, "area_sq_m": 1702.0, "owner_name": null, "source_type": "CTPVD_Final_Plot", "source_id": "30", "survey_scheme": "Gota_33", "village_name": "Gota", "city_name": "Ahmedabad", "authority_name": "AMC", "district_name": "Ahmedabad", "state_name": "Gujarat", "status_name": "Preliminary" }, "geometry": { "type": "MultiPolygon", "coordinates": [ [ [ [ 8076185.638931577093899, 2643855.0513208755292 ], [ 8076171.434055767953396, 2643814.71685263607651 ], [ 8076140.804523420520127, 2643825.627199727576226 ], [ 8076161.439000645652413, 2643884.21873076306656 ], [ 8076192.066905125975609, 2643873.303399326745421 ], [ 8076185.638931577093899, 2643855.0513208755292 ] ] ] ] } },
{ "type": "Feature", "properties": { "id": "final_plot_boundary.fid-4639cb80_1a0ba89becd_643d", "gid": 24419, "tps_name": "Gota_33", "tps_no": "33", "village": "Gota", "city": "Ahmedabad", "authority": "AMC", "district": "Ahmedabad", "state": "Gujarat", "status": "Preliminary", "fp_no": "77", "reser_use": null, "reser_type": null, "tps_id": 212, "show_hide": 1, "fp_area": "3705", "fp_area_final": 3705.0, "temp": "3705", "search": "Gota 33 77", "dxf_access": 1, "epsg_code": "EPSG:32643", "parcel_id": "77", "land_use": null, "area_sq_m": 3705.0, "owner_name": null, "source_type": "CTPVD_Final_Plot", "source_id": "77", "survey_scheme": "Gota_33", "village_name": "Gota", "city_name": "Ahmedabad", "authority_name": "AMC", "district_name": "Ahmedabad", "state_name": "Gujarat", "status_name": "Preliminary" }, "geometry": { "type": "MultiPolygon", "coordinates": [ [ [ [ 8075876.092322666198015, 2643340.181262351106852 ], [ 8075860.60923430416733, 2643345.69335772190243 ], [ 8075879.872869370505214, 2643400.422464156523347 ], [ 8075951.253987427800894, 2643375.010038149077445 ], [ 8075931.990127368830144, 2643320.281081579159945 ], [ 8075876.092322666198015, 2643340.181262351106852 ] ] ] ] } },
{ "type": "Feature", "properties": { "id": "final_plot_boundary.fid-4639cb80_1a0ba89becd_643e", "gid": 24430, "tps_name": "Gota_33", "tps_no": "33", "village": "Gota", "city": "Ahmedabad", "authority": "AMC", "district": "Ahmedabad", "state": "Gujarat", "status": "Preliminary", "fp_no": "98+99+100+103", "reser_use": null, "reser_type": null, "tps_id": 212, "show_hide": 1, "fp_area": "19023", "fp_area_final": 19023.0, "temp": "19023", "search": "Gota 33 98+99+100+103", "dxf_access": 1, "epsg_code": "EPSG:32643", "parcel_id": "98+99+100+103", "land_use": null, "area_sq_m": 19023.0, "owner_name": null, "source_type": "CTPVD_Final_Plot", "source_id": "98+99+100+103", "survey_scheme": "Gota_33", "village_name": "Gota", "city_name": "Ahmedabad", "authority_name": "AMC", "district_name": "Ahmedabad", "state_name": "Gujarat", "status_name": "Preliminary" }, "geometry": { "type": "MultiPolygon", "coordinates": [ [ [ [ 8075453.003309418447316, 2643022.494927874300629 ], [ 8075468.479256237857044, 2643067.536020600702614 ], [ 8075643.067952916957438, 2643005.152653951663524 ], [ 8075643.334173403680325, 2643005.052231192588806 ], [ 8075643.596746886149049, 2643004.942525657359511 ], [ 8075643.855353454127908, 2643004.823671008925885 ], [ 8075644.109678036533296, 2643004.69581204932183 ], [ 8075644.359410773962736, 2643004.559104556683451 ], [ 8075644.604247414506972, 2643004.413715090602636 ], [ 8075644.843889653682709, 2643004.259820784442127 ], [ 8075645.078045528382063, 2643004.097609135322273 ], [ 8075645.306429751217365, 2643003.927277773153037 ], [ 8075645.528764074668288, 2643003.749034219887108 ], [ 8075645.744777611456811, 2643003.563095642253757 ], [ 8075645.954207193106413, 2643003.369688575621694 ], [ 8075646.15679765958339, 2643003.169048656243831 ], [ 8075646.352302178740501, 2643002.961420336272568 ], [ 8075646.540482558310032, 2643002.747056575492024 ], [ 8075646.721109543927014, 2643002.526218546554446 ], [ 8075646.893963052891195, 2643002.299175307620317 ], [ 8075647.058832491748035, 2643002.066203474532813 ], [ 8075647.215517000295222, 2643001.82758689019829 ], [ 8075647.363825687207282, 2643001.583616269286722 ], [ 8075647.503577847033739, 2643001.334588855039328 ], [ 8075647.634603219106793, 2643001.0808080509305 ], [ 8075647.756742173805833, 2643000.822583047207445 ], [ 8075647.869845897890627, 2643000.560228453483433 ], [ 8075647.973776591941714, 2643000.294063908979297 ], [ 8075648.068407640792429, 2643000.024413693230599 ], [ 8075648.153623743914068, 2642999.751606336329132 ], [ 8075648.229321082122624, 2642999.475974209606647 ], [ 8075648.295407430268824, 2642999.197853128891438 ], [ 8075648.351802271790802, 2642998.917581944260746 ], [ 8075648.398436897434294, 2642998.635502122342587 ], [ 8075648.43525449372828, 2642998.351957333274186 ], [ 8075648.462210206314921, 2642998.067293032538146 ], [ 8075648.479271188378334, 2642997.78185604326427 ], [ 8075648.486416657455266, 2642997.495994123164564 ], [ 8075648.483637904748321, 2642997.210055551026016 ], [ 8075648.470938323996961, 2642996.924388700164855 ], [ 8075648.448333380743861, 2642996.639341611415148 ], [ 8075648.415850623510778, 2642996.355261572171003 ], [ 8075648.373529616743326, 2642996.072494687978178 ], [ 8075648.321421932429075, 2642995.791385464835912 ], [ 8075648.259591052308679, 2642995.51227639708668 ], [ 8075648.188112309202552, 2642995.235507529228926 ], [ 8075648.107072794809937, 2642994.961416066158563 ], [ 8075648.016571233049035, 2642994.690335943363607 ], [ 8075623.173019242472947, 2642924.368043034803122 ], [ 8075493.613807554356754, 2642970.480320659466088 ], [ 8075456.178433247841895, 2642864.401460682973266 ], [ 8075454.409692992456257, 2642859.389450212940574 ], [ 8075401.851709910668433, 2642878.056969954166561 ], [ 8075425.055028512142599, 2642943.576852515339851 ], [ 8075445.350984827615321, 2643000.88695005280897 ], [ 8075453.003309418447316, 2643022.494927874300629 ] ] ] ] } },
{ "type": "Feature", "properties": { "id": "final_plot_boundary.fid-4639cb80_1a0ba89becd_643f", "gid": 24493, "tps_name": "Gota_33", "tps_no": "33", "village": "Gota", "city": "Ahmedabad", "authority": "AMC", "district": "Ahmedabad", "state": "Gujarat", "status": "Preliminary", "fp_no": "24/1", "reser_use": null, "reser_type": null, "tps_id": 212, "show_hide": 1, "fp_area": "10548", "fp_area_final": 10548.0, "temp": "10548", "search": "Gota 33 24/1", "dxf_access": 1, "epsg_code": "EPSG:32643", "parcel_id": "24/1", "land_use": null, "area_sq_m": 10548.0, "owner_name": null, "source_type": "CTPVD_Final_Plot", "source_id": "24/1", "survey_scheme": "Gota_33", "village_name": "Gota", "city_name": "Ahmedabad", "authority_name": "AMC", "district_name": "Ahmedabad", "state_name": "Gujarat", "status_name": "Preliminary" }, "geometry": { "type": "MultiPolygon", "coordinates": [ [ [ [ 8075844.057625020854175, 2644048.247311534360051 ], [ 8075851.042942841537297, 2644069.557959876023233 ], [ 8075871.869797089137137, 2644133.095918496605009 ], [ 8075928.521797605790198, 2644112.852292278781533 ], [ 8076006.163129716180265, 2644085.10811012564227 ], [ 8075978.961824701167643, 2644003.029005930293351 ], [ 8075844.057625020854175, 2644048.247311534360051 ] ] ] ] } },
{ "type": "Feature", "properties": { "id": "final_plot_boundary.fid-4639cb80_1a0ba89becd_6440", "gid": 24417, "tps_name": "Gota_33", "tps_no": "33", "village": "Gota", "city": "Ahmedabad", "authority": "AMC", "district": "Ahmedabad", "state": "Gujarat", "status": "Preliminary", "fp_no": "67+70+71", "reser_use": null, "reser_type": null, "tps_id": 212, "show_hide": 1, "fp_area": "7356", "fp_area_final": 7356.0, "temp": "7356", "search": "Gota 33 67+70+71", "dxf_access": 1, "epsg_code": "EPSG:32643", "parcel_id": "67+70+71", "land_use": null, "area_sq_m": 7356.0, "owner_name": null, "source_type": "CTPVD_Final_Plot", "source_id": "67+70+71", "survey_scheme": "Gota_33", "village_name": "Gota", "city_name": "Ahmedabad", "authority_name": "AMC", "district_name": "Ahmedabad", "state_name": "Gujarat", "status_name": "Preliminary" }, "geometry": { "type": "MultiPolygon", "coordinates": [ [ [ [ 8076010.94186545163393, 2643628.669186387676746 ], [ 8075987.0949671799317, 2643556.712589392904192 ], [ 8075878.248095993883908, 2643595.482709085103124 ], [ 8075901.996988775208592, 2643667.145233315881342 ], [ 8075971.660177872516215, 2643642.33194869523868 ], [ 8076009.887323634698987, 2643629.035973351914436 ], [ 8076010.94186545163393, 2643628.669186387676746 ] ] ] ] } },
{ "type": "Feature", "properties": { "id": "final_plot_boundary.fid-4639cb80_1a0ba89becd_6441", "gid": 24471, "tps_name": "Gota_33", "tps_no": "33", "village": "Gota", "city": "Ahmedabad", "authority": "AMC", "district": "Ahmedabad", "state": "Gujarat", "status": "Preliminary", "fp_no": "68", "reser_use": null, "reser_type": null, "tps_id": 212, "show_hide": 1, "fp_area": "250", "fp_area_final": 250.0, "temp": "250", "search": "Gota 33 68", "dxf_access": 1, "epsg_code": "EPSG:32643", "parcel_id": "68", "land_use": null, "area_sq_m": 250.0, "owner_name": null, "source_type": "CTPVD_Final_Plot", "source_id": "68", "survey_scheme": "Gota_33", "village_name": "Gota", "city_name": "Ahmedabad", "authority_name": "AMC", "district_name": "Ahmedabad", "state_name": "Gujarat", "status_name": "Preliminary" }, "geometry": { "type": "MultiPolygon", "coordinates": [ [ [ [ 8075692.495361451990902, 2643656.744626165833324 ], [ 8075708.488728255964816, 2643651.029841998592019 ], [ 8075703.140280236490071, 2643634.392897287849337 ], [ 8075687.146928885951638, 2643640.107671743258834 ], [ 8075692.495361451990902, 2643656.744626165833324 ] ] ] ] } },
{ "type": "Feature", "properties": { "id": "final_plot_boundary.fid-4639cb80_1a0ba89becd_6442", "gid": 24504, "tps_name": "Gota_33", "tps_no": "33", "village": "Gota", "city": "Ahmedabad", "authority": "AMC", "district": "Ahmedabad", "state": "Gujarat", "status": "Preliminary", "fp_no": "33", "reser_use": null, "reser_type": null, "tps_id": 212, "show_hide": 1, "fp_area": "337", "fp_area_final": 337.0, "temp": "337", "search": "Gota 33 33", "dxf_access": 1, "epsg_code": "EPSG:32643", "parcel_id": "33", "land_use": null, "area_sq_m": 337.0, "owner_name": null, "source_type": "CTPVD_Final_Plot", "source_id": "33", "survey_scheme": "Gota_33", "village_name": "Gota", "city_name": "Ahmedabad", "authority_name": "AMC", "district_name": "Ahmedabad", "state_name": "Gujarat", "status_name": "Preliminary" }, "geometry": { "type": "MultiPolygon", "coordinates": [ [ [ [ 8076211.559885350987315, 2643866.35589699074626 ], [ 8076205.13313620723784, 2643848.107367371674627 ], [ 8076185.638931577093899, 2643855.0513208755292 ], [ 8076192.066905125975609, 2643873.303399326745421 ], [ 8076211.559885350987315, 2643866.35589699074626 ] ] ] ] } },
{ "type": "Feature", "properties": { "id": "final_plot_boundary.fid-4639cb80_1a0ba89becd_6443", "gid": 24468, "tps_name": "Gota_33", "tps_no": "33", "village": "Gota", "city": "Ahmedabad", "authority": "AMC", "district": "Ahmedabad", "state": "Gujarat", "status": "Preliminary", "fp_no": "63", "reser_use": null, "reser_type": null, "tps_id": 212, "show_hide": 1, "fp_area": "789", "fp_area_final": 789.0, "temp": "789", "search": "Gota 33 63", "dxf_access": 1, "epsg_code": "EPSG:32643", "parcel_id": "63", "land_use": null, "area_sq_m": 789.0, "owner_name": null, "source_type": "CTPVD_Final_Plot", "source_id": "63", "survey_scheme": "Gota_33", "village_name": "Gota", "city_name": "Ahmedabad", "authority_name": "AMC", "district_name": "Ahmedabad", "state_name": "Gujarat", "status_name": "Preliminary" }, "geometry": { "type": "MultiPolygon", "coordinates": [ [ [ [ 8075799.194259122014046, 2643801.494247017428279 ], [ 8075785.782401595264673, 2643763.531192055437714 ], [ 8075763.88691898342222, 2643771.355029861908406 ], [ 8075777.298728664405644, 2643809.318116852547973 ], [ 8075799.194259122014046, 2643801.494247017428279 ] ] ] ] } },
{ "type": "Feature", "properties": { "id": "final_plot_boundary.fid-4639cb80_1a0ba89becd_6444", "gid": 24462, "tps_name": "Gota_33", "tps_no": "33", "village": "Gota", "city": "Ahmedabad", "authority": "AMC", "district": "Ahmedabad", "state": "Gujarat", "status": "Preliminary", "fp_no": "73/1", "reser_use": null, "reser_type": null, "tps_id": 212, "show_hide": 1, "fp_area": "4492", "fp_area_final": 4492.0, "temp": "4492", "search": "Gota 33 73/1", "dxf_access": 1, "epsg_code": "EPSG:32643", "parcel_id": "73/1", "land_use": null, "area_sq_m": 4492.0, "owner_name": null, "source_type": "CTPVD_Final_Plot", "source_id": "73/1", "survey_scheme": "Gota_33", "village_name": "Gota", "city_name": "Ahmedabad", "authority_name": "AMC", "district_name": "Ahmedabad", "state_name": "Gujarat", "status_name": "Preliminary" }, "geometry": { "type": "MultiPolygon", "coordinates": [ [ [ [ 8075972.582191434688866, 2643512.921025618445128 ], [ 8075863.735596345737576, 2643551.690968665294349 ], [ 8075878.248095993883908, 2643595.482709085103124 ], [ 8075987.0949671799317, 2643556.712589392904192 ], [ 8075972.582191434688866, 2643512.921025618445128 ] ] ] ] } },
{ "type": "Feature", "properties": { "id": "final_plot_boundary.fid-4639cb80_1a0ba89becd_6445", "gid": 24512, "tps_name": "Gota_33", "tps_no": "33", "village": "Gota", "city": "Ahmedabad", "authority": "AMC", "district": "Ahmedabad", "state": "Gujarat", "status": "Preliminary", "fp_no": "41/2", "reser_use": null, "reser_type": null, "tps_id": 212, "show_hide": 1, "fp_area": "1458", "fp_area_final": 1458.0, "temp": "1458", "search": "Gota 33 41/2", "dxf_access": 1, "epsg_code": "EPSG:32643", "parcel_id": "41/2", "land_use": null, "area_sq_m": 1458.0, "owner_name": null, "source_type": "CTPVD_Final_Plot", "source_id": "41/2", "survey_scheme": "Gota_33", "village_name": "Gota", "city_name": "Ahmedabad", "authority_name": "AMC", "district_name": "Ahmedabad", "state_name": "Gujarat", "status_name": "Preliminary" }, "geometry": { "type": "MultiPolygon", "coordinates": [ [ [ [ 8076285.802618093788624, 2643696.704880457371473 ], [ 8076241.055794935673475, 2643712.644225446041673 ], [ 8076253.150100233033299, 2643746.985246368218213 ], [ 8076297.89701188262552, 2643731.045842371881008 ], [ 8076285.802618093788624, 2643696.704880457371473 ] ] ] ] } },
{ "type": "Feature", "properties": { "id": "final_plot_boundary.fid-4639cb80_1a0ba89becd_6446", "gid": 24398, "tps_name": "Gota_33", "tps_no": "33", "village": "Gota", "city": "Ahmedabad", "authority": "AMC", "district": "Ahmedabad", "state": "Gujarat", "status": "Preliminary", "fp_no": "43", "reser_use": null, "reser_type": null, "tps_id": 212, "show_hide": 1, "fp_area": "9716", "fp_area_final": 9716.0, "temp": "9716", "search": "Gota 33 43", "dxf_access": 1, "epsg_code": "EPSG:32643", "parcel_id": "43", "land_use": null, "area_sq_m": 9716.0, "owner_name": null, "source_type": "CTPVD_Final_Plot", "source_id": "43", "survey_scheme": "Gota_33", "village_name": "Gota", "city_name": "Ahmedabad", "authority_name": "AMC", "district_name": "Ahmedabad", "state_name": "Gujarat", "status_name": "Preliminary" }, "geometry": { "type": "MultiPolygon", "coordinates": [ [ [ [ 8076448.43954570684582, 2643681.206600323785096 ], [ 8076396.217015083879232, 2643699.809463804122061 ], [ 8076372.238285309635103, 2643631.725268393289298 ], [ 8076307.354701084084809, 2643654.837936695665121 ], [ 8076307.088371467776597, 2643654.938101921230555 ], [ 8076306.825679991394281, 2643655.047553896903992 ], [ 8076306.566946692764759, 2643655.166159273125231 ], [ 8076306.312486803159118, 2643655.293773545883596 ], [ 8076306.062610341235995, 2643655.430241240654141 ], [ 8076305.817621745169163, 2643655.575396090745926 ], [ 8076305.577819488942623, 2643655.729061246849597 ], [ 8076305.343495734035969, 2643655.891049496363848 ], [ 8076305.114935977384448, 2643656.061163474805653 ], [ 8076304.892418677918613, 2643656.239195932168514 ], [ 8076304.676214940845966, 2643656.424929961562157 ], [ 8076304.466588169336319, 2643656.618139272090048 ], [ 8076304.263793771155179, 2643656.818588472902775 ], [ 8076304.068078811280429, 2643657.026033345609903 ], [ 8076303.879681742750108, 2643657.240221152082086 ], [ 8076303.698832103051245, 2643657.460890935733914 ], [ 8076303.525750217959285, 2643657.687773847952485 ], [ 8076303.360646976158023, 2643657.920593467541039 ], [ 8076303.203723515383899, 2643658.159066136460751 ], [ 8076303.055171033367515, 2643658.402901314664632 ], [ 8076302.915170517750084, 2643658.651801930740476 ], [ 8076302.783892529085279, 2643658.905464733485132 ], [ 8076302.661497016437352, 2643659.163580674678087 ], [ 8076302.548133102245629, 2643659.425835284404457 ], [ 8076302.443938903510571, 2643659.691909040790051 ], [ 8076302.349041354842484, 2643659.961477776989341 ], [ 8076302.263556088320911, 2643660.234213065356016 ], [ 8076302.187587247230113, 2643660.509782619774342 ], [ 8076302.121227385476232, 2643660.78785070264712 ], [ 8076302.064557364210486, 2643661.068078528158367 ], [ 8076302.017646216787398, 2643661.350124687422067 ], [ 8076301.980551101267338, 2643661.633645547088236 ], [ 8076301.953317207284272, 2643661.918295680079609 ], [ 8076301.935977731831372, 2643662.203728285152465 ], [ 8076301.928553787060082, 2643662.489595608320087 ], [ 8076301.931054414249957, 2643662.775549365207553 ], [ 8076301.943476583808661, 2643663.061241160612553 ], [ 8076301.965805146843195, 2643663.346322926692665 ], [ 8076301.998012911528349, 2643663.630447333678603 ], [ 8076302.04006062541157, 2643663.913268220610917 ], [ 8076302.091897073201835, 2643664.194441014900804 ], [ 8076302.153459095396101, 2643664.473623146302998 ], [ 8076302.224671684205532, 2643664.750474478583783 ], [ 8076302.305448085069656, 2643665.024657708592713 ], [ 8076302.395689882338047, 2643665.295838786289096 ], [ 8076340.133662940002978, 2643772.448869228363037 ], [ 8076436.99628347530961, 2643737.944451407529414 ], [ 8076447.75229980237782, 2643710.210910282563418 ], [ 8076448.43954570684582, 2643681.206600323785096 ] ] ] ] } },
{ "type": "Feature", "properties": { "id": "final_plot_boundary.fid-4639cb80_1a0ba89becd_6447", "gid": 24497, "tps_name": "Gota_33", "tps_no": "33", "village": "Gota", "city": "Ahmedabad", "authority": "AMC", "district": "Ahmedabad", "state": "Gujarat", "status": "Preliminary", "fp_no": "127/2", "reser_use": "Neighbourhood Center", "reser_type": "Public Purpose", "tps_id": 212, "show_hide": 1, "fp_area": "13047", "fp_area_final": 13047.0, "temp": "13047", "search": "Gota 33 127/2", "dxf_access": 1, "epsg_code": "EPSG:32643", "parcel_id": "127/2", "land_use": "Neighbourhood Center", "area_sq_m": 13047.0, "owner_name": null, "source_type": "CTPVD_Final_Plot", "source_id": "127/2", "survey_scheme": "Gota_33", "village_name": "Gota", "city_name": "Ahmedabad", "authority_name": "AMC", "district_name": "Ahmedabad", "state_name": "Gujarat", "status_name": "Preliminary" }, "geometry": { "type": "MultiPolygon", "coordinates": [ [ [ [ 8075585.645176556892693, 2642818.1410439661704 ], [ 8075485.243342394940555, 2642854.016236290335655 ], [ 8075456.178433247841895, 2642864.401460682973266 ], [ 8075493.613807554356754, 2642970.480320659466088 ], [ 8075623.173019242472947, 2642924.368043034803122 ], [ 8075585.645176556892693, 2642818.1410439661704 ] ] ] ] } },
{ "type": "Feature", "properties": { "id": "final_plot_boundary.fid-4639cb80_1a0ba89becd_6448", "gid": 24394, "tps_name": "Gota_33", "tps_no": "33", "village": "Gota", "city": "Ahmedabad", "authority": "AMC", "district": "Ahmedabad", "state": "Gujarat", "status": "Preliminary", "fp_no": "40/1", "reser_use": null, "reser_type": null, "tps_id": 212, "show_hide": 1, "fp_area": "4128", "fp_area_final": 4128.0, "temp": "4128", "search": "Gota 33 40/1", "dxf_access": 1, "epsg_code": "EPSG:32643", "parcel_id": "40/1", "land_use": null, "area_sq_m": 4128.0, "owner_name": null, "source_type": "CTPVD_Final_Plot", "source_id": "40/1", "survey_scheme": "Gota_33", "village_name": "Gota", "city_name": "Ahmedabad", "authority_name": "AMC", "district_name": "Ahmedabad", "state_name": "Gujarat", "status_name": "Preliminary" }, "geometry": { "type": "MultiPolygon", "coordinates": [ [ [ [ 8076235.469254826195538, 2643791.907071090303361 ], [ 8076256.098698715679348, 2643850.483190312981606 ], [ 8076322.931729339063168, 2643826.664341597352177 ], [ 8076323.198018993251026, 2643826.564143226481974 ], [ 8076323.460669768042862, 2643826.454660458955914 ], [ 8076323.71936172991991, 2643826.336026652250439 ], [ 8076323.973779766820371, 2643826.208386319689453 ], [ 8076324.22361396253109, 2643826.0718949357979 ], [ 8076324.468560014851391, 2643825.926718764007092 ], [ 8076324.70831953547895, 2643825.773034643847495 ], [ 8076324.942600480280817, 2643825.611029773950577 ], [ 8076325.171117472462356, 2643825.440901498310268 ], [ 8076325.393592154607177, 2643825.262857045512646 ], [ 8076325.609753529541194, 2643825.077113294042647 ], [ 8076325.819338295608759, 2643824.883896498940885 ], [ 8076326.022091153077781, 2643824.68344201752916 ], [ 8076326.217765132896602, 2643824.475994023028761 ], [ 8076326.40612187795341, 2643824.261805207934231 ], [ 8076326.586931959725916, 2643824.041136474348605 ], [ 8076326.759975130669773, 2643823.814256622456014 ], [ 8076326.925040610134602, 2643823.581442013382912 ], [ 8076327.081927322782576, 2643823.342976239509881 ], [ 8076327.230444172397256, 2643823.09914977196604 ], [ 8076327.370410250499845, 2643822.850259621161968 ], [ 8076327.501655065454543, 2643822.596608956344426 ], [ 8076327.624018747359514, 2643822.33850675355643 ], [ 8076327.737352246418595, 2643822.076267403550446 ], [ 8076327.84151750896126, 2643821.810210342518985 ], [ 8076327.936387650668621, 2643821.540659650694579 ], [ 8076328.021847119554877, 2643821.267943671904504 ], [ 8076328.097791810519993, 2643820.992394597735256 ], [ 8076328.164129217155278, 2643820.714348079636693 ], [ 8076328.220778532326221, 2643820.434142800047994 ], [ 8076328.267670753411949, 2643820.152120080310851 ], [ 8076328.304748766124249, 2643819.868623452726752 ], [ 8076328.331967399455607, 2643819.583998239133507 ], [ 8076328.349293505772948, 2643819.298591147642583 ], [ 8076328.356705972924829, 2643819.012749828863889 ], [ 8076328.354195782914758, 2643818.726822465658188 ], [ 8076328.3417659830302, 2643818.441157347057015 ], [ 8076328.319431715644896, 2643818.156102439854294 ], [ 8076328.287220195867121, 2643817.872004971373826 ], [ 8076328.245170651003718, 2643817.589210996869951 ], [ 8076328.193334311246872, 2643817.308064988814294 ], [ 8076328.131774310953915, 2643817.028909411281347 ], [ 8076328.060565637424588, 2643816.752084303181618 ], [ 8076327.979795037768781, 2643816.477926860563457 ], [ 8076327.889560887590051, 2643816.206771038938314 ], [ 8076314.404077231884003, 2643777.916096827015281 ], [ 8076309.983472621068358, 2643765.364218282047659 ], [ 8076265.23647253587842, 2643781.303681247401983 ], [ 8076235.469254826195538, 2643791.907071090303361 ] ] ] ] } },
{ "type": "Feature", "properties": { "id": "final_plot_boundary.fid-4639cb80_1a0ba89becd_6449", "gid": 24405, "tps_name": "Gota_33", "tps_no": "33", "village": "Gota", "city": "Ahmedabad", "authority": "AMC", "district": "Ahmedabad", "state": "Gujarat", "status": "Preliminary", "fp_no": "60", "reser_use": null, "reser_type": null, "tps_id": 212, "show_hide": 1, "fp_area": "6377", "fp_area_final": 6377.0, "temp": "6377", "search": "Gota 33 60", "dxf_access": 1, "epsg_code": "EPSG:32643", "parcel_id": "60", "land_use": null, "area_sq_m": 6377.0, "owner_name": null, "source_type": "CTPVD_Final_Plot", "source_id": "60", "survey_scheme": "Gota_33", "village_name": "Gota", "city_name": "Ahmedabad", "authority_name": "AMC", "district_name": "Ahmedabad", "state_name": "Gujarat", "status_name": "Preliminary" }, "geometry": { "type": "MultiPolygon", "coordinates": [ [ [ [ 8076078.691694366745651, 2643736.289281988050789 ], [ 8076010.808217343874276, 2643760.469120521098375 ], [ 8076045.686483425088227, 2643859.508148722816259 ], [ 8076113.570347650907934, 2643835.328052057418972 ], [ 8076078.691694366745651, 2643736.289281988050789 ] ] ] ] } },
{ "type": "Feature", "properties": { "id": "final_plot_boundary.fid-4639cb80_1a0ba89becd_644a", "gid": 24456, "tps_name": "Gota_33", "tps_no": "33", "village": "Gota", "city": "Ahmedabad", "authority": "AMC", "district": "Ahmedabad", "state": "Gujarat", "status": "Preliminary", "fp_no": "137", "reser_use": "Housing For S.E.W.S", "reser_type": "Housing For S.E.W.S", "tps_id": 212, "show_hide": 1, "fp_area": "24256", "fp_area_final": 24256.0, "temp": "24256", "search": "Gota 33 137", "dxf_access": 1, "epsg_code": "EPSG:32643", "parcel_id": "137", "land_use": "Housing For S.E.W.S", "area_sq_m": 24256.0, "owner_name": null, "source_type": "CTPVD_Final_Plot", "source_id": "137", "survey_scheme": "Gota_33", "village_name": "Gota", "city_name": "Ahmedabad", "authority_name": "AMC", "district_name": "Ahmedabad", "state_name": "Gujarat", "status_name": "Preliminary" }, "geometry": { "type": "MultiPolygon", "coordinates": [ [ [ [ 8076333.563530358485878, 2643488.289445411879569 ], [ 8076465.270951296202838, 2643441.372252711560577 ], [ 8076443.705627861432731, 2643318.66997236572206 ], [ 8076443.81871824990958, 2643300.196456647012383 ], [ 8076401.717296965420246, 2643315.242445860058069 ], [ 8076378.227067350409925, 2643248.760294961743057 ], [ 8076345.345550174824893, 2643263.555354467593133 ], [ 8076298.450046377256513, 2643277.899567521177232 ], [ 8076325.898041770793498, 2643355.781232687178999 ], [ 8076275.414303196594119, 2643373.764379946514964 ], [ 8076301.974266718141735, 2643449.178699597716331 ], [ 8076317.734462597407401, 2643493.928036841098219 ], [ 8076333.563530358485878, 2643488.289445411879569 ] ] ] ] } },
{ "type": "Feature", "properties": { "id": "final_plot_boundary.fid-4639cb80_1a0ba89becd_644b", "gid": 24496, "tps_name": "Gota_33", "tps_no": "33", "village": "Gota", "city": "Ahmedabad", "authority": "AMC", "district": "Ahmedabad", "state": "Gujarat", "status": "Preliminary", "fp_no": "130", "reser_use": "Sale For Commercial", "reser_type": "Commercial", "tps_id": 212, "show_hide": 1, "fp_area": "3932", "fp_area_final": 3932.0, "temp": "3932", "search": "Gota 33 130", "dxf_access": 1, "epsg_code": "EPSG:32643", "parcel_id": "130", "land_use": "Sale For Commercial", "area_sq_m": 3932.0, "owner_name": null, "source_type": "CTPVD_Final_Plot", "source_id": "130", "survey_scheme": "Gota_33", "village_name": "Gota", "city_name": "Ahmedabad", "authority_name": "AMC", "district_name": "Ahmedabad", "state_name": "Gujarat", "status_name": "Preliminary" }, "geometry": { "type": "MultiPolygon", "coordinates": [ [ [ [ 8075851.473266166634858, 2643258.94926085555926 ], [ 8075832.031288116239011, 2643203.713299483992159 ], [ 8075817.362785082310438, 2643208.935365132056177 ], [ 8075757.241082911379635, 2643230.338851067703217 ], [ 8075773.042128125205636, 2643278.019560385029763 ], [ 8075773.135711882263422, 2643278.286491966806352 ], [ 8075773.23840821813792, 2643278.550013118889183 ], [ 8075773.350094543769956, 2643278.809809300582856 ], [ 8075773.470637558959424, 2643279.065570422913879 ], [ 8075773.599893385544419, 2643279.31699120439589 ], [ 8075773.73770774435252, 2643279.56377155566588 ], [ 8075773.883916126564145, 2643279.80561691429466 ], [ 8075774.038344040513039, 2643280.042238616384566 ], [ 8075774.200807145796716, 2643280.273354230448604 ], [ 8075774.371111529879272, 2643280.498687895480543 ], [ 8075774.549053925089538, 2643280.717970654368401 ], [ 8075774.734421930275857, 2643280.930940771009773 ], [ 8075774.926994295790792, 2643281.137344044167548 ], [ 8075775.12654116936028, 2643281.336934110615402 ], [ 8075775.33282436709851, 2643281.529472740367055 ], [ 8075775.545597675256431, 2643281.714730116538703 ], [ 8075775.76460712403059, 2643281.892485118471086 ], [ 8075775.989591306075454, 2643282.062525577843189 ], [ 8075776.220281680114567, 2643282.224648532923311 ], [ 8075776.456402897834778, 2643282.378660473041236 ], [ 8075776.69767311681062, 2643282.524377572350204 ], [ 8075776.943804361857474, 2643282.661625899374485 ], [ 8075777.194502855651081, 2643282.79024163633585 ], [ 8075777.449469359591603, 2643282.910071267280728 ], [ 8075777.708399548195302, 2643283.020971762016416 ], [ 8075777.970984354615211, 2643283.122810749337077 ], [ 8075778.236910372041166, 2643283.215466675814241 ], [ 8075778.505860184319317, 2643283.298828946426511 ], [ 8075778.777512766420841, 2643283.372798061463982 ], [ 8075779.051543884910643, 2643283.437285728286952 ], [ 8075779.327626448124647, 2643283.492214976344258 ], [ 8075779.605430932715535, 2643283.53752023819834 ], [ 8075779.88462574314326, 2643283.573147443123162 ], [ 8075780.164877633564174, 2643283.59905406460166 ], [ 8075780.445852101780474, 2643283.615209178067744 ], [ 8075780.727213772945106, 2643283.621593501418829 ], [ 8075781.008626814000309, 2643283.618199416901916 ], [ 8075781.28975532297045, 2643283.605030972044915 ], [ 8075781.570263761095703, 2643283.582103887107223 ], [ 8075781.849817296490073, 2643283.549445527605712 ], [ 8075782.128082266077399, 2643283.507094872649759 ], [ 8075782.404726529493928, 2643283.455102474894375 ], [ 8075782.679419883526862, 2643283.393530390225351 ], [ 8075782.951834447681904, 2643283.32245211256668 ], [ 8075783.221645085141063, 2643283.241952477954328 ], [ 8075783.488529733382165, 2643283.152127575594932 ], [ 8075851.473266166634858, 2643258.94926085555926 ] ] ] ] } },
{ "type": "Feature", "properties": { "id": "final_plot_boundary.fid-4639cb80_1a0ba89becd_644c", "gid": 24382, "tps_name": "Gota_33", "tps_no": "33", "village": "Gota", "city": "Ahmedabad", "authority": "AMC", "district": "Ahmedabad", "state": "Gujarat", "status": "Preliminary", "fp_no": "94", "reser_use": null, "reser_type": null, "tps_id": 212, "show_hide": 1, "fp_area": "4249", "fp_area_final": 4249.0, "temp": "4249", "search": "Gota 33 94", "dxf_access": 1, "epsg_code": "EPSG:32643", "parcel_id": "94", "land_use": null, "area_sq_m": 4249.0, "owner_name": null, "source_type": "CTPVD_Final_Plot", "source_id": "94", "survey_scheme": "Gota_33", "village_name": "Gota", "city_name": "Ahmedabad", "authority_name": "AMC", "district_name": "Ahmedabad", "state_name": "Gujarat", "status_name": "Preliminary" }, "geometry": { "type": "MultiPolygon", "coordinates": [ [ [ [ 8075967.417704746127129, 2643472.613964332267642 ], [ 8076028.527798411436379, 2643450.850797510240227 ], [ 8076004.073988069780171, 2643377.063381793443114 ], [ 8075942.961985256522894, 2643398.819832646287978 ], [ 8075967.417704746127129, 2643472.613964332267642 ] ] ] ] } },
{ "type": "Feature", "properties": { "id": "final_plot_boundary.fid-4639cb80_1a0ba89becd_644d", "gid": 24376, "tps_name": "Gota_33", "tps_no": "33", "village": "Gota", "city": "Ahmedabad", "authority": "AMC", "district": "Ahmedabad", "state": "Gujarat", "status": "Preliminary", "fp_no": "9", "reser_use": null, "reser_type": null, "tps_id": 212, "show_hide": 1, "fp_area": "6256", "fp_area_final": 6256.0, "temp": "6256", "search": "Gota 33 9", "dxf_access": 1, "epsg_code": "EPSG:32643", "parcel_id": "9", "land_use": null, "area_sq_m": 6256.0, "owner_name": null, "source_type": "CTPVD_Final_Plot", "source_id": "9", "survey_scheme": "Gota_33", "village_name": "Gota", "city_name": "Ahmedabad", "authority_name": "AMC", "district_name": "Ahmedabad", "state_name": "Gujarat", "status_name": "Preliminary" }, "geometry": { "type": "MultiPolygon", "coordinates": [ [ [ [ 8075821.738264934159815, 2643528.605156259611249 ], [ 8075798.792146793566644, 2643459.364050657488406 ], [ 8075798.698489364236593, 2643459.09692031191662 ], [ 8075798.595705895684659, 2643458.833205720409751 ], [ 8075798.483919244259596, 2643458.573222113307565 ], [ 8075798.363263049162924, 2643458.317280267365277 ], [ 8075798.233881529420614, 2643458.06568612344563 ], [ 8075798.095929343253374, 2643457.81874042795971 ], [ 8075797.949571395292878, 2643457.576738367322832 ], [ 8075797.794982637278736, 2643457.339969222899526 ], [ 8075797.632347856648266, 2643457.108716021291912 ], [ 8075797.461861458607018, 2643456.88325518835336 ], [ 8075797.283727243542671, 2643456.663856231607497 ], [ 8075797.09815813973546, 2643456.450781415216625 ], [ 8075796.905375966802239, 2643456.244285436347127 ], [ 8075796.70561118144542, 2643456.044615131802857 ], [ 8075796.499102564528584, 2643455.852009180467576 ], [ 8075796.286096972413361, 2643455.666697815526277 ], [ 8075796.066849018447101, 2643455.488902547862381 ], [ 8075795.841620786115527, 2643455.318835909944028 ], [ 8075795.610681506805122, 2643455.156701190862805 ], [ 8075795.374307231977582, 2643455.002692199777812 ], [ 8075795.13278051558882, 2643454.856993029825389 ], [ 8075794.886390077881515, 2643454.719777848105878 ], [ 8075794.635430425405502, 2643454.591210673097521 ], [ 8075794.380201562307775, 2643454.471445188857615 ], [ 8075794.121008566580713, 2643454.360624559689313 ], [ 8075793.858161276206374, 2643454.258881253190339 ], [ 8075793.591973884031177, 2643454.16633689077571 ], [ 8075793.322764578275383, 2643454.083102092612535 ], [ 8075793.05085516627878, 2643454.009276359342039 ], [ 8075792.776570672169328, 2643453.944947936572134 ], [ 8075792.500238965265453, 2643453.890193718019873 ], [ 8075792.222190362401307, 2643453.845079157035798 ], [ 8075791.942757229320705, 2643453.809658179990947 ], [ 8075791.662273592315614, 2643453.783973129466176 ], [ 8075791.381074730306864, 2643453.76805470418185 ], [ 8075791.099496778100729, 2643453.761921937577426 ], [ 8075790.81787631008774, 2643453.765582155901939 ], [ 8075790.536549981683493, 2643453.779030987992883 ], [ 8075790.255854063667357, 2643453.802252352237701 ], [ 8075789.976124099455774, 2643453.835218497086316 ], [ 8075789.697694461792707, 2643453.877890011761338 ], [ 8075789.420897977426648, 2643453.930215890984982 ], [ 8075789.146065509878099, 2643453.99213358387351 ], [ 8075788.873525591567159, 2643454.063569079618901 ], [ 8075788.603604000993073, 2643454.144436985719949 ], [ 8075788.336623389273882, 2643454.234640635084361 ], [ 8075710.335804050788283, 2643482.106423586141318 ], [ 8075735.222751615568995, 2643559.519599548075348 ], [ 8075821.738264934159815, 2643528.605156259611249 ] ] ] ] } },
{ "type": "Feature", "properties": { "id": "final_plot_boundary.fid-4639cb80_1a0ba89becd_644e", "gid": 24397, "tps_name": "Gota_33", "tps_no": "33", "village": "Gota", "city": "Ahmedabad", "authority": "AMC", "district": "Ahmedabad", "state": "Gujarat", "status": "Preliminary", "fp_no": "44", "reser_use": null, "reser_type": null, "tps_id": 212, "show_hide": 1, "fp_area": "4979", "fp_area_final": 4979.0, "temp": "4979", "search": "Gota 33 44", "dxf_access": 1, "epsg_code": "EPSG:32643", "parcel_id": "44", "land_use": null, "area_sq_m": 4979.0, "owner_name": null, "source_type": "CTPVD_Final_Plot", "source_id": "44", "survey_scheme": "Gota_33", "village_name": "Gota", "city_name": "Ahmedabad", "authority_name": "AMC", "district_name": "Ahmedabad", "state_name": "Gujarat", "status_name": "Preliminary" }, "geometry": { "type": "MultiPolygon", "coordinates": [ [ [ [ 8076372.238285309635103, 2643631.725268393289298 ], [ 8076396.217015083879232, 2643699.809463804122061 ], [ 8076448.43954570684582, 2643681.206600323785096 ], [ 8076449.146417762152851, 2643651.373731259256601 ], [ 8076477.495889773592353, 2643614.308846866711974 ], [ 8076476.738593665882945, 2643594.499791488517076 ], [ 8076372.238285309635103, 2643631.725268393289298 ] ] ] ] } },
{ "type": "Feature", "properties": { "id": "final_plot_boundary.fid-4639cb80_1a0ba89becd_644f", "gid": 24458, "tps_name": "Gota_33", "tps_no": "33", "village": "Gota", "city": "Ahmedabad", "authority": "AMC", "district": "Ahmedabad", "state": "Gujarat", "status": "Preliminary", "fp_no": "7", "reser_use": null, "reser_type": null, "tps_id": 212, "show_hide": 1, "fp_area": "5267", "fp_area_final": 5267.0, "temp": "5267", "search": "Gota 33 7", "dxf_access": 1, "epsg_code": "EPSG:32643", "parcel_id": "7", "land_use": null, "area_sq_m": 5267.0, "owner_name": null, "source_type": "CTPVD_Final_Plot", "source_id": "7", "survey_scheme": "Gota_33", "village_name": "Gota", "city_name": "Ahmedabad", "authority_name": "AMC", "district_name": "Ahmedabad", "state_name": "Gujarat", "status_name": "Preliminary" }, "geometry": { "type": "MultiPolygon", "coordinates": [ [ [ [ 8075555.616576794534922, 2643438.862749446649104 ], [ 8075555.870190802961588, 2643438.449351217597723 ], [ 8075556.137809058651328, 2643438.044981174636632 ], [ 8075556.41911412589252, 2643437.650118948891759 ], [ 8075556.713772348128259, 2643437.265232893172652 ], [ 8075557.021434226073325, 2643436.890779529698193 ], [ 8075557.341734826564789, 2643436.527203008532524 ], [ 8075557.674294237047434, 2643436.174934569280595 ], [ 8075558.018717996776104, 2643435.834392047021538 ], [ 8075558.37459758669138, 2643435.505979363340884 ], [ 8075558.741510883904994, 2643435.190086061134934 ], [ 8075559.119022686965764, 2643434.887086822651327 ], [ 8075559.506685212254524, 2643434.597341040614992 ], [ 8075559.904038653708994, 2643434.321192391216755 ], [ 8075560.310611696913838, 2643434.058968415018171 ], [ 8075560.725922096520662, 2643433.810980146285146 ], [ 8075561.149477249011397, 2643433.577521725557745 ], [ 8075561.580774759873748, 2643433.358870060183108 ], [ 8075562.019303059205413, 2643433.155284501612186 ], [ 8075562.464542004279792, 2643432.96700652455911 ], [ 8075562.915963476523757, 2643432.794259447138757 ], [ 8075563.37303205113858, 2643432.63724817102775 ], [ 8075563.8352055773139, 2643432.496158927679062 ], [ 8075564.301935865543783, 2643432.371159068774432 ], [ 8075564.772669323720038, 2643432.262396854348481 ], [ 8075565.246847587637603, 2643432.170001293066889 ], [ 8075565.723908244632185, 2643432.094081976916641 ], [ 8075566.203285429626703, 2643432.034728952683508 ], [ 8075566.684410544112325, 2643431.992012621369213 ], [ 8075567.166712925769389, 2643431.965983652044088 ], [ 8075567.649620497599244, 2643431.956672914326191 ], [ 8075568.132560472004116, 2643431.964091456029564 ], [ 8075568.614960025064647, 2643431.988230474293232 ], [ 8075569.096246974542737, 2643432.029061340261251 ], [ 8075569.575850462540984, 2643432.086535623762757 ], [ 8075570.053201611153781, 2643432.160585151519626 ], [ 8075570.527734220959246, 2643432.251122092362493 ], [ 8075570.9988854508847, 2643432.358039062935859 ], [ 8075571.466096447780728, 2643432.481209241785109 ], [ 8075571.928813052363694, 2643432.62048653839156 ], [ 8075572.386486420407891, 2643432.77570575196296 ], [ 8075572.838573697023094, 2643432.94668277585879 ], [ 8075573.284538658335805, 2643433.13321480806917 ], [ 8075573.723852319642901, 2643433.335080602671951 ], [ 8075574.155993616208434, 2643433.55204072361812 ], [ 8075574.580449972301722, 2643433.783837827388197 ], [ 8075574.996717926114798, 2643434.030196977313608 ], [ 8075575.404303737916052, 2643434.290825962089002 ], [ 8075575.802723958157003, 2643434.565415644086897 ], [ 8075576.191506014205515, 2643434.853640329558402 ], [ 8075576.570188756100833, 2643435.155158148147166 ], [ 8075576.938323032110929, 2643435.469611462205648 ], [ 8075577.295472176745534, 2643435.796627295203507 ], [ 8075577.641212572343647, 2643436.135817767586559 ], [ 8075577.975134124979377, 2643436.486780558247119 ], [ 8075578.29684076551348, 2643436.849099382292479 ], [ 8075578.605950915254653, 2643437.222344486508518 ], [ 8075578.902097919024527, 2643437.606073157861829 ], [ 8075609.120673546567559, 2643427.397567336913198 ], [ 8075606.599982702173293, 2643353.944223141297698 ], [ 8075606.073291694745421, 2643338.596431049052626 ], [ 8075596.879595085047185, 2643325.152672157157212 ], [ 8075588.900769023224711, 2643310.323222520295531 ], [ 8075587.379907398484647, 2643302.792457515373826 ], [ 8075587.052378010004759, 2643301.17064838251099 ], [ 8075584.755670632235706, 2643301.654427552130073 ], [ 8075558.137373136356473, 2643307.261288791429251 ], [ 8075556.114220814779401, 2643307.687442398630083 ], [ 8075555.616576794534922, 2643438.862749446649104 ] ] ] ] } },
{ "type": "Feature", "properties": { "id": "final_plot_boundary.fid-4639cb80_1a0ba89becd_6450", "gid": 24412, "tps_name": "Gota_33", "tps_no": "33", "village": "Gota", "city": "Ahmedabad", "authority": "AMC", "district": "Ahmedabad", "state": "Gujarat", "status": "Preliminary", "fp_no": "47", "reser_use": null, "reser_type": null, "tps_id": 212, "show_hide": 1, "fp_area": "3583", "fp_area_final": 3583.0, "temp": "3583", "search": "Gota 33 47", "dxf_access": 1, "epsg_code": "EPSG:32643", "parcel_id": "47", "land_use": null, "area_sq_m": 3583.0, "owner_name": null, "source_type": "CTPVD_Final_Plot", "source_id": "47", "survey_scheme": "Gota_33", "village_name": "Gota", "city_name": "Ahmedabad", "authority_name": "AMC", "district_name": "Ahmedabad", "state_name": "Gujarat", "status_name": "Preliminary" }, "geometry": { "type": "MultiPolygon", "coordinates": [ [ [ [ 8076378.227067350409925, 2643248.760294961743057 ], [ 8076401.717296965420246, 2643315.242445860058069 ], [ 8076443.81871824990958, 2643300.196456647012383 ], [ 8076444.235245238058269, 2643232.153141756542027 ], [ 8076444.288460341282189, 2643219.035675808787346 ], [ 8076378.227067350409925, 2643248.760294961743057 ] ] ] ] } },
{ "type": "Feature", "properties": { "id": "final_plot_boundary.fid-4639cb80_1a0ba89becd_6451", "gid": 24485, "tps_name": "Gota_33", "tps_no": "33", "village": "Gota", "city": "Ahmedabad", "authority": "AMC", "district": "Ahmedabad", "state": "Gujarat", "status": "Preliminary", "fp_no": "133", "reser_use": "Sale For Commercial", "reser_type": "Commercial", "tps_id": 212, "show_hide": 1, "fp_area": "8781", "fp_area_final": 8781.0, "temp": "8781", "search": "Gota 33 133", "dxf_access": 1, "epsg_code": "EPSG:32643", "parcel_id": "133", "land_use": "Sale For Commercial", "area_sq_m": 8781.0, "owner_name": null, "source_type": "CTPVD_Final_Plot", "source_id": "133", "survey_scheme": "Gota_33", "village_name": "Gota", "city_name": "Ahmedabad", "authority_name": "AMC", "district_name": "Ahmedabad", "state_name": "Gujarat", "status_name": "Preliminary" }, "geometry": { "type": "MultiPolygon", "coordinates": [ [ [ [ 8076207.042127928696573, 2643802.033047128468752 ], [ 8076172.162941518239677, 2643702.994632502552122 ], [ 8076078.691694366745651, 2643736.289281988050789 ], [ 8076113.570347650907934, 2643835.328052057418972 ], [ 8076140.804523420520127, 2643825.627199727576226 ], [ 8076171.434055767953396, 2643814.71685263607651 ], [ 8076207.042127928696573, 2643802.033047128468752 ] ] ] ] } },
{ "type": "Feature", "properties": { "id": "final_plot_boundary.fid-4639cb80_1a0ba89becd_6452", "gid": 24381, "tps_name": "Gota_33", "tps_no": "33", "village": "Gota", "city": "Ahmedabad", "authority": "AMC", "district": "Ahmedabad", "state": "Gujarat", "status": "Preliminary", "fp_no": "96", "reser_use": null, "reser_type": null, "tps_id": 212, "show_hide": 1, "fp_area": "2369", "fp_area_final": 2369.0, "temp": "2369", "search": "Gota 33 96", "dxf_access": 1, "epsg_code": "EPSG:32643", "parcel_id": "96", "land_use": null, "area_sq_m": 2369.0, "owner_name": null, "source_type": "CTPVD_Final_Plot", "source_id": "96", "survey_scheme": "Gota_33", "village_name": "Gota", "city_name": "Ahmedabad", "authority_name": "AMC", "district_name": "Ahmedabad", "state_name": "Gujarat", "status_name": "Preliminary" }, "geometry": { "type": "MultiPolygon", "coordinates": [ [ [ [ 8075723.101315072737634, 2643400.417635709047318 ], [ 8075739.771619235165417, 2643450.721897504292428 ], [ 8075782.456064299680293, 2643435.469559229910374 ], [ 8075782.718976736068726, 2643435.370448470115662 ], [ 8075782.978336779400706, 2643435.262284348718822 ], [ 8075783.23383631836623, 2643435.145195360295475 ], [ 8075783.485171809792519, 2643435.019320613704622 ], [ 8075783.732044667005539, 2643434.884809643030167 ], [ 8075783.974161611869931, 2643434.741822251584381 ], [ 8075784.211235006339848, 2643434.5905283074826 ], [ 8075784.442983197048306, 2643434.431107548531145 ], [ 8075784.669130880385637, 2643434.263749367091805 ], [ 8075784.889409380033612, 2643434.088652586564422 ], [ 8075785.103557010181248, 2643433.906025222502649 ], [ 8075785.311319365166128, 2643433.716084237210453 ], [ 8075785.512449624016881, 2643433.519055278971791 ], [ 8075785.706708834506571, 2643433.315172423608601 ], [ 8075785.893866225145757, 2643433.104677881579846 ], [ 8075786.07369944639504, 2643432.887821720447391 ], [ 8075786.245994858443737, 2643432.664861567318439 ], [ 8075786.410547776147723, 2643432.436062301043421 ], [ 8075786.567162708379328, 2643432.201695737428963 ], [ 8075786.715653595514596, 2643431.962040300481021 ], [ 8075786.855844038538635, 2643431.717380702961236 ], [ 8075786.987567477859557, 2643431.46800760505721 ], [ 8075787.110667435452342, 2643431.214217257685959 ], [ 8075787.224997666664422, 2643430.956311168614775 ], [ 8075787.3304223427549, 2643430.694595729932189 ], [ 8075787.42681622505188, 2643430.429381858557463 ], [ 8075787.514064795337617, 2643430.160984632559121 ], [ 8075787.592064403928816, 2643429.889722906053066 ], [ 8075787.66072238329798, 2643429.615918939001858 ], [ 8075787.719957175664604, 2643429.339898014441133 ], [ 8075787.76969840656966, 2643429.061988041736186 ], [ 8075787.809886978007853, 2643428.782519182190299 ], [ 8075787.840475157834589, 2643428.50182344391942 ], [ 8075787.861426594667137, 2643428.220234293490648 ], [ 8075787.872716408222914, 2643427.93808626011014 ], [ 8075787.874331182800233, 2643427.655714535154402 ], [ 8075787.866269005462527, 2643427.373454579617828 ], [ 8075787.848539448343217, 2643427.091641714796424 ], [ 8075787.821163580752909, 2643426.810610740445554 ], [ 8075787.78417391795665, 2643426.530695516616106 ], [ 8075787.737614409066737, 2643426.252228586003184 ], [ 8075787.681540366262197, 2643425.975540765095502 ], [ 8075787.61601840890944, 2643425.700960762798786 ], [ 8075787.54112637322396, 2643425.428814777173102 ], [ 8075787.456953233107924, 2643425.159426121041179 ], [ 8075773.311967024579644, 2643382.476002455223352 ], [ 8075723.101315072737634, 2643400.417635709047318 ] ] ] ] } },
{ "type": "Feature", "properties": { "id": "final_plot_boundary.fid-4639cb80_1a0ba89becd_6453", "gid": 24444, "tps_name": "Gota_33", "tps_no": "33", "village": "Gota", "city": "Ahmedabad", "authority": "AMC", "district": "Ahmedabad", "state": "Gujarat", "status": "Preliminary", "fp_no": "102", "reser_use": null, "reser_type": null, "tps_id": 212, "show_hide": 1, "fp_area": "3157", "fp_area_final": 3157.0, "temp": "3157", "search": "Gota 33 102", "dxf_access": 1, "epsg_code": "EPSG:32643", "parcel_id": "102", "land_use": null, "area_sq_m": 3157.0, "owner_name": null, "source_type": "CTPVD_Final_Plot", "source_id": "102", "survey_scheme": "Gota_33", "village_name": "Gota", "city_name": "Ahmedabad", "authority_name": "AMC", "district_name": "Ahmedabad", "state_name": "Gujarat", "status_name": "Preliminary" }, "geometry": { "type": "MultiPolygon", "coordinates": [ [ [ [ 8075367.066261507570744, 2642964.296563326846808 ], [ 8075387.803177014924586, 2643021.856713740155101 ], [ 8075445.350984827615321, 2643000.88695005280897 ], [ 8075425.055028512142599, 2642943.576852515339851 ], [ 8075367.066261507570744, 2642964.296563326846808 ] ] ] ] } },
{ "type": "Feature", "properties": { "id": "final_plot_boundary.fid-4639cb80_1a0ba89becd_6454", "gid": 24421, "tps_name": "Gota_33", "tps_no": "33", "village": "Gota", "city": "Ahmedabad", "authority": "AMC", "district": "Ahmedabad", "state": "Gujarat", "status": "Preliminary", "fp_no": "79/1", "reser_use": null, "reser_type": null, "tps_id": 212, "show_hide": 1, "fp_area": "2877", "fp_area_final": 2877.0, "temp": "2877", "search": "Gota 33 79/1", "dxf_access": 1, "epsg_code": "EPSG:32643", "parcel_id": "79/1", "land_use": null, "area_sq_m": 2877.0, "owner_name": null, "source_type": "CTPVD_Final_Plot", "source_id": "79/1", "survey_scheme": "Gota_33", "village_name": "Gota", "city_name": "Ahmedabad", "authority_name": "AMC", "district_name": "Ahmedabad", "state_name": "Gujarat", "status_name": "Preliminary" }, "geometry": { "type": "MultiPolygon", "coordinates": [ [ [ [ 8075863.962529346346855, 2643305.719843341037631 ], [ 8075876.092322666198015, 2643340.181262351106852 ], [ 8075931.990127368830144, 2643320.281081579159945 ], [ 8075908.189473227597773, 2643252.66280201356858 ], [ 8075874.817254543304443, 2643264.543634364847094 ], [ 8075886.487940697930753, 2643297.700611262582242 ], [ 8075863.962529346346855, 2643305.719843341037631 ] ] ] ] } },
{ "type": "Feature", "properties": { "id": "final_plot_boundary.fid-4639cb80_1a0ba89becd_6455", "gid": 24402, "tps_name": "Gota_33", "tps_no": "33", "village": "Gota", "city": "Ahmedabad", "authority": "AMC", "district": "Ahmedabad", "state": "Gujarat", "status": "Preliminary", "fp_no": "59/1", "reser_use": null, "reser_type": null, "tps_id": 212, "show_hide": 1, "fp_area": "6619", "fp_area_final": 6619.0, "temp": "6619", "search": "Gota 33 59/1", "dxf_access": 1, "epsg_code": "EPSG:32643", "parcel_id": "59/1", "land_use": null, "area_sq_m": 6619.0, "owner_name": null, "source_type": "CTPVD_Final_Plot", "source_id": "59/1", "survey_scheme": "Gota_33", "village_name": "Gota", "city_name": "Ahmedabad", "authority_name": "AMC", "district_name": "Ahmedabad", "state_name": "Gujarat", "status_name": "Preliminary" }, "geometry": { "type": "MultiPolygon", "coordinates": [ [ [ [ 8076010.808217343874276, 2643760.469120521098375 ], [ 8075948.684335549362004, 2643782.597121778409928 ], [ 8075948.421147190034389, 2643782.696036115754396 ], [ 8075948.161507073789835, 2643782.804019374772906 ], [ 8075947.905724050477147, 2643782.920943105127662 ], [ 8075947.654102389700711, 2643783.046668219380081 ], [ 8075947.406941414810717, 2643783.181045161094517 ], [ 8075947.164535128511488, 2643783.323914082720876 ], [ 8075946.927171893417835, 2643783.475105032324791 ], [ 8075946.695134060457349, 2643783.634438161272556 ], [ 8075946.468697658739984, 2643783.801723932847381 ], [ 8075946.248132044449449, 2643783.976763350889087 ], [ 8075946.033699586987495, 2643784.159348200075328 ], [ 8075945.825655373744667, 2643784.349261282011867 ], [ 8075945.624246882274747, 2643784.546276687178761 ], [ 8075945.429713699035347, 2643784.750160055235028 ], [ 8075945.242287230677903, 2643784.96066885208711 ], [ 8075945.062190436758101, 2643785.177552669774741 ], [ 8075944.889637548476458, 2643785.400553511921316 ], [ 8075944.724833827465773, 2643785.629406107123941 ], [ 8075944.567975320853293, 2643785.863838222809136 ], [ 8075944.419248620048165, 2643786.103570987470448 ], [ 8075944.278830639086664, 2643786.348319226875901 ], [ 8075944.146888415329158, 2643786.597791801672429 ], [ 8075944.023578900843859, 2643786.851691947784275 ], [ 8075943.909048788249493, 2643787.109717635437846 ], [ 8075943.803434308618307, 2643787.371561932377517 ], [ 8075943.70686109829694, 2643787.636913357302547 ], [ 8075943.619444041512907, 2643787.905456263571978 ], [ 8075943.541287123225629, 2643788.176871201023459 ], [ 8075943.472483311779797, 2643788.450835306663066 ], [ 8075943.413114464841783, 2643788.727022687438875 ], [ 8075943.363251195289195, 2643789.005104800220579 ], [ 8075943.322952814400196, 2643789.28475085273385 ], [ 8075943.292267276905477, 2643789.565628190059215 ], [ 8075943.271231075748801, 2643789.847402689512819 ], [ 8075943.259869233705103, 2643790.129739167634398 ], [ 8075943.258195265196264, 2643790.412301768548787 ], [ 8075943.26621116604656, 2643790.694754367228597 ], [ 8075943.283907402306795, 2643790.976760973222554 ], [ 8075943.311262927949429, 2643791.257986117620021 ], [ 8075943.348245185799897, 2643791.538095273077488 ], [ 8075943.394810201600194, 2643791.816755228675902 ], [ 8075943.450902570039034, 2643792.093634507153183 ], [ 8075943.516455582343042, 2643792.368403741624206 ], [ 8075943.591391248628497, 2643792.640736078377813 ], [ 8075943.675620432011783, 2643792.910307562444359 ], [ 8075974.186410320922732, 2643884.975972458720207 ], [ 8076013.446367683820426, 2643870.991897089406848 ], [ 8076043.538094098679721, 2643860.273395279888064 ], [ 8076045.686483425088227, 2643859.508148722816259 ], [ 8076010.808217343874276, 2643760.469120521098375 ] ] ] ] } },
{ "type": "Feature", "properties": { "id": "final_plot_boundary.fid-4639cb80_1a0ba89becd_6456", "gid": 24455, "tps_name": "Gota_33", "tps_no": "33", "village": "Gota", "city": "Ahmedabad", "authority": "AMC", "district": "Ahmedabad", "state": "Gujarat", "status": "Preliminary", "fp_no": "49", "reser_use": null, "reser_type": null, "tps_id": 212, "show_hide": 1, "fp_area": "8984", "fp_area_final": 8984.0, "temp": "8984", "search": "Gota 33 49", "dxf_access": 1, "epsg_code": "EPSG:32643", "parcel_id": "49", "land_use": null, "area_sq_m": 8984.0, "owner_name": null, "source_type": "CTPVD_Final_Plot", "source_id": "49", "survey_scheme": "Gota_33", "village_name": "Gota", "city_name": "Ahmedabad", "authority_name": "AMC", "district_name": "Ahmedabad", "state_name": "Gujarat", "status_name": "Preliminary" }, "geometry": { "type": "MultiPolygon", "coordinates": [ [ [ [ 8076298.450046377256513, 2643277.899567521177232 ], [ 8076186.998987756669521, 2643311.989166332408786 ], [ 8076186.732481690123677, 2643312.075742441229522 ], [ 8076186.469092329032719, 2643312.171480833087116 ], [ 8076186.209130988456309, 2643312.276268344838172 ], [ 8076185.952904962003231, 2643312.389981117565185 ], [ 8076185.700717098079622, 2643312.512484740931541 ], [ 8076185.452865483239293, 2643312.643634418491274 ], [ 8076185.209643092006445, 2643312.783275126013905 ], [ 8076184.971337400376797, 2643312.931241812650114 ], [ 8076184.738230098038912, 2643313.087359578348696 ], [ 8076184.510596714913845, 2643313.251443891786039 ], [ 8076184.288706306368113, 2643313.423300804570317 ], [ 8076184.072821164503694, 2643313.602727182209492 ], [ 8076183.863196454942226, 2643313.789510939270258 ], [ 8076183.6600799607113, 2643313.98343130107969 ], [ 8076183.46371176186949, 2643314.18425904866308 ], [ 8076183.274323971942067, 2643314.391756805591285 ], [ 8076183.092140440829098, 2643314.605679307598621 ], [ 8076182.917376521043479, 2643314.825773698277771 ], [ 8076182.750238778069615, 2643315.051779822912067 ], [ 8076182.590924771502614, 2643315.283430544659495 ], [ 8076182.439622818492353, 2643315.5204520476982 ], [ 8076182.296511744149029, 2643315.76256417343393 ], [ 8076182.161760721355677, 2643316.009480743668973 ], [ 8076182.035529018379748, 2643316.260909903794527 ], [ 8076181.917965843342245, 2643316.516554459929466 ], [ 8076181.809210157953203, 2643316.776112242136151 ], [ 8076181.709390515461564, 2643317.039276449009776 ], [ 8076181.618624899536371, 2643317.305736023001373 ], [ 8076181.537020597606897, 2643317.575176001526415 ], [ 8076181.464674062095582, 2643317.847277910914272 ], [ 8076181.401670821011066, 2643318.121720123104751 ], [ 8076181.34808533359319, 2643318.398178244475275 ], [ 8076181.303980934433639, 2643318.676325501874089 ], [ 8076181.269409774802625, 2643318.955833122134209 ], [ 8076181.24441269878298, 2643319.236370726954192 ], [ 8076181.229019260033965, 2643319.517606717534363 ], [ 8076181.223247654736042, 2643319.799208672717214 ], [ 8076181.227104708552361, 2643320.080843738280237 ], [ 8076181.240585861727595, 2643320.362179015297443 ], [ 8076181.263675178401172, 2643320.642881966661662 ], [ 8076181.296345365233719, 2643320.922620800789446 ], [ 8076181.338557810522616, 2643321.201064864639193 ], [ 8076181.390262615866959, 2643321.477885032072663 ], [ 8076181.451398665085435, 2643321.752754100598395 ], [ 8076181.521893705241382, 2643322.025347176939249 ], [ 8076181.601664401590824, 2643322.295342047698796 ], [ 8076181.690616465173662, 2643322.562419583555311 ], [ 8076208.160105396062136, 2643397.721158260013908 ], [ 8076275.414303196594119, 2643373.764379946514964 ], [ 8076325.898041770793498, 2643355.781232687178999 ], [ 8076298.450046377256513, 2643277.899567521177232 ] ] ] ] } },
{ "type": "Feature", "properties": { "id": "final_plot_boundary.fid-4639cb80_1a0ba89becd_6457", "gid": 24400, "tps_name": "Gota_33", "tps_no": "33", "village": "Gota", "city": "Ahmedabad", "authority": "AMC", "district": "Ahmedabad", "state": "Gujarat", "status": "Preliminary", "fp_no": "28", "reser_use": null, "reser_type": null, "tps_id": 212, "show_hide": 1, "fp_area": "636", "fp_area_final": 636.0, "temp": "636", "search": "Gota 33 28", "dxf_access": 1, "epsg_code": "EPSG:32643", "parcel_id": "28", "land_use": null, "area_sq_m": 636.0, "owner_name": null, "source_type": "CTPVD_Final_Plot", "source_id": "28", "survey_scheme": "Gota_33", "village_name": "Gota", "city_name": "Ahmedabad", "authority_name": "AMC", "district_name": "Ahmedabad", "state_name": "Gujarat", "status_name": "Preliminary" }, "geometry": { "type": "MultiPolygon", "coordinates": [ [ [ [ 8076019.178863815031946, 2643911.809893962461501 ], [ 8076026.857828371226788, 2643909.074695686809719 ], [ 8076018.881779356859624, 2643886.42614499758929 ], [ 8075989.296232037246227, 2643896.964293201919645 ], [ 8075997.272242456674576, 2643919.612869619391859 ], [ 8076019.178863815031946, 2643911.809893962461501 ] ] ] ] } },
{ "type": "Feature", "properties": { "id": "final_plot_boundary.fid-4639cb80_1a0ba89becd_6458", "gid": 24489, "tps_name": "Gota_33", "tps_no": "33", "village": "Gota", "city": "Ahmedabad", "authority": "AMC", "district": "Ahmedabad", "state": "Gujarat", "status": "Preliminary", "fp_no": "104", "reser_use": null, "reser_type": null, "tps_id": 212, "show_hide": 1, "fp_area": "6113", "fp_area_final": 6113.0, "temp": "6113", "search": "Gota 33 104", "dxf_access": 1, "epsg_code": "EPSG:32643", "parcel_id": "104", "land_use": null, "area_sq_m": 6113.0, "owner_name": null, "source_type": "CTPVD_Final_Plot", "source_id": "104", "survey_scheme": "Gota_33", "village_name": "Gota", "city_name": "Ahmedabad", "authority_name": "AMC", "district_name": "Ahmedabad", "state_name": "Gujarat", "status_name": "Preliminary" }, "geometry": { "type": "MultiPolygon", "coordinates": [ [ [ [ 8075451.786826831288636, 2642759.311204084660858 ], [ 8075485.243342394940555, 2642854.0162362921983 ], [ 8075585.645176556892693, 2642818.1410439661704 ], [ 8075582.480335855856538, 2642809.18256124900654 ], [ 8075573.793580641038716, 2642807.06855457695201 ], [ 8075558.978143151849508, 2642796.635206889826804 ], [ 8075556.613433736376464, 2642778.318845793139189 ], [ 8075497.757694791071117, 2642763.485267868731171 ], [ 8075451.786826831288636, 2642759.311204084660858 ] ] ] ] } },
{ "type": "Feature", "properties": { "id": "final_plot_boundary.fid-4639cb80_1a0ba89becd_6459", "gid": 24513, "tps_name": "Gota_33", "tps_no": "33", "village": "Gota", "city": "Ahmedabad", "authority": "AMC", "district": "Ahmedabad", "state": "Gujarat", "status": "Preliminary", "fp_no": "142", "reser_use": "Garden", "reser_type": "Recreation", "tps_id": 212, "show_hide": 1, "fp_area": "5974", "fp_area_final": 5974.0, "temp": "5974", "search": "Gota 33 142", "dxf_access": 1, "epsg_code": "EPSG:32643", "parcel_id": "142", "land_use": "Garden", "area_sq_m": 5974.0, "owner_name": null, "source_type": "CTPVD_Final_Plot", "source_id": "142", "survey_scheme": "Gota_33", "village_name": "Gota", "city_name": "Ahmedabad", "authority_name": "AMC", "district_name": "Ahmedabad", "state_name": "Gujarat", "status_name": "Preliminary" }, "geometry": { "type": "MultiPolygon", "coordinates": [ [ [ [ 8075747.7695501614362, 2643647.427154948469251 ], [ 8075769.888959370553493, 2643710.037748277187347 ], [ 8075870.008407296612859, 2643674.262043315451592 ], [ 8075851.741320977918804, 2643619.14057900942862 ], [ 8075851.647661980241537, 2643618.873446220066398 ], [ 8075851.544876857660711, 2643618.609729239717126 ], [ 8075851.433088472113013, 2643618.349743303377181 ], [ 8075851.312430459074676, 2643618.093799189664423 ], [ 8075851.183047046884894, 2643617.842202840838581 ], [ 8075851.045092889107764, 2643617.595255008433014 ], [ 8075850.898732902482152, 2643617.35325088026002 ], [ 8075850.74414202477783, 2643617.116479741409421 ], [ 8075850.581505063921213, 2643616.885224616155028 ], [ 8075850.411016422323883, 2643616.659761936869472 ], [ 8075850.232879891060293, 2643616.440361212939024 ], [ 8075850.047308417968452, 2643616.227284708991647 ], [ 8075849.854523821733892, 2643616.020787125919014 ], [ 8075849.654756548814476, 2643615.821115302387625 ], [ 8075849.448245400562882, 2643615.628507918212563 ], [ 8075849.235237218439579, 2643615.443195207044482 ], [ 8075849.015986641868949, 2643615.265398687217385 ], [ 8075848.790755741298199, 2643615.095330884214491 ], [ 8075848.559813754633069, 2643614.933195095043629 ], [ 8075848.323436731472611, 2643614.779185125138611 ], [ 8075848.081907239742577, 2643614.633485075552016 ], [ 8075847.835513992235065, 2643614.496269105933607 ], [ 8075847.584551507607102, 2643614.367701244074851 ], [ 8075847.329319789074361, 2643614.24793516844511 ], [ 8075847.070123921148479, 2643614.137114047072828 ], [ 8075846.807273741811514, 2643614.035370345693082 ], [ 8075846.541083443909883, 2643613.94282568898052 ], [ 8075846.271871231496334, 2643613.8595907012932 ], [ 8075845.999958901666105, 2643613.785764873493463 ], [ 8075845.725671490654349, 2643613.721436458639801 ], [ 8075845.449336866848171, 2643613.666682347655296 ], [ 8075845.171285351738334, 2643613.621567995287478 ], [ 8075844.891849317587912, 2643613.586147325579077 ], [ 8075844.611362792551517, 2643613.56046268157661 ], [ 8075844.330161058343947, 2643613.544544763863087 ], [ 8075844.048580245114863, 2643613.538412601687014 ], [ 8075843.76695695053786, 2643613.542073524557054 ], [ 8075843.48562780674547, 2643613.55552315665409 ], [ 8075843.204929118044674, 2643613.578745419159532 ], [ 8075842.925196406431496, 2643613.611712553072721 ], [ 8075842.646764061413705, 2643613.654385151807219 ], [ 8075842.369964902289212, 2643613.70671220915392 ], [ 8075842.095129812136292, 2643613.768631170969456 ], [ 8075841.82258731033653, 2643613.840068023186177 ], [ 8075841.552663181908429, 2643613.920937374699861 ], [ 8075841.285680089145899, 2643614.011142556555569 ], [ 8075747.7695501614362, 2643647.427154948469251 ] ] ] ] } },
{ "type": "Feature", "properties": { "id": "final_plot_boundary.fid-4639cb80_1a0ba89becd_645a", "gid": 24433, "tps_name": "Gota_33", "tps_no": "33", "village": "Gota", "city": "Ahmedabad", "authority": "AMC", "district": "Ahmedabad", "state": "Gujarat", "status": "Preliminary", "fp_no": "11", "reser_use": null, "reser_type": null, "tps_id": 212, "show_hide": 1, "fp_area": "1822", "fp_area_final": 1822.0, "temp": "1822", "search": "Gota 33 11", "dxf_access": 1, "epsg_code": "EPSG:32643", "parcel_id": "11", "land_use": null, "area_sq_m": 1822.0, "owner_name": null, "source_type": "CTPVD_Final_Plot", "source_id": "11", "survey_scheme": "Gota_33", "village_name": "Gota", "city_name": "Ahmedabad", "authority_name": "AMC", "district_name": "Ahmedabad", "state_name": "Gujarat", "status_name": "Preliminary" }, "geometry": { "type": "MultiPolygon", "coordinates": [ [ [ [ 8075644.526776830665767, 2643662.060363544616848 ], [ 8075647.936376240104437, 2643672.666441082488745 ], [ 8075692.495361451990902, 2643656.744626165833324 ], [ 8075687.146928885951638, 2643640.107671743258834 ], [ 8075678.505008448846638, 2643613.225891378242522 ], [ 8075633.946135849691927, 2643629.147635534405708 ], [ 8075640.258321480825543, 2643648.78267622878775 ], [ 8075644.526776830665767, 2643662.060363544616848 ] ] ] ] } },
{ "type": "Feature", "properties": { "id": "final_plot_boundary.fid-4639cb80_1a0ba89becd_645b", "gid": 24474, "tps_name": "Gota_33", "tps_no": "33", "village": "Gota", "city": "Ahmedabad", "authority": "AMC", "district": "Ahmedabad", "state": "Gujarat", "status": "Preliminary", "fp_no": "92/1", "reser_use": null, "reser_type": null, "tps_id": 212, "show_hide": 1, "fp_area": "2495", "fp_area_final": 2495.0, "temp": "2495", "search": "Gota 33 92/1", "dxf_access": 1, "epsg_code": "EPSG:32643", "parcel_id": "92/1", "land_use": null, "area_sq_m": 2495.0, "owner_name": null, "source_type": "CTPVD_Final_Plot", "source_id": "92/1", "survey_scheme": "Gota_33", "village_name": "Gota", "city_name": "Ahmedabad", "authority_name": "AMC", "district_name": "Ahmedabad", "state_name": "Gujarat", "status_name": "Preliminary" }, "geometry": { "type": "MultiPolygon", "coordinates": [ [ [ [ 8075587.379907398484647, 2643302.792457515373826 ], [ 8075628.105479790829122, 2643288.240474435500801 ], [ 8075614.3292704699561, 2643246.668604042846709 ], [ 8075592.433270706795156, 2643254.492440421134233 ], [ 8075579.766391727142036, 2643216.267894928343594 ], [ 8075556.932362054474652, 2643224.426855162717402 ], [ 8075584.755670632235706, 2643301.654427552130073 ], [ 8075587.052378010004759, 2643301.17064838251099 ], [ 8075587.379907398484647, 2643302.792457515373826 ] ] ] ] } },
{ "type": "Feature", "properties": { "id": "final_plot_boundary.fid-4639cb80_1a0ba89becd_645c", "gid": 24517, "tps_name": "Gota_33", "tps_no": "33", "village": "Gota", "city": "Ahmedabad", "authority": "AMC", "district": "Ahmedabad", "state": "Gujarat", "status": "Preliminary", "fp_no": "(109+110+111)/2", "reser_use": null, "reser_type": null, "tps_id": 212, "show_hide": 1, "fp_area": "3976", "fp_area_final": 3976.0, "temp": "3976", "search": "Gota 33 (109+110+111)/2", "dxf_access": 1, "epsg_code": "EPSG:32643", "parcel_id": "(109+110+111)/2", "land_use": null, "area_sq_m": 3976.0, "owner_name": null, "source_type": "CTPVD_Final_Plot", "source_id": "(109+110+111)/2", "survey_scheme": "Gota_33", "village_name": "Gota", "city_name": "Ahmedabad", "authority_name": "AMC", "district_name": "Ahmedabad", "state_name": "Gujarat", "status_name": "Preliminary" }, "geometry": { "type": "MultiPolygon", "coordinates": [ [ [ [ 8075270.274534903466702, 2642781.050643589347601 ], [ 8075306.078775659203529, 2642720.526404834352434 ], [ 8075299.348241863772273, 2642714.528873014263809 ], [ 8075295.985260952264071, 2642672.86462372681126 ], [ 8075250.809917569160461, 2642660.047760630492121 ], [ 8075236.080149308778346, 2642656.609306203201413 ], [ 8075232.103894963860512, 2642655.256242760457098 ], [ 8075270.274534903466702, 2642781.050643589347601 ] ] ] ] } },
{ "type": "Feature", "properties": { "id": "final_plot_boundary.fid-4639cb80_1a0ba89becd_645d", "gid": 24453, "tps_name": "Gota_33", "tps_no": "33", "village": "Gota", "city": "Ahmedabad", "authority": "AMC", "district": "Ahmedabad", "state": "Gujarat", "status": "Preliminary", "fp_no": "37", "reser_use": null, "reser_type": null, "tps_id": 212, "show_hide": 1, "fp_area": "2211", "fp_area_final": 2211.0, "temp": "2211", "search": "Gota 33 37", "dxf_access": 1, "epsg_code": "EPSG:32643", "parcel_id": "37", "land_use": null, "area_sq_m": 2211.0, "owner_name": null, "source_type": "CTPVD_Final_Plot", "source_id": "37", "survey_scheme": "Gota_33", "village_name": "Gota", "city_name": "Ahmedabad", "authority_name": "AMC", "district_name": "Ahmedabad", "state_name": "Gujarat", "status_name": "Preliminary" }, "geometry": { "type": "MultiPolygon", "coordinates": [ [ [ [ 8076092.079018570482731, 2644004.383571406360716 ], [ 8076125.441077855415642, 2644001.908625229727477 ], [ 8076096.968813304789364, 2643921.101927901152521 ], [ 8076066.554050023667514, 2643931.941089254803956 ], [ 8076092.079018570482731, 2644004.383571406360716 ] ] ] ] } },
{ "type": "Feature", "properties": { "id": "final_plot_boundary.fid-4639cb80_1a0ba89becd_645e", "gid": 24508, "tps_name": "Gota_33", "tps_no": "33", "village": "Gota", "city": "Ahmedabad", "authority": "AMC", "district": "Ahmedabad", "state": "Gujarat", "status": "Preliminary", "fp_no": "131", "reser_use": "Open Space", "reser_type": "Open Space", "tps_id": 212, "show_hide": 1, "fp_area": "554", "fp_area_final": 554.0, "temp": "554", "search": "Gota 33 131", "dxf_access": 1, "epsg_code": "EPSG:32643", "parcel_id": "131", "land_use": "Open Space", "area_sq_m": 554.0, "owner_name": null, "source_type": "CTPVD_Final_Plot", "source_id": "131", "survey_scheme": "Gota_33", "village_name": "Gota", "city_name": "Ahmedabad", "authority_name": "AMC", "district_name": "Ahmedabad", "state_name": "Gujarat", "status_name": "Preliminary" }, "geometry": { "type": "MultiPolygon", "coordinates": [ [ [ [ 8076099.896615982986987, 2643322.090526042040437 ], [ 8076091.095241133123636, 2643297.111197222489864 ], [ 8076067.867427826859057, 2643303.928986820857972 ], [ 8076077.115154320374131, 2643330.201249117963016 ], [ 8076099.896615982986987, 2643322.090526042040437 ] ] ] ] } },
{ "type": "Feature", "properties": { "id": "final_plot_boundary.fid-4639cb80_1a0ba89becd_645f", "gid": 24418, "tps_name": "Gota_33", "tps_no": "33", "village": "Gota", "city": "Ahmedabad", "authority": "AMC", "district": "Ahmedabad", "state": "Gujarat", "status": "Preliminary", "fp_no": "75", "reser_use": null, "reser_type": null, "tps_id": 212, "show_hide": 1, "fp_area": "3038", "fp_area_final": 3038.0, "temp": "3038", "search": "Gota 33 75", "dxf_access": 1, "epsg_code": "EPSG:32643", "parcel_id": "75", "land_use": null, "area_sq_m": 3038.0, "owner_name": null, "source_type": "CTPVD_Final_Plot", "source_id": "75", "survey_scheme": "Gota_33", "village_name": "Gota", "city_name": "Ahmedabad", "authority_name": "AMC", "district_name": "Ahmedabad", "state_name": "Gujarat", "status_name": "Preliminary" }, "geometry": { "type": "MultiPolygon", "coordinates": [ [ [ [ 8075833.451273528859019, 2643355.361753340344876 ], [ 8075802.342946565710008, 2643366.43643749691546 ], [ 8075817.974996779114008, 2643413.606874047778547 ], [ 8075818.068581867031753, 2643413.873807702213526 ], [ 8075818.171279602684081, 2643414.137330880388618 ], [ 8075818.282967407256365, 2643414.397129038348794 ], [ 8075818.403511962853372, 2643414.65289208246395 ], [ 8075818.532769392244518, 2643414.904314734041691 ], [ 8075818.670585417188704, 2643415.151096896734089 ], [ 8075818.816795538179576, 2643415.392944009508938 ], [ 8075818.971225243061781, 2643415.629567405208945 ], [ 8075819.133690194226801, 2643415.860684649087489 ], [ 8075819.303996487520635, 2643416.086019880138338 ], [ 8075819.481940836645663, 2643416.305304137058556 ], [ 8075819.667310853488743, 2643416.51827568653971 ], [ 8075819.859885275363922, 2643416.724680319894105 ], [ 8075820.059434256516397, 2643416.92427167436108 ], [ 8075820.265719600953162, 2643417.116811519954354 ], [ 8075820.478495101444423, 2643417.302070038858801 ], [ 8075820.697506777010858, 2643417.479826103895903 ], [ 8075820.922493224032223, 2643417.649867551401258 ], [ 8075821.153185892850161, 2643417.811991415452212 ], [ 8075821.389309433288872, 2643417.966004185844213 ], [ 8075821.630582009442151, 2643418.111722035333514 ], [ 8075821.876715639606118, 2643418.248971029184759 ], [ 8075822.127416528761387, 2643418.3775873510167 ], [ 8075822.382385456934571, 2643418.497417483013123 ], [ 8075822.641318081878126, 2643418.608318397309631 ], [ 8075822.903905341401696, 2643418.71015771990642 ], [ 8075823.169833817519248, 2643418.802813899237663 ], [ 8075823.438786094076931, 2643418.886176333762705 ], [ 8075823.710441151633859, 2643418.960145528893918 ], [ 8075823.984474739991128, 2643419.024633189663291 ], [ 8075824.260559778660536, 2643419.079562350176275 ], [ 8075824.538366733118892, 2643419.124867439735681 ], [ 8075824.817564002238214, 2643419.160494382958859 ], [ 8075825.097818345762789, 2643419.186400662176311 ], [ 8075825.378795249387622, 2643419.202555346302688 ], [ 8075825.660159345716238, 2643419.208939159754664 ], [ 8075825.941574783064425, 2643419.205544479191303 ], [ 8075826.22270567715168, 2643419.192375359125435 ], [ 8075826.503216465935111, 2643419.169447517953813 ], [ 8075826.782772335223854, 2643419.136788321193308 ], [ 8075827.061039604246616, 2643419.094436747487634 ], [ 8075827.337686127983034, 2643419.042443353682756 ], [ 8075827.612381707876921, 2643418.980870197992772 ], [ 8075827.884798470884562, 2643418.909790770150721 ], [ 8075828.154611255042255, 2643418.829289914108813 ], [ 8075828.421498010866344, 2643418.739463714882731 ], [ 8075879.872869370505214, 2643400.422464156523347 ], [ 8075860.60923430416733, 2643345.69335772190243 ], [ 8075833.451273528859019, 2643355.361753340344876 ] ] ] ] } },
{ "type": "Feature", "properties": { "id": "final_plot_boundary.fid-4639cb80_1a0ba89becd_6460", "gid": 24388, "tps_name": "Gota_33", "tps_no": "33", "village": "Gota", "city": "Ahmedabad", "authority": "AMC", "district": "Ahmedabad", "state": "Gujarat", "status": "Preliminary", "fp_no": "23", "reser_use": null, "reser_type": null, "tps_id": 212, "show_hide": 1, "fp_area": "5161", "fp_area_final": 5161.0, "temp": "5161", "search": "Gota 33 23", "dxf_access": 1, "epsg_code": "EPSG:32643", "parcel_id": "23", "land_use": null, "area_sq_m": 5161.0, "owner_name": null, "source_type": "CTPVD_Final_Plot", "source_id": "23", "survey_scheme": "Gota_33", "village_name": "Gota", "city_name": "Ahmedabad", "authority_name": "AMC", "district_name": "Ahmedabad", "state_name": "Gujarat", "status_name": "Preliminary" }, "geometry": { "type": "MultiPolygon", "coordinates": [ [ [ [ 8075787.743403139524162, 2644092.17663174495101 ], [ 8075792.845691232010722, 2644107.742772355675697 ], [ 8075771.965806914493442, 2644115.054459180682898 ], [ 8075790.498290096409619, 2644168.582724489271641 ], [ 8075873.750757477246225, 2644138.834287670906633 ], [ 8075871.869797089137137, 2644133.095918496605009 ], [ 8075851.042942841537297, 2644069.557959876023233 ], [ 8075787.743403139524162, 2644092.17663174495101 ] ] ] ] } },
{ "type": "Feature", "properties": { "id": "final_plot_boundary.fid-4639cb80_1a0ba89becd_6461", "gid": 24477, "tps_name": "Gota_33", "tps_no": "33", "village": "Gota", "city": "Ahmedabad", "authority": "AMC", "district": "Ahmedabad", "state": "Gujarat", "status": "Preliminary", "fp_no": "139", "reser_use": "Sale For Residential", "reser_type": "Residential", "tps_id": 212, "show_hide": 1, "fp_area": "3864", "fp_area_final": 3864.0, "temp": "3864", "search": "Gota 33 139", "dxf_access": 1, "epsg_code": "EPSG:32643", "parcel_id": "139", "land_use": "Sale For Residential", "area_sq_m": 3864.0, "owner_name": null, "source_type": "CTPVD_Final_Plot", "source_id": "139", "survey_scheme": "Gota_33", "village_name": "Gota", "city_name": "Ahmedabad", "authority_name": "AMC", "district_name": "Ahmedabad", "state_name": "Gujarat", "status_name": "Preliminary" }, "geometry": { "type": "MultiPolygon", "coordinates": [ [ [ [ 8076332.794984664767981, 2643246.842992543242872 ], [ 8076169.998764167539775, 2643241.721895329654217 ], [ 8076166.161033413372934, 2643275.996831092983484 ], [ 8076166.134212492033839, 2643276.280723223928362 ], [ 8076166.117232218384743, 2643276.565382157918066 ], [ 8076166.110113165341318, 2643276.850462984293699 ], [ 8076166.112863967195153, 2643277.13562028715387 ], [ 8076166.125481287017465, 2643277.420508556533605 ], [ 8076166.147949830628932, 2643277.704782608430833 ], [ 8076166.180242381989956, 2643277.988098004832864 ], [ 8076166.222319819964468, 2643278.270111463032663 ], [ 8076166.274131149053574, 2643278.550481284502894 ], [ 8076166.335613602772355, 2643278.82886776002124 ], [ 8076166.406692679971457, 2643279.104933582711965 ], [ 8076166.487282263115048, 2643279.378344257827848 ], [ 8076166.577284700237215, 2643279.648768508341163 ], [ 8076169.71176777780056, 2643288.549005280714482 ], [ 8076169.810665521770716, 2643288.815072068013251 ], [ 8076169.918675165623426, 2643289.077530929818749 ], [ 8076170.03566686809063, 2643289.336066355928779 ], [ 8076170.161499987356365, 2643289.590367547702044 ], [ 8076170.296023258008063, 2643289.840128806419671 ], [ 8076170.439074963331223, 2643290.085049877408892 ], [ 8076170.590483128093183, 2643290.324836333282292 ], [ 8076170.750065755099058, 2643290.559199920389801 ], [ 8076170.917630990035832, 2643290.787858897354454 ], [ 8076171.092977405525744, 2643291.010538385249674 ], [ 8076171.275894209742546, 2643291.226970694959164 ], [ 8076171.466161507181823, 2643291.436895639635623 ], [ 8076171.663550570607185, 2643291.640060864388943 ], [ 8076171.86782412044704, 2643291.836222133599222 ], [ 8076172.078736580908298, 2643292.025143637787551 ], [ 8076172.296034412458539, 2643292.206598259974271 ], [ 8076172.51945638936013, 2643292.380367873702198 ], [ 8076172.748733936809003, 2643292.546243579126894 ], [ 8076172.983591417782009, 2643292.704025972168893 ], [ 8076173.223746513947845, 2643292.853525376413018 ], [ 8076173.468910513445735, 2643292.994562069885433 ], [ 8076173.718788702972233, 2643293.126966507639736 ], [ 8076173.973080695606768, 2643293.25057952478528 ], [ 8076174.23148079495877, 2643293.365252517629415 ], [ 8076174.493678369559348, 2643293.470847632270306 ], [ 8076174.759358212351799, 2643293.567237928509712 ], [ 8076175.028200952336192, 2643293.654307535849512 ], [ 8076175.299883399158716, 2643293.731951777357608 ], [ 8076175.574078948237002, 2643293.800077321007848 ], [ 8076175.850457984954119, 2643293.858602265827358 ], [ 8076176.128688257187605, 2643293.907456257846206 ], [ 8076176.408435295335948, 2643293.946580565068871 ], [ 8076176.689362806268036, 2643293.975928158964962 ], [ 8076176.971133077517152, 2643293.995463758241385 ], [ 8076177.253407379612327, 2643294.005163875874132 ], [ 8076177.535846378654242, 2643294.005016854032874 ], [ 8076177.818110546097159, 2643293.995022866874933 ], [ 8076178.099860559217632, 2643293.975193929392844 ], [ 8076178.380757712759078, 2643293.945553878787905 ], [ 8076178.660464337095618, 2643293.906138346996158 ], [ 8076178.938644174486399, 2643293.856994714587927 ], [ 8076179.21496282890439, 2643293.798182064667344 ], [ 8076179.489088115282357, 2643293.729771092534065 ], [ 8076179.760690500028431, 2643293.651844039559364 ], [ 8076332.794984664767981, 2643246.842992543242872 ] ] ] ] } },
{ "type": "Feature", "properties": { "id": "final_plot_boundary.fid-4639cb80_1a0ba89becd_6462", "gid": 24437, "tps_name": "Gota_33", "tps_no": "33", "village": "Gota", "city": "Ahmedabad", "authority": "AMC", "district": "Ahmedabad", "state": "Gujarat", "status": "Preliminary", "fp_no": "106", "reser_use": null, "reser_type": null, "tps_id": 212, "show_hide": 1, "fp_area": "3620", "fp_area_final": 3620.0, "temp": "3620", "search": "Gota 33 106", "dxf_access": 1, "epsg_code": "EPSG:32643", "parcel_id": "106", "land_use": null, "area_sq_m": 3620.0, "owner_name": null, "source_type": "CTPVD_Final_Plot", "source_id": "106", "survey_scheme": "Gota_33", "village_name": "Gota", "city_name": "Ahmedabad", "authority_name": "AMC", "district_name": "Ahmedabad", "state_name": "Gujarat", "status_name": "Preliminary" }, "geometry": { "type": "MultiPolygon", "coordinates": [ [ [ [ 8075425.055028512142599, 2642943.576852515339851 ], [ 8075401.851709910668433, 2642878.056969954166561 ], [ 8075346.565272406674922, 2642897.693366106599569 ], [ 8075346.4604756468907, 2642897.732634149957448 ], [ 8075346.357080554589629, 2642897.775495938025415 ], [ 8075346.25520892906934, 2642897.821900975890458 ], [ 8075346.154980788938701, 2642897.871794600971043 ], [ 8075346.056514197029173, 2642897.925118031445891 ], [ 8075345.959925152361393, 2642897.981808454263955 ], [ 8075345.865327442996204, 2642898.041799083352089 ], [ 8075345.77283251285553, 2642898.105019249022007 ], [ 8075345.682549309916794, 2642898.171394475270063 ], [ 8075345.59458420611918, 2642898.240846568718553 ], [ 8075345.509040822274983, 2642898.313293714076281 ], [ 8075345.426019938662648, 2642898.388650564942509 ], [ 8075345.345619343221188, 2642898.466828347649425 ], [ 8075345.267933757975698, 2642898.547734966501594 ], [ 8075345.193054701201618, 2642898.631275108084083 ], [ 8075345.121070380322635, 2642898.717350361868739 ], [ 8075345.052065600641072, 2642898.805859325453639 ], [ 8075344.986121646128595, 2642898.896697734016925 ], [ 8075344.923316212370992, 2642898.989758577663451 ], [ 8075344.863723266869783, 2642899.084932224359363 ], [ 8075344.807413030415773, 2642899.182106556370854 ], [ 8075344.754451834596694, 2642899.281167099718004 ], [ 8075344.704902067780495, 2642899.381997156422585 ], [ 8075344.658822095021605, 2642899.484477944672108 ], [ 8075344.616266214288771, 2642899.588488739915192 ], [ 8075344.577284548431635, 2642899.693907010834664 ], [ 8075344.541923019103706, 2642899.800608573481441 ], [ 8075344.510223284363747, 2642899.908467726316303 ], [ 8075344.48222269397229, 2642900.017357408069074 ], [ 8075344.457954229786992, 2642900.127149345353246 ], [ 8075344.437446475028992, 2642900.237714195158333 ], [ 8075344.420723604038358, 2642900.34892171015963 ], [ 8075344.407805300317705, 2642900.460640883538872 ], [ 8075344.398706792853773, 2642900.572740104515105 ], [ 8075344.393438793718815, 2642900.685087315738201 ], [ 8075344.392007511109114, 2642900.797550169751048 ], [ 8075344.394414633512497, 2642900.909996178932488 ], [ 8075344.400657322257757, 2642901.022292880341411 ], [ 8075344.41072822548449, 2642901.134307979606092 ], [ 8075344.424615480005741, 2642901.245909522287548 ], [ 8075344.442302725277841, 2642901.356966037303209 ], [ 8075344.463769121095538, 2642901.467346695251763 ], [ 8075344.488989382982254, 2642901.57692146115005 ], [ 8075344.517933806404471, 2642901.685561253689229 ], [ 8075344.550568281672895, 2642901.79313809145242 ], [ 8075344.586854372173548, 2642901.899525241926312 ], [ 8075367.066261507570744, 2642964.296563326846808 ], [ 8075425.055028512142599, 2642943.576852515339851 ] ] ] ] } },
{ "type": "Feature", "properties": { "id": "final_plot_boundary.fid-4639cb80_1a0ba89becd_6463", "gid": 24413, "tps_name": "Gota_33", "tps_no": "33", "village": "Gota", "city": "Ahmedabad", "authority": "AMC", "district": "Ahmedabad", "state": "Gujarat", "status": "Preliminary", "fp_no": "101", "reser_use": null, "reser_type": null, "tps_id": 212, "show_hide": 1, "fp_area": "2427", "fp_area_final": 2427.0, "temp": "2427", "search": "Gota 33 101", "dxf_access": 1, "epsg_code": "EPSG:32643", "parcel_id": "101", "land_use": null, "area_sq_m": 2427.0, "owner_name": null, "source_type": "CTPVD_Final_Plot", "source_id": "101", "survey_scheme": "Gota_33", "village_name": "Gota", "city_name": "Ahmedabad", "authority_name": "AMC", "district_name": "Ahmedabad", "state_name": "Gujarat", "status_name": "Preliminary" }, "geometry": { "type": "MultiPolygon", "coordinates": [ [ [ [ 8075453.003309418447316, 2643022.494927874300629 ], [ 8075395.572449784725904, 2643043.422099666204304 ], [ 8075397.070897725410759, 2643047.581380370538682 ], [ 8075410.296905944123864, 2643084.293114410713315 ], [ 8075410.344079955480993, 2643084.417273756116629 ], [ 8075410.395516890101135, 2643084.539708902593702 ], [ 8075410.451154563575983, 2643084.660271862056106 ], [ 8075410.510925733484328, 2643084.778816915117204 ], [ 8075410.574758149683475, 2643084.895200775470585 ], [ 8075410.642574661411345, 2643085.009282770100981 ], [ 8075410.71429330855608, 2643085.12092501251027 ], [ 8075410.789827389642596, 2643085.229992559645325 ], [ 8075410.869085619226098, 2643085.336353583727032 ], [ 8075410.951972193084657, 2643085.439879524987191 ], [ 8075411.038386932574213, 2643085.540445256512612 ], [ 8075411.128225387074053, 2643085.637929221615195 ], [ 8075411.221378967165947, 2643085.73221359308809 ], [ 8075411.317735080607235, 2643085.823184414301068 ], [ 8075411.417177263647318, 2643085.910731727257371 ], [ 8075411.519585317000747, 2643085.994749712292105 ], [ 8075411.624835474416614, 2643086.075136820785701 ], [ 8075411.732800501398742, 2643086.151795890182257 ], [ 8075411.843349922448397, 2643086.224634256679565 ], [ 8075411.956350103020668, 2643086.293563892599195 ], [ 8075412.071664461866021, 2643086.358501473907381 ], [ 8075412.189153629355133, 2643086.419368513394147 ], [ 8075412.308675587177277, 2643086.47609144449234 ], [ 8075412.43008587975055, 2643086.528601703699678 ], [ 8075412.553237756714225, 2643086.576835825573653 ], [ 8075412.677982360124588, 2643086.620735506527126 ], [ 8075412.80416892003268, 2643086.660247685853392 ], [ 8075412.931644917465746, 2643086.695324609521776 ], [ 8075413.060256262309849, 2643086.725923874415457 ], [ 8075413.189847509376705, 2643086.752008501440287 ], [ 8075413.320262027904391, 2643086.773546958342195 ], [ 8075413.451342180371284, 2643086.790513212792575 ], [ 8075413.582929535768926, 2643086.802886759396642 ], [ 8075413.714865040965378, 2643086.810652637854218 ], [ 8075413.84698923304677, 2643086.813801466953009 ], [ 8075413.979142413474619, 2643086.812329437583685 ], [ 8075414.111164852045476, 2643086.806238331831992 ], [ 8075414.242896963842213, 2643086.795535509008914 ], [ 8075414.374179541133344, 2643086.780233906116337 ], [ 8075414.504853887483478, 2643086.760352019220591 ], [ 8075414.634762074798346, 2643086.735913876909763 ], [ 8075414.763747072778642, 2643086.706949020270258 ], [ 8075414.891652981750667, 2643086.673492457251996 ], [ 8075415.018325205892324, 2643086.635584624949843 ], [ 8075415.14361064042896, 2643086.593271346762776 ], [ 8075468.479256237857044, 2643067.536020600702614 ], [ 8075453.003309418447316, 2643022.494927874300629 ] ] ] ] } },
{ "type": "Feature", "properties": { "id": "final_plot_boundary.fid-4639cb80_1a0ba89becd_6464", "gid": 24393, "tps_name": "Gota_33", "tps_no": "33", "village": "Gota", "city": "Ahmedabad", "authority": "AMC", "district": "Ahmedabad", "state": "Gujarat", "status": "Preliminary", "fp_no": "36/1", "reser_use": null, "reser_type": null, "tps_id": 212, "show_hide": 1, "fp_area": "2732", "fp_area_final": 2732.0, "temp": "2732", "search": "Gota 33 36/1", "dxf_access": 1, "epsg_code": "EPSG:32643", "parcel_id": "36/1", "land_use": null, "area_sq_m": 2732.0, "owner_name": null, "source_type": "CTPVD_Final_Plot", "source_id": "36/1", "survey_scheme": "Gota_33", "village_name": "Gota", "city_name": "Ahmedabad", "authority_name": "AMC", "district_name": "Ahmedabad", "state_name": "Gujarat", "status_name": "Preliminary" }, "geometry": { "type": "MultiPolygon", "coordinates": [ [ [ [ 8076189.573882709257305, 2643888.099080774001777 ], [ 8076207.66723848041147, 2643939.448635435663164 ], [ 8076263.762218135409057, 2643919.457001314032823 ], [ 8076245.668696489185095, 2643868.107557327486575 ], [ 8076189.573882709257305, 2643888.099080774001777 ] ] ] ] } },
{ "type": "Feature", "properties": { "id": "final_plot_boundary.fid-4639cb80_1a0ba89becd_6465", "gid": 24465, "tps_name": "Gota_33", "tps_no": "33", "village": "Gota", "city": "Ahmedabad", "authority": "AMC", "district": "Ahmedabad", "state": "Gujarat", "status": "Preliminary", "fp_no": "78", "reser_use": null, "reser_type": null, "tps_id": 212, "show_hide": 1, "fp_area": "2735", "fp_area_final": 2735.0, "temp": "2735", "search": "Gota 33 78", "dxf_access": 1, "epsg_code": "EPSG:32643", "parcel_id": "78", "land_use": null, "area_sq_m": 2735.0, "owner_name": null, "source_type": "CTPVD_Final_Plot", "source_id": "78", "survey_scheme": "Gota_33", "village_name": "Gota", "city_name": "Ahmedabad", "authority_name": "AMC", "district_name": "Ahmedabad", "state_name": "Gujarat", "status_name": "Preliminary" }, "geometry": { "type": "MultiPolygon", "coordinates": [ [ [ [ 8075876.092322666198015, 2643340.181262351106852 ], [ 8075863.962529346346855, 2643305.719843341037631 ], [ 8075852.291886205784976, 2643272.562837792560458 ], [ 8075809.651003129780293, 2643287.743218181654811 ], [ 8075833.451273528859019, 2643355.361753340344876 ], [ 8075860.60923430416733, 2643345.69335772190243 ], [ 8075876.092322666198015, 2643340.181262351106852 ] ] ] ] } },
{ "type": "Feature", "properties": { "id": "final_plot_boundary.fid-4639cb80_1a0ba89becd_6466", "gid": 24449, "tps_name": "Gota_33", "tps_no": "33", "village": "Gota", "city": "Ahmedabad", "authority": "AMC", "district": "Ahmedabad", "state": "Gujarat", "status": "Preliminary", "fp_no": "19", "reser_use": null, "reser_type": null, "tps_id": 212, "show_hide": 1, "fp_area": "306", "fp_area_final": 306.0, "temp": "306", "search": "Gota 33 19", "dxf_access": 1, "epsg_code": "EPSG:32643", "parcel_id": "19", "land_use": null, "area_sq_m": 306.0, "owner_name": null, "source_type": "CTPVD_Final_Plot", "source_id": "19", "survey_scheme": "Gota_33", "village_name": "Gota", "city_name": "Ahmedabad", "authority_name": "AMC", "district_name": "Ahmedabad", "state_name": "Gujarat", "status_name": "Preliminary" }, "geometry": { "type": "MultiPolygon", "coordinates": [ [ [ [ 8075766.654095227830112, 2644099.7123590586707 ], [ 8075771.965806914493442, 2644115.054459180682898 ], [ 8075792.845691232010722, 2644107.742772355675697 ], [ 8075787.743403139524162, 2644092.17663174495101 ], [ 8075766.654095227830112, 2644099.7123590586707 ] ] ] ] } },
{ "type": "Feature", "properties": { "id": "final_plot_boundary.fid-4639cb80_1a0ba89becd_6467", "gid": 24427, "tps_name": "Gota_33", "tps_no": "33", "village": "Gota", "city": "Ahmedabad", "authority": "AMC", "district": "Ahmedabad", "state": "Gujarat", "status": "Preliminary", "fp_no": "15", "reser_use": null, "reser_type": null, "tps_id": 212, "show_hide": 1, "fp_area": "4008", "fp_area_final": 4008.0, "temp": "4008", "search": "Gota 33 15", "dxf_access": 1, "epsg_code": "EPSG:32643", "parcel_id": "15", "land_use": null, "area_sq_m": 4008.0, "owner_name": null, "source_type": "CTPVD_Final_Plot", "source_id": "15", "survey_scheme": "Gota_33", "village_name": "Gota", "city_name": "Ahmedabad", "authority_name": "AMC", "district_name": "Ahmedabad", "state_name": "Gujarat", "status_name": "Preliminary" }, "geometry": { "type": "MultiPolygon", "coordinates": [ [ [ [ 8075745.710133134387434, 2643719.904218037147075 ], [ 8075699.484058326110244, 2643736.421866674441844 ], [ 8075698.486874517984688, 2643736.778181878384203 ], [ 8075730.075227006338537, 2643826.192243383266032 ], [ 8075777.298728664405644, 2643809.318116852547973 ], [ 8075763.88691898342222, 2643771.355029861908406 ], [ 8075745.710133134387434, 2643719.904218037147075 ] ] ] ] } },
{ "type": "Feature", "properties": { "id": "final_plot_boundary.fid-4639cb80_1a0ba89becd_6468", "gid": 24511, "tps_name": "Gota_33", "tps_no": "33", "village": "Gota", "city": "Ahmedabad", "authority": "AMC", "district": "Ahmedabad", "state": "Gujarat", "status": "Preliminary", "fp_no": "141", "reser_use": "Open Space", "reser_type": "Open Space", "tps_id": 212, "show_hide": 1, "fp_area": "68", "fp_area_final": 68.0, "temp": "68", "search": "Gota 33 141", "dxf_access": 1, "epsg_code": "EPSG:32643", "parcel_id": "141", "land_use": "Open Space", "area_sq_m": 68.0, "owner_name": null, "source_type": "CTPVD_Final_Plot", "source_id": "141", "survey_scheme": "Gota_33", "village_name": "Gota", "city_name": "Ahmedabad", "authority_name": "AMC", "district_name": "Ahmedabad", "state_name": "Gujarat", "status_name": "Preliminary" }, "geometry": { "type": "MultiPolygon", "coordinates": [ [ [ [ 8075647.936376240104437, 2643672.666441082488745 ], [ 8075644.526776830665767, 2643662.060363544616848 ], [ 8075637.666615227237344, 2643664.511622357182205 ], [ 8075641.07621041033417, 2643675.117702550254762 ], [ 8075647.936376240104437, 2643672.666441082488745 ] ] ] ] } },
{ "type": "Feature", "properties": { "id": "final_plot_boundary.fid-4639cb80_1a0ba89becd_6469", "gid": 24386, "tps_name": "Gota_33", "tps_no": "33", "village": "Gota", "city": "Ahmedabad", "authority": "AMC", "district": "Ahmedabad", "state": "Gujarat", "status": "Preliminary", "fp_no": "22", "reser_use": null, "reser_type": null, "tps_id": 212, "show_hide": 1, "fp_area": "4431.6", "fp_area_final": 4431.6, "temp": "4431.6", "search": "Gota 33 22", "dxf_access": 1, "epsg_code": "EPSG:32643", "parcel_id": "22", "land_use": null, "area_sq_m": 4431.6, "owner_name": null, "source_type": "CTPVD_Final_Plot", "source_id": "22", "survey_scheme": "Gota_33", "village_name": "Gota", "city_name": "Ahmedabad", "authority_name": "AMC", "district_name": "Ahmedabad", "state_name": "Gujarat", "status_name": "Preliminary" }, "geometry": { "type": "MultiPolygon", "coordinates": [ [ [ [ 8075873.750757477246225, 2644138.834287670906633 ], [ 8075790.498290096409619, 2644168.582724489271641 ], [ 8075807.430114722810686, 2644217.487602503038943 ], [ 8075807.526461964473128, 2644217.751243511214852 ], [ 8075807.631738565862179, 2644218.01140811573714 ], [ 8075807.745820792391896, 2644218.267790531273931 ], [ 8075807.868574555031955, 2644218.520089413505048 ], [ 8075807.999855574220419, 2644218.768008217681199 ], [ 8075808.139509543776512, 2644219.011255555786192 ], [ 8075808.287372321821749, 2644219.249545519705862 ], [ 8075808.443270119838417, 2644219.482598032336682 ], [ 8075808.607019700109959, 2644219.710139175876975 ], [ 8075808.778428602963686, 2644219.931901501491666 ], [ 8075808.957295354455709, 2644220.147624362260103 ], [ 8075809.143409718759358, 2644220.357054205611348 ], [ 8075809.336552951484919, 2644220.55994487227872 ], [ 8075809.536498039960861, 2644220.75605789385736 ], [ 8075809.743009970523417, 2644220.94516276801005 ], [ 8075809.955846023745835, 2644221.127037224825472 ], [ 8075810.174756036140025, 2644221.301467498298734 ], [ 8075810.399482713080943, 2644221.468248568009585 ], [ 8075810.629761921241879, 2644221.627184405457228 ], [ 8075810.865322991274297, 2644221.778088205493987 ], [ 8075811.105889054946601, 2644221.920782596804202 ], [ 8075811.351177370175719, 2644222.055099866352975 ], [ 8075811.600899621844292, 2644222.180882140994072 ], [ 8075811.854762310162187, 2644222.297981577459723 ], [ 8075812.112467039376497, 2644222.406260545365512 ], [ 8075812.373710918240249, 2644222.505591778084636 ], [ 8075812.638186897151172, 2644222.595858521293849 ], [ 8075812.905584118328989, 2644222.676954681053758 ], [ 8075813.175588292069733, 2644222.748784938827157 ], [ 8075813.447882058098912, 2644222.811264869756997 ], [ 8075813.722145387902856, 2644222.864321034401655 ], [ 8075813.998055913485587, 2644222.907891074661165 ], [ 8075814.27528933994472, 2644222.941923779901117 ], [ 8075814.553519815206528, 2644222.966379147954285 ], [ 8075814.832420326769352, 2644222.981228434946388 ], [ 8075815.111663056537509, 2644222.9864541888237 ], [ 8075815.390919795259833, 2644222.982050265185535 ], [ 8075815.669862317852676, 2644222.968021841719747 ], [ 8075815.948162767104805, 2644222.944385407492518 ], [ 8075816.225494031794369, 2644222.911168741527945 ], [ 8075816.50153015460819, 2644222.868410887662321 ], [ 8075816.775946691632271, 2644222.816162101458758 ], [ 8075817.048421100713313, 2644222.754483793396503 ], [ 8075817.318633126094937, 2644222.683448456693441 ], [ 8075817.58626517560333, 2644222.603139588143677 ], [ 8075817.851002681069076, 2644222.513651575427502 ], [ 8075892.442971287295222, 2644195.859761200845242 ], [ 8075873.750757477246225, 2644138.834287670906633 ] ] ] ] } },
{ "type": "Feature", "properties": { "id": "final_plot_boundary.fid-4639cb80_1a0ba89becd_646a", "gid": 24443, "tps_name": "Gota_33", "tps_no": "33", "village": "Gota", "city": "Ahmedabad", "authority": "AMC", "district": "Ahmedabad", "state": "Gujarat", "status": "Preliminary", "fp_no": "125", "reser_use": "Garden", "reser_type": "Recreation", "tps_id": 212, "show_hide": 1, "fp_area": "10880", "fp_area_final": 10880.0, "temp": "10880", "search": "Gota 33 125", "dxf_access": 1, "epsg_code": "EPSG:32643", "parcel_id": "125", "land_use": "Garden", "area_sq_m": 10880.0, "owner_name": null, "source_type": "CTPVD_Final_Plot", "source_id": "125", "survey_scheme": "Gota_33", "village_name": "Gota", "city_name": "Ahmedabad", "authority_name": "AMC", "district_name": "Ahmedabad", "state_name": "Gujarat", "status_name": "Preliminary" }, "geometry": { "type": "MultiPolygon", "coordinates": [ [ [ [ 8075555.186328925192356, 2643057.420215259771794 ], [ 8075422.878101045265794, 2643104.695430602412671 ], [ 8075422.721200386062264, 2643104.754557488951832 ], [ 8075422.566407105885446, 2643104.819058328401297 ], [ 8075422.413903119042516, 2643104.888857318088412 ], [ 8075422.263867650181055, 2643104.963872428517789 ], [ 8075422.116477032192051, 2643105.044015498366207 ], [ 8075421.971904481761158, 2643105.129192342981696 ], [ 8075421.830319906584918, 2643105.219302858691663 ], [ 8075421.691889696754515, 2643105.314241143874824 ], [ 8075421.556776543147862, 2643105.413895625155419 ], [ 8075421.425139234401286, 2643105.518149183131754 ], [ 8075421.297132478095591, 2643105.626879298593849 ], [ 8075421.172906713560224, 2643105.739958185702562 ], [ 8075421.052607930265367, 2643105.857252953574061 ], [ 8075420.936377507634461, 2643105.978625752963126 ], [ 8075420.824352045543492, 2643106.103933937847614 ], [ 8075420.716663195751607, 2643106.233030247036368 ], [ 8075420.613437523134053, 2643106.365762960165739 ], [ 8075420.514796343632042, 2643106.5019760876894 ], [ 8075420.420855578035116, 2643106.641509542241693 ], [ 8075420.331725634634495, 2643106.784199346788228 ], [ 8075420.24751125369221, 2643106.929877802263945 ], [ 8075420.168311418034136, 2643107.078373704571277 ], [ 8075420.094219196587801, 2643107.229512533638626 ], [ 8075420.025321669876575, 2643107.383116671815515 ], [ 8075419.961699807085097, 2643107.539005592465401 ], [ 8075419.903428380377591, 2643107.696996092796326 ], [ 8075419.850575871765614, 2643107.856902495026588 ], [ 8075419.803204393014312, 2643108.018536875024438 ], [ 8075419.761369616724551, 2643108.181709271855652 ], [ 8075419.72512071672827, 2643108.346227921545506 ], [ 8075419.694500286132097, 2643108.511899475939572 ], [ 8075419.669544314965606, 2643108.678529231343418 ], [ 8075419.650282129645348, 2643108.845921358559281 ], [ 8075419.636736368760467, 2643109.013879133854061 ], [ 8075419.628922954201698, 2643109.1822051666677 ], [ 8075419.626851065084338, 2643109.350701636169106 ], [ 8075419.630523142404854, 2643109.519170516636223 ], [ 8075419.639934863895178, 2643109.687413821462542 ], [ 8075419.655075176618993, 2643109.855233821552247 ], [ 8075419.675926276482642, 2643110.022433291189373 ], [ 8075419.702463667839766, 2643110.188815732486546 ], [ 8075419.734656154178083, 2643110.354185604024678 ], [ 8075419.772465910762548, 2643110.518348561134189 ], [ 8075419.815848507918417, 2643110.681111671030521 ], [ 8075419.864752943627536, 2643110.842283652629703 ], [ 8075419.919121754355729, 2643111.001675086095929 ], [ 8075448.220068317838013, 2643189.556914977729321 ], [ 8075585.405706525780261, 2643141.298194480594248 ], [ 8075578.457330408506095, 2643122.012067128438503 ], [ 8075555.186328925192356, 2643057.420215259771794 ] ] ] ] } },
{ "type": "Feature", "properties": { "id": "final_plot_boundary.fid-4639cb80_1a0ba89becd_646b", "gid": 24422, "tps_name": "Gota_33", "tps_no": "33", "village": "Gota", "city": "Ahmedabad", "authority": "AMC", "district": "Ahmedabad", "state": "Gujarat", "status": "Preliminary", "fp_no": "81", "reser_use": null, "reser_type": null, "tps_id": 212, "show_hide": 1, "fp_area": "6918", "fp_area_final": 6918.0, "temp": "6918", "search": "Gota 33 81", "dxf_access": 1, "epsg_code": "EPSG:32643", "parcel_id": "81", "land_use": null, "area_sq_m": 6918.0, "owner_name": null, "source_type": "CTPVD_Final_Plot", "source_id": "81", "survey_scheme": "Gota_33", "village_name": "Gota", "city_name": "Ahmedabad", "authority_name": "AMC", "district_name": "Ahmedabad", "state_name": "Gujarat", "status_name": "Preliminary" }, "geometry": { "type": "MultiPolygon", "coordinates": [ [ [ [ 8076067.867427826859057, 2643303.928986820857972 ], [ 8076049.851495807990432, 2643252.746651663910598 ], [ 8076040.965315714478493, 2643251.938410711940378 ], [ 8076033.930839362554252, 2643224.956943619064987 ], [ 8075984.059617654420435, 2643225.651998688001186 ], [ 8075969.898256666958332, 2643230.693667305633426 ], [ 8076012.963205672800541, 2643353.040613810066134 ], [ 8076077.115154320374131, 2643330.201249117963016 ], [ 8076067.867427826859057, 2643303.928986820857972 ] ] ] ] } },
{ "type": "Feature", "properties": { "id": "final_plot_boundary.fid-4639cb80_1a0ba89becd_646c", "gid": 24375, "tps_name": "Gota_33", "tps_no": "33", "village": "Gota", "city": "Ahmedabad", "authority": "AMC", "district": "Ahmedabad", "state": "Gujarat", "status": "Preliminary", "fp_no": "69", "reser_use": null, "reser_type": null, "tps_id": 212, "show_hide": 1, "fp_area": "7285", "fp_area_final": 7285.0, "temp": "7285", "search": "Gota 33 69", "dxf_access": 1, "epsg_code": "EPSG:32643", "parcel_id": "69", "land_use": null, "area_sq_m": 7285.0, "owner_name": null, "source_type": "CTPVD_Final_Plot", "source_id": "69", "survey_scheme": "Gota_33", "village_name": "Gota", "city_name": "Ahmedabad", "authority_name": "AMC", "district_name": "Ahmedabad", "state_name": "Gujarat", "status_name": "Preliminary" }, "geometry": { "type": "MultiPolygon", "coordinates": [ [ [ [ 8075735.222751615568995, 2643559.519599548075348 ], [ 8075716.105510871857405, 2643566.350658262148499 ], [ 8075740.389706058427691, 2643639.630860985256732 ], [ 8075838.496481539681554, 2643604.574507587123662 ], [ 8075838.759396537207067, 2643604.475395123939961 ], [ 8075839.018759083934128, 2643604.367229208350182 ], [ 8075839.274261053651571, 2643604.250138345174491 ], [ 8075839.525598919019103, 2643604.12426163861528 ], [ 8075839.772474081255496, 2643603.989748628344387 ], [ 8075840.014593257568777, 2643603.846759121865034 ], [ 8075840.251668805256486, 2643603.695462985429913 ], [ 8075840.483419081196189, 2643603.536039961036295 ], [ 8075840.709568764083087, 2643603.36867944849655 ], [ 8075840.929849184118211, 2643603.193580266553909 ], [ 8075841.143998649902642, 2643603.010950437281281 ], [ 8075841.351762749254704, 2643602.821006923913956 ], [ 8075841.552894662134349, 2643602.623975383583456 ], [ 8075841.747155441902578, 2643602.420089886989444 ], [ 8075841.93431431055069, 2643602.20959265390411 ], [ 8075842.114148920401931, 2643601.992733752820641 ], [ 8075842.286445618607104, 2643601.769770814105868 ], [ 8075842.450999725610018, 2643601.540968721732497 ], [ 8075842.607615751214325, 2643601.306599287781864 ], [ 8075842.756107630208135, 2643601.06694094883278 ], [ 8075842.896298962645233, 2643600.822278416715562 ], [ 8075843.028023194521666, 2643600.572902354877442 ], [ 8075843.15112383197993, 2643600.319109020754695 ], [ 8075843.265454646199942, 2643600.061199921183288 ], [ 8075843.370879804715514, 2643599.799481454305351 ], [ 8075843.467274054884911, 2643599.534264539834112 ], [ 8075843.554522891528904, 2643599.265864260494709 ], [ 8075843.632522664032876, 2643598.994599474128336 ], [ 8075843.701180700212717, 2643598.720792445819825 ], [ 8075843.760415442287922, 2643598.444768458139151 ], [ 8075843.81015650741756, 2643598.166855425573885 ], [ 8075843.85034482460469, 2643597.887383514549583 ], [ 8075843.880932630971074, 2643597.606684735044837 ], [ 8075843.901883597485721, 2643597.325092558283359 ], [ 8075843.913172832690179, 2643597.042941516730934 ], [ 8075843.914786928333342, 2643596.760566808283329 ], [ 8075843.906723963096738, 2643596.47830389207229 ], [ 8075843.888993516564369, 2643596.196488097310066 ], [ 8075843.861616657115519, 2643595.915454220958054 ], [ 8075843.824625912122428, 2643595.635536135639995 ], [ 8075843.778065213933587, 2643595.357066379394382 ], [ 8075843.721989890560508, 2643595.080375777557492 ], [ 8075843.656466552056372, 2643594.805793039500713 ], [ 8075843.581573043018579, 2643594.533644367009401 ], [ 8075843.497398339211941, 2643594.264253076631576 ], [ 8075821.738264934159815, 2643528.605156259611249 ], [ 8075735.222751615568995, 2643559.519599548075348 ] ] ] ] } },
{ "type": "Feature", "properties": { "id": "final_plot_boundary.fid-4639cb80_1a0ba89becd_646d", "gid": 24507, "tps_name": "Gota_33", "tps_no": "33", "village": "Gota", "city": "Ahmedabad", "authority": "AMC", "district": "Ahmedabad", "state": "Gujarat", "status": "Preliminary", "fp_no": "4", "reser_use": null, "reser_type": null, "tps_id": 212, "show_hide": 1, "fp_area": "378", "fp_area_final": 378.0, "temp": "378", "search": "Gota 33 4", "dxf_access": 1, "epsg_code": "EPSG:32643", "parcel_id": "4", "land_use": null, "area_sq_m": 378.0, "owner_name": null, "source_type": "CTPVD_Final_Plot", "source_id": "4", "survey_scheme": "Gota_33", "village_name": "Gota", "city_name": "Ahmedabad", "authority_name": "AMC", "district_name": "Ahmedabad", "state_name": "Gujarat", "status_name": "Preliminary" }, "geometry": { "type": "MultiPolygon", "coordinates": [ [ [ [ 8075660.301698899827898, 2643479.118358000181615 ], [ 8075654.119009146466851, 2643460.461191785987467 ], [ 8075632.421926436014473, 2643468.215894130524248 ], [ 8075638.968737711198628, 2643486.742927364539355 ], [ 8075660.301698899827898, 2643479.118358000181615 ] ] ] ] } },
{ "type": "Feature", "properties": { "id": "final_plot_boundary.fid-4639cb80_1a0ba89becd_646e", "gid": 24446, "tps_name": "Gota_33", "tps_no": "33", "village": "Gota", "city": "Ahmedabad", "authority": "AMC", "district": "Ahmedabad", "state": "Gujarat", "status": "Preliminary", "fp_no": "16/1", "reser_use": null, "reser_type": null, "tps_id": 212, "show_hide": 1, "fp_area": "7588", "fp_area_final": 7588.0, "temp": "7588", "search": "Gota 33 16/1", "dxf_access": 1, "epsg_code": "EPSG:32643", "parcel_id": "16/1", "land_use": null, "area_sq_m": 7588.0, "owner_name": null, "source_type": "CTPVD_Final_Plot", "source_id": "16/1", "survey_scheme": "Gota_33", "village_name": "Gota", "city_name": "Ahmedabad", "authority_name": "AMC", "district_name": "Ahmedabad", "state_name": "Gujarat", "status_name": "Preliminary" }, "geometry": { "type": "MultiPolygon", "coordinates": [ [ [ [ 8075753.129515990614891, 2643904.244344072416425 ], [ 8075721.888449969701469, 2643915.407496073748916 ], [ 8075702.10573582071811, 2643922.476278779096901 ], [ 8075724.442057011649013, 2643990.12062036478892 ], [ 8075844.182094745337963, 2643947.334404792636633 ], [ 8075820.459180884063244, 2643880.185665517579764 ], [ 8075774.115298091433942, 2643896.745601523667574 ], [ 8075753.129515990614891, 2643904.244344072416425 ] ] ] ] } },
{ "type": "Feature", "properties": { "id": "final_plot_boundary.fid-4639cb80_1a0ba89becd_646f", "gid": 24379, "tps_name": "Gota_33", "tps_no": "33", "village": "Gota", "city": "Ahmedabad", "authority": "AMC", "district": "Ahmedabad", "state": "Gujarat", "status": "Preliminary", "fp_no": "91", "reser_use": null, "reser_type": null, "tps_id": 212, "show_hide": 1, "fp_area": "1822", "fp_area_final": 1822.0, "temp": "1822", "search": "Gota 33 91", "dxf_access": 1, "epsg_code": "EPSG:32643", "parcel_id": "91", "land_use": null, "area_sq_m": 1822.0, "owner_name": null, "source_type": "CTPVD_Final_Plot", "source_id": "91", "survey_scheme": "Gota_33", "village_name": "Gota", "city_name": "Ahmedabad", "authority_name": "AMC", "district_name": "Ahmedabad", "state_name": "Gujarat", "status_name": "Preliminary" }, "geometry": { "type": "MultiPolygon", "coordinates": [ [ [ [ 8075584.755670632235706, 2643301.654427552130073 ], [ 8075556.932362054474652, 2643224.426855162717402 ], [ 8075531.560366170480847, 2643233.492626770865172 ], [ 8075558.137373136356473, 2643307.261288791429251 ], [ 8075584.755670632235706, 2643301.654427552130073 ] ] ] ] } },
{ "type": "Feature", "properties": { "id": "final_plot_boundary.fid-4639cb80_1a0ba89becd_6470", "gid": 24424, "tps_name": "Gota_33", "tps_no": "33", "village": "Gota", "city": "Ahmedabad", "authority": "AMC", "district": "Ahmedabad", "state": "Gujarat", "status": "Preliminary", "fp_no": "89", "reser_use": null, "reser_type": null, "tps_id": 212, "show_hide": 1, "fp_area": "3887", "fp_area_final": 3887.0, "temp": "3887", "search": "Gota 33 89", "dxf_access": 1, "epsg_code": "EPSG:32643", "parcel_id": "89", "land_use": null, "area_sq_m": 3887.0, "owner_name": null, "source_type": "CTPVD_Final_Plot", "source_id": "89", "survey_scheme": "Gota_33", "village_name": "Gota", "city_name": "Ahmedabad", "authority_name": "AMC", "district_name": "Ahmedabad", "state_name": "Gujarat", "status_name": "Preliminary" }, "geometry": { "type": "MultiPolygon", "coordinates": [ [ [ [ 8075793.039021412841976, 2643139.829497765749693 ], [ 8075741.728015321306884, 2643158.096305448096246 ], [ 8075741.464794202707708, 2643158.195182139519602 ], [ 8075741.205120435915887, 2643158.303129837848246 ], [ 8075740.949302970431745, 2643158.420020106248558 ], [ 8075740.697646175511181, 2643158.545713864732534 ], [ 8075740.450449476949871, 2643158.680061567574739 ], [ 8075740.208006992004812, 2643158.822903365362436 ], [ 8075739.970607167109847, 2643158.9740693080239 ], [ 8075739.73853247333318, 2643159.133379536680877 ], [ 8075739.512059022672474, 2643159.30064450763166 ], [ 8075739.291456280276179, 2643159.475665205623955 ], [ 8075739.076986712403595, 2643159.658233392983675 ], [ 8075738.868905495852232, 2643159.848131851758808 ], [ 8075738.667460216209292, 2643160.045134639833122 ], [ 8075738.472890540026128, 2643160.249007367063314 ], [ 8075738.28542796894908, 2643160.459507461637259 ], [ 8075738.105295548215508, 2643160.676384474150836 ], [ 8075737.932707599364221, 2643160.899380361661315 ], [ 8075737.767869469709694, 2643161.128229809459299 ], [ 8075737.610977273434401, 2643161.362660529557616 ], [ 8075737.462217693217099, 2643161.602393596898764 ], [ 8075737.321767723187804, 2643161.847143777646124 ], [ 8075737.189794461242855, 2643162.096619870048016 ], [ 8075737.066454933956265, 2643162.350525046233088 ], [ 8075736.951895890757442, 2643162.608557212166488 ], [ 8075736.846253636293113, 2643162.870409360621125 ], [ 8075736.749653862789273, 2643163.135769939981401 ], [ 8075736.662211505696177, 2643163.404323226306587 ], [ 8075736.584030603058636, 2643163.675749690737575 ], [ 8075736.515204171650112, 2643163.949726396240294 ], [ 8075736.455814109183848, 2643164.225927365943789 ], [ 8075736.405931068584323, 2643164.504023970104754 ], [ 8075736.365614413283765, 2643164.783685334026814 ], [ 8075736.33491210732609, 2643165.064578717574477 ], [ 8075736.313860673457384, 2643165.346369910985231 ], [ 8075736.302485167048872, 2643165.628723641857505 ], [ 8075736.300799121148884, 2643165.911303963046521 ], [ 8075736.308804541826248, 2643166.193774665240198 ], [ 8075736.326491912826896, 2643166.475799662061036 ], [ 8075736.353840169496834, 2643166.75704339845106 ], [ 8075736.390816797502339, 2643167.037171254400164 ], [ 8075736.437377784401178, 2643167.315849930979311 ], [ 8075736.493467746302485, 2643167.592747859191149 ], [ 8075736.559019942767918, 2643167.867535582743585 ], [ 8075736.633956368081272, 2643168.139886159915477 ], [ 8075736.71818788535893, 2643168.409475549589843 ], [ 8075757.241082911379635, 2643230.338851067703217 ], [ 8075817.362785082310438, 2643208.935365132056177 ], [ 8075793.039021412841976, 2643139.829497765749693 ] ] ] ] } },
{ "type": "Feature", "properties": { "id": "final_plot_boundary.fid-4639cb80_1a0ba89becd_6471", "gid": 24473, "tps_name": "Gota_33", "tps_no": "33", "village": "Gota", "city": "Ahmedabad", "authority": "AMC", "district": "Ahmedabad", "state": "Gujarat", "status": "Preliminary", "fp_no": "93", "reser_use": null, "reser_type": null, "tps_id": 212, "show_hide": 1, "fp_area": "3523", "fp_area_final": 3523.0, "temp": "3523", "search": "Gota 33 93", "dxf_access": 1, "epsg_code": "EPSG:32643", "parcel_id": "93", "land_use": null, "area_sq_m": 3523.0, "owner_name": null, "source_type": "CTPVD_Final_Plot", "source_id": "93", "survey_scheme": "Gota_33", "village_name": "Gota", "city_name": "Ahmedabad", "authority_name": "AMC", "district_name": "Ahmedabad", "state_name": "Gujarat", "status_name": "Preliminary" }, "geometry": { "type": "MultiPolygon", "coordinates": [ [ [ [ 8075614.3292704699561, 2643246.668604042846709 ], [ 8075628.105479790829122, 2643288.240474435500801 ], [ 8075674.942905969917774, 2643271.504467571154237 ], [ 8075648.49955278262496, 2643191.708221482113004 ], [ 8075601.662343020550907, 2643208.444089616183192 ], [ 8075614.3292704699561, 2643246.668604042846709 ] ] ] ] } },
{ "type": "Feature", "properties": { "id": "final_plot_boundary.fid-4639cb80_1a0ba89becd_6472", "gid": 24461, "tps_name": "Gota_33", "tps_no": "33", "village": "Gota", "city": "Ahmedabad", "authority": "AMC", "district": "Ahmedabad", "state": "Gujarat", "status": "Preliminary", "fp_no": "132", "reser_use": "Sale For Residential", "reser_type": "Residential", "tps_id": 212, "show_hide": 1, "fp_area": "26373", "fp_area_final": 26373.0, "temp": "26373", "search": "Gota 33 132", "dxf_access": 1, "epsg_code": "EPSG:32643", "parcel_id": "132", "land_use": "Sale For Residential", "area_sq_m": 26373.0, "owner_name": null, "source_type": "CTPVD_Final_Plot", "source_id": "132", "survey_scheme": "Gota_33", "village_name": "Gota", "city_name": "Ahmedabad", "authority_name": "AMC", "district_name": "Ahmedabad", "state_name": "Gujarat", "status_name": "Preliminary" }, "geometry": { "type": "MultiPolygon", "coordinates": [ [ [ [ 8076085.373767794109881, 2643430.604762047063559 ], [ 8076028.527798411436379, 2643450.850797510240227 ], [ 8075967.417704746127129, 2643472.613964332267642 ], [ 8075964.048071554861963, 2643473.813985574990511 ], [ 8075976.541035118512809, 2643511.510913560632616 ], [ 8075972.582191434688866, 2643512.921025618445128 ], [ 8075987.0949671799317, 2643556.712589392904192 ], [ 8076010.94186545163393, 2643628.669186387676746 ], [ 8076103.956819222308695, 2643596.316744207404554 ], [ 8076174.530041684396565, 2643571.769566714763641 ], [ 8076234.460856944322586, 2643550.923811241053045 ], [ 8076202.480762535706162, 2643460.118184210732579 ], [ 8076107.655223927460611, 2643493.884571342729032 ], [ 8076085.373767794109881, 2643430.604762047063559 ] ] ] ] } },
{ "type": "Feature", "properties": { "id": "final_plot_boundary.fid-4639cb80_1a0ba89becd_6473", "gid": 24392, "tps_name": "Gota_33", "tps_no": "33", "village": "Gota", "city": "Ahmedabad", "authority": "AMC", "district": "Ahmedabad", "state": "Gujarat", "status": "Preliminary", "fp_no": "39/2", "reser_use": null, "reser_type": null, "tps_id": 212, "show_hide": 1, "fp_area": "5155", "fp_area_final": 5155.0, "temp": "5155", "search": "Gota 33 39/2", "dxf_access": 1, "epsg_code": "EPSG:32643", "parcel_id": "39/2", "land_use": null, "area_sq_m": 5155.0, "owner_name": null, "source_type": "CTPVD_Final_Plot", "source_id": "39/2", "survey_scheme": "Gota_33", "village_name": "Gota", "city_name": "Ahmedabad", "authority_name": "AMC", "district_name": "Ahmedabad", "state_name": "Gujarat", "status_name": "Preliminary" }, "geometry": { "type": "MultiPolygon", "coordinates": [ [ [ [ 8076263.762218135409057, 2643919.457001314032823 ], [ 8076268.568257608450949, 2643933.096526312641799 ], [ 8076342.219145278446376, 2643906.847797010559589 ], [ 8076338.995265207253397, 2643876.115700719412416 ], [ 8076347.190996833145618, 2643871.011125032324344 ], [ 8076337.680954090319574, 2643844.008399614132941 ], [ 8076337.581344838254154, 2643843.740521211177111 ], [ 8076337.472499515861273, 2643843.476302522234619 ], [ 8076337.354550775140524, 2643843.216065517626703 ], [ 8076337.227642334997654, 2643842.960127322934568 ], [ 8076337.091928858309984, 2643842.708799823187292 ], [ 8076336.947575716301799, 2643842.462389283813536 ], [ 8076336.794758815318346, 2643842.221195977181196 ], [ 8076336.633664384484291, 2643841.985513819381595 ], [ 8076336.464488736353815, 2643841.755630012601614 ], [ 8076336.287438011728227, 2643841.531824691221118 ], [ 8076336.102727975696325, 2643841.314370581880212 ], [ 8076335.910583714023232, 2643841.103532670065761 ], [ 8076335.711239367723465, 2643840.899567884858698 ], [ 8076335.504937860183418, 2643840.702724772039801 ], [ 8076335.291930585168302, 2643840.513243206776679 ], [ 8076335.072477119043469, 2643840.331354084890336 ], [ 8076334.846844881772995, 2643840.157279057893902 ], [ 8076334.615308824926615, 2643839.991230253595859 ], [ 8076334.378151101991534, 2643839.833410013932735 ], [ 8076334.135660708881915, 2643839.684010659344494 ], [ 8076333.888133145868778, 2643839.54321424337104 ], [ 8076333.635870045050979, 2643839.411192344967276 ], [ 8076333.379178804345429, 2643839.288105839397758 ], [ 8076333.118372245691717, 2643839.174104719888419 ], [ 8076332.853768166154623, 2643839.069327906705439 ], [ 8076332.58568901848048, 2643838.973903083708137 ], [ 8076332.314461487345397, 2643838.887946529779583 ], [ 8076332.040416075848043, 2643838.811562992166728 ], [ 8076331.763886748813093, 2643838.744845550507307 ], [ 8076331.485210466198623, 2643838.687875508330762 ], [ 8076331.20472683571279, 2643838.640722286887467 ], [ 8076330.922777637839317, 2643838.603443345520645 ], [ 8076330.639706467278302, 2643838.576084115542471 ], [ 8076330.355858262628317, 2643838.558677933644503 ], [ 8076330.071578923612833, 2643838.551246010232717 ], [ 8076329.78721487056464, 2643838.553797405213118 ], [ 8076329.503112628124654, 2643838.56632900564 ], [ 8076329.219618395902216, 2643838.588825542479753 ], [ 8076328.937077644281089, 2643838.621259601786733 ], [ 8076328.655834663659334, 2643838.663591657299548 ], [ 8076328.376232189126313, 2643838.71577012585476 ], [ 8076328.098610935732722, 2643838.777731425128877 ], [ 8076327.82330920919776, 2643838.849400045815855 ], [ 8076327.550662484019995, 2643838.930688654538244 ], [ 8076327.281003020703793, 2643839.021498195361346 ], [ 8076245.668696489185095, 2643868.107557327486575 ], [ 8076263.762218135409057, 2643919.457001314032823 ] ] ] ] } },
{ "type": "Feature", "properties": { "id": "final_plot_boundary.fid-4639cb80_1a0ba89becd_6474", "gid": 24429, "tps_name": "Gota_33", "tps_no": "33", "village": "Gota", "city": "Ahmedabad", "authority": "AMC", "district": "Ahmedabad", "state": "Gujarat", "status": "Preliminary", "fp_no": "64", "reser_use": null, "reser_type": null, "tps_id": 212, "show_hide": 1, "fp_area": "9834", "fp_area_final": 9834.0, "temp": "9834", "search": "Gota 33 64", "dxf_access": 1, "epsg_code": "EPSG:32643", "parcel_id": "64", "land_use": null, "area_sq_m": 9834.0, "owner_name": null, "source_type": "CTPVD_Final_Plot", "source_id": "64", "survey_scheme": "Gota_33", "village_name": "Gota", "city_name": "Ahmedabad", "authority_name": "AMC", "district_name": "Ahmedabad", "state_name": "Gujarat", "status_name": "Preliminary" }, "geometry": { "type": "MultiPolygon", "coordinates": [ [ [ [ 8075763.88691898342222, 2643771.355029861908406 ], [ 8075785.782401595264673, 2643763.531192055437714 ], [ 8075799.194259122014046, 2643801.494247017428279 ], [ 8075892.684161342680454, 2643768.087367484811693 ], [ 8075892.947078821249306, 2643767.988253370393068 ], [ 8075893.206443787552416, 2643767.88008572300896 ], [ 8075893.461948119103909, 2643767.762993044685572 ], [ 8075893.713288272731006, 2643767.637114444281906 ], [ 8075893.96016566734761, 2643767.502599464263767 ], [ 8075894.202286996878684, 2643767.35960790887475 ], [ 8075894.439364628866315, 2643767.208309653680772 ], [ 8075894.671116915531456, 2643767.048884442076087 ], [ 8075894.897268529981375, 2643766.881521669216454 ], [ 8075895.117550808005035, 2643766.706420166417956 ], [ 8075895.331702047027647, 2643766.523787953425199 ], [ 8075895.539467840455472, 2643766.333842 ], [ 8075895.740601356141269, 2643766.136807958129793 ], [ 8075895.934863653965294, 2643765.932919908780605 ], [ 8075896.122023950330913, 2643765.722420071717352 ], [ 8075896.301859891973436, 2643765.505558522418141 ], [ 8075896.474157841876149, 2643765.282592889852822 ], [ 8075896.638713099062443, 2643765.053788060788065 ], [ 8075896.795330177992582, 2643764.81941585522145 ], [ 8075896.943823019973934, 2643764.579754708800465 ], [ 8075897.084015213884413, 2643764.335089338477701 ], [ 8075897.215740204788744, 2643764.085710412357002 ], [ 8075897.338841510005295, 2643763.831914186943322 ], [ 8075897.453172880224884, 2643763.574002176057547 ], [ 8075897.558598502539098, 2643763.312280781567097 ], [ 8075897.654993114992976, 2643763.047060925979167 ], [ 8075897.742242206819355, 2643762.778657695278525 ], [ 8075897.820242132991552, 2643762.507389951962978 ], [ 8075897.888900225050747, 2643762.233579960651696 ], [ 8075897.948134915903211, 2643761.957553008105606 ], [ 8075897.997875834815204, 2643761.679637020453811 ], [ 8075898.038063890300691, 2643761.400162156205624 ], [ 8075898.068651339970529, 2643761.11946043651551 ], [ 8075898.089601848274469, 2643760.837865334004164 ], [ 8075898.100890528410673, 2643760.555711384862661 ], [ 8075898.102503960952163, 2643760.273333787918091 ], [ 8075898.09444023668766, 2643759.991068008355796 ], [ 8075898.076708935201168, 2643759.709249379578978 ], [ 8075898.049331123940647, 2643759.428212700411677 ], [ 8075898.012339319102466, 2643759.148291845805943 ], [ 8075897.965777476318181, 2643758.869819359853864 ], [ 8075897.909700907766819, 2643758.593126068357378 ], [ 8075897.844176236540079, 2643758.318540684878826 ], [ 8075897.769281300716102, 2643758.04638941725716 ], [ 8075897.685105084441602, 2643757.776995579246432 ], [ 8075870.008407296612859, 2643674.262043315451592 ], [ 8075769.888959370553493, 2643710.037748277187347 ], [ 8075745.325318638235331, 2643718.814969070255756 ], [ 8075745.710133134387434, 2643719.904218037147075 ], [ 8075763.88691898342222, 2643771.355029861908406 ] ] ] ] } },
{ "type": "Feature", "properties": { "id": "final_plot_boundary.fid-4639cb80_1a0ba89becd_6475", "gid": 24519, "tps_name": "Gota_33", "tps_no": "33", "village": "Gota", "city": "Ahmedabad", "authority": "AMC", "district": "Ahmedabad", "state": "Gujarat", "status": "Preliminary", "fp_no": "144", "reser_use": "Sale For Commercial", "reser_type": "Commercial", "tps_id": 212, "show_hide": 1, "fp_area": "4905", "fp_area_final": 4905.0, "temp": "4905", "search": "Gota 33 144", "dxf_access": 1, "epsg_code": "EPSG:32643", "parcel_id": "144", "land_use": "Sale For Commercial", "area_sq_m": 4905.0, "owner_name": null, "source_type": "CTPVD_Final_Plot", "source_id": "144", "survey_scheme": "Gota_33", "village_name": "Gota", "city_name": "Ahmedabad", "authority_name": "AMC", "district_name": "Ahmedabad", "state_name": "Gujarat", "status_name": "Preliminary" }, "geometry": { "type": "MultiPolygon", "coordinates": [ [ [ [ 8076108.791163740679622, 2643422.266157892066985 ], [ 8076180.192785360850394, 2643396.832511512562633 ], [ 8076157.103238185867667, 2643331.270600232761353 ], [ 8076157.009280470199883, 2643331.006126716267318 ], [ 8076156.906234982423484, 2643330.745099053252488 ], [ 8076156.794226372614503, 2643330.487832977436483 ], [ 8076156.673390112817287, 2643330.234639671165496 ], [ 8076156.543872369453311, 2643329.985825395677239 ], [ 8076156.405829816125333, 2643329.741691108327359 ], [ 8076156.259429409168661, 2643329.50253211054951 ], [ 8076156.104848242364824, 2643329.268637685105205 ], [ 8076155.942273294553161, 2643329.040290744509548 ], [ 8076155.771901214495301, 2643328.817767496686429 ], [ 8076155.593938080593944, 2643328.601337094325572 ], [ 8076155.408599141985178, 2643328.391261334531009 ], [ 8076155.216108599677682, 2643328.187794315163046 ], [ 8076155.016699276864529, 2643327.991182149853557 ], [ 8076154.810612379573286, 2643327.8016626550816 ], [ 8076154.598097182810307, 2643327.619465067517012 ], [ 8076154.379410741850734, 2643327.444809772539884 ], [ 8076154.15481758210808, 2643327.277908030897379 ], [ 8076153.924589357338846, 2643327.118961719796062 ], [ 8076153.689004551619291, 2643326.968163096811622 ], [ 8076153.448348126374185, 2643326.825694569386542 ], [ 8076153.202911180444062, 2643326.691728459205478 ], [ 8076152.95299057662487, 2643326.566426814068109 ], [ 8076152.698888620361686, 2643326.449941192287952 ], [ 8076152.440912664867938, 2643326.342412494588643 ], [ 8076152.179374764673412, 2643326.243970783427358 ], [ 8076151.914591260254383, 2643326.154735133517534 ], [ 8076151.646882428787649, 2643326.074813481420279 ], [ 8076151.376572088338435, 2643326.004302499815822 ], [ 8076151.103987202048302, 2643325.943287475500256 ], [ 8076150.829457485117018, 2643325.891842211596668 ], [ 8076150.553314997814596, 2643325.850028935354203 ], [ 8076150.275893757119775, 2643325.817898222710937 ], [ 8076149.997529334388673, 2643325.795488938223571 ], [ 8076149.718558424152434, 2643325.782828189432621 ], [ 8076149.439318465068936, 2643325.779931287746876 ], [ 8076149.160147227346897, 2643325.786801740527153 ], [ 8076148.881382384337485, 2643325.803431233856827 ], [ 8076148.603361126035452, 2643325.829799654893577 ], [ 8076148.326419743709266, 2643325.865875107701868 ], [ 8076148.050893221050501, 2643325.911613957490772 ], [ 8076147.777114825323224, 2643325.966960879042745 ], [ 8076147.505415718071163, 2643326.031848926097155 ], [ 8076147.236124531365931, 2643326.106199608184397 ], [ 8076146.969567010179162, 2643326.189922998659313 ], [ 8076146.706065568141639, 2643326.28291782271117 ], [ 8076084.339958062395453, 2643348.487885767128319 ], [ 8076108.791163740679622, 2643422.266157892066985 ] ] ] ] } },
{ "type": "Feature", "properties": { "id": "final_plot_boundary.fid-4639cb80_1a0ba89becd_6476", "gid": 24416, "tps_name": "Gota_33", "tps_no": "33", "village": "Gota", "city": "Ahmedabad", "authority": "AMC", "district": "Ahmedabad", "state": "Gujarat", "status": "Preliminary", "fp_no": "55", "reser_use": null, "reser_type": null, "tps_id": 212, "show_hide": 1, "fp_area": "2307", "fp_area_final": 2307.0, "temp": "2307", "search": "Gota 33 55", "dxf_access": 1, "epsg_code": "EPSG:32643", "parcel_id": "55", "land_use": null, "area_sq_m": 2307.0, "owner_name": null, "source_type": "CTPVD_Final_Plot", "source_id": "55", "survey_scheme": "Gota_33", "village_name": "Gota", "city_name": "Ahmedabad", "authority_name": "AMC", "district_name": "Ahmedabad", "state_name": "Gujarat", "status_name": "Preliminary" }, "geometry": { "type": "MultiPolygon", "coordinates": [ [ [ [ 8076234.460856944322586, 2643550.923811241053045 ], [ 8076174.530041684396565, 2643571.769566714763641 ], [ 8076188.937961556017399, 2643612.680376909673214 ], [ 8076248.711792192421854, 2643591.388379980809987 ], [ 8076234.460856944322586, 2643550.923811241053045 ] ] ] ] } },
{ "type": "Feature", "properties": { "id": "final_plot_boundary.fid-4639cb80_1a0ba89becd_6477", "gid": 24411, "tps_name": "Gota_33", "tps_no": "33", "village": "Gota", "city": "Ahmedabad", "authority": "AMC", "district": "Ahmedabad", "state": "Gujarat", "status": "Preliminary", "fp_no": "45", "reser_use": null, "reser_type": null, "tps_id": 212, "show_hide": 1, "fp_area": "12324", "fp_area_final": 12324.0, "temp": "12324", "search": "Gota 33 45", "dxf_access": 1, "epsg_code": "EPSG:32643", "parcel_id": "45", "land_use": null, "area_sq_m": 12324.0, "owner_name": null, "source_type": "CTPVD_Final_Plot", "source_id": "45", "survey_scheme": "Gota_33", "village_name": "Gota", "city_name": "Ahmedabad", "authority_name": "AMC", "district_name": "Ahmedabad", "state_name": "Gujarat", "status_name": "Preliminary" }, "geometry": { "type": "MultiPolygon", "coordinates": [ [ [ [ 8076333.563530358485878, 2643488.289445411879569 ], [ 8076344.423922784626484, 2643519.126172707416117 ], [ 8076371.880988361313939, 2643597.086860791314393 ], [ 8076475.427361786365509, 2643560.201180260628462 ], [ 8076472.445036008954048, 2643482.191224993206561 ], [ 8076465.270951296202838, 2643441.372252711560577 ], [ 8076333.563530358485878, 2643488.289445411879569 ] ] ] ] } },
{ "type": "Feature", "properties": { "id": "final_plot_boundary.fid-4639cb80_1a0ba89becd_6478", "gid": 24514, "tps_name": "Gota_33", "tps_no": "33", "village": "Gota", "city": "Ahmedabad", "authority": "AMC", "district": "Ahmedabad", "state": "Gujarat", "status": "Preliminary", "fp_no": "56/1/1", "reser_use": null, "reser_type": null, "tps_id": 212, "show_hide": 1, "fp_area": "6211", "fp_area_final": 6211.0, "temp": "6211", "search": "Gota 33 56/1/1", "dxf_access": 1, "epsg_code": "EPSG:32643", "parcel_id": "56/1/1", "land_use": null, "area_sq_m": 6211.0, "owner_name": null, "source_type": "CTPVD_Final_Plot", "source_id": "56/1/1", "survey_scheme": "Gota_33", "village_name": "Gota", "city_name": "Ahmedabad", "authority_name": "AMC", "district_name": "Ahmedabad", "state_name": "Gujarat", "status_name": "Preliminary" }, "geometry": { "type": "MultiPolygon", "coordinates": [ [ [ [ 8076009.887323634698987, 2643629.035973351914436 ], [ 8076025.916673972271383, 2643675.648685537744313 ], [ 8076064.775656993500888, 2643662.132809184025973 ], [ 8076078.362046478316188, 2643701.641086345072836 ], [ 8076134.062059017829597, 2643681.800692157819867 ], [ 8076103.956819222308695, 2643596.316744207404554 ], [ 8076010.94186545163393, 2643628.669186387676746 ], [ 8076009.887323634698987, 2643629.035973351914436 ] ] ] ] } },
{ "type": "Feature", "properties": { "id": "final_plot_boundary.fid-4639cb80_1a0ba89becd_6479", "gid": 24439, "tps_name": "Gota_33", "tps_no": "33", "village": "Gota", "city": "Ahmedabad", "authority": "AMC", "district": "Ahmedabad", "state": "Gujarat", "status": "Preliminary", "fp_no": "115/1", "reser_use": null, "reser_type": null, "tps_id": 212, "show_hide": 1, "fp_area": "1908", "fp_area_final": 1908.0, "temp": "1908", "search": "Gota 33 115/1", "dxf_access": 1, "epsg_code": "EPSG:32643", "parcel_id": "115/1", "land_use": null, "area_sq_m": 1908.0, "owner_name": null, "source_type": "CTPVD_Final_Plot", "source_id": "115/1", "survey_scheme": "Gota_33", "village_name": "Gota", "city_name": "Ahmedabad", "authority_name": "AMC", "district_name": "Ahmedabad", "state_name": "Gujarat", "status_name": "Preliminary" }, "geometry": { "type": "MultiPolygon", "coordinates": [ [ [ [ 8075493.477112550288439, 2643315.176706869155169 ], [ 8075527.504829037934542, 2643311.108182021882385 ], [ 8075503.193684563972056, 2643243.628386786207557 ], [ 8075476.382661007344723, 2643253.208237906452268 ], [ 8075476.225759016349912, 2643253.267365728039294 ], [ 8075476.070964434184134, 2643253.331867549102753 ], [ 8075475.91845918353647, 2643253.401667563710362 ], [ 8075475.768422490917146, 2643253.47668374190107 ], [ 8075475.621030683629215, 2643253.556827921420336 ], [ 8075475.476456977427006, 2643253.642005912959576 ], [ 8075475.334871292114258, 2643253.732117614708841 ], [ 8075475.196440011262894, 2643253.827057122252882 ], [ 8075475.061325833201408, 2643253.926712864544243 ], [ 8075474.929687543772161, 2643254.030967717524618 ], [ 8075474.801679846830666, 2643254.139699159190059 ], [ 8075474.677453187294304, 2643254.252779404167086 ], [ 8075474.557153560221195, 2643254.37007555924356 ], [ 8075474.440922333858907, 2643254.491449770983309 ], [ 8075474.328896122984588, 2643254.616759398020804 ], [ 8075474.221206582151353, 2643254.745857174508274 ], [ 8075474.117980264127254, 2643254.878591375425458 ], [ 8075474.019338489510119, 2643255.014806011226028 ], [ 8075473.925397180020809, 2643255.154340997803956 ], [ 8075473.836266743950546, 2643255.297032346948981 ], [ 8075473.752051927149296, 2643255.442712362855673 ], [ 8075473.672851705923676, 2643255.591209840029478 ], [ 8075473.598759161308408, 2643255.742350260261446 ], [ 8075473.529861357063055, 2643255.895955994259566 ], [ 8075473.466239279136062, 2643256.051846521440893 ], [ 8075473.407967688515782, 2643256.209838634356856 ], [ 8075473.355115066282451, 2643256.369746655691415 ], [ 8075473.307743541896343, 2643256.531382654793561 ], [ 8075473.26590877212584, 2643256.694556671660393 ], [ 8075473.229659933596849, 2643256.859076940454543 ], [ 8075473.199039616622031, 2643257.024750110227615 ], [ 8075473.174083814956248, 2643257.191381475422531 ], [ 8075473.154821856878698, 2643257.358775206375867 ], [ 8075473.14127637911588, 2643257.526734577957541 ], [ 8075473.133463304489851, 2643257.695062194950879 ], [ 8075473.131391806527972, 2643257.863560236059129 ], [ 8075473.135064325295389, 2643258.032030674628913 ], [ 8075473.14447654504329, 2643258.200275519862771 ], [ 8075473.159617407247424, 2643258.368097042664886 ], [ 8075473.180469107814133, 2643258.535298015456647 ], [ 8075473.207007156684995, 2643258.701681937556714 ], [ 8075473.239200350828469, 2643258.867053268942982 ], [ 8075473.277010866440833, 2643259.031217658892274 ], [ 8075473.320394262671471, 2643259.193982175085694 ], [ 8075473.3692995486781, 2643259.355155533645302 ], [ 8075473.423669264651835, 2643259.514548315666616 ], [ 8075493.477112550288439, 2643315.176706869155169 ] ] ] ] } },
{ "type": "Feature", "properties": { "id": "final_plot_boundary.fid-4639cb80_1a0ba89becd_647a", "gid": 24414, "tps_name": "Gota_33", "tps_no": "33", "village": "Gota", "city": "Ahmedabad", "authority": "AMC", "district": "Ahmedabad", "state": "Gujarat", "status": "Preliminary", "fp_no": "85", "reser_use": null, "reser_type": null, "tps_id": 212, "show_hide": 1, "fp_area": "12450", "fp_area_final": 12450.0, "temp": "12450", "search": "Gota 33 85", "dxf_access": 1, "epsg_code": "EPSG:32643", "parcel_id": "85", "land_use": null, "area_sq_m": 12450.0, "owner_name": null, "source_type": "CTPVD_Final_Plot", "source_id": "85", "survey_scheme": "Gota_33", "village_name": "Gota", "city_name": "Ahmedabad", "authority_name": "AMC", "district_name": "Ahmedabad", "state_name": "Gujarat", "status_name": "Preliminary" }, "geometry": { "type": "MultiPolygon", "coordinates": [ [ [ [ 8075787.12826456874609, 2642975.03666308382526 ], [ 8075810.578893003053963, 2643041.661770123057067 ], [ 8075821.451966717839241, 2643072.552962738554925 ], [ 8075834.981999021023512, 2643110.992699089460075 ], [ 8075888.946349604055285, 2643091.780923229642212 ], [ 8075901.083796733990312, 2643093.947591423522681 ], [ 8075913.520902417600155, 2643016.782072768546641 ], [ 8075913.659254451282322, 2643015.699703428894281 ], [ 8075914.379578497260809, 2643010.064391182269901 ], [ 8075898.13988840021193, 2642940.013068169821054 ], [ 8075899.945543513633311, 2642930.578474604059011 ], [ 8075899.887348818592727, 2642930.856480573303998 ], [ 8075899.819604318588972, 2642931.132290054578334 ], [ 8075899.74239147733897, 2642931.405571354087442 ], [ 8075899.655803159810603, 2642931.675995816942304 ], [ 8075899.559943491593003, 2642931.943238226231188 ], [ 8075899.454927760176361, 2642932.206977192312479 ], [ 8075899.340882253833115, 2642932.466895536519587 ], [ 8075899.217944131232798, 2642932.722680675331503 ], [ 8075899.086261237040162, 2642932.97402499942109 ], [ 8075898.945991932414472, 2642933.220626233145595 ], [ 8075898.797304913401604, 2642933.46218781080097 ], [ 8075898.640378988347948, 2642933.698419226333499 ], [ 8075898.475402878597379, 2642933.929036382120103 ], [ 8075898.302574997767806, 2642934.153761935420334 ], [ 8075898.122103174217045, 2642934.372325622942299 ], [ 8075897.934204461053014, 2642934.584464598912746 ], [ 8075897.73910482507199, 2642934.789923738688231 ], [ 8075897.537038890644908, 2642934.988455953542143 ], [ 8075897.328249672427773, 2642935.17982248403132 ], [ 8075897.112988261505961, 2642935.363793193828315 ], [ 8075896.891513533890247, 2642935.540146825835109 ], [ 8075896.664091843180358, 2642935.708671302068979 ], [ 8075896.430996692739427, 2642935.869163948576897 ], [ 8075896.192508397623897, 2642936.021431752014905 ], [ 8075895.948913775384426, 2642936.165291593875736 ], [ 8075895.700505780056119, 2642936.300570467952639 ], [ 8075895.447583140805364, 2642936.427105680573732 ], [ 8075895.190450042486191, 2642936.544745058286935 ], [ 8075894.929415702819824, 2642936.653347128536552 ], [ 8075894.664794062264264, 2642936.752781280782074 ], [ 8075787.12826456874609, 2642975.03666308382526 ] ] ] ] } },
{ "type": "Feature", "properties": { "id": "final_plot_boundary.fid-4639cb80_1a0ba89becd_647b", "gid": 24420, "tps_name": "Gota_33", "tps_no": "33", "village": "Gota", "city": "Ahmedabad", "authority": "AMC", "district": "Ahmedabad", "state": "Gujarat", "status": "Preliminary", "fp_no": "76", "reser_use": null, "reser_type": null, "tps_id": 212, "show_hide": 1, "fp_area": "1943", "fp_area_final": 1943.0, "temp": "1943", "search": "Gota 33 76", "dxf_access": 1, "epsg_code": "EPSG:32643", "parcel_id": "76", "land_use": null, "area_sq_m": 1943.0, "owner_name": null, "source_type": "CTPVD_Final_Plot", "source_id": "76", "survey_scheme": "Gota_33", "village_name": "Gota", "city_name": "Ahmedabad", "authority_name": "AMC", "district_name": "Ahmedabad", "state_name": "Gujarat", "status_name": "Preliminary" }, "geometry": { "type": "MultiPolygon", "coordinates": [ [ [ [ 8075833.451273528859019, 2643355.361753340344876 ], [ 8075809.651003129780293, 2643287.743218181654811 ], [ 8075787.325930845923722, 2643295.691009973175824 ], [ 8075787.062707642093301, 2643295.789888051804155 ], [ 8075786.803031836636364, 2643295.897837207652628 ], [ 8075786.547212382778525, 2643296.014728999231011 ], [ 8075786.295553656294942, 2643296.140424351673573 ], [ 8075786.048355082049966, 2643296.274773713201284 ], [ 8075785.805910773575306, 2643296.417617232073098 ], [ 8075785.568509192205966, 2643296.568784955888987 ], [ 8075785.3364327987656, 2643296.728097027167678 ], [ 8075785.109957722015679, 2643296.895363896619529 ], [ 8075784.889353415928781, 2643297.070386547595263 ], [ 8075784.674882353283465, 2643297.252956740092486 ], [ 8075784.46679971460253, 2643297.442857253365219 ], [ 8075784.265353075228631, 2643297.639862147159874 ], [ 8075784.070782118476927, 2643297.8437370210886 ], [ 8075783.88331834692508, 2643298.05423930613324 ], [ 8075783.703184798359871, 2643298.271118548233062 ], [ 8075783.530595801770687, 2643298.494116704445332 ], [ 8075783.365756697952747, 2643298.722968454007059 ], [ 8075783.208863618783653, 2643298.957401507999748 ], [ 8075783.060103227384388, 2643299.197136938106269 ], [ 8075782.919652526266873, 2643299.441889508161694 ], [ 8075782.787678618915379, 2643299.691368012223393 ], [ 8075782.6643385309726, 2643299.945275622885674 ], [ 8075782.54977901186794, 2643300.203310237266123 ], [ 8075782.444136371836066, 2643300.465164850931615 ], [ 8075782.347536292858422, 2643300.73052790760994 ], [ 8075782.260093715041876, 2643300.999083677772433 ], [ 8075782.181912682019174, 2643301.27051263442263 ], [ 8075782.113086204975843, 2643301.544491837266833 ], [ 8075782.05369618255645, 2643301.820695296861231 ], [ 8075782.003813272342086, 2643302.098794391844422 ], [ 8075781.963496826589108, 2643302.378458241466433 ], [ 8075781.932794814929366, 2643302.659354100003839 ], [ 8075781.911743772216141, 2643302.941147758625448 ], [ 8075781.900368736125529, 2643303.223503937013447 ], [ 8075781.898683245293796, 2643303.50608669128269 ], [ 8075781.906689306721091, 2643303.788559802807868 ], [ 8075781.924377390183508, 2643304.070587186608464 ], [ 8075781.951726463623345, 2643304.351833283901215 ], [ 8075781.988703968934715, 2643304.631963471416384 ], [ 8075782.035265925340354, 2643304.910644447430968 ], [ 8075782.0913569284603, 2643305.187544640153646 ], [ 8075782.156910247169435, 2643305.462334590964019 ], [ 8075782.231847879476845, 2643305.734687354881316 ], [ 8075782.31608066521585, 2643306.004278888460249 ], [ 8075802.342946565710008, 2643366.43643749691546 ], [ 8075833.451273528859019, 2643355.361753340344876 ] ] ] ] } },
{ "type": "Feature", "properties": { "id": "final_plot_boundary.fid-4639cb80_1a0ba89becd_647c", "gid": 24484, "tps_name": "Gota_33", "tps_no": "33", "village": "Gota", "city": "Ahmedabad", "authority": "AMC", "district": "Ahmedabad", "state": "Gujarat", "status": "Preliminary", "fp_no": "25", "reser_use": null, "reser_type": null, "tps_id": 212, "show_hide": 1, "fp_area": "1593", "fp_area_final": 1593.0, "temp": "1593", "search": "Gota 33 25", "dxf_access": 1, "epsg_code": "EPSG:32643", "parcel_id": "25", "land_use": null, "area_sq_m": 1593.0, "owner_name": null, "source_type": "CTPVD_Final_Plot", "source_id": "25", "survey_scheme": "Gota_33", "village_name": "Gota", "city_name": "Ahmedabad", "authority_name": "AMC", "district_name": "Ahmedabad", "state_name": "Gujarat", "status_name": "Preliminary" }, "geometry": { "type": "MultiPolygon", "coordinates": [ [ [ [ 8076062.926570009440184, 2644024.833037120290101 ], [ 8076059.751282351091504, 2644006.781720287166536 ], [ 8076064.598325662314892, 2644006.422159185167402 ], [ 8076056.808464050292969, 2643982.515395888127387 ], [ 8076011.463926007039845, 2643997.459516509436071 ], [ 8076022.659416313283145, 2644031.241377101745456 ], [ 8076022.734844618476927, 2644031.456431897822767 ], [ 8076022.817666062153876, 2644031.66871761251241 ], [ 8076022.907780381850898, 2644031.877977266442031 ], [ 8076023.005078493617475, 2644032.08395754173398 ], [ 8076023.10944262240082, 2644032.286409094464034 ], [ 8076023.220746419392526, 2644032.485086849890649 ], [ 8076023.338855153881013, 2644032.679750299081206 ], [ 8076023.463625851087272, 2644032.870163798797876 ], [ 8076023.594907476566732, 2644033.056096845772117 ], [ 8076023.73254110198468, 2644033.237324362620711 ], [ 8076023.876360126771033, 2644033.41362696653232 ], [ 8076024.026190445758402, 2644033.584791237488389 ], [ 8076024.181850684806705, 2644033.750609974376857 ], [ 8076024.343152417801321, 2644033.910882447380573 ], [ 8076024.509900379925966, 2644034.065414643846452 ], [ 8076024.681892719119787, 2644034.214019495528191 ], [ 8076024.85892123170197, 2644034.356517110485584 ], [ 8076025.040771613828838, 2644034.492734991014004 ], [ 8076025.227223738096654, 2644034.622508243191987 ], [ 8076025.418051896616817, 2644034.74567976873368 ], [ 8076025.613025086000562, 2644034.862100464291871 ], [ 8076025.811907282099128, 2644034.971629398874938 ], [ 8076026.014457725919783, 2644035.074133985675871 ], [ 8076026.220431233756244, 2644035.169490137603134 ], [ 8076026.42957847006619, 2644035.257582424208522 ], [ 8076026.641646240837872, 2644035.33830420486629 ], [ 8076026.856377839110792, 2644035.411557764280587 ], [ 8076027.073513331823051, 2644035.477254425641149 ], [ 8076027.2927898587659, 2644035.535314659588039 ], [ 8076027.513941974379122, 2644035.585668184328824 ], [ 8076027.736701982095838, 2644035.628254045266658 ], [ 8076027.960800215601921, 2644035.663020689506084 ], [ 8076028.185965396463871, 2644035.689926029648632 ], [ 8076028.411924947984517, 2644035.708937499206513 ], [ 8076028.638405354693532, 2644035.720032081473619 ], [ 8076028.86513243522495, 2644035.7231963458471 ], [ 8076029.091831745579839, 2644035.718426463659853 ], [ 8076029.318228850141168, 2644035.705728208180517 ], [ 8076029.544049683958292, 2644035.685116951353848 ], [ 8076029.769020892679691, 2644035.656617642380297 ], [ 8076029.992870135232806, 2644035.620264781173319 ], [ 8076030.215326434932649, 2644035.576102374587208 ], [ 8076030.436120505444705, 2644035.524183884263039 ], [ 8076030.654985056258738, 2644035.464572157245129 ], [ 8076030.871655158698559, 2644035.397339354734868 ], [ 8076062.926570009440184, 2644024.833037120290101 ] ] ] ] } },
{ "type": "Feature", "properties": { "id": "final_plot_boundary.fid-4639cb80_1a0ba89becd_647d", "gid": 24374, "tps_name": "Gota_33", "tps_no": "33", "village": "Gota", "city": "Ahmedabad", "authority": "AMC", "district": "Ahmedabad", "state": "Gujarat", "status": "Preliminary", "fp_no": "113", "reser_use": null, "reser_type": null, "tps_id": 212, "show_hide": 1, "fp_area": "5042", "fp_area_final": 5042.0, "temp": "5042", "search": "Gota 33 113", "dxf_access": 1, "epsg_code": "EPSG:32643", "parcel_id": "113", "land_use": null, "area_sq_m": 5042.0, "owner_name": null, "source_type": "CTPVD_Final_Plot", "source_id": "113", "survey_scheme": "Gota_33", "village_name": "Gota", "city_name": "Ahmedabad", "authority_name": "AMC", "district_name": "Ahmedabad", "state_name": "Gujarat", "status_name": "Preliminary" }, "geometry": { "type": "MultiPolygon", "coordinates": [ [ [ [ 8075851.473266166634858, 2643258.94926085555926 ], [ 8075960.901469012722373, 2643219.991637170314789 ], [ 8075945.352859861217439, 2643203.545766573399305 ], [ 8075918.648937990888953, 2643184.120045355521142 ], [ 8075920.636412788182497, 2643172.169070718344301 ], [ 8075832.031288116239011, 2643203.713299483992159 ], [ 8075851.473266166634858, 2643258.94926085555926 ] ] ] ] } },
{ "type": "Feature", "properties": { "id": "final_plot_boundary.fid-4639cb80_1a0ba89becd_647e", "gid": 24467, "tps_name": "Gota_33", "tps_no": "33", "village": "Gota", "city": "Ahmedabad", "authority": "AMC", "district": "Ahmedabad", "state": "Gujarat", "status": "Preliminary", "fp_no": "1", "reser_use": null, "reser_type": null, "tps_id": 212, "show_hide": 1, "fp_area": "251", "fp_area_final": 251.0, "temp": "251", "search": "Gota 33 1", "dxf_access": 1, "epsg_code": "EPSG:32643", "parcel_id": "1", "land_use": null, "area_sq_m": 251.0, "owner_name": null, "source_type": "CTPVD_Final_Plot", "source_id": "1", "survey_scheme": "Gota_33", "village_name": "Gota", "city_name": "Ahmedabad", "authority_name": "AMC", "district_name": "Ahmedabad", "state_name": "Gujarat", "status_name": "Preliminary" }, "geometry": { "type": "MultiPolygon", "coordinates": [ [ [ [ 8075663.003212311305106, 2643749.457210175693035 ], [ 8075657.50794986449182, 2643733.235468903556466 ], [ 8075641.130749094299972, 2643739.08733795909211 ], [ 8075646.625996189191937, 2643755.309089221525937 ], [ 8075663.003212311305106, 2643749.457210175693035 ] ] ] ] } },
{ "type": "Feature", "properties": { "id": "final_plot_boundary.fid-4639cb80_1a0ba89becd_647f", "gid": 24434, "tps_name": "Gota_33", "tps_no": "33", "village": "Gota", "city": "Ahmedabad", "authority": "AMC", "district": "Ahmedabad", "state": "Gujarat", "status": "Preliminary", "fp_no": "3", "reser_use": null, "reser_type": null, "tps_id": 212, "show_hide": 1, "fp_area": "1944", "fp_area_final": 1944.0, "temp": "1944", "search": "Gota 33 3", "dxf_access": 1, "epsg_code": "EPSG:32643", "parcel_id": "3", "land_use": null, "area_sq_m": 1944.0, "owner_name": null, "source_type": "CTPVD_Final_Plot", "source_id": "3", "survey_scheme": "Gota_33", "village_name": "Gota", "city_name": "Ahmedabad", "authority_name": "AMC", "district_name": "Ahmedabad", "state_name": "Gujarat", "status_name": "Preliminary" }, "geometry": { "type": "MultiPolygon", "coordinates": [ [ [ [ 8075668.862504757009447, 2643583.231629243586212 ], [ 8075655.942328709177673, 2643587.848265861161053 ], [ 8075615.450902950949967, 2643602.316581926774234 ], [ 8075599.883765579201281, 2643607.87896913709119 ], [ 8075609.526149112731218, 2643637.873306771274656 ], [ 8075633.946135849691927, 2643629.147635534405708 ], [ 8075678.505008448846638, 2643613.225891378242522 ], [ 8075668.862504757009447, 2643583.231629243586212 ] ] ] ] } },
{ "type": "Feature", "properties": { "id": "final_plot_boundary.fid-4639cb80_1a0ba89becd_6480", "gid": 24454, "tps_name": "Gota_33", "tps_no": "33", "village": "Gota", "city": "Ahmedabad", "authority": "AMC", "district": "Ahmedabad", "state": "Gujarat", "status": "Preliminary", "fp_no": "52", "reser_use": null, "reser_type": null, "tps_id": 212, "show_hide": 1, "fp_area": "6132", "fp_area_final": 6132.0, "temp": "6132", "search": "Gota 33 52", "dxf_access": 1, "epsg_code": "EPSG:32643", "parcel_id": "52", "land_use": null, "area_sq_m": 6132.0, "owner_name": null, "source_type": "CTPVD_Final_Plot", "source_id": "52", "survey_scheme": "Gota_33", "village_name": "Gota", "city_name": "Ahmedabad", "authority_name": "AMC", "district_name": "Ahmedabad", "state_name": "Gujarat", "status_name": "Preliminary" }, "geometry": { "type": "MultiPolygon", "coordinates": [ [ [ [ 8076261.340044341050088, 2643548.721951109357178 ], [ 8076270.519833908416331, 2643574.787215534597635 ], [ 8076286.076953181065619, 2643618.96030791522935 ], [ 8076286.176549936644733, 2643619.228155746590346 ], [ 8076286.285380778834224, 2643619.49234471982345 ], [ 8076286.403313107788563, 2643619.752552956342697 ], [ 8076286.530203245580196, 2643620.008463440462947 ], [ 8076286.665896600112319, 2643620.259764376096427 ], [ 8076286.810227842070162, 2643620.506149595603347 ], [ 8076286.963021131232381, 2643620.747318914625794 ], [ 8076287.12409030739218, 2643620.982978505082428 ], [ 8076287.29323913808912, 2643621.212841251865029 ], [ 8076287.470261543989182, 2643621.436627103947103 ], [ 8076287.654941850341856, 2643621.65406340919435 ], [ 8076287.847055045887828, 2643621.864885255694389 ], [ 8076288.046367067843676, 2643622.068835789337754 ], [ 8076288.252635100856423, 2643622.265666527207941 ], [ 8076288.465607825666666, 2643622.455137660726905 ], [ 8076288.685025773011148, 2643622.637018348556012 ], [ 8076288.910621618852019, 2643622.811086995061487 ], [ 8076289.142120496369898, 2643622.977131524588913 ], [ 8076289.379240377806127, 2643623.134949637576938 ], [ 8076289.621692356653512, 2643623.284349056892097 ], [ 8076289.869181048125029, 2643623.425147757865489 ], [ 8076290.121404918842018, 2643623.557174205314368 ], [ 8076290.378056675195694, 2643623.680267539341003 ], [ 8076290.638823629356921, 2643623.794277792796493 ], [ 8076290.903388077393174, 2643623.89906605752185 ], [ 8076291.171427678316832, 2643623.994504667818546 ], [ 8076291.442615877836943, 2643624.08047734759748 ], [ 8076291.716622275300324, 2643624.156879346352071 ], [ 8076291.993113024160266, 2643624.22361758351326 ], [ 8076292.271751272492111, 2643624.280610748101026 ], [ 8076292.552197537384927, 2643624.327789403963834 ], [ 8076292.834110139869153, 2643624.365096068009734 ], [ 8076293.117145610041916, 2643624.39248528983444 ], [ 8076293.400959117338061, 2643624.409923696890473 ], [ 8076293.68520487472415, 2643624.417390046641231 ], [ 8076293.969536569900811, 2643624.414875241462141 ], [ 8076294.253607790917158, 2643624.402382343541831 ], [ 8076294.537072440609336, 2643624.379926575813442 ], [ 8076294.819585156626999, 2643624.347535294014961 ], [ 8076295.100801744498312, 2643624.305247964803129 ], [ 8076295.380379581823945, 2643624.253116109874099 ], [ 8076295.657978050410748, 2643624.191203239839524 ], [ 8076295.933258931152523, 2643624.119584789965302 ], [ 8076296.205886842682958, 2643624.038348012603819 ], [ 8076296.475529627874494, 2643623.947591888252646 ], [ 8076371.880988361313939, 2643597.086860791314393 ], [ 8076344.423922784626484, 2643519.126172707416117 ], [ 8076261.340044341050088, 2643548.721951109357178 ] ] ] ] } },
{ "type": "Feature", "properties": { "id": "final_plot_boundary.fid-4639cb80_1a0ba89becd_6481", "gid": 24383, "tps_name": "Gota_33", "tps_no": "33", "village": "Gota", "city": "Ahmedabad", "authority": "AMC", "district": "Ahmedabad", "state": "Gujarat", "status": "Preliminary", "fp_no": "108", "reser_use": null, "reser_type": null, "tps_id": 212, "show_hide": 1, "fp_area": "1152", "fp_area_final": 1152.0, "temp": "1152", "search": "Gota 33 108", "dxf_access": 1, "epsg_code": "EPSG:32643", "parcel_id": "108", "land_use": null, "area_sq_m": 1152.0, "owner_name": null, "source_type": "CTPVD_Final_Plot", "source_id": "108", "survey_scheme": "Gota_33", "village_name": "Gota", "city_name": "Ahmedabad", "authority_name": "AMC", "district_name": "Ahmedabad", "state_name": "Gujarat", "status_name": "Preliminary" }, "geometry": { "type": "MultiPolygon", "coordinates": [ [ [ [ 8075311.281147975474596, 2642880.503871127031744 ], [ 8075321.903268014080822, 2642877.414120407309383 ], [ 8075326.284477103501558, 2642889.575291089247912 ], [ 8075333.760029954835773, 2642886.904265387449414 ], [ 8075334.127418732270598, 2642886.765793677419424 ], [ 8075334.489853890612721, 2642886.614694270305336 ], [ 8075334.846906453371048, 2642886.451146008446813 ], [ 8075335.198153830133379, 2642886.275342467240989 ], [ 8075335.543180270120502, 2642886.087491728365421 ], [ 8075335.881577400490642, 2642885.88781613111496 ], [ 8075336.212944701313972, 2642885.676552011631429 ], [ 8075336.536889966577291, 2642885.453949422109872 ], [ 8075336.853029771707952, 2642885.220271836500615 ], [ 8075337.160989936441183, 2642884.975795832462609 ], [ 8075337.460405963473022, 2642884.720810774713755 ], [ 8075337.750923454761505, 2642884.455618463456631 ], [ 8075338.032198566012084, 2642884.180532779078931 ], [ 8075338.30389837641269, 2642883.895879311021417 ], [ 8075338.565701304003596, 2642883.601994980592281 ], [ 8075338.81729747261852, 2642883.299227623268962 ], [ 8075339.058389105834067, 2642882.987935597077012 ], [ 8075339.288690843619406, 2642882.668487347662449 ], [ 8075339.507930100895464, 2642882.34126097150147 ], [ 8075339.715847386047244, 2642882.006643777247518 ], [ 8075339.912196612916887, 2642881.665031813085079 ], [ 8075340.096745380200446, 2642881.316829411778599 ], [ 8075340.269275257363915, 2642880.962448706384748 ], [ 8075340.429582042619586, 2642880.602309140842408 ], [ 8075340.577475994825363, 2642880.236836975906044 ], [ 8075340.712782067246735, 2642879.866464784368873 ], [ 8075340.835340118035674, 2642879.491630935575813 ], [ 8075340.945005086250603, 2642879.11277908552438 ], [ 8075341.041647171601653, 2642878.730357639957219 ], [ 8075341.1251519927755, 2642878.344819233752787 ], [ 8075341.195420707575977, 2642877.956620187032968 ], [ 8075341.252370157279074, 2642877.566219973377883 ], [ 8075341.295932927168906, 2642877.174080666154623 ], [ 8075341.326057466678321, 2642876.780666403938085 ], [ 8075341.342708116397262, 2642876.386442828923464 ], [ 8075341.345865172334015, 2642875.991876541171223 ], [ 8075341.335524897091091, 2642875.597434552386403 ], [ 8075340.881643328815699, 2642865.125175925903022 ], [ 8075340.278804372996092, 2642851.216084656305611 ], [ 8075339.871473890729249, 2642841.817899176385254 ], [ 8075339.86122340336442, 2642841.648596610408276 ], [ 8075339.845170811749995, 2642841.479750530328602 ], [ 8075339.823335244320333, 2642841.311561989597976 ], [ 8075339.795742687769234, 2642841.144231258425862 ], [ 8075339.762426008470356, 2642840.977957593277097 ], [ 8075339.723424872383475, 2642840.812938981223851 ], [ 8075339.678785721771419, 2642840.649371922947466 ], [ 8075339.628561715595424, 2642840.487451186403632 ], [ 8075339.572812652215362, 2642840.327369583770633 ], [ 8075339.511604925617576, 2642840.169317728839815 ], [ 8075339.445011408999562, 2642840.013483829796314 ], [ 8075339.373111410066485, 2642839.86005344428122 ], [ 8075339.295990533195436, 2642839.709209271706641 ], [ 8075339.213740617968142, 2642839.561130931600928 ], [ 8075339.126459604129195, 2642839.415994750801474 ], [ 8075339.0342514263466, 2642839.273973549716175 ], [ 8075338.937225877307355, 2642839.135236444417387 ], [ 8075338.83549848664552, 2642838.999948636163026 ], [ 8075338.729190399870276, 2642838.868271220475435 ], [ 8075338.618428198620677, 2642838.740360994823277 ], [ 8075338.503343773074448, 2642838.616370268631727 ], [ 8075338.384074164554477, 2642838.496446684934199 ], [ 8075338.260761393234134, 2642838.380733044818044 ], [ 8075338.133552292361856, 2642838.269367134664208 ], [ 8075338.002598342485726, 2642838.162481566891074 ], [ 8075337.868055483326316, 2642838.060203614179045 ], [ 8075337.730083910748363, 2642837.962655065115541 ], [ 8075337.588847921229899, 2642837.869952081236988 ], [ 8075337.444515693932772, 2642837.78220504289493 ], [ 8075337.297259102575481, 2642837.699518440291286 ], [ 8075337.147253477014601, 2642837.621990731917322 ], [ 8075336.99467745423317, 2642837.549714234191924 ], [ 8075336.839712709188461, 2642837.482775012496859 ], [ 8075336.68254377041012, 2642837.421252775471658 ], [ 8075336.523357784375548, 2642837.36522078095004 ], [ 8075336.362344305031002, 2642837.31474574515596 ], [ 8075336.199695062823594, 2642837.269887780770659 ], [ 8075336.035603734664619, 2642837.230700295418501 ], [ 8075335.870265710167587, 2642837.19722995441407 ], [ 8075335.703877878375351, 2642837.169516613706946 ], [ 8075335.536638353951275, 2642837.147593273315579 ], [ 8075335.368746286258101, 2642837.131486039143056 ], [ 8075335.20040159765631, 2642837.121214086655527 ], [ 8075335.031804734840989, 2642837.116789651568979 ], [ 8075334.863156468607485, 2642837.118218002375215 ], [ 8075334.694657614454627, 2642837.125497434288263 ], [ 8075334.526508812792599, 2642837.138619283214211 ], [ 8075309.098490850999951, 2642839.567475997377187 ], [ 8075311.281147975474596, 2642880.503871127031744 ] ] ] ] } },
{ "type": "Feature", "properties": { "id": "final_plot_boundary.fid-4639cb80_1a0ba89becd_6482", "gid": 24478, "tps_name": "Gota_33", "tps_no": "33", "village": "Gota", "city": "Ahmedabad", "authority": "AMC", "district": "Ahmedabad", "state": "Gujarat", "status": "Preliminary", "fp_no": "138", "reser_use": "Sale For Commercial", "reser_type": "Commercial", "tps_id": 212, "show_hide": 1, "fp_area": "2584", "fp_area_final": 2584.0, "temp": "2584", "search": "Gota 33 138", "dxf_access": 1, "epsg_code": "EPSG:32643", "parcel_id": "138", "land_use": "Sale For Commercial", "area_sq_m": 2584.0, "owner_name": null, "source_type": "CTPVD_Final_Plot", "source_id": "138", "survey_scheme": "Gota_33", "village_name": "Gota", "city_name": "Ahmedabad", "authority_name": "AMC", "district_name": "Ahmedabad", "state_name": "Gujarat", "status_name": "Preliminary" }, "geometry": { "type": "MultiPolygon", "coordinates": [ [ [ [ 8076335.419734503142536, 2643246.040141763631254 ], [ 8076338.482058066874743, 2643245.103446609340608 ], [ 8076408.227371436543763, 2643213.721425294410437 ], [ 8076408.484304518438876, 2643213.600373044144362 ], [ 8076408.736889992840588, 2643213.470395459793508 ], [ 8076408.984821431338787, 2643213.331650230102241 ], [ 8076409.227798051200807, 2643213.184305670205504 ], [ 8076409.465525086969137, 2643213.028540536761284 ], [ 8076409.697714134119451, 2643212.864543795585632 ], [ 8076409.924083508551121, 2643212.692514401860535 ], [ 8076410.144358597695827, 2643212.512661056127399 ], [ 8076410.358272158540785, 2643212.32520194677636 ], [ 8076410.565564692951739, 2643212.130364493932575 ], [ 8076410.76598471775651, 2643211.928385067731142 ], [ 8076410.95928908791393, 2643211.719508698675781 ], [ 8076411.145243300125003, 2643211.503988788928837 ], [ 8076411.323621758259833, 2643211.282086797989905 ], [ 8076411.494208068586886, 2643211.054071929771453 ], [ 8076411.656795274466276, 2643210.820220801979303 ], [ 8076411.811186134815216, 2643210.580817114561796 ], [ 8076411.95719334948808, 2643210.336151299532503 ], [ 8076412.094639788381755, 2643210.08652017917484 ], [ 8076412.223358704708517, 2643209.832226596772671 ], [ 8076412.343193950131536, 2643209.573579045943916 ], [ 8076412.454000145196915, 2643209.310891310684383 ], [ 8076412.555642862804234, 2643209.044482073746622 ], [ 8076412.647998786531389, 2643208.774674530141056 ], [ 8076412.730955882929265, 2643208.501796001568437 ], [ 8076412.804413508623838, 2643208.226177531760186 ], [ 8076412.868282554671168, 2643207.948153489734977 ], [ 8076412.922485529445112, 2643207.668061163276434 ], [ 8076412.966956687159836, 2643207.386240349151194 ], [ 8076413.001642062328756, 2643207.10303293960169 ], [ 8076413.02649958897382, 2643206.818782512564212 ], [ 8076413.041499111801386, 2643206.533833906054497 ], [ 8076413.046622429043055, 2643206.248532808851451 ], [ 8076413.041863326914608, 2643205.963225337676704 ], [ 8076413.027227576822042, 2643205.678257613908499 ], [ 8076413.002732945606112, 2643205.393975347746164 ], [ 8076412.968409139662981, 2643205.110723421908915 ], [ 8076412.924297801218927, 2643204.828845460433513 ], [ 8076412.870452446863055, 2643204.548683433327824 ], [ 8076412.80693839956075, 2643204.270577212795615 ], [ 8076412.733832706697285, 2643203.994864190928638 ], [ 8076412.651224065572023, 2643203.72187885036692 ], [ 8076412.559212693013251, 2643203.45195236383006 ], [ 8076412.457910211756825, 2643203.185412194114178 ], [ 8076412.347439516335726, 2643202.922581695951521 ], [ 8076412.227934632450342, 2643202.66377972625196 ], [ 8076412.099540526047349, 2643202.409320252481848 ], [ 8076411.962412976659834, 2643202.159511971753091 ], [ 8076411.816718323156238, 2643201.91465794108808 ], [ 8076411.662633329629898, 2643201.675055207218975 ], [ 8076411.500344925560057, 2643201.44099444616586 ], [ 8076411.330049990676343, 2643201.212759608402848 ], [ 8076411.151955112814903, 2643200.990627580787987 ], [ 8076410.966276357881725, 2643200.774867841042578 ], [ 8076410.77323898114264, 2643200.565742142032832 ], [ 8076410.573077169246972, 2643200.363504184409976 ], [ 8076410.366033744066954, 2643200.168399313930422 ], [ 8076410.152359888888896, 2643199.980664224363863 ], [ 8076409.932314823381603, 2643199.800526667386293 ], [ 8076409.706165491603315, 2643199.628205176908523 ], [ 8076409.474186250939965, 2643199.463908805511892 ], [ 8076409.236658529378474, 2643199.307836871594191 ], [ 8076408.99387049023062, 2643199.160178713966161 ], [ 8076408.746116663329303, 2643199.021113463677466 ], [ 8076408.493697619065642, 2643198.890809829346836 ], [ 8076408.236919580958784, 2643198.769425890874118 ], [ 8076407.976094061508775, 2643198.657108901068568 ], [ 8076407.711537482216954, 2643198.553995123598725 ], [ 8076407.443570788949728, 2643198.46020964672789 ], [ 8076407.172519074752927, 2643198.375866251531988 ], [ 8076406.898711159825325, 2643198.301067256368697 ], [ 8076406.622479223646224, 2643198.235903402324766 ], [ 8076406.344158370047808, 2643198.180453745182604 ], [ 8076358.859776746481657, 2643189.581566800363362 ], [ 8076332.746553663164377, 2643188.855060045607388 ], [ 8076312.00483550131321, 2643181.187109811697155 ], [ 8076310.940044976770878, 2643212.046005802229047 ], [ 8076334.547759437002242, 2643212.795589235145599 ], [ 8076336.162731577642262, 2643226.05749490391463 ], [ 8076335.419734503142536, 2643246.040141763631254 ] ] ] ] } },
{ "type": "Feature", "properties": { "id": "final_plot_boundary.fid-4639cb80_1a0ba89becd_6483", "gid": 24502, "tps_name": "Gota_33", "tps_no": "33", "village": "Gota", "city": "Ahmedabad", "authority": "AMC", "district": "Ahmedabad", "state": "Gujarat", "status": "Preliminary", "fp_no": "58", "reser_use": null, "reser_type": null, "tps_id": 212, "show_hide": 1, "fp_area": "5404", "fp_area_final": 5404.0, "temp": "5404", "search": "Gota 33 58", "dxf_access": 1, "epsg_code": "EPSG:32643", "parcel_id": "58", "land_use": null, "area_sq_m": 5404.0, "owner_name": null, "source_type": "CTPVD_Final_Plot", "source_id": "58", "survey_scheme": "Gota_33", "village_name": "Gota", "city_name": "Ahmedabad", "authority_name": "AMC", "district_name": "Ahmedabad", "state_name": "Gujarat", "status_name": "Preliminary" }, "geometry": { "type": "MultiPolygon", "coordinates": [ [ [ [ 8075846.706021717749536, 2643819.294963368680328 ], [ 8075877.076809584163129, 2643908.998086476698518 ], [ 8075936.092112178914249, 2643889.216820026747882 ], [ 8075936.253001136705279, 2643889.159735077992082 ], [ 8075936.411811152473092, 2643889.097037940751761 ], [ 8075936.568348724395037, 2643889.028804999776185 ], [ 8075936.722423147410154, 2643888.95511939143762 ], [ 8075936.87384669855237, 2643888.876070885453373 ], [ 8075937.022434892132878, 2643888.791755794547498 ], [ 8075937.168006701394916, 2643888.70227684173733 ], [ 8075937.31038476806134, 2643888.607743042055517 ], [ 8075937.449395621195436, 2643888.508269573561847 ], [ 8075937.584869902580976, 2643888.403977626934648 ], [ 8075937.716642552055418, 2643888.294994269497693 ], [ 8075937.844553032889962, 2643888.181452275719494 ], [ 8075937.968445496633649, 2643888.063489985186607 ], [ 8075938.088169012218714, 2643887.941251112613827 ], [ 8075938.203577697277069, 2643887.814884586259723 ], [ 8075938.314530959352851, 2643887.684544369578362 ], [ 8075938.420893611386418, 2643887.550389257259667 ], [ 8075938.522536068223417, 2643887.412582701072097 ], [ 8075938.619334492832422, 2643887.271292594727129 ], [ 8075938.711170961149037, 2643887.126691080629826 ], [ 8075938.797933571971953, 2643886.978954329621047 ], [ 8075938.879516623914242, 2643886.828262339811772 ], [ 8075938.95582071505487, 2643886.67479870794341 ], [ 8075939.026752890087664, 2643886.518750401213765 ], [ 8075939.092226728796959, 2643886.360307542607188 ], [ 8075939.152162448503077, 2643886.199663172010332 ], [ 8075939.206487043760717, 2643886.037013006396592 ], [ 8075939.255134319886565, 2643885.872555214911699 ], [ 8075939.298045006580651, 2643885.706490159966052 ], [ 8075939.335166825912893, 2643885.539020169060677 ], [ 8075939.366454550996423, 2643885.370349278207868 ], [ 8075939.391870066523552, 2643885.200682985596359 ], [ 8075939.411382397636771, 2643885.030228002462536 ], [ 8075939.424967779777944, 2643884.85919200675562 ], [ 8075939.432609659619629, 2643884.687783374451101 ], [ 8075939.434298730455339, 2643884.516210943460464 ], [ 8075939.43003292940557, 2643884.344683750532568 ], [ 8075939.419817456975579, 2643884.173410769551992 ], [ 8075939.403664754703641, 2643884.002600673120469 ], [ 8075939.381594507023692, 2643883.832461567595601 ], [ 8075939.353633599355817, 2643883.663200741168112 ], [ 8075939.319816106930375, 2643883.495024411007762 ], [ 8075939.280183219350874, 2643883.328137474134564 ], [ 8075939.234783229418099, 2643883.16274325735867 ], [ 8075939.183671455830336, 2643882.99904326768592 ], [ 8075913.142749425023794, 2643804.420574738178402 ], [ 8075913.049088601954281, 2643804.15343911619857 ], [ 8075912.946301559917629, 2643803.889719367958605 ], [ 8075912.834511168301105, 2643803.629730730317533 ], [ 8075912.713851048611104, 2643803.373783984221518 ], [ 8075912.584465432912111, 2643803.122185080777854 ], [ 8075912.44650899246335, 2643802.87523476826027 ], [ 8075912.300146637484431, 2643802.633228243328631 ], [ 8075912.145553306676447, 2643802.396454786416143 ], [ 8075911.982913813553751, 2643802.165197432972491 ], [ 8075911.812422566115856, 2643801.93973261397332 ], [ 8075911.634283361025155, 2643801.720329842530191 ], [ 8075911.448709134943783, 2643801.507251380011439 ], [ 8075911.255921722389758, 2643801.30075193895027 ], [ 8075911.056151572614908, 2643801.101078353822231 ], [ 8075910.849637483246624, 2643800.908469306305051 ], [ 8075910.636626310646534, 2643800.723155037034303 ], [ 8075910.417372681200504, 2643800.545357060153037 ], [ 8075910.192138682119548, 2643800.375287909992039 ], [ 8075909.961193550378084, 2643800.21315087703988 ], [ 8075909.724813349545002, 2643800.05913977464661 ], [ 8075909.483280634507537, 2643799.913438701536506 ], [ 8075909.236884129233658, 2643799.776221822947264 ], [ 8075908.985918364487588, 2643799.647653158288449 ], [ 8075908.730683332309127, 2643799.5278863995336 ], [ 8075908.471484133973718, 2643799.41706470772624 ], [ 8075908.208630600012839, 2643799.315320552326739 ], [ 8075907.942436937242746, 2643799.222775555681437 ], [ 8075907.673221349716187, 2643799.139540341682732 ], [ 8075907.401305631734431, 2643799.065714408177882 ], [ 8075907.127014839090407, 2643799.001385999843478 ], [ 8075906.850676838308573, 2643798.946632016450167 ], [ 8075906.572621947154403, 2643798.901517903897911 ], [ 8075906.293182548135519, 2643798.866097593214363 ], [ 8075906.012692674994469, 2643798.840413421392441 ], [ 8075905.731487598270178, 2643798.824496091809124 ], [ 8075905.449903476983309, 2643798.81836463091895 ], [ 8075905.168276896700263, 2643798.822026370558888 ], [ 8075904.886944506317377, 2643798.835476928390563 ], [ 8075904.606242595240474, 2643798.858700229786336 ], [ 8075904.326506699435413, 2643798.891668514348567 ], [ 8075904.04807121027261, 2643798.934342372231185 ], [ 8075903.771268958225846, 2643798.98667079443112 ], [ 8075903.496430814266205, 2643799.048591224942356 ], [ 8075903.22388531640172, 2643799.120029653888196 ], [ 8075902.953958253376186, 2643799.200900681316853 ], [ 8075902.6869722828269, 2643799.291107639670372 ], [ 8075846.706021717749536, 2643819.294963368680328 ] ] ] ] } },
{ "type": "Feature", "properties": { "id": "final_plot_boundary.fid-4639cb80_1a0ba89becd_6484", "gid": 24403, "tps_name": "Gota_33", "tps_no": "33", "village": "Gota", "city": "Ahmedabad", "authority": "AMC", "district": "Ahmedabad", "state": "Gujarat", "status": "Preliminary", "fp_no": "65/1", "reser_use": null, "reser_type": null, "tps_id": 212, "show_hide": 1, "fp_area": "5767", "fp_area_final": 5767.0, "temp": "5767", "search": "Gota 33 65/1", "dxf_access": 1, "epsg_code": "EPSG:32643", "parcel_id": "65/1", "land_use": null, "area_sq_m": 5767.0, "owner_name": null, "source_type": "CTPVD_Final_Plot", "source_id": "65/1", "survey_scheme": "Gota_33", "village_name": "Gota", "city_name": "Ahmedabad", "authority_name": "AMC", "district_name": "Ahmedabad", "state_name": "Gujarat", "status_name": "Preliminary" }, "geometry": { "type": "MultiPolygon", "coordinates": [ [ [ [ 8076002.111603746190667, 2643728.80119939474389 ], [ 8075971.660177872516215, 2643642.33194869523868 ], [ 8075901.996988775208592, 2643667.145233315881342 ], [ 8075928.21819497924298, 2643746.267691171728075 ], [ 8075928.311793119646609, 2643746.534656330477446 ], [ 8075928.414505871944129, 2643746.79821018781513 ], [ 8075928.526210632175207, 2643747.058038097340614 ], [ 8075928.646774034947157, 2643747.313829872291535 ], [ 8075928.77605214715004, 2643747.565280134789646 ], [ 8075928.913890639320016, 2643747.812088698148727 ], [ 8075929.060124955140054, 2643748.053960910066962 ], [ 8075929.214580503292382, 2643748.290608016308397 ], [ 8075929.377072900533676, 2643748.521747497376055 ], [ 8075929.547408153302968, 2643748.747103411704302 ], [ 8075929.725382906384766, 2643748.966406718362123 ], [ 8075929.910784697160125, 2643749.17939560720697 ], [ 8075930.10339218005538, 2643749.38581580389291 ], [ 8075930.302975416183472, 2643749.585420874878764 ], [ 8075930.509296133182943, 2643749.777972524054348 ], [ 8075930.722108019515872, 2643749.9632408763282 ], [ 8075930.941157009452581, 2643750.141004750970751 ], [ 8075931.16618159878999, 2643750.311051928903908 ], [ 8075931.396913140080869, 2643750.473179397173226 ], [ 8075931.633076187223196, 2643750.627193604595959 ], [ 8075931.874388791620731, 2643750.772910680621862 ], [ 8075932.120562864467502, 2643750.910156667232513 ], [ 8075932.371304524131119, 2643751.038767709862441 ], [ 8075932.626314415596426, 2643751.158590269740671 ], [ 8075932.885288099758327, 2643751.269481298979372 ], [ 8075933.147916411980987, 2643751.371308409608901 ], [ 8075933.413885806687176, 2643751.46395003516227 ], [ 8075933.682878769002855, 2643751.547295581083745 ], [ 8075933.954574160277843, 2643751.621245541609824 ], [ 8075934.228647618554533, 2643751.685711635276675 ], [ 8075934.504771955311298, 2643751.740616898983717 ], [ 8075934.782617510296404, 2643751.785895785316825 ], [ 8075935.061852586455643, 2643751.821494234725833 ], [ 8075935.342143819667399, 2643751.847369753289968 ], [ 8075935.623156595043838, 2643751.863491447642446 ], [ 8075935.904555416665971, 2643751.869840070605278 ], [ 8075936.186004350893199, 2643751.866408043541014 ], [ 8075936.467167393304408, 2643751.853199463803321 ], [ 8075936.747708874754608, 2643751.830230100546032 ], [ 8075937.027293878607452, 2643751.797527373768389 ], [ 8075937.305588622577488, 2643751.755130326841027 ], [ 8075937.582260875962675, 2643751.703089575283229 ], [ 8075937.856980328448117, 2643751.641467245295644 ], [ 8075938.129419009201229, 2643751.570336907170713 ], [ 8075938.399251671507955, 2643751.489783475641161 ], [ 8075938.666156185790896, 2643751.399903120007366 ], [ 8076002.111603746190667, 2643728.80119939474389 ] ] ] ] } },
{ "type": "Feature", "properties": { "id": "final_plot_boundary.fid-4639cb80_1a0ba89becd_6485", "gid": 24480, "tps_name": "Gota_33", "tps_no": "33", "village": "Gota", "city": "Ahmedabad", "authority": "AMC", "district": "Ahmedabad", "state": "Gujarat", "status": "Preliminary", "fp_no": "126", "reser_use": "Sale For Residential", "reser_type": "Residential", "tps_id": 212, "show_hide": 1, "fp_area": "13419", "fp_area_final": 13419.0, "temp": "13419", "search": "Gota 33 126", "dxf_access": 1, "epsg_code": "EPSG:32643", "parcel_id": "126", "land_use": "Sale For Residential", "area_sq_m": 13419.0, "owner_name": null, "source_type": "CTPVD_Final_Plot", "source_id": "126", "survey_scheme": "Gota_33", "village_name": "Gota", "city_name": "Ahmedabad", "authority_name": "AMC", "district_name": "Ahmedabad", "state_name": "Gujarat", "status_name": "Preliminary" }, "geometry": { "type": "MultiPolygon", "coordinates": [ [ [ [ 8075675.301882567815483, 2643086.721652240492404 ], [ 8075578.457330408506095, 2643122.012067128438503 ], [ 8075585.405706525780261, 2643141.298194480594248 ], [ 8075448.220068317838013, 2643189.556914977729321 ], [ 8075465.653616157360375, 2643237.947239713277668 ], [ 8075465.714269458316267, 2643238.106874538119882 ], [ 8075465.780403691343963, 2643238.264292500913143 ], [ 8075465.851938931271434, 2643238.419303330592811 ], [ 8075465.928788707591593, 2643238.571719670668244 ], [ 8075466.010860138572752, 2643238.721357292961329 ], [ 8075466.098054019734263, 2643238.868035334162414 ], [ 8075466.190264967270195, 2643239.011576507706195 ], [ 8075466.287381517700851, 2643239.151807313784957 ], [ 8075466.389286293648183, 2643239.288558256812394 ], [ 8075466.495856123976409, 2643239.421664051245898 ], [ 8075466.606962197460234, 2643239.550963809713721 ], [ 8075466.722470222972333, 2643239.676301249768585 ], [ 8075466.842240581288934, 2643239.797524877823889 ], [ 8075466.966128518804908, 2643239.914488171692938 ], [ 8075467.093984288163483, 2643240.027049759868532 ], [ 8075467.225653348490596, 2643240.1350735896267 ], [ 8075467.360976551659405, 2643240.238429093267769 ], [ 8075467.499790345318615, 2643240.336991345975548 ], [ 8075467.641926933079958, 2643240.430641216225922 ], [ 8075467.78721452690661, 2643240.519265512470156 ], [ 8075467.93547750916332, 2643240.602757112123072 ], [ 8075468.086536685936153, 2643240.681015102658421 ], [ 8075468.240209466777742, 2643240.753944892436266 ], [ 8075468.396310107782483, 2643240.821458333171904 ], [ 8075468.554649941623211, 2643240.883473821450025 ], [ 8075468.715037576854229, 2643240.939916398376226 ], [ 8075468.877279148437083, 2643240.99071784503758 ], [ 8075469.041178571991622, 2643241.035816754680127 ], [ 8075469.206537732854486, 2643241.075158621650189 ], [ 8075469.373156771995127, 2643241.108695888426155 ], [ 8075469.540834286250174, 2643241.136388021986932 ], [ 8075469.709367617033422, 2643241.158201552927494 ], [ 8075469.878553053364158, 2643241.174110109917819 ], [ 8075470.048186104744673, 2643241.184094466734678 ], [ 8075470.218061733990908, 2643241.188142557628453 ], [ 8075470.38797462079674, 2643241.186249487567693 ], [ 8075470.557719395495951, 2643241.178417545743287 ], [ 8075470.72709087934345, 2643241.164656197186559 ], [ 8075470.895884355530143, 2643241.144982076250017 ], [ 8075471.063895815983415, 2643241.119418961927295 ], [ 8075471.230922175571322, 2643241.087997751310468 ], [ 8075471.396761557087302, 2643241.05075642792508 ], [ 8075471.561213509179652, 2643241.00773999793455 ], [ 8075471.724079258739948, 2643240.959000459406525 ], [ 8075471.885161963291466, 2643240.904596722684801 ], [ 8075581.904783562757075, 2643201.593163300305605 ], [ 8075691.923935924656689, 2643162.281024193856865 ], [ 8075692.18684421479702, 2643162.181916187983006 ], [ 8075692.44620022457093, 2643162.073754959739745 ], [ 8075692.701695821247995, 2643161.956669004168361 ], [ 8075692.953027483075857, 2643161.830797420814633 ], [ 8075693.199896624311805, 2643161.696289744693786 ], [ 8075693.44200996030122, 2643161.553305770736188 ], [ 8075693.67907986510545, 2643161.402015367057174 ], [ 8075693.910824702121317, 2643161.242598264478147 ], [ 8075694.136969150975347, 2643161.07524385349825 ], [ 8075694.357244552113116, 2643160.900150950998068 ], [ 8075694.571389224380255, 2643160.717527568805963 ], [ 8075694.77914875280112, 2643160.527590662240982 ], [ 8075694.980276326648891, 2643160.330565880518407 ], [ 8075695.174533004872501, 2643160.126687288284302 ], [ 8075695.361688004806638, 2643159.916197095066309 ], [ 8075695.541518994607031, 2643159.699345359578729 ], [ 8075695.713812327943742, 2643159.476389708928764 ], [ 8075695.878363324329257, 2643159.247595012187958 ], [ 8075696.034976494498551, 2643159.013233078178018 ], [ 8075696.183465778827667, 2643158.773582329973578 ], [ 8075696.323654778301716, 2643158.528927473817021 ], [ 8075696.455376947298646, 2643158.279559161979705 ], [ 8075696.578475794754922, 2643158.025773641653359 ], [ 8075696.692805079743266, 2643157.767872414551675 ], [ 8075696.798228992149234, 2643157.506161865312606 ], [ 8075696.894622267223895, 2643157.240952908527106 ], [ 8075696.981870407238603, 2643156.972560614347458 ], [ 8075697.059869755059481, 2643156.701303830370307 ], [ 8075697.12852764967829, 2643156.42750481236726 ], [ 8075697.187762522138655, 2643156.151488835457712 ], [ 8075697.237504007294774, 2643155.873583804816008 ], [ 8075697.277693003416061, 2643155.594119876157492 ], [ 8075697.308281778357923, 2643155.313429049216211 ], [ 8075697.329233979806304, 2643155.031844785436988 ], [ 8075697.340524727478623, 2643154.749701611697674 ], [ 8075697.342140607535839, 2643154.46733471006155 ], [ 8075697.33407969865948, 2643154.185079535935074 ], [ 8075697.316351574845612, 2643153.903271408751607 ], [ 8075697.288977298885584, 2643153.622245115693659 ], [ 8075697.251989398151636, 2643153.3423345182091 ], [ 8075697.205431804060936, 2643153.063872147817165 ], [ 8075697.149359834380448, 2643152.787188821472228 ], [ 8075697.083840109407902, 2643152.512613236904144 ], [ 8075697.0089504532516, 2643152.240471591241658 ], [ 8075696.924779845401645, 2643151.971087186597288 ], [ 8075675.301882567815483, 2643086.721652240492404 ] ] ] ] } },
{ "type": "Feature", "properties": { "id": "final_plot_boundary.fid-4639cb80_1a0ba89becd_6486", "gid": 24521, "tps_name": "Gota_33", "tps_no": "33", "village": "Gota", "city": "Ahmedabad", "authority": "AMC", "district": "Ahmedabad", "state": "Gujarat", "status": "Preliminary", "fp_no": "127/1", "reser_use": "Housing For S.E.W.S", "reser_type": "Housing For S.E.W.S", "tps_id": 212, "show_hide": 1, "fp_area": "8040", "fp_area_final": 8040.0, "temp": "8040", "search": "Gota 33 127/1", "dxf_access": 1, "epsg_code": "EPSG:32643", "parcel_id": "127/1", "land_use": "Housing For S.E.W.S", "area_sq_m": 8040.0, "owner_name": null, "source_type": "CTPVD_Final_Plot", "source_id": "127/1", "survey_scheme": "Gota_33", "village_name": "Gota", "city_name": "Ahmedabad", "authority_name": "AMC", "district_name": "Ahmedabad", "state_name": "Gujarat", "status_name": "Preliminary" }, "geometry": { "type": "MultiPolygon", "coordinates": [ [ [ [ 8075451.786826831288636, 2642759.311204084660858 ], [ 8075441.441139102913439, 2642758.371818084735423 ], [ 8075429.627102066762745, 2642756.886794053949416 ], [ 8075406.51751363184303, 2642764.430474527180195 ], [ 8075397.719564287923276, 2642764.104851832613349 ], [ 8075400.12361634336412, 2642819.567640605848283 ], [ 8075352.044104994274676, 2642821.675424303393811 ], [ 8075354.37764441408217, 2642875.515329107176512 ], [ 8075354.391340811736882, 2642875.741457904223353 ], [ 8075354.412800216116011, 2642875.966975524555892 ], [ 8075354.44199697766453, 2642876.19161249930039 ], [ 8075354.478896211832762, 2642876.415100410114974 ], [ 8075354.523453832603991, 2642876.637172207701951 ], [ 8075354.575616585090756, 2642876.857562543824315 ], [ 8075354.635322155430913, 2642877.076008068397641 ], [ 8075354.702499188482761, 2642877.292247764300555 ], [ 8075354.777067427523434, 2642877.506023245397955 ], [ 8075354.858937759883702, 2642877.71707906993106 ], [ 8075354.94801236782223, 2642877.925163047853857 ], [ 8075355.044184807687998, 2642878.130026538390666 ], [ 8075355.147340171970427, 2642878.33142475085333 ], [ 8075355.257355192676187, 2642878.529117034748197 ], [ 8075355.374098415486515, 2642878.722867167554796 ], [ 8075355.497430345974863, 2642878.91244363412261 ], [ 8075355.627203618176281, 2642879.097619911190122 ], [ 8075355.763263158500195, 2642879.27817472955212 ], [ 8075355.905446391552687, 2642879.453892346937209 ], [ 8075356.053583425469697, 2642879.624562792945653 ], [ 8075356.20749724842608, 2642879.789982139132917 ], [ 8075356.367003954015672, 2642879.949952719733119 ], [ 8075356.531912940554321, 2642880.104283391032368 ], [ 8075356.702027158811688, 2642880.252789737191051 ], [ 8075356.87714334577322, 2642880.395294312853366 ], [ 8075357.057052245363593, 2642880.531626834534109 ], [ 8075357.241538890637457, 2642880.661624401342124 ], [ 8075357.43038284778595, 2642880.785131676588207 ], [ 8075357.623358443379402, 2642880.902001082431525 ], [ 8075357.820235108956695, 2642881.012092970777303 ], [ 8075358.020777592435479, 2642881.115275791846216 ], [ 8075358.224746266379952, 2642881.211426252499223 ], [ 8075358.431897399015725, 2642881.300429463852197 ], [ 8075358.641983471810818, 2642881.382179072592407 ], [ 8075358.85475345980376, 2642881.456577397882938 ], [ 8075359.069953111931682, 2642881.523535541724414 ], [ 8075359.287325290031731, 2642881.582973493263125 ], [ 8075359.506610258482397, 2642881.63482023216784 ], [ 8075359.727545990608633, 2642881.679013804066926 ], [ 8075359.949868490919471, 2642881.715501402039081 ], [ 8075360.17331210244447, 2642881.744239430408925 ], [ 8075360.397609836421907, 2642881.765193544328213 ], [ 8075360.622493675909936, 2642881.778338713105768 ], [ 8075360.84769490826875, 2642881.783659222535789 ], [ 8075361.072944446466863, 2642881.781148719601333 ], [ 8075361.297973126173019, 2642881.770810199901462 ], [ 8075361.522512067109346, 2642881.752656021155417 ], [ 8075361.746292968280613, 2642881.726707874331623 ], [ 8075361.96904843300581, 2642881.692996762227267 ], [ 8075362.19051228929311, 2642881.651562970597297 ], [ 8075362.410419911146164, 2642881.602456007152796 ], [ 8075362.628508526831865, 2642881.545734549406916 ], [ 8075362.844517543911934, 2642881.481466374825686 ], [ 8075363.058188850060105, 2642881.409728275146335 ], [ 8075451.15453352406621, 2642850.119837237522006 ], [ 8075454.409692992456257, 2642859.389450212940574 ], [ 8075456.178433247841895, 2642864.401460684835911 ], [ 8075485.243342394940555, 2642854.0162362921983 ], [ 8075451.786826831288636, 2642759.311204084660858 ] ] ] ] } },
{ "type": "Feature", "properties": { "id": "final_plot_boundary.fid-4639cb80_1a0ba89becd_6487", "gid": 24401, "tps_name": "Gota_33", "tps_no": "33", "village": "Gota", "city": "Ahmedabad", "authority": "AMC", "district": "Ahmedabad", "state": "Gujarat", "status": "Preliminary", "fp_no": "134", "reser_use": "Open Space", "reser_type": "Open Space", "tps_id": 212, "show_hide": 1, "fp_area": "1408", "fp_area_final": 1408.0, "temp": "1408", "search": "Gota 33 134", "dxf_access": 1, "epsg_code": "EPSG:32643", "parcel_id": "134", "land_use": "Open Space", "area_sq_m": 1408.0, "owner_name": null, "source_type": "CTPVD_Final_Plot", "source_id": "134", "survey_scheme": "Gota_33", "village_name": "Gota", "city_name": "Ahmedabad", "authority_name": "AMC", "district_name": "Ahmedabad", "state_name": "Gujarat", "status_name": "Preliminary" }, "geometry": { "type": "MultiPolygon", "coordinates": [ [ [ [ 8075974.186410320922732, 2643884.975972458720207 ], [ 8075991.116583724506199, 2643936.062231395859271 ], [ 8075991.210193584673107, 2643936.329226098954678 ], [ 8075991.3129199789837, 2643936.592808715533465 ], [ 8075991.424640255048871, 2643936.852664506994188 ], [ 8075991.545221010223031, 2643937.108483184594661 ], [ 8075991.67451826389879, 2643937.359959283843637 ], [ 8075991.812377619557083, 2643937.606792520731688 ], [ 8075991.958634459413588, 2643937.848688156809658 ], [ 8075992.11311415117234, 2643938.085357354022563 ], [ 8075992.27563223335892, 2643938.316517505329102 ], [ 8075992.445994649082422, 2643938.541892590001225 ], [ 8075992.623997964896262, 2643938.761213493999094 ], [ 8075992.809429638087749, 2643938.974218331743032 ], [ 8075993.002068243920803, 2643939.180652757640928 ], [ 8075993.201683765277267, 2643939.380270270630717 ], [ 8075993.408037836663425, 2643939.572832515463233 ], [ 8075993.620884069241583, 2643939.758109554182738 ], [ 8075993.839968295767903, 2643939.935880155768245 ], [ 8075994.065028913319111, 2643940.105932045262307 ], [ 8075994.295797191560268, 2643940.268062169663608 ], [ 8075994.531997570767999, 2643940.422076928429306 ], [ 8075994.773348012007773, 2643940.567792421206832 ], [ 8075995.019560316577554, 2643940.705034648999572 ], [ 8075995.270340497605503, 2643940.833639735821635 ], [ 8075995.525389097630978, 2643940.953454115893692 ], [ 8075995.784401575103402, 2643941.064334719441831 ], [ 8075996.047068647108972, 2643941.166149148717523 ], [ 8075996.313076664693654, 2643941.258775829337537 ], [ 8075996.582108001224697, 2643941.34210415603593 ], [ 8075996.853841404430568, 2643941.416034631431103 ], [ 8075997.127952409908175, 2643941.480478973593563 ], [ 8075997.40411370433867, 2643941.535360229667276 ], [ 8075997.681995538063347, 2643941.58061287086457 ], [ 8075997.961266088299453, 2643941.616182861384004 ], [ 8075998.241591888479888, 2643941.642027724534273 ], [ 8075998.522638205438852, 2643941.658116601873189 ], [ 8075998.804069452919066, 2643941.664430282078683 ], [ 8075999.085549578070641, 2643941.660961225628853 ], [ 8075999.366742469370365, 2643941.647713575977832 ], [ 8075999.647312365472317, 2643941.624703147448599 ], [ 8075999.926924244500697, 2643941.591957421507686 ], [ 8076000.205244219861925, 2643941.549515497405082 ], [ 8076000.481939971446991, 2643941.497428052127361 ], [ 8076000.756681086495519, 2643941.435757284518331 ], [ 8076001.029139509424567, 2643941.364576833788306 ], [ 8076001.298989908769727, 2643941.283971695695072 ], [ 8076001.565910058096051, 2643941.194038117304444 ], [ 8076020.267221509478986, 2643934.529390514828265 ], [ 8076020.48025581240654, 2643934.449235559906811 ], [ 8076020.690379137173295, 2643934.36165299359709 ], [ 8076020.89733553212136, 2643934.266749504953623 ], [ 8076021.100872907787561, 2643934.164640690200031 ], [ 8076021.300743337720633, 2643934.055450933519751 ], [ 8076021.496703363023698, 2643933.939313236624002 ], [ 8076021.688514272682369, 2643933.816369066946208 ], [ 8076021.87594242952764, 2643933.686768182553351 ], [ 8076022.058759525418282, 2643933.550668450072408 ], [ 8076022.236742871813476, 2643933.408235655166209 ], [ 8076022.409675672650337, 2643933.259643292520195 ], [ 8076022.577347273007035, 2643933.105072364676744 ], [ 8076022.739553427323699, 2643932.944711154326797 ], [ 8076022.896096567623317, 2643932.77875499567017 ], [ 8076023.046785989776254, 2643932.607406040653586 ], [ 8076023.191438155248761, 2643932.430873011704534 ], [ 8076023.3298768568784, 2643932.249370940495282 ], [ 8076023.461933461017907, 2643932.063120916485786 ], [ 8076023.587447112426162, 2643931.872349811717868 ], [ 8076023.706264919601381, 2643931.67729000095278 ], [ 8076023.818242162466049, 2643931.478179092053324 ], [ 8076023.923242428340018, 2643931.275259616784751 ], [ 8076024.021137821488082, 2643931.068778753746301 ], [ 8076024.11180909909308, 2643930.85898801824078 ], [ 8076024.195145808160305, 2643930.64614295354113 ], [ 8076024.271046442911029, 2643930.430502828210592 ], [ 8076024.339418542571366, 2643930.212330313399434 ], [ 8076024.400178831070662, 2643929.991891163401306 ], [ 8076024.453253296203911, 2643929.769453895278275 ], [ 8076024.49857727997005, 2643929.545289461500943 ], [ 8076024.536095581948757, 2643929.319670917000622 ], [ 8076024.565762498416007, 2643929.092873082496226 ], [ 8076024.587541892193258, 2643928.865172224584967 ], [ 8076024.601407228969038, 2643928.636845705099404 ], [ 8076024.607341632246971, 2643928.408171647693962 ], [ 8076024.605337863788009, 2643928.179428598843515 ], [ 8076024.595398370176554, 2643927.950895191635936 ], [ 8076024.577535252086818, 2643927.722849802579731 ], [ 8076024.551770278252661, 2643927.49557021073997 ], [ 8076024.518134822137654, 2643927.269333267584443 ], [ 8076024.476669870316982, 2643927.044414550531656 ], [ 8076024.427425912581384, 2643926.82108803326264 ], [ 8076024.370462946593761, 2643926.599625749513507 ], [ 8076024.305850357748568, 2643926.380297461990267 ], [ 8076024.233666852116585, 2643926.163370332214981 ], [ 8076019.178863815031946, 2643911.809893962461501 ], [ 8075997.272242456674576, 2643919.612869619391859 ], [ 8075989.296232037246227, 2643896.964293201919645 ], [ 8076018.881779356859624, 2643886.42614499758929 ], [ 8076013.446367683820426, 2643870.991897089406848 ], [ 8075974.186410320922732, 2643884.975972458720207 ] ] ] ] } },
{ "type": "Feature", "properties": { "id": "final_plot_boundary.fid-4639cb80_1a0ba89becd_6488", "gid": 24425, "tps_name": "Gota_33", "tps_no": "33", "village": "Gota", "city": "Ahmedabad", "authority": "AMC", "district": "Ahmedabad", "state": "Gujarat", "status": "Preliminary", "fp_no": "14", "reser_use": null, "reser_type": null, "tps_id": 212, "show_hide": 1, "fp_area": "3339", "fp_area_final": 3339.0, "temp": "3339", "search": "Gota 33 14", "dxf_access": 1, "epsg_code": "EPSG:32643", "parcel_id": "14", "land_use": null, "area_sq_m": 3339.0, "owner_name": null, "source_type": "CTPVD_Final_Plot", "source_id": "14", "survey_scheme": "Gota_33", "village_name": "Gota", "city_name": "Ahmedabad", "authority_name": "AMC", "district_name": "Ahmedabad", "state_name": "Gujarat", "status_name": "Preliminary" }, "geometry": { "type": "MultiPolygon", "coordinates": [ [ [ [ 8075646.625996189191937, 2643755.309089221525937 ], [ 8075659.312023892067373, 2643792.757688719779253 ], [ 8075659.369223905727267, 2643792.917446649167687 ], [ 8075659.431876160204411, 2643793.075122457463294 ], [ 8075659.499905882403255, 2643793.230528004001826 ], [ 8075659.573231912218034, 2643793.38347786385566 ], [ 8075659.65176675375551, 2643793.533789534587413 ], [ 8075659.735416704788804, 2643793.681283663026989 ], [ 8075659.824081948027015, 2643793.825784261338413 ], [ 8075659.917656691744924, 2643793.967118913773447 ], [ 8075660.016029275022447, 2643794.105118975508958 ], [ 8075660.119082336314023, 2643794.239619790110737 ], [ 8075660.22669289726764, 2643794.370460867881775 ], [ 8075660.338732567615807, 2643794.49748609168455 ], [ 8075660.455067655071616, 2643794.620543894357979 ], [ 8075660.575559357181191, 2643794.739487445447594 ], [ 8075660.700063899159431, 2643794.854174820240587 ], [ 8075660.828432717360556, 2643794.964469172991812 ], [ 8075660.960512649267912, 2643795.070238902233541 ], [ 8075661.096146097406745, 2643795.171357803512365 ], [ 8075661.235171220265329, 2643795.267705219332129 ], [ 8075661.377422138117254, 2643795.359166192822158 ], [ 8075661.522729117423296, 2643795.445631589274853 ], [ 8075661.670918772928417, 2643795.52699824096635 ], [ 8075661.821814290247858, 2643795.603169058915228 ], [ 8075661.975235627032816, 2643795.67405315907672 ], [ 8075662.130999704822898, 2643795.739565958734602 ], [ 8075662.28892067912966, 2643795.7996292905882 ], [ 8075662.448810112662613, 2643795.85417148610577 ], [ 8075662.610477232374251, 2643795.903127469588071 ], [ 8075662.773729138076305, 2643795.946438821498305 ], [ 8075662.938371028751135, 2643795.984053864143789 ], [ 8075663.104206462390721, 2643796.015927717089653 ], [ 8075663.271037557162344, 2643796.042022346518934 ], [ 8075663.438665259629488, 2643796.0623066178523 ], [ 8075663.606889551505446, 2643796.076756328810006 ], [ 8075663.775509708561003, 2643796.085354233626276 ], [ 8075663.944324529729784, 2643796.08809007704258 ], [ 8075664.113132597878575, 2643796.084960596170276 ], [ 8075664.281732480041683, 2643796.075969520024955 ], [ 8075664.449923008680344, 2643796.061127579770982 ], [ 8075664.617503494024277, 2643796.040452484972775 ], [ 8075664.784273985773325, 2643796.013968904037029 ], [ 8075664.950035486370325, 2643795.981708437204361 ], [ 8075665.114590222015977, 2643795.943709576968104 ], [ 8075665.277741829864681, 2643795.900017666630447 ], [ 8075665.439295652322471, 2643795.850684836972505 ], [ 8075665.599058921448886, 2643795.795769952703267 ], [ 8075680.749692991375923, 2643790.292391343507916 ], [ 8075680.909420770592988, 2643790.237487798091024 ], [ 8075681.070938359946012, 2643790.188163828104734 ], [ 8075681.234053128398955, 2643790.144478265196085 ], [ 8075681.398570532910526, 2643790.1064832075499 ], [ 8075681.564294355921447, 2643790.074223970994353 ], [ 8075681.731026942841709, 2643790.047739032655954 ], [ 8075681.898569439537823, 2643790.027059979271144 ], [ 8075682.066722019575536, 2643790.012211471330374 ], [ 8075682.235284133814275, 2643790.003211221657693 ], [ 8075682.404054745100439, 2643790.000069961417466 ], [ 8075682.57283256854862, 2643790.00279144058004 ], [ 8075682.741416299715638, 2643790.01137241255492 ], [ 8075682.909604886546731, 2643790.025802641641349 ], [ 8075683.077197720296681, 2643790.046064917929471 ], [ 8075683.243994927965105, 2643790.072135076858103 ], [ 8075683.409797572530806, 2643790.103982022963464 ], [ 8075683.574407904408872, 2643790.141567773651332 ], [ 8075683.737629604525864, 2643790.184847502503544 ], [ 8075683.899267997592688, 2643790.233769590500742 ], [ 8075684.059130301699042, 2643790.28827569168061 ], [ 8075684.217025857418776, 2643790.348300795536488 ], [ 8075684.372766346670687, 2643790.413773315958679 ], [ 8075684.52616602089256, 2643790.484615159686655 ], [ 8075684.677041926421225, 2643790.560741843190044 ], [ 8075684.825214110314846, 2643790.642062567640096 ], [ 8075684.970505869016051, 2643790.728480345569551 ], [ 8075685.112743903882802, 2643790.819892107509077 ], [ 8075685.251758575439453, 2643790.916188832838088 ], [ 8075685.38738408125937, 2643791.017255668062717 ], [ 8075685.51945867203176, 2643791.122972078155726 ], [ 8075685.647824816405773, 2643791.23321197507903 ], [ 8075685.772329431027174, 2643791.347843879833817 ], [ 8075685.892824005335569, 2643791.466731073334813 ], [ 8075686.009164842776954, 2643791.589731765445322 ], [ 8075686.121213180013001, 2643791.716699255164713 ], [ 8075686.228835382498801, 2643791.847482112236321 ], [ 8075686.331903093494475, 2643791.981924355495721 ], [ 8075686.430293379351497, 2643792.119865640997887 ], [ 8075686.523888908326626, 2643792.261141448747367 ], [ 8075686.612578035332263, 2643792.405583286657929 ], [ 8075686.696254990063608, 2643792.5530188777484 ], [ 8075686.774819975718856, 2643792.703272385057062 ], [ 8075686.84817928634584, 2643792.85616460442543 ], [ 8075686.916245428845286, 2643793.011513185221702 ], [ 8075686.978937223553658, 2643793.169132848270237 ], [ 8075687.036179900169373, 2643793.328835605178028 ], [ 8075700.031040703877807, 2643831.6448725881055 ], [ 8075700.08808652497828, 2643831.804054149892181 ], [ 8075700.15054595656693, 2643831.961166895925999 ], [ 8075700.218344997614622, 2643832.116024676244706 ], [ 8075700.29140330851078, 2643832.268444004934281 ], [ 8075700.369634340517223, 2643832.418244289234281 ], [ 8075700.45294539257884, 2643832.565248040016741 ], [ 8075700.541237759403884, 2643832.709281080402434 ], [ 8075700.634406820870936, 2643832.850172753911465 ], [ 8075700.732342191040516, 2643832.987756124231964 ], [ 8075700.834927834570408, 2643833.121868176851422 ], [ 8075700.942042198963463, 2643833.252350009512156 ], [ 8075701.053558367304504, 2643833.379047020804137 ], [ 8075701.169344217516482, 2643833.501809093169868 ], [ 8075701.289262556470931, 2643833.620490774977952 ], [ 8075701.41317130625248, 2643833.734951446764171 ], [ 8075701.540923644788563, 2643833.845055486541241 ], [ 8075701.672368210740387, 2643833.950672441162169 ], [ 8075701.807349258102477, 2643834.051677168812603 ], [ 8075701.945706860162318, 2643834.147949996870011 ], [ 8075702.08727708645165, 2643834.239376854617149 ], [ 8075702.231892197392881, 2643834.32584941573441 ], [ 8075702.379380835220218, 2643834.407265222631395 ], [ 8075702.529568266123533, 2643834.483527812175453 ], [ 8075702.682276524603367, 2643834.554546821862459 ], [ 8075702.837324680760503, 2643834.62023810762912 ], [ 8075702.994529035873711, 2643834.680523834656924 ], [ 8075703.153703312389553, 2643834.735332573298365 ], [ 8075703.314658929593861, 2643834.784599381964654 ], [ 8075703.477205161936581, 2643834.828265889547765 ], [ 8075703.641149428673089, 2643834.866280357353389 ], [ 8075703.80629747454077, 2643834.898597743362188 ], [ 8075703.972453633323312, 2643834.925179755780846 ], [ 8075704.139421026222408, 2643834.94599490147084 ], [ 8075704.307001828216016, 2643834.961018515750766 ], [ 8075704.474997478537261, 2643834.97023279638961 ], [ 8075704.643208933994174, 2643834.973626828752458 ], [ 8075704.811436885967851, 2643834.97119658999145 ], [ 8075704.979482001625001, 2643834.962944960221648 ], [ 8075705.147145189344883, 2643834.94888171646744 ], [ 8075705.314227784052491, 2643834.929023519624025 ], [ 8075705.480531820096076, 2643834.903393900953233 ], [ 8075705.645860253833234, 2643834.872023226693273 ], [ 8075705.810017193667591, 2643834.834948665928096 ], [ 8075705.972808144055307, 2643834.79221414681524 ], [ 8075706.1340402206406, 2643834.743870302569121 ], [ 8075706.293522385880351, 2643834.689974413253367 ], [ 8075730.075227006338537, 2643826.192243383266032 ], [ 8075698.486874517984688, 2643736.778181878384203 ], [ 8075663.003212311305106, 2643749.457210175693035 ], [ 8075646.625996189191937, 2643755.309089221525937 ] ] ] ] } },
{ "type": "Feature", "properties": { "id": "final_plot_boundary.fid-4639cb80_1a0ba89becd_6489", "gid": 24487, "tps_name": "Gota_33", "tps_no": "33", "village": "Gota", "city": "Ahmedabad", "authority": "AMC", "district": "Ahmedabad", "state": "Gujarat", "status": "Preliminary", "fp_no": "62", "reser_use": null, "reser_type": null, "tps_id": 212, "show_hide": 1, "fp_area": "911", "fp_area_final": 911.0, "temp": "911", "search": "Gota 33 62", "dxf_access": 1, "epsg_code": "EPSG:32643", "parcel_id": "62", "land_use": null, "area_sq_m": 911.0, "owner_name": null, "source_type": "CTPVD_Final_Plot", "source_id": "62", "survey_scheme": "Gota_33", "village_name": "Gota", "city_name": "Ahmedabad", "authority_name": "AMC", "district_name": "Ahmedabad", "state_name": "Gujarat", "status_name": "Preliminary" }, "geometry": { "type": "MultiPolygon", "coordinates": [ [ [ [ 8075774.115298091433942, 2643896.745601523667574 ], [ 8075757.956749591045082, 2643851.007566891610622 ], [ 8075736.971022768877447, 2643858.506272546481341 ], [ 8075753.129515990614891, 2643904.244344072416425 ], [ 8075774.115298091433942, 2643896.745601523667574 ] ] ] ] } },
{ "type": "Feature", "properties": { "id": "final_plot_boundary.fid-4639cb80_1a0ba89becd_648a", "gid": 24440, "tps_name": "Gota_33", "tps_no": "33", "village": "Gota", "city": "Ahmedabad", "authority": "AMC", "district": "Ahmedabad", "state": "Gujarat", "status": "Preliminary", "fp_no": "128", "reser_use": "Garden", "reser_type": "Recreation", "tps_id": 212, "show_hide": 1, "fp_area": "3248", "fp_area_final": 3248.0, "temp": "3248", "search": "Gota 33 128", "dxf_access": 1, "epsg_code": "EPSG:32643", "parcel_id": "128", "land_use": "Garden", "area_sq_m": 3248.0, "owner_name": null, "source_type": "CTPVD_Final_Plot", "source_id": "128", "survey_scheme": "Gota_33", "village_name": "Gota", "city_name": "Ahmedabad", "authority_name": "AMC", "district_name": "Ahmedabad", "state_name": "Gujarat", "status_name": "Preliminary" }, "geometry": { "type": "MultiPolygon", "coordinates": [ [ [ [ 8075833.832018542103469, 2642937.552729416638613 ], [ 8075870.592542889527977, 2642924.465647745411843 ], [ 8075870.857395580038428, 2642924.36612257361412 ], [ 8075871.118654392659664, 2642924.257413472048938 ], [ 8075871.376004571095109, 2642924.139651404693723 ], [ 8075871.629136081784964, 2642924.012978243641555 ], [ 8075871.877743968740106, 2642923.877546599134803 ], [ 8075872.121528728865087, 2642923.73351962864399 ], [ 8075872.360196658410132, 2642923.581070846877992 ], [ 8075872.593460228294134, 2642923.420383914839476 ], [ 8075872.821038417518139, 2642923.25165241677314 ], [ 8075873.042657062411308, 2642923.075079631060362 ], [ 8075873.258049163036048, 2642922.89087828155607 ], [ 8075873.466955231502652, 2642922.699270281009376 ], [ 8075873.669123588129878, 2642922.500486466567963 ], [ 8075873.864310679025948, 2642922.294766320846975 ], [ 8075874.052281353622675, 2642922.082357681822032 ], [ 8075874.232809163630009, 2642921.863516448065639 ], [ 8075874.405676608905196, 2642921.638506262563169 ], [ 8075874.570675434544683, 2642921.407598203979433 ], [ 8075874.7276068655774, 2642921.17107045603916 ], [ 8075874.876281846314669, 2642920.929207971319556 ], [ 8075875.016521246172488, 2642920.682302131317556 ], [ 8075875.148156130686402, 2642920.430650390218943 ], [ 8075875.271027904935181, 2642920.174555924721062 ], [ 8075875.384988545440137, 2642919.914327259175479 ], [ 8075875.489900761283934, 2642919.650277900509536 ], [ 8075875.585638158023357, 2642919.382725957781076 ], [ 8075875.672085402533412, 2642919.111993758939207 ], [ 8075875.749138351529837, 2642918.838407466653734 ], [ 8075875.816704167053103, 2642918.562296679709107 ], [ 8075875.874701457098126, 2642918.283994036726654 ], [ 8075881.094955122098327, 2642890.12385982228443 ], [ 8075861.825630971230567, 2642866.220208613667637 ], [ 8075805.215879728086293, 2642856.252481514587998 ], [ 8075833.832018542103469, 2642937.552729416638613 ] ] ] ] } },
{ "type": "Feature", "properties": { "id": "final_plot_boundary.fid-4639cb80_1a0ba89becd_648b", "gid": 24450, "tps_name": "Gota_33", "tps_no": "33", "village": "Gota", "city": "Ahmedabad", "authority": "AMC", "district": "Ahmedabad", "state": "Gujarat", "status": "Preliminary", "fp_no": "38", "reser_use": null, "reser_type": null, "tps_id": 212, "show_hide": 1, "fp_area": "11958", "fp_area_final": 11958.0, "temp": "11958", "search": "Gota 33 38", "dxf_access": 1, "epsg_code": "EPSG:32643", "parcel_id": "38", "land_use": null, "area_sq_m": 11958.0, "owner_name": null, "source_type": "CTPVD_Final_Plot", "source_id": "38", "survey_scheme": "Gota_33", "village_name": "Gota", "city_name": "Ahmedabad", "authority_name": "AMC", "district_name": "Ahmedabad", "state_name": "Gujarat", "status_name": "Preliminary" }, "geometry": { "type": "MultiPolygon", "coordinates": [ [ [ [ 8076193.587142460048199, 2644036.080402862746269 ], [ 8076145.253640316426754, 2644037.167112526018173 ], [ 8076068.543866224586964, 2644047.823642951902002 ], [ 8076064.833551470190287, 2644034.717210517264903 ], [ 8076064.790367978625, 2644034.564667757600546 ], [ 8076034.025231220759451, 2644044.703902654349804 ], [ 8076033.814303992316127, 2644044.777464313898236 ], [ 8076033.606005770154297, 2644044.858248415868729 ], [ 8076033.400580989196897, 2644044.946160166058689 ], [ 8076033.19827071018517, 2644045.041096401866525 ], [ 8076032.99931232072413, 2644045.142945723608136 ], [ 8076032.803939300589263, 2644045.251588610000908 ], [ 8076032.612380910664797, 2644045.366897579282522 ], [ 8076032.424861939623952, 2644045.488737320061773 ], [ 8076032.241602424532175, 2644045.616964854300022 ], [ 8076032.062817417085171, 2644045.75142971938476 ], [ 8076031.888716712594032, 2644045.891974124591798 ], [ 8076031.71950461063534, 2644046.038433144800365 ], [ 8076031.555379672907293, 2644046.1906349202618 ], [ 8076031.396534494124353, 2644046.348400846589357 ], [ 8076031.243155474774539, 2644046.511545794084668 ], [ 8076031.095422593876719, 2644046.679878319147974 ], [ 8076030.953509215265512, 2644046.853200891986489 ], [ 8076030.817581865005195, 2644047.031310125254095 ], [ 8076030.687800044193864, 2644047.213997016195208 ], [ 8076030.564316055737436, 2644047.401047187391669 ], [ 8076030.447274796664715, 2644047.592241147533059 ], [ 8076030.336813606321812, 2644047.787354538682848 ], [ 8076030.233062115497887, 2644047.986158399377018 ], [ 8076030.13614206481725, 2644048.188419450074434 ], [ 8076030.046167187392712, 2644048.393900338094682 ], [ 8076029.963243066333234, 2644048.602359945885837 ], [ 8076029.887467013671994, 2644048.81355365505442 ], [ 8076029.818927940912545, 2644049.027233634609729 ], [ 8076029.75770628452301, 2644049.243149145971984 ], [ 8076029.703873874619603, 2644049.461046820506454 ], [ 8076029.657493898645043, 2644049.680670963134617 ], [ 8076029.618620767258108, 2644049.901763854082674 ], [ 8076029.587300101295114, 2644050.124066052027047 ], [ 8076029.563568654470146, 2644050.347316696774215 ], [ 8076029.547454269602895, 2644050.571253809612244 ], [ 8076029.538975866511464, 2644050.795614612288773 ], [ 8076029.538143388926983, 2644051.02013582456857 ], [ 8076029.5449578166008, 2644051.244553985074162 ], [ 8076029.559411155059934, 2644051.468605743721128 ], [ 8076029.581486433744431, 2644051.692028188612312 ], [ 8076029.611157762818038, 2644051.914559142664075 ], [ 8076029.64839031547308, 2644052.135937474202365 ], [ 8076029.693140402436256, 2644052.355903408490121 ], [ 8076029.745355510152876, 2644052.574198819696903 ], [ 8076029.804974367842078, 2644052.79056755034253 ], [ 8076029.871927023865283, 2644053.004755700472742 ], [ 8076054.563320122659206, 2644127.509580551180989 ], [ 8076076.560396386310458, 2644130.0675053675659 ], [ 8076258.275485618971288, 2644065.131297905463725 ], [ 8076241.964125283062458, 2644018.839470125734806 ], [ 8076193.587142460048199, 2644036.080402862746269 ] ] ] ] } },
{ "type": "Feature", "properties": { "id": "final_plot_boundary.fid-4639cb80_1a0ba89becd_648c", "gid": 24391, "tps_name": "Gota_33", "tps_no": "33", "village": "Gota", "city": "Ahmedabad", "authority": "AMC", "district": "Ahmedabad", "state": "Gujarat", "status": "Preliminary", "fp_no": "39/1", "reser_use": null, "reser_type": null, "tps_id": 212, "show_hide": 1, "fp_area": "4641", "fp_area_final": 4641.0, "temp": "4641", "search": "Gota 33 39/1", "dxf_access": 1, "epsg_code": "EPSG:32643", "parcel_id": "39/1", "land_use": null, "area_sq_m": 4641.0, "owner_name": null, "source_type": "CTPVD_Final_Plot", "source_id": "39/1", "survey_scheme": "Gota_33", "village_name": "Gota", "city_name": "Ahmedabad", "authority_name": "AMC", "district_name": "Ahmedabad", "state_name": "Gujarat", "status_name": "Preliminary" }, "geometry": { "type": "MultiPolygon", "coordinates": [ [ [ [ 8076436.99628347530961, 2643737.944451407529414 ], [ 8076340.133662940002978, 2643772.448869228363037 ], [ 8076369.871206936426461, 2643856.885100024752319 ], [ 8076387.715307273901999, 2643845.771139795891941 ], [ 8076396.983202323317528, 2643833.27780771907419 ], [ 8076430.841753801330924, 2643753.813391086645424 ], [ 8076436.99628347530961, 2643737.944451407529414 ] ] ] ] } },
{ "type": "Feature", "properties": { "id": "final_plot_boundary.fid-4639cb80_1a0ba89becd_648d", "gid": 24509, "tps_name": "Gota_33", "tps_no": "33", "village": "Gota", "city": "Ahmedabad", "authority": "AMC", "district": "Ahmedabad", "state": "Gujarat", "status": "Preliminary", "fp_no": "82", "reser_use": null, "reser_type": null, "tps_id": 212, "show_hide": 1, "fp_area": "3845", "fp_area_final": 3845.0, "temp": "3845", "search": "Gota 33 82", "dxf_access": 1, "epsg_code": "EPSG:32643", "parcel_id": "82", "land_use": null, "area_sq_m": 3845.0, "owner_name": null, "source_type": "CTPVD_Final_Plot", "source_id": "82", "survey_scheme": "Gota_33", "village_name": "Gota", "city_name": "Ahmedabad", "authority_name": "AMC", "district_name": "Ahmedabad", "state_name": "Gujarat", "status_name": "Preliminary" }, "geometry": { "type": "MultiPolygon", "coordinates": [ [ [ [ 8076049.851495807990432, 2643252.746651663910598 ], [ 8076067.867427826859057, 2643303.928986820857972 ], [ 8076091.095241133123636, 2643297.111197222489864 ], [ 8076099.896615982986987, 2643322.090526042040437 ], [ 8076143.24808813072741, 2643306.656303920317441 ], [ 8076143.514455043710768, 2643306.556174914352596 ], [ 8076143.777184667997062, 2643306.446756886318326 ], [ 8076144.035956845618784, 2643306.328183173201978 ], [ 8076144.290456241928041, 2643306.200598269701004 ], [ 8076144.540372715331614, 2643306.064157648012042 ], [ 8076144.78540173638612, 2643305.919027576223016 ], [ 8076145.025244695134461, 2643305.765384905505925 ], [ 8076145.259609333239496, 2643305.603416866157204 ], [ 8076145.488210053183138, 2643305.433320834301412 ], [ 8076145.710768282413483, 2643305.255304082296789 ], [ 8076145.92701281234622, 2643305.069583546370268 ], [ 8076146.136680128052831, 2643304.87638553744182 ], [ 8076146.339514735154808, 2643304.67594549106434 ], [ 8076146.535269463434815, 2643304.468507661949843 ], [ 8076146.723705761134624, 2643304.254324828274548 ], [ 8076146.904594001360238, 2643304.033657996915281 ], [ 8076147.07771375682205, 2643303.806776070035994 ], [ 8076147.242854069918394, 2643303.573955521918833 ], [ 8076147.399813701398671, 2643303.335480069741607 ], [ 8076147.548401367850602, 2643303.091640314552933 ], [ 8076147.688436020165682, 2643302.842733400408179 ], [ 8076147.819747007451952, 2643302.589062640443444 ], [ 8076147.942174311727285, 2643302.330937162507325 ], [ 8076148.055568748153746, 2643302.068671511486173 ], [ 8076148.159792132675648, 2643301.802585282362998 ], [ 8076148.254717461764812, 2643301.533002728130668 ], [ 8076148.340229059569538, 2643301.260252358391881 ], [ 8076148.41622272413224, 2643300.984666546806693 ], [ 8076148.48260585218668, 2643300.70658111711964 ], [ 8076148.539297547191381, 2643300.426334945484996 ], [ 8076148.586228719912469, 2643300.144269537180662 ], [ 8076148.623342195525765, 2643299.860728613100946 ], [ 8076148.650592738762498, 2643299.57605769392103 ], [ 8076148.667947147041559, 2643299.290603680536151 ], [ 8076148.675384262576699, 2643299.004714422859251 ], [ 8076148.672895038500428, 2643298.718738300260156 ], [ 8076148.660482494160533, 2643298.433023804798722 ], [ 8076148.638161766342819, 2643298.147919104900211 ], [ 8076148.605960051529109, 2643297.863771627191454 ], [ 8076148.563916590996087, 2643297.580927628558129 ], [ 8076148.512082619592547, 2643297.299731784500182 ], [ 8076148.450521305203438, 2643297.020526756066829 ], [ 8076148.37930765748024, 2643296.743652775883675 ], [ 8076148.29852846916765, 2643296.469447246287018 ], [ 8076148.208282168023288, 2643296.19824430719018 ], [ 8076145.812136811204255, 2643289.39445820543915 ], [ 8076145.727276187390089, 2643289.140364966820925 ], [ 8076145.650726170279086, 2643288.883615799248219 ], [ 8076145.582568709738553, 2643288.624485544860363 ], [ 8076145.522876762785017, 2643288.363251592032611 ], [ 8076145.471714237704873, 2643288.100193586200476 ], [ 8076145.429135889746249, 2643287.835593125317246 ], [ 8076145.395187305286527, 2643287.569733455311507 ], [ 8076145.369904818944633, 2643287.302899167872965 ], [ 8076145.353315497748554, 2643287.035375907085836 ], [ 8076145.345437102019787, 2643286.767450045328587 ], [ 8076145.34627805929631, 2643286.499408391304314 ], [ 8076145.355837476439774, 2643286.231537873391062 ], [ 8076145.374105116352439, 2643285.964125240687281 ], [ 8076145.401061417534947, 2643285.697456751018763 ], [ 8076148.22268979717046, 2643261.69365963106975 ], [ 8076049.851495807990432, 2643252.746651663910598 ] ] ] ] } },
{ "type": "Feature", "properties": { "id": "final_plot_boundary.fid-4639cb80_1a0ba89becd_648e", "gid": 24387, "tps_name": "Gota_33", "tps_no": "33", "village": "Gota", "city": "Ahmedabad", "authority": "AMC", "district": "Ahmedabad", "state": "Gujarat", "status": "Preliminary", "fp_no": "120", "reser_use": "Sale For Commercial", "reser_type": "Commercial", "tps_id": 212, "show_hide": 1, "fp_area": "1400", "fp_area_final": 1400.0, "temp": "1400", "search": "Gota 33 120", "dxf_access": 1, "epsg_code": "EPSG:32643", "parcel_id": "120", "land_use": "Sale For Commercial", "area_sq_m": 1400.0, "owner_name": null, "source_type": "CTPVD_Final_Plot", "source_id": "120", "survey_scheme": "Gota_33", "village_name": "Gota", "city_name": "Ahmedabad", "authority_name": "AMC", "district_name": "Ahmedabad", "state_name": "Gujarat", "status_name": "Preliminary" }, "geometry": { "type": "MultiPolygon", "coordinates": [ [ [ [ 8075928.521797605790198, 2644112.852292278781533 ], [ 8076018.838406039401889, 2644123.355253303423524 ], [ 8076006.163129716180265, 2644085.10811012564227 ], [ 8075928.521797605790198, 2644112.852292278781533 ] ] ] ] } },
{ "type": "Feature", "properties": { "id": "final_plot_boundary.fid-4639cb80_1a0ba89becd_648f", "gid": 24500, "tps_name": "Gota_33", "tps_no": "33", "village": "Gota", "city": "Ahmedabad", "authority": "AMC", "district": "Ahmedabad", "state": "Gujarat", "status": "Preliminary", "fp_no": "123", "reser_use": "Sale For Commercial", "reser_type": "Commercial", "tps_id": 212, "show_hide": 1, "fp_area": "5974", "fp_area_final": 5974.0, "temp": "5974", "search": "Gota 33 123", "dxf_access": 1, "epsg_code": "EPSG:32643", "parcel_id": "123", "land_use": "Sale For Commercial", "area_sq_m": 5974.0, "owner_name": null, "source_type": "CTPVD_Final_Plot", "source_id": "123", "survey_scheme": "Gota_33", "village_name": "Gota", "city_name": "Ahmedabad", "authority_name": "AMC", "district_name": "Ahmedabad", "state_name": "Gujarat", "status_name": "Preliminary" }, "geometry": { "type": "MultiPolygon", "coordinates": [ [ [ [ 8075555.186328925192356, 2643057.420215259771794 ], [ 8075578.457330408506095, 2643122.012067128438503 ], [ 8075675.301882567815483, 2643086.721652240492404 ], [ 8075656.529426026158035, 2643030.073559132870287 ], [ 8075656.435772817581892, 2643029.806435354519635 ], [ 8075656.332993790507317, 2643029.542727176565677 ], [ 8075656.221211812458932, 2643029.28274982701987 ], [ 8075656.100560489110649, 2643029.026814074255526 ], [ 8075655.971184057183564, 2643028.775225851684809 ], [ 8075655.833237167447805, 2643028.528285899199545 ], [ 8075655.686884703114629, 2643028.286289394833148 ], [ 8075655.532301620580256, 2643028.049525613896549 ], [ 8075655.369672703556716, 2643027.818277576006949 ], [ 8075655.199192344211042, 2643027.592821703292429 ], [ 8075655.0210643382743, 2643027.373427496757358 ], [ 8075654.835501600988209, 2643027.160357210785151 ], [ 8075654.642725954763591, 2643026.953865540213883 ], [ 8075654.442967836745083, 2643026.754199318122119 ], [ 8075654.236466024070978, 2643026.561597216874361 ], [ 8075654.023467370308936, 2643026.37628946499899 ], [ 8075653.804226481355727, 2643026.198497571051121 ], [ 8075653.5790054211393, 2643026.028434057720006 ], [ 8075653.348073421046138, 2643025.866302217822522 ], [ 8075653.111706521362066, 2643025.71229584980756 ], [ 8075652.87018726579845, 2643025.566599051933736 ], [ 8075652.623804362490773, 2643025.429385981522501 ], [ 8075652.372852323576808, 2643025.3008206570521 ], [ 8075652.117631130851805, 2643025.181056761182845 ], [ 8075651.858445862308145, 2643025.070237453561276 ], [ 8075651.59560633264482, 2643024.96849520271644 ], [ 8075651.329426735639572, 2643024.875951627735049 ], [ 8075651.060225252993405, 2643024.792717351578176 ], [ 8075650.788323669694364, 2643024.71889186790213 ], [ 8075650.514047016389668, 2643024.654563424177468 ], [ 8075650.237723144702613, 2643024.599808918312192 ], [ 8075649.959682364016771, 2643024.55469379760325 ], [ 8075649.680257026106119, 2643024.519271994475275 ], [ 8075649.399781149812043, 2643024.493585847783834 ], [ 8075649.118590009398758, 2643024.477666063699871 ], [ 8075648.837019727565348, 2643024.471531669609249 ], [ 8075648.555406873114407, 2643024.475190001074225 ], [ 8075648.274088084697723, 2643024.488636682741344 ], [ 8075647.993399627506733, 2643024.511855642311275 ], [ 8075647.713677039369941, 2643024.544819122646004 ], [ 8075647.435254680924118, 2643024.587487724609673 ], [ 8075647.158465367741883, 2643024.639810440596193 ], [ 8075646.883639958687127, 2643024.70172472903505 ], [ 8075646.61110697966069, 2643024.773156574461609 ], [ 8075646.341192193329334, 2643024.854020597878844 ], [ 8075646.074218248948455, 2643024.944220132194459 ], [ 8075555.186328925192356, 2643057.420215259771794 ] ] ] ] } },
{ "type": "Feature", "properties": { "id": "final_plot_boundary.fid-4639cb80_1a0ba89becd_6490", "gid": 24518, "tps_name": "Gota_33", "tps_no": "33", "village": "Gota", "city": "Ahmedabad", "authority": "AMC", "district": "Ahmedabad", "state": "Gujarat", "status": "Preliminary", "fp_no": "50/1", "reser_use": null, "reser_type": null, "tps_id": 212, "show_hide": 1, "fp_area": "5692", "fp_area_final": 5692.0, "temp": "5692", "search": "Gota 33 50/1", "dxf_access": 1, "epsg_code": "EPSG:32643", "parcel_id": "50/1", "land_use": null, "area_sq_m": 5692.0, "owner_name": null, "source_type": "CTPVD_Final_Plot", "source_id": "50/1", "survey_scheme": "Gota_33", "village_name": "Gota", "city_name": "Ahmedabad", "authority_name": "AMC", "district_name": "Ahmedabad", "state_name": "Gujarat", "status_name": "Preliminary" }, "geometry": { "type": "MultiPolygon", "coordinates": [ [ [ [ 8076108.791163740679622, 2643422.266157892066985 ], [ 8076085.373767794109881, 2643430.604762047063559 ], [ 8076107.655223927460611, 2643493.884571342729032 ], [ 8076202.480762535706162, 2643460.118184210732579 ], [ 8076180.192785360850394, 2643396.832511512562633 ], [ 8076108.791163740679622, 2643422.266157892066985 ] ] ] ] } },
{ "type": "Feature", "properties": { "id": "final_plot_boundary.fid-4639cb80_1a0ba89becd_6491", "gid": 24408, "tps_name": "Gota_33", "tps_no": "33", "village": "Gota", "city": "Ahmedabad", "authority": "AMC", "district": "Ahmedabad", "state": "Gujarat", "status": "Preliminary", "fp_no": "57", "reser_use": null, "reser_type": null, "tps_id": 212, "show_hide": 1, "fp_area": "5467", "fp_area_final": 5467.0, "temp": "5467", "search": "Gota 33 57", "dxf_access": 1, "epsg_code": "EPSG:32643", "parcel_id": "57", "land_use": null, "area_sq_m": 5467.0, "owner_name": null, "source_type": "CTPVD_Final_Plot", "source_id": "57", "survey_scheme": "Gota_33", "village_name": "Gota", "city_name": "Ahmedabad", "authority_name": "AMC", "district_name": "Ahmedabad", "state_name": "Gujarat", "status_name": "Preliminary" }, "geometry": { "type": "MultiPolygon", "coordinates": [ [ [ [ 8076207.042127928696573, 2643802.033047128468752 ], [ 8076235.469254826195538, 2643791.907071090303361 ], [ 8076265.23647253587842, 2643781.303681247401983 ], [ 8076253.150100233033299, 2643746.985246368218213 ], [ 8076241.055794935673475, 2643712.644225446041673 ], [ 8076230.35695422347635, 2643682.265487927012146 ], [ 8076172.162941518239677, 2643702.994632502552122 ], [ 8076207.042127928696573, 2643802.033047128468752 ] ] ] ] } },
{ "type": "Feature", "properties": { "id": "final_plot_boundary.fid-4639cb80_1a0ba89becd_6492", "gid": 24452, "tps_name": "Gota_33", "tps_no": "33", "village": "Gota", "city": "Ahmedabad", "authority": "AMC", "district": "Ahmedabad", "state": "Gujarat", "status": "Preliminary", "fp_no": "34", "reser_use": null, "reser_type": null, "tps_id": 212, "show_hide": 1, "fp_area": "5149", "fp_area_final": 5149.0, "temp": "5149", "search": "Gota 33 34", "dxf_access": 1, "epsg_code": "EPSG:32643", "parcel_id": "34", "land_use": null, "area_sq_m": 5149.0, "owner_name": null, "source_type": "CTPVD_Final_Plot", "source_id": "34", "survey_scheme": "Gota_33", "village_name": "Gota", "city_name": "Ahmedabad", "authority_name": "AMC", "district_name": "Ahmedabad", "state_name": "Gujarat", "status_name": "Preliminary" }, "geometry": { "type": "MultiPolygon", "coordinates": [ [ [ [ 8076064.598325662314892, 2644006.422159185167402 ], [ 8076059.751282351091504, 2644006.781720287166536 ], [ 8076062.926570009440184, 2644024.833037120290101 ], [ 8076064.833551470190287, 2644034.717210517264903 ], [ 8076068.543866224586964, 2644047.823642951902002 ], [ 8076145.253640316426754, 2644037.167112526018173 ], [ 8076193.587142460048199, 2644036.080402862746269 ], [ 8076206.283432120457292, 2643983.458277941681445 ], [ 8076143.467997809872031, 2643984.435985955409706 ], [ 8076144.166726826690137, 2644000.519442582968622 ], [ 8076125.441077855415642, 2644001.908625229727477 ], [ 8076092.079018570482731, 2644004.383571406360716 ], [ 8076064.598325662314892, 2644006.422159185167402 ] ] ] ] } },
{ "type": "Feature", "properties": { "id": "final_plot_boundary.fid-4639cb80_1a0ba89becd_6493", "gid": 24501, "tps_name": "Gota_33", "tps_no": "33", "village": "Gota", "city": "Ahmedabad", "authority": "AMC", "district": "Ahmedabad", "state": "Gujarat", "status": "Preliminary", "fp_no": "122", "reser_use": "Neighbourhood Center", "reser_type": "Public Purpose", "tps_id": 212, "show_hide": 1, "fp_area": "3908", "fp_area_final": 3908.0, "temp": "3908", "search": "Gota 33 122", "dxf_access": 1, "epsg_code": "EPSG:32643", "parcel_id": "122", "land_use": "Neighbourhood Center", "area_sq_m": 3908.0, "owner_name": null, "source_type": "CTPVD_Final_Plot", "source_id": "122", "survey_scheme": "Gota_33", "village_name": "Gota", "city_name": "Ahmedabad", "authority_name": "AMC", "district_name": "Ahmedabad", "state_name": "Gujarat", "status_name": "Preliminary" }, "geometry": { "type": "MultiPolygon", "coordinates": [ [ [ [ 8075877.076809584163129, 2643908.998086476698518 ], [ 8075846.706021717749536, 2643819.294963368680328 ], [ 8075804.300510372966528, 2643834.447712562978268 ], [ 8075820.459180884063244, 2643880.185665517579764 ], [ 8075844.182094745337963, 2643947.334404792636633 ], [ 8075846.081129559315741, 2643952.709695348050445 ], [ 8075854.280789129436016, 2643949.779706045519561 ], [ 8075857.661205532029271, 2643909.364524517673999 ], [ 8075871.535296813584864, 2643910.855526595376432 ], [ 8075877.076809584163129, 2643908.998086476698518 ] ] ] ] } },
{ "type": "Feature", "properties": { "id": "final_plot_boundary.fid-4639cb80_1a0ba89becd_6494", "gid": 24506, "tps_name": "Gota_33", "tps_no": "33", "village": "Gota", "city": "Ahmedabad", "authority": "AMC", "district": "Ahmedabad", "state": "Gujarat", "status": "Preliminary", "fp_no": "135", "reser_use": "Sale For Residential", "reser_type": "Residential", "tps_id": 212, "show_hide": 1, "fp_area": "3221", "fp_area_final": 3221.0, "temp": "3221", "search": "Gota 33 135", "dxf_access": 1, "epsg_code": "EPSG:32643", "parcel_id": "135", "land_use": "Sale For Residential", "area_sq_m": 3221.0, "owner_name": null, "source_type": "CTPVD_Final_Plot", "source_id": "135", "survey_scheme": "Gota_33", "village_name": "Gota", "city_name": "Ahmedabad", "authority_name": "AMC", "district_name": "Ahmedabad", "state_name": "Gujarat", "status_name": "Preliminary" }, "geometry": { "type": "MultiPolygon", "coordinates": [ [ [ [ 8076185.638931577093899, 2643855.0513208755292 ], [ 8076205.13313620723784, 2643848.107367371674627 ], [ 8076211.559885350987315, 2643866.35589699074626 ], [ 8076256.098698715679348, 2643850.483190312981606 ], [ 8076235.469254826195538, 2643791.907071090303361 ], [ 8076207.042127928696573, 2643802.033047128468752 ], [ 8076171.434055767953396, 2643814.71685263607651 ], [ 8076185.638931577093899, 2643855.0513208755292 ] ] ] ] } },
{ "type": "Feature", "properties": { "id": "final_plot_boundary.fid-4639cb80_1a0ba89becd_6495", "gid": 24472, "tps_name": "Gota_33", "tps_no": "33", "village": "Gota", "city": "Ahmedabad", "authority": "AMC", "district": "Ahmedabad", "state": "Gujarat", "status": "Preliminary", "fp_no": "10", "reser_use": null, "reser_type": null, "tps_id": 212, "show_hide": 1, "fp_area": "5767", "fp_area_final": 5767.0, "temp": "5767", "search": "Gota 33 10", "dxf_access": 1, "epsg_code": "EPSG:32643", "parcel_id": "10", "land_use": null, "area_sq_m": 5767.0, "owner_name": null, "source_type": "CTPVD_Final_Plot", "source_id": "10", "survey_scheme": "Gota_33", "village_name": "Gota", "city_name": "Ahmedabad", "authority_name": "AMC", "district_name": "Ahmedabad", "state_name": "Gujarat", "status_name": "Preliminary" }, "geometry": { "type": "MultiPolygon", "coordinates": [ [ [ [ 8075631.055737546645105, 2643510.434865947812796 ], [ 8075655.942328709177673, 2643587.848265861161053 ], [ 8075668.862504757009447, 2643583.231629243586212 ], [ 8075716.105510871857405, 2643566.350658262148499 ], [ 8075735.222751615568995, 2643559.519599548075348 ], [ 8075710.335804050788283, 2643482.106423586141318 ], [ 8075631.055737546645105, 2643510.434865947812796 ] ] ] ] } },
{ "type": "Feature", "properties": { "id": "final_plot_boundary.fid-4639cb80_1a0ba89becd_6496", "gid": 24390, "tps_name": "Gota_33", "tps_no": "33", "village": "Gota", "city": "Ahmedabad", "authority": "AMC", "district": "Ahmedabad", "state": "Gujarat", "status": "Preliminary", "fp_no": "136", "reser_use": "Neighbourhood Center", "reser_type": "Public Purpose", "tps_id": 212, "show_hide": 1, "fp_area": "11774", "fp_area_final": 11774.0, "temp": "11774", "search": "Gota 33 136", "dxf_access": 1, "epsg_code": "EPSG:32643", "parcel_id": "136", "land_use": "Neighbourhood Center", "area_sq_m": 11774.0, "owner_name": null, "source_type": "CTPVD_Final_Plot", "source_id": "136", "survey_scheme": "Gota_33", "village_name": "Gota", "city_name": "Ahmedabad", "authority_name": "AMC", "district_name": "Ahmedabad", "state_name": "Gujarat", "status_name": "Preliminary" }, "geometry": { "type": "MultiPolygon", "coordinates": [ [ [ [ 8076241.964125283062458, 2644018.839470125734806 ], [ 8076269.039415935054421, 2644009.190112076234072 ], [ 8076285.348975166678429, 2644055.476575326640159 ], [ 8076319.420251540839672, 2644043.283952118363231 ], [ 8076343.120219554752111, 2643915.437414556276053 ], [ 8076342.219145278446376, 2643906.847797010559589 ], [ 8076268.568257608450949, 2643933.096526312641799 ], [ 8076263.762218135409057, 2643919.457001314032823 ], [ 8076207.66723848041147, 2643939.448635435663164 ], [ 8076192.660789356566966, 2643944.796730472240597 ], [ 8076206.283432120457292, 2643983.458277941681445 ], [ 8076193.587142460048199, 2644036.080402862746269 ], [ 8076241.964125283062458, 2644018.839470125734806 ] ] ] ] } },
{ "type": "Feature", "properties": { "id": "final_plot_boundary.fid-4639cb80_1a0ba89becd_6497", "gid": 24516, "tps_name": "Gota_33", "tps_no": "33", "village": "Gota", "city": "Ahmedabad", "authority": "AMC", "district": "Ahmedabad", "state": "Gujarat", "status": "Preliminary", "fp_no": "143", "reser_use": "Sale For Commercial", "reser_type": "Commercial", "tps_id": 212, "show_hide": 1, "fp_area": "5580", "fp_area_final": 5580.0, "temp": "5580", "search": "Gota 33 143", "dxf_access": 1, "epsg_code": "EPSG:32643", "parcel_id": "143", "land_use": "Sale For Commercial", "area_sq_m": 5580.0, "owner_name": null, "source_type": "CTPVD_Final_Plot", "source_id": "143", "survey_scheme": "Gota_33", "village_name": "Gota", "city_name": "Ahmedabad", "authority_name": "AMC", "district_name": "Ahmedabad", "state_name": "Gujarat", "status_name": "Preliminary" }, "geometry": { "type": "MultiPolygon", "coordinates": [ [ [ [ 8076085.373767794109881, 2643430.604762047063559 ], [ 8076108.791163740679622, 2643422.266157892066985 ], [ 8076084.339958062395453, 2643348.487885767128319 ], [ 8076004.073988069780171, 2643377.063381793443114 ], [ 8076028.527798411436379, 2643450.850797510240227 ], [ 8076085.373767794109881, 2643430.604762047063559 ] ] ] ] } },
{ "type": "Feature", "properties": { "id": "final_plot_boundary.fid-4639cb80_1a0ba89becd_6498", "gid": 24409, "tps_name": "Gota_33", "tps_no": "33", "village": "Gota", "city": "Ahmedabad", "authority": "AMC", "district": "Ahmedabad", "state": "Gujarat", "status": "Preliminary", "fp_no": "53", "reser_use": null, "reser_type": null, "tps_id": 212, "show_hide": 1, "fp_area": "2855", "fp_area_final": 2855.0, "temp": "2855", "search": "Gota 33 53", "dxf_access": 1, "epsg_code": "EPSG:32643", "parcel_id": "53", "land_use": null, "area_sq_m": 2855.0, "owner_name": null, "source_type": "CTPVD_Final_Plot", "source_id": "53", "survey_scheme": "Gota_33", "village_name": "Gota", "city_name": "Ahmedabad", "authority_name": "AMC", "district_name": "Ahmedabad", "state_name": "Gujarat", "status_name": "Preliminary" }, "geometry": { "type": "MultiPolygon", "coordinates": [ [ [ [ 8076317.734462597407401, 2643493.928036841098219 ], [ 8076301.974266718141735, 2643449.178699597716331 ], [ 8076234.71977686882019, 2643473.135672643780708 ], [ 8076250.479799441061914, 2643517.885125441942364 ], [ 8076317.734462597407401, 2643493.928036841098219 ] ] ] ] } },
{ "type": "Feature", "properties": { "id": "final_plot_boundary.fid-4639cb80_1a0ba89becd_6499", "gid": 24384, "tps_name": "Gota_33", "tps_no": "33", "village": "Gota", "city": "Ahmedabad", "authority": "AMC", "district": "Ahmedabad", "state": "Gujarat", "status": "Preliminary", "fp_no": "56/2", "reser_use": null, "reser_type": null, "tps_id": 212, "show_hide": 1, "fp_area": "1454", "fp_area_final": 1454.0, "temp": "1454", "search": "Gota 33 56/2", "dxf_access": 1, "epsg_code": "EPSG:32643", "parcel_id": "56/2", "land_use": null, "area_sq_m": 1454.0, "owner_name": null, "source_type": "CTPVD_Final_Plot", "source_id": "56/2", "survey_scheme": "Gota_33", "village_name": "Gota", "city_name": "Ahmedabad", "authority_name": "AMC", "district_name": "Ahmedabad", "state_name": "Gujarat", "status_name": "Preliminary" }, "geometry": { "type": "MultiPolygon", "coordinates": [ [ [ [ 8076039.602715836837888, 2643715.447062529157847 ], [ 8076078.362046478316188, 2643701.641086345072836 ], [ 8076064.775656993500888, 2643662.132809184025973 ], [ 8076025.916673972271383, 2643675.648685537744313 ], [ 8076039.602715836837888, 2643715.447062529157847 ] ] ] ] } },
{ "type": "Feature", "properties": { "id": "final_plot_boundary.fid-4639cb80_1a0ba89becd_649a", "gid": 24503, "tps_name": "Gota_33", "tps_no": "33", "village": "Gota", "city": "Ahmedabad", "authority": "AMC", "district": "Ahmedabad", "state": "Gujarat", "status": "Preliminary", "fp_no": "32/1", "reser_use": null, "reser_type": null, "tps_id": 212, "show_hide": 1, "fp_area": "5406", "fp_area_final": 5406.0, "temp": "5406", "search": "Gota 33 32/1", "dxf_access": 1, "epsg_code": "EPSG:32643", "parcel_id": "32/1", "land_use": null, "area_sq_m": 5406.0, "owner_name": null, "source_type": "CTPVD_Final_Plot", "source_id": "32/1", "survey_scheme": "Gota_33", "village_name": "Gota", "city_name": "Ahmedabad", "authority_name": "AMC", "district_name": "Ahmedabad", "state_name": "Gujarat", "status_name": "Preliminary" }, "geometry": { "type": "MultiPolygon", "coordinates": [ [ [ [ 8076045.686483425088227, 2643859.508148722816259 ], [ 8076043.538094098679721, 2643860.273395279888064 ], [ 8076064.17774070892483, 2643918.880755866412073 ], [ 8076161.439000645652413, 2643884.21873076306656 ], [ 8076140.804523420520127, 2643825.627199727576226 ], [ 8076113.570347650907934, 2643835.328052057418972 ], [ 8076045.686483425088227, 2643859.508148722816259 ] ] ] ] } },
{ "type": "Feature", "properties": { "id": "final_plot_boundary.fid-4639cb80_1a0ba89becd_649b", "gid": 24423, "tps_name": "Gota_33", "tps_no": "33", "village": "Gota", "city": "Ahmedabad", "authority": "AMC", "district": "Ahmedabad", "state": "Gujarat", "status": "Preliminary", "fp_no": "83", "reser_use": null, "reser_type": null, "tps_id": 212, "show_hide": 1, "fp_area": "6921", "fp_area_final": 6921.0, "temp": "6921", "search": "Gota 33 83", "dxf_access": 1, "epsg_code": "EPSG:32643", "parcel_id": "83", "land_use": null, "area_sq_m": 6921.0, "owner_name": null, "source_type": "CTPVD_Final_Plot", "source_id": "83", "survey_scheme": "Gota_33", "village_name": "Gota", "city_name": "Ahmedabad", "authority_name": "AMC", "district_name": "Ahmedabad", "state_name": "Gujarat", "status_name": "Preliminary" }, "geometry": { "type": "MultiPolygon", "coordinates": [ [ [ [ 8075920.636412788182497, 2643172.169070718344301 ], [ 8075924.463252851739526, 2643149.157685934565961 ], [ 8075896.3067627241835, 2643123.586347974836826 ], [ 8075898.998122961260378, 2643106.888011869508773 ], [ 8075892.170206494629383, 2643105.669153183698654 ], [ 8075891.893566332757473, 2643105.624690373893827 ], [ 8075891.61556953471154, 2643105.589820734225214 ], [ 8075891.336544899269938, 2643105.564585506916046 ], [ 8075891.056822452694178, 2643105.549014538060874 ], [ 8075890.776733032427728, 2643105.543126243166625 ], [ 8075890.496607928536832, 2643105.546927587594837 ], [ 8075890.216778454370797, 2643105.560414077714086 ], [ 8075889.937575594522059, 2643105.58356976043433 ], [ 8075889.659329568967223, 2643105.616367247886956 ], [ 8075889.382369481027126, 2643105.658767747692764 ], [ 8075889.107022910378873, 2643105.710721109528095 ], [ 8075888.833615527488291, 2643105.772165887989104 ], [ 8075888.562470709905028, 2643105.843029404059052 ], [ 8075888.293909160420299, 2643105.923227846156806 ], [ 8075888.028248510323465, 2643106.012666359078139 ], [ 8075793.039021412841976, 2643139.829497765749693 ], [ 8075817.362785082310438, 2643208.935365132056177 ], [ 8075832.031288116239011, 2643203.713299483992159 ], [ 8075920.636412788182497, 2643172.169070718344301 ] ] ] ] } },
{ "type": "Feature", "properties": { "id": "final_plot_boundary.fid-4639cb80_1a0ba89becd_649c", "gid": 24406, "tps_name": "Gota_33", "tps_no": "33", "village": "Gota", "city": "Ahmedabad", "authority": "AMC", "district": "Ahmedabad", "state": "Gujarat", "status": "Preliminary", "fp_no": "41/1", "reser_use": null, "reser_type": null, "tps_id": 212, "show_hide": 1, "fp_area": "1457", "fp_area_final": 1457.0, "temp": "1457", "search": "Gota 33 41/1", "dxf_access": 1, "epsg_code": "EPSG:32643", "parcel_id": "41/1", "land_use": null, "area_sq_m": 1457.0, "owner_name": null, "source_type": "CTPVD_Final_Plot", "source_id": "41/1", "survey_scheme": "Gota_33", "village_name": "Gota", "city_name": "Ahmedabad", "authority_name": "AMC", "district_name": "Ahmedabad", "state_name": "Gujarat", "status_name": "Preliminary" }, "geometry": { "type": "MultiPolygon", "coordinates": [ [ [ [ 8076309.983472621068358, 2643765.364218282047659 ], [ 8076297.89701188262552, 2643731.045842371881008 ], [ 8076253.150100233033299, 2643746.985246368218213 ], [ 8076265.23647253587842, 2643781.303681247401983 ], [ 8076309.983472621068358, 2643765.364218282047659 ] ] ] ] } },
{ "type": "Feature", "properties": { "id": "final_plot_boundary.fid-4639cb80_1a0ba89becd_649d", "gid": 24470, "tps_name": "Gota_33", "tps_no": "33", "village": "Gota", "city": "Ahmedabad", "authority": "AMC", "district": "Ahmedabad", "state": "Gujarat", "status": "Preliminary", "fp_no": "5", "reser_use": null, "reser_type": null, "tps_id": 212, "show_hide": 1, "fp_area": "450", "fp_area_final": 450.0, "temp": "450", "search": "Gota 33 5", "dxf_access": 1, "epsg_code": "EPSG:32643", "parcel_id": "5", "land_use": null, "area_sq_m": 450.0, "owner_name": null, "source_type": "CTPVD_Final_Plot", "source_id": "5", "survey_scheme": "Gota_33", "village_name": "Gota", "city_name": "Ahmedabad", "authority_name": "AMC", "district_name": "Ahmedabad", "state_name": "Gujarat", "status_name": "Preliminary" }, "geometry": { "type": "MultiPolygon", "coordinates": [ [ [ [ 8075615.838306895457208, 2643657.508364961948246 ], [ 8075640.258321480825543, 2643648.78267622878775 ], [ 8075633.946135849691927, 2643629.147635534405708 ], [ 8075609.526149112731218, 2643637.873306771274656 ], [ 8075615.838306895457208, 2643657.508364961948246 ] ] ] ] } },
{ "type": "Feature", "properties": { "id": "final_plot_boundary.fid-4639cb80_1a0ba89becd_649e", "gid": 24432, "tps_name": "Gota_33", "tps_no": "33", "village": "Gota", "city": "Ahmedabad", "authority": "AMC", "district": "Ahmedabad", "state": "Gujarat", "status": "Preliminary", "fp_no": "86", "reser_use": null, "reser_type": null, "tps_id": 212, "show_hide": 1, "fp_area": "5403", "fp_area_final": 5403.0, "temp": "5403", "search": "Gota 33 86", "dxf_access": 1, "epsg_code": "EPSG:32643", "parcel_id": "86", "land_use": null, "area_sq_m": 5403.0, "owner_name": null, "source_type": "CTPVD_Final_Plot", "source_id": "86", "survey_scheme": "Gota_33", "village_name": "Gota", "city_name": "Ahmedabad", "authority_name": "AMC", "district_name": "Ahmedabad", "state_name": "Gujarat", "status_name": "Preliminary" }, "geometry": { "type": "MultiPolygon", "coordinates": [ [ [ [ 8075833.832018542103469, 2642937.552729416638613 ], [ 8075805.215879728086293, 2642856.252481514587998 ], [ 8075776.283522774465382, 2642851.158054624684155 ], [ 8075758.668446161784232, 2642851.383112657349557 ], [ 8075736.503495023585856, 2642849.917188672348857 ], [ 8075774.819108436815441, 2642958.561659523751587 ], [ 8075833.832018542103469, 2642937.552729416638613 ] ] ] ] } },
{ "type": "Feature", "properties": { "id": "final_plot_boundary.fid-4639cb80_1a0ba89becd_649f", "gid": 24380, "tps_name": "Gota_33", "tps_no": "33", "village": "Gota", "city": "Ahmedabad", "authority": "AMC", "district": "Ahmedabad", "state": "Gujarat", "status": "Preliminary", "fp_no": "90", "reser_use": null, "reser_type": null, "tps_id": 212, "show_hide": 1, "fp_area": "6861", "fp_area_final": 6861.0, "temp": "6861", "search": "Gota 33 90", "dxf_access": 1, "epsg_code": "EPSG:32643", "parcel_id": "90", "land_use": null, "area_sq_m": 6861.0, "owner_name": null, "source_type": "CTPVD_Final_Plot", "source_id": "90", "survey_scheme": "Gota_33", "village_name": "Gota", "city_name": "Ahmedabad", "authority_name": "AMC", "district_name": "Ahmedabad", "state_name": "Gujarat", "status_name": "Preliminary" }, "geometry": { "type": "MultiPolygon", "coordinates": [ [ [ [ 8075587.379907398484647, 2643302.792457515373826 ], [ 8075588.900769023224711, 2643310.323222520295531 ], [ 8075596.879595085047185, 2643325.152672157157212 ], [ 8075606.073291694745421, 2643338.596431049052626 ], [ 8075606.599982702173293, 2643353.944223141297698 ], [ 8075747.206950647756457, 2643303.702165110968053 ], [ 8075730.015543942339718, 2643251.825642199255526 ], [ 8075674.942905969917774, 2643271.504467571154237 ], [ 8075628.105479790829122, 2643288.240474435500801 ], [ 8075587.379907398484647, 2643302.792457515373826 ] ] ] ] } },
{ "type": "Feature", "properties": { "id": "final_plot_boundary.fid-4639cb80_1a0ba89becd_64a0", "gid": 24483, "tps_name": "Gota_33", "tps_no": "33", "village": "Gota", "city": "Ahmedabad", "authority": "AMC", "district": "Ahmedabad", "state": "Gujarat", "status": "Preliminary", "fp_no": "26/1", "reser_use": null, "reser_type": null, "tps_id": 212, "show_hide": 1, "fp_area": "1774", "fp_area_final": 1774.0, "temp": "1774", "search": "Gota 33 26/1", "dxf_access": 1, "epsg_code": "EPSG:32643", "parcel_id": "26/1", "land_use": null, "area_sq_m": 1774.0, "owner_name": null, "source_type": "CTPVD_Final_Plot", "source_id": "26/1", "survey_scheme": "Gota_33", "village_name": "Gota", "city_name": "Ahmedabad", "authority_name": "AMC", "district_name": "Ahmedabad", "state_name": "Gujarat", "status_name": "Preliminary" }, "geometry": { "type": "MultiPolygon", "coordinates": [ [ [ [ 8075880.862573847174644, 2643918.060132699087262 ], [ 8075880.502289632335305, 2643914.726919366046786 ], [ 8075877.076809584163129, 2643908.998086476698518 ], [ 8075871.535296813584864, 2643910.855526595376432 ], [ 8075857.661205532029271, 2643909.364524517673999 ], [ 8075854.280789129436016, 2643949.779706045519561 ], [ 8075851.412075214087963, 2643984.07696858746931 ], [ 8075880.881172793917358, 2643987.395829253830016 ], [ 8075884.142453574575484, 2643948.404334755148739 ], [ 8075880.862573847174644, 2643918.060132699087262 ] ] ] ] } },
{ "type": "Feature", "properties": { "id": "final_plot_boundary.fid-4639cb80_1a0ba89becd_64a1", "gid": 24476, "tps_name": "Gota_33", "tps_no": "33", "village": "Gota", "city": "Ahmedabad", "authority": "AMC", "district": "Ahmedabad", "state": "Gujarat", "status": "Preliminary", "fp_no": "48", "reser_use": null, "reser_type": null, "tps_id": 212, "show_hide": 1, "fp_area": "7897", "fp_area_final": 7897.0, "temp": "7897", "search": "Gota 33 48", "dxf_access": 1, "epsg_code": "EPSG:32643", "parcel_id": "48", "land_use": null, "area_sq_m": 7897.0, "owner_name": null, "source_type": "CTPVD_Final_Plot", "source_id": "48", "survey_scheme": "Gota_33", "village_name": "Gota", "city_name": "Ahmedabad", "authority_name": "AMC", "district_name": "Ahmedabad", "state_name": "Gujarat", "status_name": "Preliminary" }, "geometry": { "type": "MultiPolygon", "coordinates": [ [ [ [ 8076332.794984664767981, 2643246.842992543242872 ], [ 8076335.419734503142536, 2643246.040141763631254 ], [ 8076336.162731577642262, 2643226.05749490391463 ], [ 8076334.547759437002242, 2643212.795589235145599 ], [ 8076310.940044976770878, 2643212.046005802229047 ], [ 8076312.00483550131321, 2643181.187109811697155 ], [ 8076311.524523218162358, 2643181.009544102940708 ], [ 8076279.546558593399823, 2643175.218519570771605 ], [ 8076231.511979368515313, 2643178.844619060866535 ], [ 8076176.576173179782927, 2643182.978466306813061 ], [ 8076169.998764167539775, 2643241.721895329654217 ], [ 8076332.794984664767981, 2643246.842992543242872 ] ] ] ] } },
{ "type": "Feature", "properties": { "id": "final_plot_boundary.fid-4639cb80_1a0ba89becd_64a2", "gid": 24377, "tps_name": "Gota_33", "tps_no": "33", "village": "Gota", "city": "Ahmedabad", "authority": "AMC", "district": "Ahmedabad", "state": "Gujarat", "status": "Preliminary", "fp_no": "8", "reser_use": null, "reser_type": null, "tps_id": 212, "show_hide": 1, "fp_area": "11299", "fp_area_final": 11299.0, "temp": "11299", "search": "Gota 33 8", "dxf_access": 1, "epsg_code": "EPSG:32643", "parcel_id": "8", "land_use": null, "area_sq_m": 11299.0, "owner_name": null, "source_type": "CTPVD_Final_Plot", "source_id": "8", "survey_scheme": "Gota_33", "village_name": "Gota", "city_name": "Ahmedabad", "authority_name": "AMC", "district_name": "Ahmedabad", "state_name": "Gujarat", "status_name": "Preliminary" }, "geometry": { "type": "MultiPolygon", "coordinates": [ [ [ [ 8075643.631626239977777, 2643428.813947796821594 ], [ 8075678.264809302054346, 2643416.438786434475332 ], [ 8075723.101315072737634, 2643400.417635709047318 ], [ 8075773.311967024579644, 2643382.476002455223352 ], [ 8075747.206950647756457, 2643303.702165110968053 ], [ 8075606.599982702173293, 2643353.944223141297698 ], [ 8075609.120673546567559, 2643427.397567336913198 ], [ 8075609.586737725883722, 2643440.978814842645079 ], [ 8075643.631626239977777, 2643428.813947796821594 ] ] ] ] } },
{ "type": "Feature", "properties": { "id": "final_plot_boundary.fid-4639cb80_1a0ba89becd_64a3", "gid": 24495, "tps_name": "Gota_33", "tps_no": "33", "village": "Gota", "city": "Ahmedabad", "authority": "AMC", "district": "Ahmedabad", "state": "Gujarat", "status": "Preliminary", "fp_no": "20", "reser_use": null, "reser_type": null, "tps_id": 212, "show_hide": 1, "fp_area": "1189", "fp_area_final": 1189.0, "temp": "1189", "search": "Gota 33 20", "dxf_access": 1, "epsg_code": "EPSG:32643", "parcel_id": "20", "land_use": null, "area_sq_m": 1189.0, "owner_name": null, "source_type": "CTPVD_Final_Plot", "source_id": "20", "survey_scheme": "Gota_33", "village_name": "Gota", "city_name": "Ahmedabad", "authority_name": "AMC", "district_name": "Ahmedabad", "state_name": "Gujarat", "status_name": "Preliminary" }, "geometry": { "type": "MultiPolygon", "coordinates": [ [ [ [ 8076241.964125283062458, 2644018.839470125734806 ], [ 8076258.275485618971288, 2644065.131297905463725 ], [ 8076285.348975166678429, 2644055.476575326640159 ], [ 8076269.039415935054421, 2644009.190112076234072 ], [ 8076241.964125283062458, 2644018.839470125734806 ] ] ] ] } },
{ "type": "Feature", "properties": { "id": "final_plot_boundary.fid-4639cb80_1a0ba89becd_64a4", "gid": 24498, "tps_name": "Gota_33", "tps_no": "33", "village": "Gota", "city": "Ahmedabad", "authority": "AMC", "district": "Ahmedabad", "state": "Gujarat", "status": "Preliminary", "fp_no": "112", "reser_use": null, "reser_type": null, "tps_id": 212, "show_hide": 1, "fp_area": "1642", "fp_area_final": 1642.0, "temp": "1642", "search": "Gota 33 112", "dxf_access": 1, "epsg_code": "EPSG:32643", "parcel_id": "112", "land_use": null, "area_sq_m": 1642.0, "owner_name": null, "source_type": "CTPVD_Final_Plot", "source_id": "112", "survey_scheme": "Gota_33", "village_name": "Gota", "city_name": "Ahmedabad", "authority_name": "AMC", "district_name": "Ahmedabad", "state_name": "Gujarat", "status_name": "Preliminary" }, "geometry": { "type": "MultiPolygon", "coordinates": [ [ [ [ 8075694.934982853941619, 2643466.743131961207837 ], [ 8075678.264809302054346, 2643416.438786434475332 ], [ 8075643.631626239977777, 2643428.813947796821594 ], [ 8075654.119009146466851, 2643460.461191785987467 ], [ 8075660.301698899827898, 2643479.118358000181615 ], [ 8075694.934982853941619, 2643466.743131961207837 ] ] ] ] } },
{ "type": "Feature", "properties": { "id": "final_plot_boundary.fid-4639cb80_1a0ba89becd_64a5", "gid": 24373, "tps_name": "Gota_33", "tps_no": "33", "village": "Gota", "city": "Ahmedabad", "authority": "AMC", "district": "Ahmedabad", "state": "Gujarat", "status": "Preliminary", "fp_no": "119", "reser_use": "Sale For Commercial", "reser_type": "Commercial", "tps_id": 212, "show_hide": 1, "fp_area": "2465", "fp_area_final": 2465.0, "temp": "2465", "search": "Gota 33 119", "dxf_access": 1, "epsg_code": "EPSG:32643", "parcel_id": "119", "land_use": "Sale For Commercial", "area_sq_m": 2465.0, "owner_name": null, "source_type": "CTPVD_Final_Plot", "source_id": "119", "survey_scheme": "Gota_33", "village_name": "Gota", "city_name": "Ahmedabad", "authority_name": "AMC", "district_name": "Ahmedabad", "state_name": "Gujarat", "status_name": "Preliminary" }, "geometry": { "type": "MultiPolygon", "coordinates": [ [ [ [ 8075892.442971287295222, 2644195.859761200845242 ], [ 8075918.728210179135203, 2644186.467181457206607 ], [ 8075920.466370077803731, 2644176.89694847818464 ], [ 8075928.521797605790198, 2644112.852292278781533 ], [ 8075871.869797089137137, 2644133.095918496605009 ], [ 8075873.750757477246225, 2644138.834287670906633 ], [ 8075892.442971287295222, 2644195.859761200845242 ] ] ] ] } },
{ "type": "Feature", "properties": { "id": "final_plot_boundary.fid-4639cb80_1a0ba89becd_64a6", "gid": 24459, "tps_name": "Gota_33", "tps_no": "33", "village": "Gota", "city": "Ahmedabad", "authority": "AMC", "district": "Ahmedabad", "state": "Gujarat", "status": "Preliminary", "fp_no": "84", "reser_use": null, "reser_type": null, "tps_id": 212, "show_hide": 1, "fp_area": "1762", "fp_area_final": 1762.0, "temp": "1762", "search": "Gota 33 84", "dxf_access": 1, "epsg_code": "EPSG:32643", "parcel_id": "84", "land_use": null, "area_sq_m": 1762.0, "owner_name": null, "source_type": "CTPVD_Final_Plot", "source_id": "84", "survey_scheme": "Gota_33", "village_name": "Gota", "city_name": "Ahmedabad", "authority_name": "AMC", "district_name": "Ahmedabad", "state_name": "Gujarat", "status_name": "Preliminary" }, "geometry": { "type": "MultiPolygon", "coordinates": [ [ [ [ 8075834.981999021023512, 2643110.992699089460075 ], [ 8075821.451966717839241, 2643072.552962738554925 ], [ 8075773.13639194983989, 2643089.753514263313264 ], [ 8075786.666317288763821, 2643128.193321848288178 ], [ 8075834.981999021023512, 2643110.992699089460075 ] ] ] ] } },
{ "type": "Feature", "properties": { "id": "final_plot_boundary.fid-4639cb80_1a0ba89becd_64a7", "gid": 24410, "tps_name": "Gota_33", "tps_no": "33", "village": "Gota", "city": "Ahmedabad", "authority": "AMC", "district": "Ahmedabad", "state": "Gujarat", "status": "Preliminary", "fp_no": "51", "reser_use": null, "reser_type": null, "tps_id": 212, "show_hide": 1, "fp_area": "1821", "fp_area_final": 1821.0, "temp": "1821", "search": "Gota 33 51", "dxf_access": 1, "epsg_code": "EPSG:32643", "parcel_id": "51", "land_use": null, "area_sq_m": 1821.0, "owner_name": null, "source_type": "CTPVD_Final_Plot", "source_id": "51", "survey_scheme": "Gota_33", "village_name": "Gota", "city_name": "Ahmedabad", "authority_name": "AMC", "district_name": "Ahmedabad", "state_name": "Gujarat", "status_name": "Preliminary" }, "geometry": { "type": "MultiPolygon", "coordinates": [ [ [ [ 8075810.578893003053963, 2643041.661770123057067 ], [ 8075787.12826456874609, 2642975.03666308382526 ], [ 8075758.312863476574421, 2642985.29503935854882 ], [ 8075781.763381347991526, 2643051.920220030006021 ], [ 8075810.578893003053963, 2643041.661770123057067 ] ] ] ] } },
{ "type": "Feature", "properties": { "id": "final_plot_boundary.fid-4639cb80_1a0ba89becd_64a8", "gid": 24494, "tps_name": "Gota_33", "tps_no": "33", "village": "Gota", "city": "Ahmedabad", "authority": "AMC", "district": "Ahmedabad", "state": "Gujarat", "status": "Preliminary", "fp_no": "24/2", "reser_use": null, "reser_type": null, "tps_id": 212, "show_hide": 1, "fp_area": "8371", "fp_area_final": 8371.0, "temp": "8371", "search": "Gota 33 24/2", "dxf_access": 1, "epsg_code": "EPSG:32643", "parcel_id": "24/2", "land_use": null, "area_sq_m": 8371.0, "owner_name": null, "source_type": "CTPVD_Final_Plot", "source_id": "24/2", "survey_scheme": "Gota_33", "village_name": "Gota", "city_name": "Ahmedabad", "authority_name": "AMC", "district_name": "Ahmedabad", "state_name": "Gujarat", "status_name": "Preliminary" }, "geometry": { "type": "MultiPolygon", "coordinates": [ [ [ [ 8075844.057625020854175, 2644048.247311534360051 ], [ 8075978.961824701167643, 2644003.029005930293351 ], [ 8075953.189202879555523, 2643925.260599780827761 ], [ 8075884.142453574575484, 2643948.404334755148739 ], [ 8075880.881172793917358, 2643987.395829253830016 ], [ 8075851.412075214087963, 2643984.07696858746931 ], [ 8075826.000010969117284, 2643993.157450139522552 ], [ 8075844.057625020854175, 2644048.247311534360051 ] ] ] ] } },
{ "type": "Feature", "properties": { "id": "final_plot_boundary.fid-4639cb80_1a0ba89becd_64a9", "gid": 24457, "tps_name": "Gota_33", "tps_no": "33", "village": "Gota", "city": "Ahmedabad", "authority": "AMC", "district": "Ahmedabad", "state": "Gujarat", "status": "Preliminary", "fp_no": "46", "reser_use": null, "reser_type": null, "tps_id": 212, "show_hide": 1, "fp_area": "2430", "fp_area_final": 2430.0, "temp": "2430", "search": "Gota 33 46", "dxf_access": 1, "epsg_code": "EPSG:32643", "parcel_id": "46", "land_use": null, "area_sq_m": 2430.0, "owner_name": null, "source_type": "CTPVD_Final_Plot", "source_id": "46", "survey_scheme": "Gota_33", "village_name": "Gota", "city_name": "Ahmedabad", "authority_name": "AMC", "district_name": "Ahmedabad", "state_name": "Gujarat", "status_name": "Preliminary" }, "geometry": { "type": "MultiPolygon", "coordinates": [ [ [ [ 8076344.423922784626484, 2643519.126172707416117 ], [ 8076333.563530358485878, 2643488.289445411879569 ], [ 8076317.734462597407401, 2643493.928036841098219 ], [ 8076250.479799441061914, 2643517.885125441942364 ], [ 8076261.340044341050088, 2643548.721951109357178 ], [ 8076344.423922784626484, 2643519.126172707416117 ] ] ] ] } },
{ "type": "Feature", "properties": { "id": "final_plot_boundary.fid-4639cb80_1a0ba89becd_64aa", "gid": 24482, "tps_name": "Gota_33", "tps_no": "33", "village": "Gota", "city": "Ahmedabad", "authority": "AMC", "district": "Ahmedabad", "state": "Gujarat", "status": "Preliminary", "fp_no": "79/2", "reser_use": null, "reser_type": null, "tps_id": 212, "show_hide": 1, "fp_area": "708", "fp_area_final": 708.0, "temp": "708", "search": "Gota 33 79/2", "dxf_access": 1, "epsg_code": "EPSG:32643", "parcel_id": "79/2", "land_use": null, "area_sq_m": 708.0, "owner_name": null, "source_type": "CTPVD_Final_Plot", "source_id": "79/2", "survey_scheme": "Gota_33", "village_name": "Gota", "city_name": "Ahmedabad", "authority_name": "AMC", "district_name": "Ahmedabad", "state_name": "Gujarat", "status_name": "Preliminary" }, "geometry": { "type": "MultiPolygon", "coordinates": [ [ [ [ 8075852.291886205784976, 2643272.562837792560458 ], [ 8075863.962529346346855, 2643305.719843341037631 ], [ 8075886.487940697930753, 2643297.700611262582242 ], [ 8075874.817254543304443, 2643264.543634364847094 ], [ 8075852.291886205784976, 2643272.562837792560458 ] ] ] ] } },
{ "type": "Feature", "properties": { "id": "final_plot_boundary.fid-4639cb80_1a0ba89becd_64ab", "gid": 24481, "tps_name": "Gota_33", "tps_no": "33", "village": "Gota", "city": "Ahmedabad", "authority": "AMC", "district": "Ahmedabad", "state": "Gujarat", "status": "Preliminary", "fp_no": "129", "reser_use": "Neighbourhood Center", "reser_type": "Public Purpose", "tps_id": 212, "show_hide": 1, "fp_area": "5083", "fp_area_final": 5083.0, "temp": "5083", "search": "Gota 33 129", "dxf_access": 1, "epsg_code": "EPSG:32643", "parcel_id": "129", "land_use": "Neighbourhood Center", "area_sq_m": 5083.0, "owner_name": null, "source_type": "CTPVD_Final_Plot", "source_id": "129", "survey_scheme": "Gota_33", "village_name": "Gota", "city_name": "Ahmedabad", "authority_name": "AMC", "district_name": "Ahmedabad", "state_name": "Gujarat", "status_name": "Preliminary" }, "geometry": { "type": "MultiPolygon", "coordinates": [ [ [ [ 8075706.941830732859671, 2643078.556744321249425 ], [ 8075727.444372288882732, 2643140.424978571012616 ], [ 8075727.53795469738543, 2643140.691908051725477 ], [ 8075727.640649611130357, 2643140.955427147913724 ], [ 8075727.75233444198966, 2643141.215221324935555 ], [ 8075727.872875899076462, 2643141.470980496145785 ], [ 8075728.002130093984306, 2643141.722399382852018 ], [ 8075728.13994275406003, 2643141.969177891965955 ], [ 8075728.286149385385215, 2643142.211021472234279 ], [ 8075728.440575475804508, 2643142.447641457431018 ], [ 8075728.60303670540452, 2643142.678755415137857 ], [ 8075728.773339157924056, 2643142.904087493661791 ], [ 8075728.951279558241367, 2643143.123368729837239 ], [ 8075729.136645530350506, 2643143.33633739547804 ], [ 8075729.329215805977583, 2643143.542739286087453 ], [ 8075729.528760543093085, 2643143.742328043561429 ], [ 8075729.735041560605168, 2643143.934865439776331 ], [ 8075729.947812647558749, 2643144.120121658314019 ], [ 8075730.166819836944342, 2643144.297875581774861 ], [ 8075730.391801724210382, 2643144.467915036715567 ], [ 8075730.622489764355123, 2643144.630037068855017 ], [ 8075730.858608619309962, 2643144.784048167522997 ], [ 8075731.099876448512077, 2643144.929764506407082 ], [ 8075731.346005280502141, 2643145.067012156359851 ], [ 8075731.596701337955892, 2643145.195627299603075 ], [ 8075731.851665388792753, 2643145.315456419251859 ], [ 8075732.110593095421791, 2643145.426356488373131 ], [ 8075732.373175426386297, 2643145.528195136692375 ], [ 8075732.639098940417171, 2643145.620850809849799 ], [ 8075732.908046249300241, 2643145.704212912824005 ], [ 8075733.179696321487427, 2643145.778181944973767 ], [ 8075733.45372493006289, 2643145.842669615987688 ], [ 8075733.729804984293878, 2643145.897598953451961 ], [ 8075734.007606964558363, 2643145.942904393654317 ], [ 8075734.286799276247621, 2643145.978531862609088 ], [ 8075734.567048685625196, 2643146.004438831005245 ], [ 8075734.848020678386092, 2643146.020594379864633 ], [ 8075735.12937989179045, 2643146.026979221496731 ], [ 8075735.410790490917861, 2643146.023585737682879 ], [ 8075735.691916586831212, 2643146.01041798107326 ], [ 8075735.97242262866348, 2643145.987491664476693 ], [ 8075736.251973806880414, 2643145.954834152944386 ], [ 8075736.530236442573369, 2643145.912484431639314 ], [ 8075736.806878411211073, 2643145.860493042971939 ], [ 8075737.081569499336183, 2643145.798922046087682 ], [ 8075737.35398184414953, 2643145.727844934910536 ], [ 8075737.623790293931961, 2643145.647346542682499 ], [ 8075737.8906728066504, 2643145.5575229562819 ], [ 8075786.666317288763821, 2643128.193321848288178 ], [ 8075773.13639194983989, 2643089.753514263313264 ], [ 8075821.451966717839241, 2643072.552962738554925 ], [ 8075810.578893003053963, 2643041.661770123057067 ], [ 8075781.763381347991526, 2643051.920220030006021 ], [ 8075706.941830732859671, 2643078.556744321249425 ] ] ] ] } },
{ "type": "Feature", "properties": { "id": "final_plot_boundary.fid-4639cb80_1a0ba89becd_64ac", "gid": 24395, "tps_name": "Gota_33", "tps_no": "33", "village": "Gota", "city": "Ahmedabad", "authority": "AMC", "district": "Ahmedabad", "state": "Gujarat", "status": "Preliminary", "fp_no": "31/1", "reser_use": null, "reser_type": null, "tps_id": 212, "show_hide": 1, "fp_area": "3036", "fp_area_final": 3036.0, "temp": "3036", "search": "Gota 33 31/1", "dxf_access": 1, "epsg_code": "EPSG:32643", "parcel_id": "31/1", "land_use": null, "area_sq_m": 3036.0, "owner_name": null, "source_type": "CTPVD_Final_Plot", "source_id": "31/1", "survey_scheme": "Gota_33", "village_name": "Gota", "city_name": "Ahmedabad", "authority_name": "AMC", "district_name": "Ahmedabad", "state_name": "Gujarat", "status_name": "Preliminary" }, "geometry": { "type": "MultiPolygon", "coordinates": [ [ [ [ 8075668.862504757009447, 2643583.231629243586212 ], [ 8075678.505008448846638, 2643613.225891378242522 ], [ 8075687.146928885951638, 2643640.107671743258834 ], [ 8075703.140280236490071, 2643634.392897287849337 ], [ 8075708.488728255964816, 2643651.029841998592019 ], [ 8075740.389706058427691, 2643639.630860985256732 ], [ 8075716.105510871857405, 2643566.350658262148499 ], [ 8075668.862504757009447, 2643583.231629243586212 ] ] ] ] } },
{ "type": "Feature", "properties": { "id": "final_plot_boundary.fid-4639cb80_1a0ba89becd_64ad", "gid": 24396, "tps_name": "Gota_33", "tps_no": "33", "village": "Gota", "city": "Ahmedabad", "authority": "AMC", "district": "Ahmedabad", "state": "Gujarat", "status": "Preliminary", "fp_no": "21", "reser_use": null, "reser_type": null, "tps_id": 212, "show_hide": 1, "fp_area": "6690", "fp_area_final": 6690.0, "temp": "6690", "search": "Gota 33 21", "dxf_access": 1, "epsg_code": "EPSG:32643", "parcel_id": "21", "land_use": null, "area_sq_m": 6690.0, "owner_name": null, "source_type": "CTPVD_Final_Plot", "source_id": "21", "survey_scheme": "Gota_33", "village_name": "Gota", "city_name": "Ahmedabad", "authority_name": "AMC", "district_name": "Ahmedabad", "state_name": "Gujarat", "status_name": "Preliminary" }, "geometry": { "type": "MultiPolygon", "coordinates": [ [ [ [ 8076207.66723848041147, 2643939.448635435663164 ], [ 8076189.573882709257305, 2643888.099080774001777 ], [ 8076096.968813304789364, 2643921.101927901152521 ], [ 8076125.441077855415642, 2644001.908625229727477 ], [ 8076144.166726826690137, 2644000.519442582968622 ], [ 8076143.467997809872031, 2643984.435985955409706 ], [ 8076206.283432120457292, 2643983.458277941681445 ], [ 8076192.660789356566966, 2643944.796730472240597 ], [ 8076207.66723848041147, 2643939.448635435663164 ] ] ] ] } },
{ "type": "Feature", "properties": { "id": "final_plot_boundary.fid-4639cb80_1a0ba89becd_64ae", "gid": 24488, "tps_name": "Gota_33", "tps_no": "33", "village": "Gota", "city": "Ahmedabad", "authority": "AMC", "district": "Ahmedabad", "state": "Gujarat", "status": "Preliminary", "fp_no": "115/2", "reser_use": null, "reser_type": null, "tps_id": 212, "show_hide": 1, "fp_area": "1908", "fp_area_final": 1908.0, "temp": "1908", "search": "Gota 33 115/2", "dxf_access": 1, "epsg_code": "EPSG:32643", "parcel_id": "115/2", "land_use": null, "area_sq_m": 1908.0, "owner_name": null, "source_type": "CTPVD_Final_Plot", "source_id": "115/2", "survey_scheme": "Gota_33", "village_name": "Gota", "city_name": "Ahmedabad", "authority_name": "AMC", "district_name": "Ahmedabad", "state_name": "Gujarat", "status_name": "Preliminary" }, "geometry": { "type": "MultiPolygon", "coordinates": [ [ [ [ 8075527.504829037934542, 2643311.108182021882385 ], [ 8075556.114220814779401, 2643307.687442398630083 ], [ 8075558.137373136356473, 2643307.261288791429251 ], [ 8075531.560366170480847, 2643233.492626770865172 ], [ 8075503.193684563972056, 2643243.628386786207557 ], [ 8075527.504829037934542, 2643311.108182021882385 ] ] ] ] } },
{ "type": "Feature", "properties": { "id": "final_plot_boundary.fid-4639cb80_1a0ba89becd_64af", "gid": 24426, "tps_name": "Gota_33", "tps_no": "33", "village": "Gota", "city": "Ahmedabad", "authority": "AMC", "district": "Ahmedabad", "state": "Gujarat", "status": "Preliminary", "fp_no": "13", "reser_use": null, "reser_type": null, "tps_id": 212, "show_hide": 1, "fp_area": "2916", "fp_area_final": 2916.0, "temp": "2916", "search": "Gota 33 13", "dxf_access": 1, "epsg_code": "EPSG:32643", "parcel_id": "13", "land_use": null, "area_sq_m": 2916.0, "owner_name": null, "source_type": "CTPVD_Final_Plot", "source_id": "13", "survey_scheme": "Gota_33", "village_name": "Gota", "city_name": "Ahmedabad", "authority_name": "AMC", "district_name": "Ahmedabad", "state_name": "Gujarat", "status_name": "Preliminary" }, "geometry": { "type": "MultiPolygon", "coordinates": [ [ [ [ 8075641.130749094299972, 2643739.08733795909211 ], [ 8075657.50794986449182, 2643733.235468903556466 ], [ 8075663.003212311305106, 2643749.457210175693035 ], [ 8075698.486874517984688, 2643736.778181878384203 ], [ 8075699.484058326110244, 2643736.421866674441844 ], [ 8075676.980092625133693, 2643672.721851672977209 ], [ 8075629.493316121399403, 2643689.689763368107378 ], [ 8075629.334892634302378, 2643689.749496129341424 ], [ 8075629.178619699552655, 2643689.814707444049418 ], [ 8075629.024684576317668, 2643689.885319173336029 ], [ 8075628.873271710239351, 2643689.961246709339321 ], [ 8075628.724562524817884, 2643690.042399072088301 ], [ 8075628.578735204413533, 2643690.128679024986923 ], [ 8075628.435964491218328, 2643690.219983183778822 ], [ 8075628.29642145242542, 2643690.316202147398144 ], [ 8075628.160273288376629, 2643690.417220619972795 ], [ 8075628.027683145366609, 2643690.52291756356135 ], [ 8075627.898809893988073, 2643690.633166322950274 ], [ 8075627.773807943798602, 2643690.74783480213955 ], [ 8075627.652827086858451, 2643690.866785598918796 ], [ 8075627.536012282595038, 2643690.989876182749867 ], [ 8075627.423503499478102, 2643691.116959062870592 ], [ 8075627.315435547381639, 2643691.247881968971342 ], [ 8075627.211937924847007, 2643691.38248802209273 ], [ 8075627.113134631887078, 2643691.520615936256945 ], [ 8075627.01914406567812, 2643691.662100200075656 ], [ 8075626.930078855715692, 2643691.806771287694573 ], [ 8075626.846045707352459, 2643691.954455845057964 ], [ 8075626.76714531891048, 2643692.104976915754378 ], [ 8075626.693472233600914, 2643692.258154142647982 ], [ 8075626.625114722177386, 2643692.4138039839454 ], [ 8075626.562154698185623, 2643692.571739932056516 ], [ 8075626.504667602479458, 2643692.731772749684751 ], [ 8075626.452722309157252, 2643692.89371067751199 ], [ 8075626.406381075270474, 2643693.057359676342458 ], [ 8075626.365699412301183, 2643693.222523663192987 ], [ 8075626.330726076848805, 2643693.389004728756845 ], [ 8075626.301502973772585, 2643693.556603392120451 ], [ 8075626.278065117076039, 2643693.725118834059685 ], [ 8075626.260440593585372, 2643693.894349130336195 ], [ 8075626.24865051638335, 2643694.06409151153639 ], [ 8075626.242709014564753, 2643694.234142581466585 ], [ 8075626.24262320715934, 2643694.404298581182957 ], [ 8075626.248393204063177, 2643694.574355629272759 ], [ 8075626.260012087412179, 2643694.744109954219311 ], [ 8075626.277465932071209, 2643694.913358154240996 ], [ 8075626.300733824260533, 2643695.081897430121899 ], [ 8075626.329787886701524, 2643695.249525834340602 ], [ 8075626.364593307487667, 2643695.416042509488761 ], [ 8075626.405108382925391, 2643695.581247930880636 ], [ 8075626.451284563168883, 2643695.744944143574685 ], [ 8075626.503066519275308, 2643695.906935004983097 ], [ 8075641.130749094299972, 2643739.08733795909211 ] ] ] ] } },
{ "type": "Feature", "properties": { "id": "final_plot_boundary.fid-4639cb80_1a0ba89becd_64b0", "gid": 24460, "tps_name": "Gota_33", "tps_no": "33", "village": "Gota", "city": "Ahmedabad", "authority": "AMC", "district": "Ahmedabad", "state": "Gujarat", "status": "Preliminary", "fp_no": "87", "reser_use": null, "reser_type": null, "tps_id": 212, "show_hide": 1, "fp_area": "4678", "fp_area_final": 4678.0, "temp": "4678", "search": "Gota 33 87", "dxf_access": 1, "epsg_code": "EPSG:32643", "parcel_id": "87", "land_use": null, "area_sq_m": 4678.0, "owner_name": null, "source_type": "CTPVD_Final_Plot", "source_id": "87", "survey_scheme": "Gota_33", "village_name": "Gota", "city_name": "Ahmedabad", "authority_name": "AMC", "district_name": "Ahmedabad", "state_name": "Gujarat", "status_name": "Preliminary" }, "geometry": { "type": "MultiPolygon", "coordinates": [ [ [ [ 8075781.763381347991526, 2643051.920220030006021 ], [ 8075758.312863476574421, 2642985.29503935854882 ], [ 8075692.256322204135358, 2643008.811156507115811 ], [ 8075691.993103350512683, 2643008.910031699109823 ], [ 8075691.733431793749332, 2643009.017977817449719 ], [ 8075691.477616486139596, 2643009.134866426698864 ], [ 8075691.225961787626147, 2643009.260558459442109 ], [ 8075690.978767128661275, 2643009.394904363434762 ], [ 8075690.736326615326107, 2643009.537744293455034 ], [ 8075690.49892869964242, 2643009.688908302690834 ], [ 8075690.266855840571225, 2643009.84821653412655 ], [ 8075690.040384157560766, 2643010.015479443129152 ], [ 8075689.819783108308911, 2643010.190498023293912 ], [ 8075689.605315166525543, 2643010.373064036481082 ], [ 8075689.397235502488911, 2643010.562960264738649 ], [ 8075689.195791685022414, 2643010.759960771538317 ], [ 8075689.001223395578563, 2643010.96383116627112 ], [ 8075688.813762133009732, 2643011.1743288859725 ], [ 8075688.633630936034024, 2643011.391203477978706 ], [ 8075688.461044126190245, 2643011.614196907263249 ], [ 8075688.296207050792873, 2643011.843043856788427 ], [ 8075688.139315823093057, 2643012.077472043223679 ], [ 8075687.990557121112943, 2643012.317202548962086 ], [ 8075687.850107932463288, 2643012.56195013737306 ], [ 8075687.71813537273556, 2643012.811423612292856 ], [ 8075687.594796451739967, 2643013.065326150506735 ], [ 8075687.480237930081785, 2643013.323355657514185 ], [ 8075687.374596093781292, 2643013.585205130744725 ], [ 8075687.277996654622257, 2643013.850563024636358 ], [ 8075687.190554530359805, 2643014.119113613385707 ], [ 8075687.112373769283295, 2643014.390537376981229 ], [ 8075687.043547388166189, 2643014.664511376060545 ], [ 8075686.984157280996442, 2643014.940709638874978 ], [ 8075686.934274110011756, 2643015.218803541269153 ], [ 8075686.893957222811878, 2643015.498462209478021 ], [ 8075686.863254588097334, 2643015.779352906160057 ], [ 8075686.842202735133469, 2643016.06114142620936 ], [ 8075686.830826723948121, 2643016.343492500018328 ], [ 8075686.829140078276396, 2643016.626070186495781 ], [ 8075686.837144807912409, 2643016.908538270741701 ], [ 8075686.854831385426223, 2643017.190560677554458 ], [ 8075686.882178775966167, 2643017.471801855135709 ], [ 8075686.919154440052807, 2643017.7519271816127 ], [ 8075686.965714385733008, 2643018.030603363644332 ], [ 8075687.021803207695484, 2643018.307498834095895 ], [ 8075687.087354186922312, 2643018.58228414086625 ], [ 8075687.162289314903319, 2643018.854632345493883 ], [ 8075687.246519444510341, 2643019.124219407793134 ], [ 8075706.941830732859671, 2643078.556744321249425 ], [ 8075781.763381347991526, 2643051.920220030006021 ] ] ] ] } },
{ "type": "Feature", "properties": { "id": "final_plot_boundary.fid-4639cb80_1a0ba89becd_64b1", "gid": 24499, "tps_name": "Gota_33", "tps_no": "33", "village": "Gota", "city": "Ahmedabad", "authority": "AMC", "district": "Ahmedabad", "state": "Gujarat", "status": "Preliminary", "fp_no": "114", "reser_use": null, "reser_type": null, "tps_id": 212, "show_hide": 1, "fp_area": "1907", "fp_area_final": 1907.0, "temp": "1907", "search": "Gota 33 114", "dxf_access": 1, "epsg_code": "EPSG:32643", "parcel_id": "114", "land_use": null, "area_sq_m": 1907.0, "owner_name": null, "source_type": "CTPVD_Final_Plot", "source_id": "114", "survey_scheme": "Gota_33", "village_name": "Gota", "city_name": "Ahmedabad", "authority_name": "AMC", "district_name": "Ahmedabad", "state_name": "Gujarat", "status_name": "Preliminary" }, "geometry": { "type": "MultiPolygon", "coordinates": [ [ [ [ 8075747.7695501614362, 2643647.427154948469251 ], [ 8075723.205997944809496, 2643656.204316488001496 ], [ 8075745.325318638235331, 2643718.814969070255756 ], [ 8075769.888959370553493, 2643710.037748277187347 ], [ 8075747.7695501614362, 2643647.427154948469251 ] ] ] ] } },
{ "type": "Feature", "properties": { "id": "final_plot_boundary.fid-4639cb80_1a0ba89becd_64b2", "gid": 24479, "tps_name": "Gota_33", "tps_no": "33", "village": "Gota", "city": "Ahmedabad", "authority": "AMC", "district": "Ahmedabad", "state": "Gujarat", "status": "Preliminary", "fp_no": "124", "reser_use": "Neighbourhood Center", "reser_type": "Public Purpose", "tps_id": 212, "show_hide": 1, "fp_area": "3135", "fp_area_final": 3135.0, "temp": "3135", "search": "Gota 33 124", "dxf_access": 1, "epsg_code": "EPSG:32643", "parcel_id": "124", "land_use": "Neighbourhood Center", "area_sq_m": 3135.0, "owner_name": null, "source_type": "CTPVD_Final_Plot", "source_id": "124", "survey_scheme": "Gota_33", "village_name": "Gota", "city_name": "Ahmedabad", "authority_name": "AMC", "district_name": "Ahmedabad", "state_name": "Gujarat", "status_name": "Preliminary" }, "geometry": { "type": "MultiPolygon", "coordinates": [ [ [ [ 8075578.902097919024527, 2643437.606073157861829 ], [ 8075579.18924527335912, 2643438.006064069457352 ], [ 8075579.46230732742697, 2643438.415910033974797 ], [ 8075579.720949975773692, 2643438.835109606385231 ], [ 8075579.964856775477529, 2643439.263149895239621 ], [ 8075580.193729309365153, 2643439.699507193639874 ], [ 8075580.407287538051605, 2643440.143647622317076 ], [ 8075580.605270183645189, 2643440.595027770847082 ], [ 8075580.787435003556311, 2643441.053095379844308 ], [ 8075580.953559127636254, 2643441.51729000126943 ], [ 8075581.103439291939139, 2643441.987043694127351 ], [ 8075581.236892118118703, 2643442.461781712714583 ], [ 8075581.3537543322891, 2643442.940923219081014 ], [ 8075581.453882951289415, 2643443.423881981987506 ], [ 8075581.537155454047024, 2643443.910067096352577 ], [ 8075581.603469962254167, 2643444.398883722256869 ], [ 8075581.652745342813432, 2643444.88973378483206 ], [ 8075581.684921299107373, 2643445.382016731891781 ], [ 8075581.699958465062082, 2643445.875130254309624 ], [ 8075581.697838446125388, 2643446.368471026420593 ], [ 8075581.678563821129501, 2643446.861435443628579 ], [ 8075581.642158184200525, 2643447.353420364204794 ], [ 8075581.588666072115302, 2643447.843823843635619 ], [ 8075581.518152931705117, 2643448.332045870833099 ], [ 8075581.430705029517412, 2643448.817489104345441 ], [ 8075581.326429357752204, 2643449.299559606704861 ], [ 8075581.205453502945602, 2643449.777667555958033 ], [ 8075581.067925471812487, 2643450.25122799212113 ], [ 8075580.91401353571564, 2643450.719661508221179 ], [ 8075580.743905996903777, 2643451.182394974865019 ], [ 8075580.557810983620584, 2643451.638862239196897 ], [ 8075580.355956186540425, 2643452.088504804763943 ], [ 8075580.138588573783636, 2643452.530772536993027 ], [ 8075579.905974085442722, 2643452.965124318841845 ], [ 8075579.658397333696485, 2643453.391028714831918 ], [ 8075579.396161231212318, 2643453.807964635081589 ], [ 8075579.119586613029242, 2643454.21542195091024 ], [ 8075578.829011872410774, 2643454.612902139313519 ], [ 8075578.524792534299195, 2643454.999918877612799 ], [ 8075578.207300806418061, 2643455.375998652074486 ], [ 8075577.876925139687955, 2643455.740681327413768 ], [ 8075577.534069746732712, 2643456.09352070838213 ], [ 8075577.179154117591679, 2643456.434085096698254 ], [ 8075576.812612490728498, 2643456.761957807000726 ], [ 8075576.434893328696489, 2643457.076737688388675 ], [ 8075591.309435039758682, 2643496.474597946275026 ], [ 8075591.393655782565475, 2643496.686481005512178 ], [ 8075591.485159430652857, 2643496.895287157967687 ], [ 8075591.583835075609386, 2643497.100763301830739 ], [ 8075591.689563108608127, 2643497.302660366985947 ], [ 8075591.802215366624296, 2643497.500733627937734 ], [ 8075591.921655308455229, 2643497.694742990657687 ], [ 8075592.047738142311573, 2643497.884453286416829 ], [ 8075592.180311053991318, 2643498.069634556770325 ], [ 8075592.319213332608342, 2643498.250062339939177 ], [ 8075592.464276612736285, 2643498.425517926923931 ], [ 8075592.615325060673058, 2643498.595788640901446 ], [ 8075592.772175579331815, 2643498.760668091010302 ], [ 8075592.934638043865561, 2643498.919956414494663 ], [ 8075593.102515529841185, 2643499.073460535611957 ], [ 8075593.275604541413486, 2643499.22099438123405 ], [ 8075593.453695266507566, 2643499.362379122525454 ], [ 8075593.636571844108403, 2643499.497443375643343 ], [ 8075593.824012593366206, 2643499.626023424323648 ], [ 8075594.015790312550962, 2643499.747963414061815 ], [ 8075594.211672535166144, 2643499.863115532789379 ], [ 8075594.411421827040613, 2643499.971340198069811 ], [ 8075594.614796058274806, 2643500.072506228927523 ], [ 8075594.821548719890416, 2643500.166490994859487 ], [ 8075595.031429190188646, 2643500.253180572297424 ], [ 8075595.244183061644435, 2643500.332469883840531 ], [ 8075595.459552446380258, 2643500.404262813273817 ], [ 8075595.677276291884482, 2643500.468472343403846 ], [ 8075595.897090680897236, 2643500.525020639877766 ], [ 8075596.118729163892567, 2643500.573839156888425 ], [ 8075596.341923076659441, 2643500.6148687209934 ], [ 8075596.566401896066964, 2643500.648059595841914 ], [ 8075596.791893501766026, 2643500.673371551558375 ], [ 8075597.018124578520656, 2643500.690773906651884 ], [ 8075597.244820892810822, 2643500.700245564803481 ], [ 8075597.471707656048238, 2643500.701775045599788 ], [ 8075597.698509846813977, 2643500.695360495708883 ], [ 8075597.924952554516494, 2643500.681009689345956 ], [ 8075598.150761293247342, 2643500.658740024082363 ], [ 8075598.375662348233163, 2643500.628578491043299 ], [ 8075598.599383110180497, 2643500.590561653021723 ], [ 8075598.821652399376035, 2643500.544735589530319 ], [ 8075599.042200786992908, 2643500.491155850235373 ], [ 8075599.260760934092104, 2643500.429887381847948 ], [ 8075599.477067925035954, 2643500.361004449427128 ], [ 8075624.830314973369241, 2643491.796093583106995 ], [ 8075638.968737711198628, 2643486.742927364539355 ], [ 8075632.421926436014473, 2643468.215894130524248 ], [ 8075654.119009146466851, 2643460.461191785987467 ], [ 8075643.631626239977777, 2643428.813947796821594 ], [ 8075609.586737725883722, 2643440.978814842645079 ], [ 8075609.120673546567559, 2643427.397567336913198 ], [ 8075578.902097919024527, 2643437.606073157861829 ] ] ] ] } },
{ "type": "Feature", "properties": { "id": "final_plot_boundary.fid-4639cb80_1a0ba89becd_64b3", "gid": 24463, "tps_name": "Gota_33", "tps_no": "33", "village": "Gota", "city": "Ahmedabad", "authority": "AMC", "district": "Ahmedabad", "state": "Gujarat", "status": "Preliminary", "fp_no": "72", "reser_use": null, "reser_type": null, "tps_id": 212, "show_hide": 1, "fp_area": "4007", "fp_area_final": 4007.0, "temp": "4007", "search": "Gota 33 72", "dxf_access": 1, "epsg_code": "EPSG:32643", "parcel_id": "72", "land_use": null, "area_sq_m": 4007.0, "owner_name": null, "source_type": "CTPVD_Final_Plot", "source_id": "72", "survey_scheme": "Gota_33", "village_name": "Gota", "city_name": "Ahmedabad", "authority_name": "AMC", "district_name": "Ahmedabad", "state_name": "Gujarat", "status_name": "Preliminary" }, "geometry": { "type": "MultiPolygon", "coordinates": [ [ [ [ 8075863.735596345737576, 2643551.690968665294349 ], [ 8075972.582191434688866, 2643512.921025618445128 ], [ 8075976.541035118512809, 2643511.510913560632616 ], [ 8075964.048071554861963, 2643473.813985574990511 ], [ 8075851.2428791038692, 2643513.993883093353361 ], [ 8075863.735596345737576, 2643551.690968665294349 ] ] ] ] } },
{ "type": "Feature", "properties": { "id": "final_plot_boundary.fid-4639cb80_1a0ba89becd_64b4", "gid": 24378, "tps_name": "Gota_33", "tps_no": "33", "village": "Gota", "city": "Ahmedabad", "authority": "AMC", "district": "Ahmedabad", "state": "Gujarat", "status": "Preliminary", "fp_no": "88", "reser_use": null, "reser_type": null, "tps_id": 212, "show_hide": 1, "fp_area": "4130", "fp_area_final": 4130.0, "temp": "4130", "search": "Gota 33 88", "dxf_access": 1, "epsg_code": "EPSG:32643", "parcel_id": "88", "land_use": null, "area_sq_m": 4130.0, "owner_name": null, "source_type": "CTPVD_Final_Plot", "source_id": "88", "survey_scheme": "Gota_33", "village_name": "Gota", "city_name": "Ahmedabad", "authority_name": "AMC", "district_name": "Ahmedabad", "state_name": "Gujarat", "status_name": "Preliminary" }, "geometry": { "type": "MultiPolygon", "coordinates": [ [ [ [ 8075674.942905969917774, 2643271.504467571154237 ], [ 8075730.015543942339718, 2643251.825642199255526 ], [ 8075706.198754104785621, 2643179.956244219560176 ], [ 8075706.10509941726923, 2643179.689118146430701 ], [ 8075706.002318844199181, 2643179.425407730042934 ], [ 8075705.89053522888571, 2643179.165428196080029 ], [ 8075705.769882212392986, 2643178.909490316640586 ], [ 8075705.640504000708461, 2643178.657900026533753 ], [ 8075705.502555258572102, 2643178.410958067514002 ], [ 8075705.35620088595897, 2643178.168959625065327 ], [ 8075705.201615820638835, 2643177.932193972170353 ], [ 8075705.038984852842987, 2643177.700944130308926 ], [ 8075704.868502385914326, 2643177.475486524403095 ], [ 8075704.690372209995985, 2643177.256090661510825 ], [ 8075704.504807252436876, 2643177.043018791824579 ], [ 8075704.312029329128563, 2643176.836525617167354 ], [ 8075704.112268882803619, 2643176.636857971549034 ], [ 8075703.905764696188271, 2643176.444254526868463 ], [ 8075703.692763618193567, 2643176.258945511188358 ], [ 8075703.47352025937289, 2643176.081152439583093 ], [ 8075703.24829669483006, 2643175.911087837070227 ], [ 8075703.017362156882882, 2643175.748954990878701 ], [ 8075702.780992679297924, 2643175.594947707373649 ], [ 8075702.539470824413002, 2643175.449250081554055 ], [ 8075702.293085291981697, 2643175.312036273535341 ], [ 8075702.042130590416491, 2643175.183470302261412 ], [ 8075701.786906723864377, 2643175.063705851789564 ], [ 8075701.527718753553927, 2643174.952886083163321 ], [ 8075701.264876515604556, 2643174.851143463980407 ], [ 8075700.998694200068712, 2643174.758599613327533 ], [ 8075700.729489981196821, 2643174.67536515602842 ], [ 8075700.457585667259991, 2643174.601539583876729 ], [ 8075700.183306277729571, 2643174.53721114853397 ], [ 8075699.906979669816792, 2643174.482456742785871 ], [ 8075699.628936158493161, 2643174.437341815792024 ], [ 8075699.349508101120591, 2643174.401920302305371 ], [ 8075699.06902951747179, 2643174.376234537456185 ], [ 8075698.787835680879653, 2643174.360315227415413 ], [ 8075698.506262713111937, 2643174.354181403294206 ], [ 8075698.224647202529013, 2643174.357840393669903 ], [ 8075697.943325780332088, 2643174.371287824120373 ], [ 8075697.662634721957147, 2643174.394507623743266 ], [ 8075697.382909555919468, 2643174.427472035400569 ], [ 8075697.104484654963017, 2643174.470141653902829 ], [ 8075696.827692837454379, 2643174.522465473040938 ], [ 8075696.552864969708025, 2643174.584380950313061 ], [ 8075696.280329566448927, 2643174.655814071185887 ], [ 8075696.010412400588393, 2643174.736679448280483 ], [ 8075695.743436133489013, 2643174.826880420092493 ], [ 8075648.49955278262496, 2643191.708221482113004 ], [ 8075674.942905969917774, 2643271.504467571154237 ] ] ] ] } },
{ "type": "Feature", "properties": { "id": "final_plot_boundary.fid-4639cb80_1a0ba89becd_64b5", "gid": 24451, "tps_name": "Gota_33", "tps_no": "33", "village": "Gota", "city": "Ahmedabad", "authority": "AMC", "district": "Ahmedabad", "state": "Gujarat", "status": "Preliminary", "fp_no": "35/1", "reser_use": null, "reser_type": null, "tps_id": 212, "show_hide": 1, "fp_area": "3348", "fp_area_final": 3348.0, "temp": "3348", "search": "Gota 33 35/1", "dxf_access": 1, "epsg_code": "EPSG:32643", "parcel_id": "35/1", "land_use": null, "area_sq_m": 3348.0, "owner_name": null, "source_type": "CTPVD_Final_Plot", "source_id": "35/1", "survey_scheme": "Gota_33", "village_name": "Gota", "city_name": "Ahmedabad", "authority_name": "AMC", "district_name": "Ahmedabad", "state_name": "Gujarat", "status_name": "Preliminary" }, "geometry": { "type": "MultiPolygon", "coordinates": [ [ [ [ 8076092.079018570482731, 2644004.383571406360716 ], [ 8076066.554050023667514, 2643931.941089254803956 ], [ 8076004.89641064312309, 2643953.914328687358648 ], [ 8076004.650805499404669, 2643954.006679831538349 ], [ 8076004.408512738533318, 2643954.10749312536791 ], [ 8076004.169820511713624, 2643954.216648674570024 ], [ 8076003.935012701898813, 2643954.334016655571759 ], [ 8076003.70436857547611, 2643954.459457480814308 ], [ 8076003.478162436746061, 2643954.592821963597089 ], [ 8076003.256663310341537, 2643954.733951493632048 ], [ 8076003.040134632959962, 2643954.882678222376853 ], [ 8076002.82883392740041, 2643955.038825268857181 ], [ 8076002.623012483119965, 2643955.202206923160702 ], [ 8076002.422915103845298, 2643955.372628879267722 ], [ 8076002.228779751807451, 2643955.549888445995748 ], [ 8076002.04083732701838, 2643955.733774811029434 ], [ 8076001.859311341308057, 2643955.924069276545197 ], [ 8076001.684417694807053, 2643956.120545523706824 ], [ 8076001.5163643816486, 2643956.322969877161086 ], [ 8076001.355351276695728, 2643956.531101595144719 ], [ 8076001.201569876633584, 2643956.744693144224584 ], [ 8076001.055203069932759, 2643956.96349049732089 ], [ 8076000.916424931958318, 2643957.187233435921371 ], [ 8076000.785400516353548, 2643957.415655860677361 ], [ 8076000.662285653874278, 2643957.648486104793847 ], [ 8076000.547226760536432, 2643957.885447265114635 ], [ 8076000.440360683947802, 2643958.126257517840713 ], [ 8076000.341814522631466, 2643958.370630464050919 ], [ 8076000.251705471426249, 2643958.618275470100343 ], [ 8076000.17014070507139, 2643958.868898007087409 ], [ 8076000.097217231057584, 2643959.122200007550418 ], [ 8076000.0330217666924, 2643959.377880220301449 ], [ 8075999.977630670182407, 2643959.635634555481374 ], [ 8075999.931109824217856, 2643959.89515646873042 ], [ 8075999.893514547497034, 2643960.156137305311859 ], [ 8075999.864889557473361, 2643960.418266673572361 ], [ 8075999.845268896780908, 2643960.681232827715576 ], [ 8075999.834675902500749, 2643960.944723012857139 ], [ 8075999.833123175427318, 2643961.208423858042806 ], [ 8075999.840612555854023, 2643961.472021741326898 ], [ 8075999.85713514406234, 2643961.735203165560961 ], [ 8075999.882671282626688, 2643961.997655119746923 ], [ 8075999.91719060856849, 2643962.259065471589565 ], [ 8075999.960652066394687, 2643962.519123320933431 ], [ 8076000.013003965839744, 2643962.777519376482815 ], [ 8076000.074184042401612, 2643963.033946324605495 ], [ 8076000.144119541160762, 2643963.288099195342511 ], [ 8076000.222727279178798, 2643963.539675718173385 ], [ 8076011.463926007039845, 2643997.459516509436071 ], [ 8076056.808464050292969, 2643982.515395888127387 ], [ 8076064.598325662314892, 2644006.422159185167402 ], [ 8076092.079018570482731, 2644004.383571406360716 ] ] ] ] } },
{ "type": "Feature", "properties": { "id": "final_plot_boundary.fid-4639cb80_1a0ba89becd_64b6", "gid": 24520, "tps_name": "Gota_33", "tps_no": "33", "village": "Gota", "city": "Ahmedabad", "authority": "AMC", "district": "Ahmedabad", "state": "Gujarat", "status": "Preliminary", "fp_no": "50/2", "reser_use": null, "reser_type": null, "tps_id": 212, "show_hide": 1, "fp_area": "4811", "fp_area_final": 4811.0, "temp": "4811", "search": "Gota 33 50/2", "dxf_access": 1, "epsg_code": "EPSG:32643", "parcel_id": "50/2", "land_use": null, "area_sq_m": 4811.0, "owner_name": null, "source_type": "CTPVD_Final_Plot", "source_id": "50/2", "survey_scheme": "Gota_33", "village_name": "Gota", "city_name": "Ahmedabad", "authority_name": "AMC", "district_name": "Ahmedabad", "state_name": "Gujarat", "status_name": "Preliminary" }, "geometry": { "type": "MultiPolygon", "coordinates": [ [ [ [ 8076301.974266718141735, 2643449.178699597716331 ], [ 8076275.414303196594119, 2643373.764379946514964 ], [ 8076208.160105396062136, 2643397.721158260013908 ], [ 8076234.71977686882019, 2643473.135672643780708 ], [ 8076301.974266718141735, 2643449.178699597716331 ] ] ] ] } },
{ "type": "Feature", "properties": { "id": "final_plot_boundary.fid-4639cb80_1a0ba89becd_64b7", "gid": 24486, "tps_name": "Gota_33", "tps_no": "33", "village": "Gota", "city": "Ahmedabad", "authority": "AMC", "district": "Ahmedabad", "state": "Gujarat", "status": "Preliminary", "fp_no": "27/1", "reser_use": null, "reser_type": null, "tps_id": 212, "show_hide": 1, "fp_area": "1744", "fp_area_final": 1744.0, "temp": "1744", "search": "Gota 33 27/1", "dxf_access": 1, "epsg_code": "EPSG:32643", "parcel_id": "27/1", "land_use": null, "area_sq_m": 1744.0, "owner_name": null, "source_type": "CTPVD_Final_Plot", "source_id": "27/1", "survey_scheme": "Gota_33", "village_name": "Gota", "city_name": "Ahmedabad", "authority_name": "AMC", "district_name": "Ahmedabad", "state_name": "Gujarat", "status_name": "Preliminary" }, "geometry": { "type": "MultiPolygon", "coordinates": [ [ [ [ 8075953.189202879555523, 2643925.260599780827761 ], [ 8075945.365605214610696, 2643901.652979974169284 ], [ 8075945.308862456120551, 2643901.491223824676126 ], [ 8075945.246542800217867, 2643901.331557115074247 ], [ 8075945.178722125478089, 2643901.174174252897501 ], [ 8075945.105483012273908, 2643901.01926686335355 ], [ 8075945.026914629153907, 2643900.867023562081158 ], [ 8075944.943112643435597, 2643900.717629713471979 ], [ 8075944.854179091751575, 2643900.571267219725996 ], [ 8075944.760222254320979, 2643900.428114289883524 ], [ 8075944.661356539465487, 2643900.288345221895725 ], [ 8075944.557702321559191, 2643900.152130198199302 ], [ 8075944.449385798536241, 2643900.019635071512312 ], [ 8075944.336538870818913, 2643899.891021162737161 ], [ 8075944.219298925250769, 2643899.766445075161755 ], [ 8075944.097808723337948, 2643899.646058484446257 ], [ 8075943.97221617680043, 2643899.530007975175977 ], [ 8075943.842674215324223, 2643899.418434845749289 ], [ 8075943.709340562112629, 2643899.311474949587137 ], [ 8075943.572377567179501, 2643899.209258513059467 ], [ 8075943.431951984763145, 2643899.111909997649491 ], [ 8075943.288234797306359, 2643899.019547930918634 ], [ 8075943.141401002183557, 2643898.93228477332741 ], [ 8075942.991629371419549, 2643898.850226772483438 ], [ 8075942.839102271012962, 2643898.773473841603845 ], [ 8075942.684005408547819, 2643898.702119435183704 ], [ 8075942.526527629233897, 2643898.636250428389758 ], [ 8075942.366860680282116, 2643898.575947027653456 ], [ 8075942.205198964104056, 2643898.52128265472129 ], [ 8075942.041739320382476, 2643898.472323867958039 ], [ 8075941.876680769026279, 2643898.429130278062075 ], [ 8075941.710224289447069, 2643898.391754477284849 ], [ 8075941.54257255140692, 2643898.360241973306984 ], [ 8075941.373929684050381, 2643898.334631134755909 ], [ 8075941.204501029103994, 2643898.314953149296343 ], [ 8075941.034492880105972, 2643898.301231967750937 ], [ 8075940.864112229086459, 2643898.293484305031598 ], [ 8075940.693566530942917, 2643898.291719591710716 ], [ 8075940.523063443601131, 2643898.29593997541815 ], [ 8075940.352810565382242, 2643898.30614031618461 ], [ 8075940.183015197515488, 2643898.322308199945837 ], [ 8075940.013884069398046, 2643898.34442393342033 ], [ 8075939.845623119734228, 2643898.372460593935102 ], [ 8075939.678437219001353, 2643898.406384044326842 ], [ 8075939.512529926374555, 2643898.44615297857672 ], [ 8075939.348103251308203, 2643898.491718973964453 ], [ 8075939.185357393696904, 2643898.543026552535594 ], [ 8075880.862573847174644, 2643918.060132699087262 ], [ 8075884.142453574575484, 2643948.404334755148739 ], [ 8075953.189202879555523, 2643925.260599780827761 ] ] ] ] } }
]
}
