{"type":"FeatureCollection","totalFeatures":149,"features":[{"type":"Feature","id":"final_plot_boundary.fid-4639cb80_1a0ba89becd_6423","geometry":{"type":"MultiPolygon","coordinates":[[[[8075851.412075214,2643984.0769685875],[8075854.280789129,2643949.7797060455],[8075846.081129559,2643952.709695348],[8075844.182094745,2643947.3344047926],[8075724.442057012,2643990.120620365],[8075726.076183393,2643995.0694748648],[8075726.113413774,2643995.176047758],[8075726.154274104,2643995.28126693],[8075726.198715843,2643995.3850073707],[8075726.24668619,2643995.487145822],[8075726.2981281495,2643995.5875609405],[8075726.352980608,2643995.6861334173],[8075726.411178386,2643995.7827461394],[8075726.472652347,2643995.8772843215],[8075726.537329448,2643995.9696356454],[8075726.605132857,2643996.0596903856],[8075726.675982007,2643996.1473415494],[8075726.749792721,2643996.232484999],[8075726.826477309,2643996.3150195754],[8075726.905944665,2643996.3948472175],[8075726.988100367,2643996.4718730845],[8075727.072846809,2643996.5460056583],[8075727.160083308,2643996.617156867],[8075727.249706212,2643996.6852421714],[8075727.341609045,2643996.750180683],[8075727.435682613,2643996.811895245],[8075727.53181515,2643996.870312538],[8075727.629892442,2643996.9253631537],[8075727.729797959,2643996.976981688],[8075727.831413009,2643997.0251068096],[8075727.93461686,2643997.069681347],[8075728.039286895,2643997.1106523355],[8075728.145298758,2643997.1479710997],[8075728.252526495,2643997.1815933017],[8075728.360842707,2643997.211478995],[8075728.47011871,2643997.237592672],[8075728.580224664,2643997.2599033066],[8075728.69102976,2643997.278384393],[8075728.802402345,2643997.2930139713],[8075728.914210105,2643997.303774661],[8075729.02632019,2643997.31065368],[8075729.137090539,2643997.3174274345],[8075729.247567296,2643997.3279906674],[8075729.357622334,2643997.342331129],[8075729.467128004,2643997.360432184],[8075729.575957294,2643997.382272838],[8075729.683983977,2643997.4078277634],[8075729.791082769,2643997.437067315],[8075729.897129443,2643997.4699575827],[8075730.002001008,2643997.5064604194],[8075730.10557582,2643997.546533487],[8075730.2077337615,2643997.590130305],[8075730.3083563335,2643997.6372003113],[8075730.407326838,2643997.6876889095],[8075730.504530481,2643997.7415375407],[8075730.599854525,2643997.7986837537],[8075730.693188402,2643997.859061262],[8075730.784423866,2643997.9226000407],[8075730.873455098,2643997.9892263943],[8075730.960178831,2643998.0588630433],[8075731.044494484,2643998.131429227],[8075731.126304258,2643998.2068407736],[8075731.205513271,2643998.2850102223],[8075731.282029655,2643998.365846905],[8075731.355764657,2643998.449257068],[8075731.426632762,2643998.535143965],[8075731.494551775,2643998.6234079823],[8075731.5594429085,2643998.71394675],[8075731.621230916,2643998.8066552514],[8075731.67984412,2643998.901425964],[8075731.735214544,2643998.998148969],[8075731.787277963,2643999.0967120808],[8075731.835973998,2643999.197000982],[8075731.8812461635,2643999.298899354],[8075731.923041954,2643999.4022890097],[8075731.961312892,2643999.5070500346],[8075766.654095228,2644099.7123590587],[8075787.7434031395,2644092.176631745],[8075851.042942842,2644069.557959876],[8075844.057625021,2644048.2473115344],[8075826.000010969,2643993.1574501395],[8075851.412075214,2643984.0769685875]]]]},"geometry_name":"the_geom","properties":{"gid":24389,"tps_name":"Gota_33","tps_no":"33","village":"Gota","city":"Ahmedabad","authority":"AMC","district":"Ahmedabad","state":"Gujarat","status":"Preliminary","fp_no":"121","reser_use":"Housing For S.E.W.S.","reser_type":"Housing For S.E.W.S","tps_id":212,"show_hide":1,"fp_area":"10034","fp_area_final":10034,"temp":"10034","search":"Gota 33 121","dxf_access":1,"epsg_code":"EPSG:32643"}},{"type":"Feature","id":"final_plot_boundary.fid-4639cb80_1a0ba89becd_6424","geometry":{"type":"MultiPolygon","coordinates":[[[[8075592.952319744,2643587.1854575286],[8075599.883765579,2643607.878969137],[8075615.450902951,2643602.316581927],[8075608.519954371,2643581.624542862],[8075592.952319744,2643587.1854575286]]]]},"geometry_name":"the_geom","properties":{"gid":24492,"tps_name":"Gota_33","tps_no":"33","village":"Gota","city":"Ahmedabad","authority":"AMC","district":"Ahmedabad","state":"Gujarat","status":"Preliminary","fp_no":"6/2","reser_use":null,"reser_type":null,"tps_id":212,"show_hide":1,"fp_area":"304","fp_area_final":304,"temp":"304","search":"Gota 33 6/2","dxf_access":1,"epsg_code":"EPSG:32643"}},{"type":"Feature","id":"final_plot_boundary.fid-4639cb80_1a0ba89becd_6425","geometry":{"type":"MultiPolygon","coordinates":[[[[8075694.934982854,2643466.743131961],[8075739.771619235,2643450.7218975043],[8075723.101315073,2643400.417635709],[8075678.264809302,2643416.4387864345],[8075694.934982854,2643466.743131961]]]]},"geometry_name":"the_geom","properties":{"gid":24475,"tps_name":"Gota_33","tps_no":"33","village":"Gota","city":"Ahmedabad","authority":"AMC","district":"Ahmedabad","state":"Gujarat","status":"Preliminary","fp_no":"95","reser_use":null,"reser_type":null,"tps_id":212,"show_hide":1,"fp_area":"2126","fp_area_final":2126,"temp":"2126","search":"Gota 33 95","dxf_access":1,"epsg_code":"EPSG:32643"}},{"type":"Feature","id":"final_plot_boundary.fid-4639cb80_1a0ba89becd_6426","geometry":{"type":"MultiPolygon","coordinates":[[[[8076043.538094099,2643860.27339528],[8076013.446367684,2643870.9918970894],[8076018.881779357,2643886.4261449976],[8076026.857828371,2643909.074695687],[8076031.911509097,2643923.4249629234],[8076031.9911926435,2643923.639267851],[8076032.07826512,2643923.8506451496],[8076032.172620429,2643924.058837233],[8076032.274143587,2643924.2635904034],[8076032.382710874,2643924.464655146],[8076032.498189997,2643924.6617864477],[8076032.620440239,2643924.8547440832],[8076032.749312612,2643925.043292916],[8076032.8846500795,2643925.2272031805],[8076033.02628773,2643925.406250766],[8076033.174052946,2643925.5802174844],[8076033.327765675,2643925.7488913424],[8076033.487238612,2643925.9120667926],[8076033.652277404,2643926.069544991],[8076033.822680947,2643926.2211340372],[8076033.998241588,2643926.3666492025],[8076034.178745383,2643926.505913165],[8076034.363972384,2643926.638756217],[8076034.5536968615,2643926.765016477],[8076034.7476876285,2643926.884540084],[8076034.94570828,2643926.997181389],[8076035.147517514,2643927.102803126],[8076035.35286941,2643927.2012765827],[8076035.561513726,2643927.2924817638],[8076035.773196202,2643927.3763075257],[8076035.987658893,2643927.4526517154],[8076036.204640446,2643927.5214213044],[8076036.423876452,2643927.5825324897],[8076036.645099759,2643927.6359107993],[8076036.868040772,2643927.6814911896],[8076037.092427831,2643927.7192181135],[8076037.317987484,2643927.7490455965],[8076037.54444488,2643927.7709372942],[8076037.771524047,2643927.7848665267],[8076037.9989482695,2643927.790816322],[8076038.226440415,2643927.7887794278],[8076038.453723258,2643927.7787583275],[8076038.680519836,2643927.760765234],[8076038.906553773,2643927.734822069],[8076039.131549624,2643927.7009604513],[8076039.3552332185,2643927.659221643],[8076039.577331966,2643927.609656504],[8076039.797575229,2643927.5523254396],[8076040.015694605,2643927.487298309],[8076040.231424313,2643927.4146543564],[8076064.177740709,2643918.8807558664],[8076043.538094099,2643860.27339528]]]]},"geometry_name":"the_geom","properties":{"gid":24399,"tps_name":"Gota_33","tps_no":"33","village":"Gota","city":"Ahmedabad","authority":"AMC","district":"Ahmedabad","state":"Gujarat","status":"Preliminary","fp_no":"29","reser_use":null,"reser_type":null,"tps_id":212,"show_hide":1,"fp_area":"1665","fp_area_final":1665,"temp":"1665","search":"Gota 33 29","dxf_access":1,"epsg_code":"EPSG:32643"}},{"type":"Feature","id":"final_plot_boundary.fid-4639cb80_1a0ba89becd_6427","geometry":{"type":"MultiPolygon","coordinates":[[[[8075736.503495024,2642849.9171886723],[8075733.664203752,2642849.7294041924],[8075706.619416096,2642845.283570362],[8075659.974702162,2642830.6777966404],[8075633.182667673,2642825.6253332407],[8075632.958984831,2642825.5901715704],[8075632.734222522,2642825.562845361],[8075632.508652032,2642825.543387595],[8075632.282545601,2642825.531821757],[8075632.056176153,2642825.528161806],[8075631.829816902,2642825.5324121574],[8075631.603741061,2642825.5445676846],[8075631.378221499,2642825.5646137157],[8075631.153530415,2642825.5925260554],[8075630.929939006,2642825.6282710126],[8075630.707717137,2642825.6718054446],[8075630.487133033,2642825.7230768083],[8075630.268452926,2642825.782023216],[8075630.051940767,2642825.848573524],[8075629.83785787,2642825.9226474073],[8075629.626462639,2642826.004155458],[8075629.418010224,2642826.092999301],[8075629.212752213,2642826.189071703],[8075629.010936356,2642826.2922567055],[8075628.812806241,2642826.402429765],[8075628.6186010055,2642826.5194579107],[8075628.4285550425,2642826.6431998857],[8075628.242897753,2642826.77350634],[8075628.0618532,2642826.910219995],[8075627.88563991,2642827.0531758424],[8075627.714470571,2642827.2022013348],[8075627.548551784,2642827.3571166024],[8075627.388083797,2642827.5177346696],[8075627.2332603065,2642827.683861668],[8075627.084268175,2642827.8552970905],[8075626.941287225,2642828.0318340147],[8075626.804490043,2642828.2132593663],[8075626.674041739,2642828.3993541696],[8075626.550099752,2642828.589893813],[8075626.432813695,2642828.784648314],[8075626.322325114,2642828.9833826143],[8075626.21876737,2642829.185856843],[8075626.122265458,2642829.3918266166],[8075626.032935861,2642829.601043336],[8075625.950886386,2642829.813254481],[8075625.876216071,2642830.0282039163],[8075625.809015042,2642830.2456322033],[8075625.74936441,2642830.4652769077],[8075625.697336171,2642830.6868729265],[8075625.65299312,2642830.910152798],[8075625.616388786,2642831.1348470263],[8075625.5875673415,2642831.3606844083],[8075625.566563578,2642831.5873923656],[8075625.553402845,2642831.814697266],[8075625.548101031,2642832.0423247567],[8075625.550664534,2642832.270000096],[8075625.561090259,2642832.4974484835],[8075625.579365626,2642832.724395394],[8075625.605468568,2642832.950566906],[8075625.639367596,2642833.1756900377],[8075625.68102178,2642833.399493068],[8075625.730380849,2642833.6217058697],[8075625.787385224,2642833.842060241],[8075625.851966114,2642834.0602902113],[8075625.92404556,2642834.2761323866],[8075678.836949226,2642984.0510627525],[8075678.936724994,2642984.318602282],[8075679.045717197,2642984.5824797153],[8075679.163793233,2642984.8423740356],[8075679.290809466,2642985.0979690747],[8075679.426611378,2642985.3489538953],[8075679.571033763,2642985.5950231636],[8075679.723900923,2642985.8358775335],[8075679.885026895,2642986.0712239956],[8075680.054215664,2642986.3007762474],[8075680.231261409,2642986.5242550294],[8075680.41594875,2642986.741388474],[8075680.608053007,2642986.951912433],[8075680.80734049,2642987.155570796],[8075681.013568743,2642987.352115809],[8075681.226486898,2642987.5413083676],[8075681.445835925,2642987.722918312],[8075681.671348989,2642987.8967247102],[8075681.902751739,2642988.062516122],[8075682.139762673,2642988.220090859],[8075682.382093457,2642988.369257223],[8075682.629449294,2642988.5098337485],[8075682.881529264,2642988.641649424],[8075683.138026702,2642988.764543889],[8075683.398629583,2642988.878367638],[8075683.663020866,2642988.982982202],[8075683.930878912,2642989.078260315],[8075684.201877874,2642989.164086066],[8075684.475688062,2642989.2403550483],[8075684.751976386,2642989.3069744767],[8075685.030406726,2642989.3638633057],[8075685.310640375,2642989.4109523306],[8075685.592336413,2642989.448184264],[8075685.875152146,2642989.475513812],[8075686.158743526,2642989.4929077295],[8075686.4427655535,2642989.5003448566],[8075686.726872713,2642989.4978161408],[8075687.010719371,2642989.485324664],[8075687.293960229,2642989.46288562],[8075687.57625071,2642989.4305263055],[8075687.857247401,2642989.3882860886],[8075688.136608466,2642989.336216354],[8075688.413994046,2642989.274380446],[8075688.689066701,2642989.2028535926],[8075688.961491791,2642989.121722806],[8075689.2309379075,2642989.0310867843],[8075774.819108437,2642958.5616595238],[8075736.503495024,2642849.9171886723]]]]},"geometry_name":"the_geom","properties":{"gid":24431,"tps_name":"Gota_33","tps_no":"33","village":"Gota","city":"Ahmedabad","authority":"AMC","district":"Ahmedabad","state":"Gujarat","status":"Preliminary","fp_no":"97","reser_use":null,"reser_type":null,"tps_id":212,"show_hide":1,"fp_area":"12228","fp_area_final":12228,"temp":"12228","search":"Gota 33 97","dxf_access":1,"epsg_code":"EPSG:32643"}},{"type":"Feature","id":"final_plot_boundary.fid-4639cb80_1a0ba89becd_6428","geometry":{"type":"MultiPolygon","coordinates":[[[[8075931.990127369,2643320.281081579],[8075951.253987428,2643375.010038149],[8076012.963205673,2643353.04061381],[8075969.898256667,2643230.6936673056],[8075908.189473228,2643252.6628020136],[8075931.990127369,2643320.281081579]]]]},"geometry_name":"the_geom","properties":{"gid":24466,"tps_name":"Gota_33","tps_no":"33","village":"Gota","city":"Ahmedabad","authority":"AMC","district":"Ahmedabad","state":"Gujarat","status":"Preliminary","fp_no":"80","reser_use":null,"reser_type":null,"tps_id":212,"show_hide":1,"fp_area":"7161","fp_area_final":7161,"temp":"7161","search":"Gota 33 80","dxf_access":1,"epsg_code":"EPSG:32643"}},{"type":"Feature","id":"final_plot_boundary.fid-4639cb80_1a0ba89becd_6429","geometry":{"type":"MultiPolygon","coordinates":[[[[8075287.094458214,2642833.4401316266],[8075332.909052751,2642829.0640031295],[8075333.134145155,2642829.0385253853],[8075333.358221147,2642829.0051955436],[8075333.581009995,2642828.964053877],[8075333.802242519,2642828.91515009],[8075334.021651436,2642828.8585432703],[8075334.2389716385,2642828.794301813],[8075334.453940569,2642828.7225033324],[8075334.666298497,2642828.643234577],[8075334.875788852,2642828.5565913194],[8075335.082158519,2642828.462678244],[8075335.2851581685,2642828.3616088154],[8075335.484542526,2642828.2535051494],[8075335.680070702,2642828.1384978597],[8075335.871506447,2642828.0167258936],[8075336.0586184785,2642827.888336383],[8075336.241180721,2642827.753484444],[8075336.418972598,2642827.6123330095],[8075336.591779304,2642827.465052623],[8075336.759392051,2642827.3118212232],[8075336.921608329,2642827.152823953],[8075337.078232143,2642826.9882529085],[8075337.229074263,2642826.818306929],[8075337.373952436,2642826.6431913427],[8075337.512691628,2642826.463117731],[8075337.645124202,2642826.2783036553],[8075337.771090164,2642826.0889724134],[8075337.890437308,2642825.895352756],[8075338.003021445,2642825.6976786153],[8075338.108706549,2642825.496188822],[8075338.207364934,2642825.2911268235],[8075338.29887739,2642825.082740373],[8075338.383133363,2642824.8712812457],[8075338.460031053,2642824.6570049273],[8075338.529477544,2642824.440170311],[8075338.591388934,2642824.221039378],[8075338.645690428,2642823.999876882],[8075338.692316404,2642823.776950037],[8075338.731210546,2642823.5525281825],[8075338.762325847,2642823.326882468],[8075338.785624726,2642823.1002855194],[8075338.801079023,2642822.873011114],[8075338.808670072,2642822.6453338484],[8075338.808388701,2642822.4175288016],[8075337.828907921,2642769.527975786],[8075337.8206995195,2642769.299286748],[8075337.804557479,2642769.071025324],[8075337.780501488,2642768.8434698107],[8075337.7485608645,2642768.616897643],[8075337.708774565,2642768.3915850543],[8075337.661191081,2642768.1678067474],[8075337.605868439,2642767.9458355517],[8075337.542874081,2642767.7259420897],[8075337.472284815,2642767.5083944597],[8075337.3941867,2642767.293457892],[8075333.150722376,2642756.2185758124],[8075322.0126733985,2642745.161385881],[8075280.94064278,2642816.0542588304],[8075287.094458214,2642833.4401316266]]]]},"geometry_name":"the_geom","properties":{"gid":24435,"tps_name":"Gota_33","tps_no":"33","village":"Gota","city":"Ahmedabad","authority":"AMC","district":"Ahmedabad","state":"Gujarat","status":"Preliminary","fp_no":"(109+110+111)/1","reser_use":null,"reser_type":null,"tps_id":212,"show_hide":1,"fp_area":"2758","fp_area_final":2758,"temp":"2758","search":"Gota 33 (109+110+111)/1","dxf_access":1,"epsg_code":"EPSG:32643"}},{"type":"Feature","id":"final_plot_boundary.fid-4639cb80_1a0ba89becd_642a","geometry":{"type":"MultiPolygon","coordinates":[[[[8075445.350984828,2643000.886950053],[8075387.803177015,2643021.85671374],[8075395.572449785,2643043.422099666],[8075453.003309418,2643022.4949278743],[8075445.350984828,2643000.886950053]]]]},"geometry_name":"the_geom","properties":{"gid":24436,"tps_name":"Gota_33","tps_no":"33","village":"Gota","city":"Ahmedabad","authority":"AMC","district":"Ahmedabad","state":"Gujarat","status":"Preliminary","fp_no":"140","reser_use":"Neighbourhood Center","reser_type":"Public Purpose","tps_id":212,"show_hide":1,"fp_area":"1182","fp_area_final":1182,"temp":"1182","search":"Gota 33 140","dxf_access":1,"epsg_code":"EPSG:32643"}},{"type":"Feature","id":"final_plot_boundary.fid-4639cb80_1a0ba89becd_642b","geometry":{"type":"MultiPolygon","coordinates":[[[[8075859.666676443,2644368.033529651],[8075895.533934422,2644470.068516311],[8075911.482830562,2644516.467592221],[8075911.535712811,2644516.630590424],[8075911.582910944,2644516.7953441474],[8075911.624367546,2644516.9616529695],[8075911.660032189,2644517.129314583],[8075911.689861479,2644517.2981250337],[8075911.713819132,2644517.4678789643],[8075911.731876014,2644517.63836988],[8075911.74401015,2644517.8093903796],[8075911.750206778,2644517.980732421],[8075911.7504583625,2644518.1521875733],[8075911.744764599,2644518.323547266],[8075911.7331324145,2644518.494603046],[8075911.715575949,2644518.665146825],[8075911.692116577,2644518.8349711457],[8075911.662782815,2644519.0038694167],[8075911.62761037,2644519.1716361833],[8075911.586642005,2644519.3380673607],[8075911.539927571,2644519.5029604877],[8075911.487523889,2644519.666114978],[8075911.429494712,2644519.827332357],[8075911.365910622,2644519.9864165112],[8075911.296848972,2644520.1431739167],[8075911.22239377,2644520.2974138833],[8075911.1426356,2644520.4489487824],[8075911.0576714715,2644520.5975942765],[8075910.967604749,2644520.743169541],[8075910.8725449955,2644520.8854974876],[8075910.772607846,2644521.0244049826],[8075910.667914868,2644521.159723043],[8075910.558593427,2644521.291287059],[8075910.4447765,2644521.4189369893],[8075910.326602545,2644521.5425175503],[8075910.204215313,2644521.661878409],[8075910.077763698,2644521.7768743658],[8075909.947401512,2644521.8873655316],[8075909.81328734,2644521.993217498],[8075909.67558433,2644522.094301498],[8075909.534459996,2644522.190494563],[8075909.390086007,2644522.2816796824],[8075909.242637992,2644522.3677459275],[8075909.092295321,2644522.448588601],[8075908.939240873,2644522.524109363],[8075908.783660843,2644522.594216343],[8075908.62574448,2644522.658824258],[8075908.465683898,2644522.7178545115],[8075908.3036737945,2644522.7712352998],[8075908.139911253,2644522.8189016823],[8075907.974595496,2644522.8607956753],[8075907.807927614,2644522.8968663164],[8075907.640110352,2644522.9270697283],[8075907.472294348,2644522.957272889],[8075907.305627694,2644522.993343191],[8075907.140313134,2644523.0352367554],[8075906.97655177,2644523.0829026205],[8075906.814542811,2644523.136282805],[8075906.654483323,2644523.19531237],[8075906.496568019,2644523.259919515],[8075906.340988997,2644523.3300256426],[8075906.1879355125,2644523.405545475],[8075906.037593736,2644523.4863871494],[8075905.890146559,2644523.5724523193],[8075905.745773346,2644523.663636294],[8075905.604649721,2644523.759828151],[8075905.466947346,2644523.860910881],[8075905.332833734,2644523.966761519],[8075905.202472035,2644524.077251304],[8075905.076020816,2644524.1922458294],[8075904.953633908,2644524.3116052095],[8075904.8354601795,2644524.435184251],[8075904.721643395,2644524.562832625],[8075904.612321998,2644524.6943950527],[8075904.507628975,2644524.829711498],[8075904.407691684,2644524.9686173536],[8075904.312631687,2644525.110943643],[8075904.22256463,2644525.256517238],[8075904.137600072,2644525.4051610543],[8075904.057841357,2644525.556694272],[8075903.983385527,2644525.7109325593],[8075903.914323139,2644525.8676882936],[8075903.850738207,2644526.0267707882],[8075903.792708089,2644526.187986528],[8075903.740303364,2644526.3511393997],[8075903.6935877865,2644526.516030936],[8075903.652618181,2644526.6824605563],[8075903.617444392,2644526.8502258044],[8075903.588109197,2644527.0191226015],[8075903.564648289,2644527.1889454937],[8075903.547090199,2644527.359487902],[8075903.535456292,2644527.5305423667],[8075903.529760721,2644527.701900806],[8075903.530010414,2644527.873354775],[8075903.5362050645,2644528.0446957056],[8075903.548337139,2644528.2157151694],[8075903.56639188,2644528.3862051317],[8075903.590347318,2644528.5559581956],[8075903.620174331,2644528.724767866],[8075903.655836611,2644528.892428795],[8075903.697290794,2644529.0587370303],[8075907.346761062,2644542.6876237527],[8075932.7548682615,2644526.964166905],[8075913.742157318,2644471.021683258],[8075882.911455867,2644373.394609036],[8075881.232147914,2644360.327555743],[8075859.666676443,2644368.033529651]]]]},"geometry_name":"the_geom","properties":{"gid":24445,"tps_name":"Gota_33","tps_no":"33","village":"Gota","city":"Ahmedabad","authority":"AMC","district":"Ahmedabad","state":"Gujarat","status":"Preliminary","fp_no":"117","reser_use":"Sale For Commercial","reser_type":"Commercial","tps_id":212,"show_hide":1,"fp_area":"2862","fp_area_final":2862,"temp":"2862","search":"Gota 33 117","dxf_access":1,"epsg_code":"EPSG:32643"}},{"type":"Feature","id":"final_plot_boundary.fid-4639cb80_1a0ba89becd_642c","geometry":{"type":"MultiPolygon","coordinates":[[[[8075601.662343021,2643208.444089616],[8075579.766391727,2643216.2678949283],[8075592.433270707,2643254.492440421],[8075614.32927047,2643246.668604043],[8075601.662343021,2643208.444089616]]]]},"geometry_name":"the_geom","properties":{"gid":24510,"tps_name":"Gota_33","tps_no":"33","village":"Gota","city":"Ahmedabad","authority":"AMC","district":"Ahmedabad","state":"Gujarat","status":"Preliminary","fp_no":"92/2","reser_use":null,"reser_type":null,"tps_id":212,"show_hide":1,"fp_area":"789","fp_area_final":789,"temp":"789","search":"Gota 33 92/2","dxf_access":1,"epsg_code":"EPSG:32643"}},{"type":"Feature","id":"final_plot_boundary.fid-4639cb80_1a0ba89becd_642d","geometry":{"type":"MultiPolygon","coordinates":[[[[8075774.115298091,2643896.7456015237],[8075820.459180884,2643880.1856655176],[8075804.300510373,2643834.447712563],[8075757.956749591,2643851.0075668916],[8075774.115298091,2643896.7456015237]]]]},"geometry_name":"the_geom","properties":{"gid":24447,"tps_name":"Gota_33","tps_no":"33","village":"Gota","city":"Ahmedabad","authority":"AMC","district":"Ahmedabad","state":"Gujarat","status":"Preliminary","fp_no":"61","reser_use":null,"reser_type":null,"tps_id":212,"show_hide":1,"fp_area":"2012","fp_area_final":2012,"temp":"2012","search":"Gota 33 61","dxf_access":1,"epsg_code":"EPSG:32643"}},{"type":"Feature","id":"final_plot_boundary.fid-4639cb80_1a0ba89becd_642e","geometry":{"type":"MultiPolygon","coordinates":[[[[8075556.114220815,2643307.6874423986],[8075527.504829038,2643311.108182022],[8075493.47711255,2643315.176706869],[8075480.186779391,2643316.7657459397],[8075525.93402612,2643443.7456814595],[8075553.040974769,2643432.040778187],[8075555.616576795,2643438.8627494466],[8075556.114220815,2643307.6874423986]]]]},"geometry_name":"the_geom","properties":{"gid":24438,"tps_name":"Gota_33","tps_no":"33","village":"Gota","city":"Ahmedabad","authority":"AMC","district":"Ahmedabad","state":"Gujarat","status":"Preliminary","fp_no":"116","reser_use":null,"reser_type":null,"tps_id":212,"show_hide":1,"fp_area":"5787","fp_area_final":5787,"temp":"5787","search":"Gota 33 116","dxf_access":1,"epsg_code":"EPSG:32643"}},{"type":"Feature","id":"final_plot_boundary.fid-4639cb80_1a0ba89becd_642f","geometry":{"type":"MultiPolygon","coordinates":[[[[8076204.450602754,2643656.7279100926],[8076258.081543384,2643637.6240376076],[8076258.29460702,2643637.5439061597],[8076258.50476017,2643637.4563453067],[8076258.711746799,2643637.3614617307],[8076258.91531472,2643637.259371028],[8076259.115215916,2643637.1501975865],[8076259.311206844,2643637.034074414],[8076259.503048712,2643636.91114299],[8076259.690507794,2643636.7815530873],[8076259.873355701,2643636.64546259],[8076260.0513696605,2643636.5030373093],[8076260.224332786,2643636.35445076],[8076260.392034354,2643636.199883979],[8076260.554270039,2643636.039525282],[8076260.71084219,2643635.8735700394],[8076260.861560044,2643635.7022204446],[8076261.006239967,2643635.5256852577],[8076261.144705702,2643635.344179563],[8076261.27678854,2643635.157924497],[8076261.40232757,2643634.967146981],[8076261.521169828,2643634.772079451],[8076261.633170535,2643634.572959566],[8076261.738193223,2643634.3700299244],[8076261.836109949,2643634.1635377617],[8076261.926801411,2643633.9537346615],[8076262.010157126,2643633.740876233],[8076262.086075521,2643633.525221814],[8076262.154464116,2643633.307034145],[8076262.215239575,2643633.086579057],[8076262.268327875,2643632.8641251377],[8076262.313664315,2643632.6399434144],[8076262.35119367,2643632.414307015],[8076262.3808702165,2643632.1874908493],[8076262.402657796,2643631.9597712536],[8076262.416529869,2643631.7314256686],[8076262.422469524,2643631.502732301],[8076262.420469539,2643631.273969777],[8076262.410532335,2643631.0454168078],[8076262.392670037,2643630.817351852],[8076262.366904389,2643630.5900527695],[8076262.333266804,2643630.3637964926],[8076262.291798242,2643630.138858676],[8076262.242549243,2643629.915513372],[8076262.185579808,2643629.6940326933],[8076262.120959339,2643629.474686481],[8076262.048766566,2643629.257741972],[8076248.711792192,2643591.388379981],[8076188.937961556,2643612.6803769097],[8076204.450602754,2643656.7279100926]]]]},"geometry_name":"the_geom","properties":{"gid":24415,"tps_name":"Gota_33","tps_no":"33","village":"Gota","city":"Ahmedabad","authority":"AMC","district":"Ahmedabad","state":"Gujarat","status":"Preliminary","fp_no":"54","reser_use":null,"reser_type":null,"tps_id":212,"show_hide":1,"fp_area":"2490","fp_area_final":2490,"temp":"2490","search":"Gota 33 54","dxf_access":1,"epsg_code":"EPSG:32643"}},{"type":"Feature","id":"final_plot_boundary.fid-4639cb80_1a0ba89becd_6430","geometry":{"type":"MultiPolygon","coordinates":[[[[8075967.417704746,2643472.6139643323],[8075942.9619852565,2643398.8198326463],[8075939.5922468,2643400.0194835677],[8075834.319870017,2643437.4973210613],[8075834.05664466,2643437.5962005686],[8075833.796966753,2643437.704151225],[8075833.541145254,2643437.821044589],[8075833.2894845335,2643437.946741583],[8075833.042284028,2643438.0810926524],[8075832.799837844,2643438.223937946],[8075832.562434451,2643438.375107508],[8075832.330356318,2643438.5344214765],[8075832.103879559,2643438.7016903013],[8075831.883273632,2643438.8767149677],[8075831.668801028,2643439.0592872277],[8075831.460716928,2643439.24918986],[8075831.259268896,2643439.4461969207],[8075831.064696618,2643439.650074008],[8075830.877231606,2643439.8605785505],[8075830.697096891,2643440.07746009],[8075830.524506812,2643440.3004605854],[8075830.359666712,2643440.529314707],[8075830.202772709,2643440.763750166],[8075830.054011485,2643441.003488031],[8075829.913560037,2643441.248243064],[8075829.781585466,2643441.497724056],[8075829.6582448,2643441.751634172],[8075829.543684794,2643442.009671313],[8075829.438041746,2643442.271528466],[8075829.341441355,2643442.536894075],[8075829.253998556,2643442.8054524083],[8075829.175817382,2643443.0768839335],[8075829.106990859,2643443.3508657035],[8075829.047600877,2643443.627071736],[8075828.997718097,2643443.9051733986],[8075828.957401877,2643444.184839808],[8075828.926700172,2643444.4657382173],[8075828.905649525,2643444.747534417],[8075828.8942749705,2643445.0298931203],[8075828.892590052,2643445.3124783784],[8075828.90059677,2643445.5949539756],[8075828.918285602,2643445.876983818],[8075828.945635502,2643446.15823235],[8075828.982613926,2643446.4383649393],[8075829.029176873,2643446.7170482855],[8075829.0852689585,2643446.9939508107],[8075829.150823433,2643447.2687430563],[8075829.225762295,2643447.5410980764],[8075829.3099964,2643447.8106918205],[8075851.242879104,2643513.9938830934],[8075964.048071555,2643473.813985575],[8075967.417704746,2643472.6139643323]]]]},"geometry_name":"the_geom","properties":{"gid":24464,"tps_name":"Gota_33","tps_no":"33","village":"Gota","city":"Ahmedabad","authority":"AMC","district":"Ahmedabad","state":"Gujarat","status":"Preliminary","fp_no":"74/1","reser_use":null,"reser_type":null,"tps_id":212,"show_hide":1,"fp_area":"8068","fp_area_final":8068,"temp":"8068","search":"Gota 33 74/1","dxf_access":1,"epsg_code":"EPSG:32643"}},{"type":"Feature","id":"final_plot_boundary.fid-4639cb80_1a0ba89becd_6431","geometry":{"type":"MultiPolygon","coordinates":[[[[8076002.111603746,2643728.8011993947],[8076039.602715837,2643715.447062529],[8076025.916673972,2643675.6486855377],[8076009.887323635,2643629.035973352],[8075971.6601778725,2643642.3319486952],[8076002.111603746,2643728.8011993947]]]]},"geometry_name":"the_geom","properties":{"gid":24404,"tps_name":"Gota_33","tps_no":"33","village":"Gota","city":"Ahmedabad","authority":"AMC","district":"Ahmedabad","state":"Gujarat","status":"Preliminary","fp_no":"66/1","reser_use":null,"reser_type":null,"tps_id":212,"show_hide":1,"fp_area":"3096","fp_area_final":3096,"temp":"3096","search":"Gota 33 66/1","dxf_access":1,"epsg_code":"EPSG:32643"}},{"type":"Feature","id":"final_plot_boundary.fid-4639cb80_1a0ba89becd_6432","geometry":{"type":"MultiPolygon","coordinates":[[[[8075695.108970578,2643901.286906589],[8075702.105735821,2643922.476278779],[8075721.88844997,2643915.4074960737],[8075714.457459498,2643894.3732887604],[8075695.108970578,2643901.286906589]]]]},"geometry_name":"the_geom","properties":{"gid":24490,"tps_name":"Gota_33","tps_no":"33","village":"Gota","city":"Ahmedabad","authority":"AMC","district":"Ahmedabad","state":"Gujarat","status":"Preliminary","fp_no":"18","reser_use":null,"reser_type":null,"tps_id":212,"show_hide":1,"fp_area":"391","fp_area_final":391,"temp":"391","search":"Gota 33 18","dxf_access":1,"epsg_code":"EPSG:32643"}},{"type":"Feature","id":"final_plot_boundary.fid-4639cb80_1a0ba89becd_6433","geometry":{"type":"MultiPolygon","coordinates":[[[[8075311.2811479755,2642880.503871127],[8075309.098490851,2642839.5674759974],[8075289.911939891,2642841.4001275636],[8075304.455667318,2642882.4892554088],[8075311.2811479755,2642880.503871127]]]]},"geometry_name":"the_geom","properties":{"gid":24441,"tps_name":"Gota_33","tps_no":"33","village":"Gota","city":"Ahmedabad","authority":"AMC","district":"Ahmedabad","state":"Gujarat","status":"Preliminary","fp_no":"107","reser_use":null,"reser_type":null,"tps_id":212,"show_hide":1,"fp_area":"463","fp_area_final":463,"temp":"463","search":"Gota 33 107","dxf_access":1,"epsg_code":"EPSG:32643"}},{"type":"Feature","id":"final_plot_boundary.fid-4639cb80_1a0ba89becd_6434","geometry":{"type":"MultiPolygon","coordinates":[[[[8075641.07621041,2643675.1177025503],[8075637.666615227,2643664.511622357],[8075644.526776831,2643662.0603635446],[8075640.258321481,2643648.782676229],[8075615.838306895,2643657.508364962],[8075621.968963776,2643676.578815152],[8075622.024046752,2643676.7405013954],[8075622.084685454,2643676.9001640724],[8075622.15080659,2643677.0576101653],[8075622.222330211,2643677.212649331],[8075622.299169852,2643677.365094144],[8075622.381232621,2643677.5147603084],[8075622.46841932,2643677.661466891],[8075622.560624534,2643677.805036534],[8075622.657736808,2643677.9452956766],[8075622.7596387295,2643678.0820747553],[8075622.866207114,2643678.215208416],[8075622.977313137,2643678.3445357108],[8075623.0928224595,2643678.4699002933],[8075623.212595464,2643678.5911506093],[8075623.336487339,2643678.7081400775],[8075623.464348319,2643678.820727266],[8075623.596023821,2643678.928776066],[8075623.731354666,2643679.0321558565],[8075623.870177251,2643679.130741658],[8075624.012323759,2643679.224414292],[8075624.157622331,2643679.313060511],[8075624.305897317,2643679.3965731524],[8075624.456969473,2643679.474851255],[8075624.6106561655,2643679.5478001884],[8075624.766771588,2643679.61533176],[8075624.925127022,2643679.677364335],[8075625.085531017,2643679.7338229157],[8075625.247789669,2643679.7846392523],[8075625.411706817,2643679.829751911],[8075625.577084299,2643679.86910635],[8075625.743722191,2643679.9026550003],[8075625.911419034,2643679.9303573],[8075626.079972101,2643679.9521797593],[8075626.249177621,2643679.9680959955],[8075626.418831043,2643679.97808677],[8075626.588727269,2643679.9821400046],[8075626.7586609125,2643679.9802507972],[8075626.928426534,2643679.972421433],[8075627.097818893,2643679.9586613765],[8075627.266633222,2643679.9389872635],[8075627.434665433,2643679.9134228774],[8075627.601712384,2643679.881999123],[8075627.7675721375,2643679.8447539913],[8075627.932044176,2643679.8017325047],[8075628.094929675,2643679.752986676],[8075628.256031708,2643679.6985754343],[8075641.07621041,2643675.1177025503]]]]},"geometry_name":"the_geom","properties":{"gid":24469,"tps_name":"Gota_33","tps_no":"33","village":"Gota","city":"Ahmedabad","authority":"AMC","district":"Ahmedabad","state":"Gujarat","status":"Preliminary","fp_no":"2","reser_use":null,"reser_type":null,"tps_id":212,"show_hide":1,"fp_area":"475","fp_area_final":475,"temp":"475","search":"Gota 33 2","dxf_access":1,"epsg_code":"EPSG:32643"}},{"type":"Feature","id":"final_plot_boundary.fid-4639cb80_1a0ba89becd_6435","geometry":{"type":"MultiPolygon","coordinates":[[[[8075699.484058326,2643736.4218666744],[8075745.710133134,2643719.904218037],[8075745.325318638,2643718.8149690703],[8075723.205997945,2643656.204316488],[8075676.980092625,2643672.721851673],[8075699.484058326,2643736.4218666744]]]]},"geometry_name":"the_geom","properties":{"gid":24428,"tps_name":"Gota_33","tps_no":"33","village":"Gota","city":"Ahmedabad","authority":"AMC","district":"Ahmedabad","state":"Gujarat","status":"Preliminary","fp_no":"12","reser_use":null,"reser_type":null,"tps_id":212,"show_hide":1,"fp_area":"2795","fp_area_final":2795,"temp":"2795","search":"Gota 33 12","dxf_access":1,"epsg_code":"EPSG:32643"}},{"type":"Feature","id":"final_plot_boundary.fid-4639cb80_1a0ba89becd_6436","geometry":{"type":"MultiPolygon","coordinates":[[[[8075721.88844997,2643915.4074960737],[8075753.129515991,2643904.2443440724],[8075736.971022769,2643858.5062725465],[8075690.901407476,2643874.9679445364],[8075690.761279562,2643875.0207656715],[8075690.623043534,2643875.0784087842],[8075690.486863387,2643875.1408054917],[8075690.352900689,2643875.2078817682],[8075690.221314358,2643875.2795580393],[8075690.092260514,2643875.3557492653],[8075689.9658922525,2643875.436365061],[8075689.842359489,2643875.521309786],[8075689.7218087865,2643875.6104826643],[8075689.604383162,2643875.7037779046],[8075689.490221921,2643875.801084826],[8075689.3794605015,2643875.9022879866],[8075689.272230307,2643876.007267325],[8075689.168658547,2643876.1158982944],[8075689.068868096,2643876.228052023],[8075688.9729773505,2643876.3435954517],[8075688.88110006,2643876.4623915083],[8075688.793345227,2643876.5842992566],[8075688.709816971,2643876.709174068],[8075688.63061437,2643876.836867799],[8075688.555831402,2643876.9672289556],[8075688.485556778,2643877.100102886],[8075688.419873875,2643877.23533195],[8075688.358860607,2643877.372755719],[8075688.302589369,2643877.51221116],[8075688.251126913,2643877.6535328263],[8075688.204534293,2643877.796553059],[8075688.162866786,2643877.9411021867],[8075688.126173823,2643878.08700872],[8075688.094498941,2643878.234099561],[8075688.0678797085,2643878.3822002085],[8075688.046347719,2643878.531134961],[8075688.029928499,2643878.680727128],[8075688.018641546,2643878.830799238],[8075688.012500237,2643878.981173251],[8075688.011511866,2643879.13167077],[8075688.015677601,2643879.2821132503],[8075688.024992503,2643879.432322213],[8075688.039445519,2643879.5821194546],[8075688.059019513,2643879.7313272636],[8075688.083691247,2643879.8797686244],[8075688.113431461,2643880.02726743],[8075688.1482048705,2643880.1736486945],[8075688.187970221,2643880.318738757],[8075688.232680336,2643880.462365489],[8075695.108970578,2643901.286906589],[8075714.457459498,2643894.3732887604],[8075721.88844997,2643915.4074960737]]]]},"geometry_name":"the_geom","properties":{"gid":24448,"tps_name":"Gota_33","tps_no":"33","village":"Gota","city":"Ahmedabad","authority":"AMC","district":"Ahmedabad","state":"Gujarat","status":"Preliminary","fp_no":"17","reser_use":null,"reser_type":null,"tps_id":212,"show_hide":1,"fp_area":"1801","fp_area_final":1801,"temp":"1801","search":"Gota 33 17","dxf_access":1,"epsg_code":"EPSG:32643"}},{"type":"Feature","id":"final_plot_boundary.fid-4639cb80_1a0ba89becd_6437","geometry":{"type":"MultiPolygon","coordinates":[[[[8075859.666676443,2644368.033529651],[8075881.232147914,2644360.327555743],[8075908.069224199,2644245.1549030966],[8075914.675202644,2644208.7828308325],[8075821.132039044,2644242.208610114],[8075820.972933529,2644242.2686151797],[8075820.815998053,2644242.3341458756],[8075820.661422272,2644242.4051230066],[8075820.509393011,2644242.48146079],[8075820.360094005,2644242.56306697],[8075820.213705689,2644242.6498429193],[8075820.070404976,2644242.7416837667],[8075819.93036506,2644242.8384785154],[8075819.793755184,2644242.9401101843],[8075819.660740448,2644243.0464559444],[8075819.531481613,2644243.1573872715],[8075819.40613489,2644243.272770102],[8075819.284851764,2644243.392464983],[8075819.167778827,2644243.5163272647],[8075819.055057559,2644243.644207244],[8075818.946824185,2644243.7759503773],[8075818.843209519,2644243.9113974413],[8075818.744338785,2644244.0503847455],[8075818.650331474,2644244.1927443095],[8075818.561301194,2644244.3383040875],[8075818.477355545,2644244.4868881637],[8075818.398595988,2644244.6383169643],[8075818.325117702,2644244.79240748],[8075818.257009487,2644244.9489734806],[8075818.194353663,2644245.1078257486],[8075818.137225951,2644245.2687723027],[8075818.085695386,2644245.431618632],[8075818.039824257,2644245.5961679234],[8075817.9996679975,2644245.7622213117],[8075817.965275136,2644245.929578113],[8075817.936687235,2644246.098036065],[8075817.913938861,2644246.267391578],[8075817.89705749,2644246.4374399763],[8075817.886063528,2644246.6079757446],[8075817.8809702685,2644246.7787927836],[8075817.881783865,2644246.9496846492],[8075817.888503332,2644247.120444808],[8075817.9011205435,2644247.2908668877],[8075817.919620264,2644247.460744925],[8075817.943980127,2644247.629873611],[8075817.974170691,2644247.7980485437],[8075818.010155477,2644247.965066474],[8075818.051890985,2644248.1307255505],[8075818.099326785,2644248.2948255646],[8075818.152405544,2644248.4571681945],[8075859.666676443,2644368.033529651]]]]},"geometry_name":"the_geom","properties":{"gid":24385,"tps_name":"Gota_33","tps_no":"33","village":"Gota","city":"Ahmedabad","authority":"AMC","district":"Ahmedabad","state":"Gujarat","status":"Preliminary","fp_no":"118","reser_use":"Housing For S.E.W.S","reser_type":"Housing For S.E.W.S","tps_id":212,"show_hide":1,"fp_area":"7127","fp_area_final":7127,"temp":"7127","search":"Gota 33 118","dxf_access":1,"epsg_code":"EPSG:32643"}},{"type":"Feature","id":"final_plot_boundary.fid-4639cb80_1a0ba89becd_6438","geometry":{"type":"MultiPolygon","coordinates":[[[[8075352.044104994,2642821.6754243034],[8075400.123616343,2642819.567640606],[8075397.719564288,2642764.1048518326],[8075353.131370487,2642762.454515548],[8075350.73326915,2642762.4483496845],[8075351.67054281,2642813.056538704],[8075352.044104994,2642821.6754243034]]]]},"geometry_name":"the_geom","properties":{"gid":24442,"tps_name":"Gota_33","tps_no":"33","village":"Gota","city":"Ahmedabad","authority":"AMC","district":"Ahmedabad","state":"Gujarat","status":"Preliminary","fp_no":"105","reser_use":null,"reser_type":null,"tps_id":212,"show_hide":1,"fp_area":"2307","fp_area_final":2307,"temp":"2307","search":"Gota 33 105","dxf_access":1,"epsg_code":"EPSG:32643"}},{"type":"Feature","id":"final_plot_boundary.fid-4639cb80_1a0ba89becd_6439","geometry":{"type":"MultiPolygon","coordinates":[[[[8075592.952319744,2643587.1854575286],[8075608.519954371,2643581.624542862],[8075615.450902951,2643602.316581927],[8075655.942328709,2643587.848265861],[8075631.055737547,2643510.434865948],[8075582.128365687,2643526.826056239],[8075581.819289136,2643526.9671011553],[8075581.51520558,2643527.1187263173],[8075581.216472969,2643527.2807532377],[8075580.92344296,2643527.4529911843],[8075580.636460505,2643527.6352374046],[8075580.355863423,2643527.827277367],[8075580.081982029,2643528.0288850097],[8075579.8151387125,2643528.2398230038],[8075579.555647606,2643528.4598430465],[8075579.303814162,2643528.688686136],[8075579.059934842,2643528.9260828877],[8075578.824296718,2643529.17175385],[8075578.597177189,2643529.4254098227],[8075578.3788436055,2643529.6867522146],[8075578.169552979,2643529.955473386],[8075577.969551677,2643530.231257004],[8075577.779075146,2643530.51377843],[8075577.598347597,2643530.8027050877],[8075577.427581787,2643531.097696867],[8075577.266978721,2643531.39840651],[8075577.1167274695,2643531.7044800385],[8075576.977004898,2643532.0155571494],[8075576.847975481,2643532.331271657],[8075576.729791114,2643532.6512519117],[8075576.622590914,2643532.9751212453],[8075576.526501075,2643533.30249841],[8075576.441634713,2643533.6329980334],[8075576.368091728,2643533.966231059],[8075576.305958698,2643534.30180522],[8075576.255308758,2643534.639325488],[8075576.2162015345,2643534.978394548],[8075576.188683064,2643535.3186132615],[8075576.172785747,2643535.6595811322],[8075576.168528285,2643536.000896786],[8075576.175915697,2643536.3421584396],[8075576.194939292,2643536.682964369],[8075576.225576672,2643537.0229133926],[8075576.267791773,2643537.361605333],[8075576.321534904,2643537.698641496],[8075576.386742798,2643538.03362513],[8075576.463338695,2643538.3661619066],[8075592.952319744,2643587.1854575286]]]]},"geometry_name":"the_geom","properties":{"gid":24491,"tps_name":"Gota_33","tps_no":"33","village":"Gota","city":"Ahmedabad","authority":"AMC","district":"Ahmedabad","state":"Gujarat","status":"Preliminary","fp_no":"6/1","reser_use":null,"reser_type":null,"tps_id":212,"show_hide":1,"fp_area":"3825","fp_area_final":3825,"temp":"3825","search":"Gota 33 6/1","dxf_access":1,"epsg_code":"EPSG:32643"}},{"type":"Feature","id":"final_plot_boundary.fid-4639cb80_1a0ba89becd_643a","geometry":{"type":"MultiPolygon","coordinates":[[[[8076285.802618094,2643696.7048804574],[8076285.498001395,2643695.839947497],[8076277.823483316,2643674.048799379],[8076277.723886453,2643673.780950587],[8076277.615055474,2643673.516760669],[8076277.497122981,2643673.2565514958],[8076277.370232651,2643673.0006400906],[8076277.234539086,2643672.7493382464],[8076277.090207607,2643672.502952133],[8076276.937414057,2643672.2617819333],[8076276.776344597,2643672.0261214753],[8076276.607195467,2643671.796257874],[8076276.430172738,2643671.572471187],[8076276.245492091,2643671.355034055],[8076276.053378539,2643671.144211399],[8076275.854066132,2643670.94026007],[8076275.647797702,2643670.74342855],[8076275.434824564,2643670.5539566493],[8076275.215406186,2643670.3720752066],[8076274.989809899,2643670.198005819],[8076274.758310551,2643670.0319605637],[8076274.5211901935,2643669.874141738],[8076274.278737721,2643669.724741618],[8076274.031248526,2643669.583942228],[8076273.779024129,2643669.451915109],[8076273.522371834,2643669.3288211147],[8076273.261604324,2643669.214810215],[8076272.997039315,2643669.1100213127],[8076272.728999125,2643669.014582081],[8076272.457810326,2643668.9286087966],[8076272.183803322,2643668.852206201],[8076271.907311944,2643668.785467379],[8076271.628673056,2643668.728473646],[8076271.348226134,2643668.6812944347],[8076271.066312857,2643668.6439872286],[8076270.783276696,2643668.6165974806],[8076270.499462486,2643668.599158557],[8076270.2152160145,2643668.591691709],[8076269.930883584,2643668.5942060295],[8076269.646811609,2643668.606698461],[8076269.363346194,2643668.6291537774],[8076269.080832691,2643668.6615446243],[8076268.799615305,2643668.7038315353],[8076268.520036651,2643668.7559629926],[8076268.24243735,2643668.817875482],[8076267.9671556195,2643668.889493571],[8076267.694526842,2643668.9707300076],[8076267.4248831775,2643669.061485816],[8076230.3569542235,2643682.265487927],[8076241.055794936,2643712.644225446],[8076285.802618094,2643696.7048804574]]]]},"geometry_name":"the_geom","properties":{"gid":24407,"tps_name":"Gota_33","tps_no":"33","village":"Gota","city":"Ahmedabad","authority":"AMC","district":"Ahmedabad","state":"Gujarat","status":"Preliminary","fp_no":"42","reser_use":null,"reser_type":null,"tps_id":212,"show_hide":1,"fp_area":"1277","fp_area_final":1277,"temp":"1277","search":"Gota 33 42","dxf_access":1,"epsg_code":"EPSG:32643"}},{"type":"Feature","id":"final_plot_boundary.fid-4639cb80_1a0ba89becd_643b","geometry":{"type":"MultiPolygon","coordinates":[[[[8076174.530041684,2643571.7695667148],[8076103.956819222,2643596.3167442074],[8076134.062059018,2643681.800692158],[8076204.450602754,2643656.7279100926],[8076188.937961556,2643612.6803769097],[8076174.530041684,2643571.7695667148]]]]},"geometry_name":"the_geom","properties":{"gid":24515,"tps_name":"Gota_33","tps_no":"33","village":"Gota","city":"Ahmedabad","authority":"AMC","district":"Ahmedabad","state":"Gujarat","status":"Preliminary","fp_no":"56/1/2","reser_use":null,"reser_type":null,"tps_id":212,"show_hide":1,"fp_area":"5690","fp_area_final":5690,"temp":"5690","search":"Gota 33 56/1/2","dxf_access":1,"epsg_code":"EPSG:32643"}},{"type":"Feature","id":"final_plot_boundary.fid-4639cb80_1a0ba89becd_643c","geometry":{"type":"MultiPolygon","coordinates":[[[[8076185.638931577,2643855.0513208755],[8076171.434055768,2643814.716852636],[8076140.8045234205,2643825.6271997276],[8076161.439000646,2643884.218730763],[8076192.066905126,2643873.3033993267],[8076185.638931577,2643855.0513208755]]]]},"geometry_name":"the_geom","properties":{"gid":24505,"tps_name":"Gota_33","tps_no":"33","village":"Gota","city":"Ahmedabad","authority":"AMC","district":"Ahmedabad","state":"Gujarat","status":"Preliminary","fp_no":"30","reser_use":null,"reser_type":null,"tps_id":212,"show_hide":1,"fp_area":"1702","fp_area_final":1702,"temp":"1702","search":"Gota 33 30","dxf_access":1,"epsg_code":"EPSG:32643"}},{"type":"Feature","id":"final_plot_boundary.fid-4639cb80_1a0ba89becd_643d","geometry":{"type":"MultiPolygon","coordinates":[[[[8075876.092322666,2643340.181262351],[8075860.609234304,2643345.693357722],[8075879.8728693705,2643400.4224641565],[8075951.253987428,2643375.010038149],[8075931.990127369,2643320.281081579],[8075876.092322666,2643340.181262351]]]]},"geometry_name":"the_geom","properties":{"gid":24419,"tps_name":"Gota_33","tps_no":"33","village":"Gota","city":"Ahmedabad","authority":"AMC","district":"Ahmedabad","state":"Gujarat","status":"Preliminary","fp_no":"77","reser_use":null,"reser_type":null,"tps_id":212,"show_hide":1,"fp_area":"3705","fp_area_final":3705,"temp":"3705","search":"Gota 33 77","dxf_access":1,"epsg_code":"EPSG:32643"}},{"type":"Feature","id":"final_plot_boundary.fid-4639cb80_1a0ba89becd_643e","geometry":{"type":"MultiPolygon","coordinates":[[[[8075453.003309418,2643022.4949278743],[8075468.479256238,2643067.5360206007],[8075643.067952917,2643005.1526539517],[8075643.334173404,2643005.0522311926],[8075643.596746886,2643004.9425256574],[8075643.855353454,2643004.823671009],[8075644.1096780365,2643004.6958120493],[8075644.359410774,2643004.5591045567],[8075644.6042474145,2643004.4137150906],[8075644.843889654,2643004.2598207844],[8075645.078045528,2643004.0976091353],[8075645.306429751,2643003.927277773],[8075645.528764075,2643003.74903422],[8075645.744777611,2643003.5630956423],[8075645.954207193,2643003.3696885756],[8075646.15679766,2643003.1690486562],[8075646.352302179,2643002.9614203363],[8075646.540482558,2643002.7470565755],[8075646.721109544,2643002.5262185466],[8075646.893963053,2643002.2991753076],[8075647.058832492,2643002.0662034745],[8075647.215517,2643001.82758689],[8075647.363825687,2643001.5836162693],[8075647.503577847,2643001.334588855],[8075647.634603219,2643001.080808051],[8075647.756742174,2643000.822583047],[8075647.869845898,2643000.5602284535],[8075647.973776592,2643000.294063909],[8075648.068407641,2643000.024413693],[8075648.153623744,2642999.7516063363],[8075648.229321082,2642999.4759742096],[8075648.29540743,2642999.197853129],[8075648.351802272,2642998.9175819443],[8075648.398436897,2642998.6355021223],[8075648.435254494,2642998.3519573333],[8075648.462210206,2642998.0672930325],[8075648.479271188,2642997.7818560433],[8075648.486416657,2642997.495994123],[8075648.483637905,2642997.210055551],[8075648.470938324,2642996.9243887],[8075648.448333381,2642996.6393416114],[8075648.4158506235,2642996.355261572],[8075648.373529617,2642996.072494688],[8075648.321421932,2642995.791385465],[8075648.259591052,2642995.512276397],[8075648.188112309,2642995.235507529],[8075648.107072795,2642994.961416066],[8075648.016571233,2642994.6903359434],[8075623.1730192425,2642924.368043035],[8075493.613807554,2642970.4803206595],[8075456.178433248,2642864.401460683],[8075454.409692992,2642859.389450213],[8075401.851709911,2642878.056969954],[8075425.055028512,2642943.5768525153],[8075445.350984828,2643000.886950053],[8075453.003309418,2643022.4949278743]]]]},"geometry_name":"the_geom","properties":{"gid":24430,"tps_name":"Gota_33","tps_no":"33","village":"Gota","city":"Ahmedabad","authority":"AMC","district":"Ahmedabad","state":"Gujarat","status":"Preliminary","fp_no":"98+99+100+103","reser_use":null,"reser_type":null,"tps_id":212,"show_hide":1,"fp_area":"19023","fp_area_final":19023,"temp":"19023","search":"Gota 33 98+99+100+103","dxf_access":1,"epsg_code":"EPSG:32643"}},{"type":"Feature","id":"final_plot_boundary.fid-4639cb80_1a0ba89becd_643f","geometry":{"type":"MultiPolygon","coordinates":[[[[8075844.057625021,2644048.2473115344],[8075851.042942842,2644069.557959876],[8075871.869797089,2644133.0959184966],[8075928.521797606,2644112.852292279],[8076006.163129716,2644085.1081101256],[8075978.961824701,2644003.0290059303],[8075844.057625021,2644048.2473115344]]]]},"geometry_name":"the_geom","properties":{"gid":24493,"tps_name":"Gota_33","tps_no":"33","village":"Gota","city":"Ahmedabad","authority":"AMC","district":"Ahmedabad","state":"Gujarat","status":"Preliminary","fp_no":"24/1","reser_use":null,"reser_type":null,"tps_id":212,"show_hide":1,"fp_area":"10548","fp_area_final":10548,"temp":"10548","search":"Gota 33 24/1","dxf_access":1,"epsg_code":"EPSG:32643"}},{"type":"Feature","id":"final_plot_boundary.fid-4639cb80_1a0ba89becd_6440","geometry":{"type":"MultiPolygon","coordinates":[[[[8076010.941865452,2643628.6691863877],[8075987.09496718,2643556.712589393],[8075878.248095994,2643595.482709085],[8075901.996988775,2643667.145233316],[8075971.6601778725,2643642.3319486952],[8076009.887323635,2643629.035973352],[8076010.941865452,2643628.6691863877]]]]},"geometry_name":"the_geom","properties":{"gid":24417,"tps_name":"Gota_33","tps_no":"33","village":"Gota","city":"Ahmedabad","authority":"AMC","district":"Ahmedabad","state":"Gujarat","status":"Preliminary","fp_no":"67+70+71","reser_use":null,"reser_type":null,"tps_id":212,"show_hide":1,"fp_area":"7356","fp_area_final":7356,"temp":"7356","search":"Gota 33 67+70+71","dxf_access":1,"epsg_code":"EPSG:32643"}},{"type":"Feature","id":"final_plot_boundary.fid-4639cb80_1a0ba89becd_6441","geometry":{"type":"MultiPolygon","coordinates":[[[[8075692.495361452,2643656.744626166],[8075708.488728256,2643651.0298419986],[8075703.1402802365,2643634.392897288],[8075687.146928886,2643640.1076717433],[8075692.495361452,2643656.744626166]]]]},"geometry_name":"the_geom","properties":{"gid":24471,"tps_name":"Gota_33","tps_no":"33","village":"Gota","city":"Ahmedabad","authority":"AMC","district":"Ahmedabad","state":"Gujarat","status":"Preliminary","fp_no":"68","reser_use":null,"reser_type":null,"tps_id":212,"show_hide":1,"fp_area":"250","fp_area_final":250,"temp":"250","search":"Gota 33 68","dxf_access":1,"epsg_code":"EPSG:32643"}},{"type":"Feature","id":"final_plot_boundary.fid-4639cb80_1a0ba89becd_6442","geometry":{"type":"MultiPolygon","coordinates":[[[[8076211.559885351,2643866.3558969907],[8076205.133136207,2643848.1073673717],[8076185.638931577,2643855.0513208755],[8076192.066905126,2643873.3033993267],[8076211.559885351,2643866.3558969907]]]]},"geometry_name":"the_geom","properties":{"gid":24504,"tps_name":"Gota_33","tps_no":"33","village":"Gota","city":"Ahmedabad","authority":"AMC","district":"Ahmedabad","state":"Gujarat","status":"Preliminary","fp_no":"33","reser_use":null,"reser_type":null,"tps_id":212,"show_hide":1,"fp_area":"337","fp_area_final":337,"temp":"337","search":"Gota 33 33","dxf_access":1,"epsg_code":"EPSG:32643"}},{"type":"Feature","id":"final_plot_boundary.fid-4639cb80_1a0ba89becd_6443","geometry":{"type":"MultiPolygon","coordinates":[[[[8075799.194259122,2643801.4942470174],[8075785.782401595,2643763.5311920554],[8075763.886918983,2643771.355029862],[8075777.298728664,2643809.3181168525],[8075799.194259122,2643801.4942470174]]]]},"geometry_name":"the_geom","properties":{"gid":24468,"tps_name":"Gota_33","tps_no":"33","village":"Gota","city":"Ahmedabad","authority":"AMC","district":"Ahmedabad","state":"Gujarat","status":"Preliminary","fp_no":"63","reser_use":null,"reser_type":null,"tps_id":212,"show_hide":1,"fp_area":"789","fp_area_final":789,"temp":"789","search":"Gota 33 63","dxf_access":1,"epsg_code":"EPSG:32643"}},{"type":"Feature","id":"final_plot_boundary.fid-4639cb80_1a0ba89becd_6444","geometry":{"type":"MultiPolygon","coordinates":[[[[8075972.582191435,2643512.9210256184],[8075863.735596346,2643551.6909686653],[8075878.248095994,2643595.482709085],[8075987.09496718,2643556.712589393],[8075972.582191435,2643512.9210256184]]]]},"geometry_name":"the_geom","properties":{"gid":24462,"tps_name":"Gota_33","tps_no":"33","village":"Gota","city":"Ahmedabad","authority":"AMC","district":"Ahmedabad","state":"Gujarat","status":"Preliminary","fp_no":"73/1","reser_use":null,"reser_type":null,"tps_id":212,"show_hide":1,"fp_area":"4492","fp_area_final":4492,"temp":"4492","search":"Gota 33 73/1","dxf_access":1,"epsg_code":"EPSG:32643"}},{"type":"Feature","id":"final_plot_boundary.fid-4639cb80_1a0ba89becd_6445","geometry":{"type":"MultiPolygon","coordinates":[[[[8076285.802618094,2643696.7048804574],[8076241.055794936,2643712.644225446],[8076253.150100233,2643746.985246368],[8076297.897011883,2643731.045842372],[8076285.802618094,2643696.7048804574]]]]},"geometry_name":"the_geom","properties":{"gid":24512,"tps_name":"Gota_33","tps_no":"33","village":"Gota","city":"Ahmedabad","authority":"AMC","district":"Ahmedabad","state":"Gujarat","status":"Preliminary","fp_no":"41/2","reser_use":null,"reser_type":null,"tps_id":212,"show_hide":1,"fp_area":"1458","fp_area_final":1458,"temp":"1458","search":"Gota 33 41/2","dxf_access":1,"epsg_code":"EPSG:32643"}},{"type":"Feature","id":"final_plot_boundary.fid-4639cb80_1a0ba89becd_6446","geometry":{"type":"MultiPolygon","coordinates":[[[[8076448.439545707,2643681.206600324],[8076396.217015084,2643699.809463804],[8076372.23828531,2643631.7252683933],[8076307.354701084,2643654.8379366957],[8076307.088371468,2643654.938101921],[8076306.825679991,2643655.047553897],[8076306.566946693,2643655.166159273],[8076306.312486803,2643655.293773546],[8076306.062610341,2643655.4302412407],[8076305.817621745,2643655.5753960907],[8076305.577819489,2643655.729061247],[8076305.343495734,2643655.8910494964],[8076305.114935977,2643656.061163475],[8076304.892418678,2643656.239195932],[8076304.676214941,2643656.4249299616],[8076304.466588169,2643656.618139272],[8076304.263793771,2643656.818588473],[8076304.068078811,2643657.0260333456],[8076303.879681743,2643657.240221152],[8076303.698832103,2643657.4608909357],[8076303.525750218,2643657.687773848],[8076303.360646976,2643657.9205934675],[8076303.203723515,2643658.1590661365],[8076303.055171033,2643658.4029013147],[8076302.915170518,2643658.6518019307],[8076302.783892529,2643658.9054647335],[8076302.661497016,2643659.1635806747],[8076302.548133102,2643659.4258352844],[8076302.4439389035,2643659.691909041],[8076302.349041355,2643659.961477777],[8076302.263556088,2643660.2342130654],[8076302.187587247,2643660.50978262],[8076302.1212273855,2643660.7878507026],[8076302.064557364,2643661.068078528],[8076302.017646217,2643661.3501246874],[8076301.980551101,2643661.633645547],[8076301.953317207,2643661.91829568],[8076301.935977732,2643662.203728285],[8076301.928553787,2643662.4895956083],[8076301.931054414,2643662.775549365],[8076301.943476584,2643663.0612411606],[8076301.965805147,2643663.3463229267],[8076301.9980129115,2643663.6304473337],[8076302.040060625,2643663.9132682206],[8076302.091897073,2643664.194441015],[8076302.153459095,2643664.4736231463],[8076302.224671684,2643664.7504744786],[8076302.305448085,2643665.0246577086],[8076302.395689882,2643665.2958387863],[8076340.13366294,2643772.4488692284],[8076436.996283475,2643737.9444514075],[8076447.752299802,2643710.2109102826],[8076448.439545707,2643681.206600324]]]]},"geometry_name":"the_geom","properties":{"gid":24398,"tps_name":"Gota_33","tps_no":"33","village":"Gota","city":"Ahmedabad","authority":"AMC","district":"Ahmedabad","state":"Gujarat","status":"Preliminary","fp_no":"43","reser_use":null,"reser_type":null,"tps_id":212,"show_hide":1,"fp_area":"9716","fp_area_final":9716,"temp":"9716","search":"Gota 33 43","dxf_access":1,"epsg_code":"EPSG:32643"}},{"type":"Feature","id":"final_plot_boundary.fid-4639cb80_1a0ba89becd_6447","geometry":{"type":"MultiPolygon","coordinates":[[[[8075585.645176557,2642818.141043966],[8075485.243342395,2642854.0162362903],[8075456.178433248,2642864.401460683],[8075493.613807554,2642970.4803206595],[8075623.1730192425,2642924.368043035],[8075585.645176557,2642818.141043966]]]]},"geometry_name":"the_geom","properties":{"gid":24497,"tps_name":"Gota_33","tps_no":"33","village":"Gota","city":"Ahmedabad","authority":"AMC","district":"Ahmedabad","state":"Gujarat","status":"Preliminary","fp_no":"127/2","reser_use":"Neighbourhood Center","reser_type":"Public Purpose","tps_id":212,"show_hide":1,"fp_area":"13047","fp_area_final":13047,"temp":"13047","search":"Gota 33 127/2","dxf_access":1,"epsg_code":"EPSG:32643"}},{"type":"Feature","id":"final_plot_boundary.fid-4639cb80_1a0ba89becd_6448","geometry":{"type":"MultiPolygon","coordinates":[[[[8076235.469254826,2643791.9070710903],[8076256.098698716,2643850.483190313],[8076322.931729339,2643826.6643415974],[8076323.198018993,2643826.5641432265],[8076323.460669768,2643826.454660459],[8076323.71936173,2643826.3360266523],[8076323.973779767,2643826.2083863197],[8076324.2236139625,2643826.071894936],[8076324.468560015,2643825.926718764],[8076324.7083195355,2643825.773034644],[8076324.94260048,2643825.611029774],[8076325.171117472,2643825.4409014983],[8076325.393592155,2643825.2628570455],[8076325.60975353,2643825.077113294],[8076325.819338296,2643824.883896499],[8076326.022091153,2643824.6834420175],[8076326.217765133,2643824.475994023],[8076326.406121878,2643824.261805208],[8076326.58693196,2643824.0411364743],[8076326.759975131,2643823.8142566225],[8076326.92504061,2643823.5814420134],[8076327.081927323,2643823.3429762395],[8076327.230444172,2643823.099149772],[8076327.3704102505,2643822.850259621],[8076327.501655065,2643822.5966089563],[8076327.624018747,2643822.3385067536],[8076327.737352246,2643822.0762674036],[8076327.841517509,2643821.8102103425],[8076327.936387651,2643821.5406596507],[8076328.02184712,2643821.267943672],[8076328.0977918105,2643820.9923945977],[8076328.164129217,2643820.7143480796],[8076328.220778532,2643820.4341428],[8076328.267670753,2643820.1521200803],[8076328.304748766,2643819.8686234527],[8076328.331967399,2643819.583998239],[8076328.349293506,2643819.2985911476],[8076328.356705973,2643819.012749829],[8076328.354195783,2643818.7268224657],[8076328.341765983,2643818.441157347],[8076328.319431716,2643818.15610244],[8076328.287220196,2643817.8720049714],[8076328.245170651,2643817.589210997],[8076328.193334311,2643817.308064989],[8076328.131774311,2643817.0289094113],[8076328.060565637,2643816.752084303],[8076327.979795038,2643816.4779268606],[8076327.889560888,2643816.206771039],[8076314.404077232,2643777.916096827],[8076309.983472621,2643765.364218282],[8076265.236472536,2643781.3036812474],[8076235.469254826,2643791.9070710903]]]]},"geometry_name":"the_geom","properties":{"gid":24394,"tps_name":"Gota_33","tps_no":"33","village":"Gota","city":"Ahmedabad","authority":"AMC","district":"Ahmedabad","state":"Gujarat","status":"Preliminary","fp_no":"40/1","reser_use":null,"reser_type":null,"tps_id":212,"show_hide":1,"fp_area":"4128","fp_area_final":4128,"temp":"4128","search":"Gota 33 40/1","dxf_access":1,"epsg_code":"EPSG:32643"}},{"type":"Feature","id":"final_plot_boundary.fid-4639cb80_1a0ba89becd_6449","geometry":{"type":"MultiPolygon","coordinates":[[[[8076078.691694367,2643736.289281988],[8076010.808217344,2643760.469120521],[8076045.686483425,2643859.508148723],[8076113.570347651,2643835.3280520574],[8076078.691694367,2643736.289281988]]]]},"geometry_name":"the_geom","properties":{"gid":24405,"tps_name":"Gota_33","tps_no":"33","village":"Gota","city":"Ahmedabad","authority":"AMC","district":"Ahmedabad","state":"Gujarat","status":"Preliminary","fp_no":"60","reser_use":null,"reser_type":null,"tps_id":212,"show_hide":1,"fp_area":"6377","fp_area_final":6377,"temp":"6377","search":"Gota 33 60","dxf_access":1,"epsg_code":"EPSG:32643"}},{"type":"Feature","id":"final_plot_boundary.fid-4639cb80_1a0ba89becd_644a","geometry":{"type":"MultiPolygon","coordinates":[[[[8076333.5635303585,2643488.289445412],[8076465.270951296,2643441.3722527116],[8076443.705627861,2643318.6699723657],[8076443.81871825,2643300.196456647],[8076401.717296965,2643315.24244586],[8076378.22706735,2643248.7602949617],[8076345.345550175,2643263.5553544676],[8076298.450046377,2643277.899567521],[8076325.898041771,2643355.781232687],[8076275.414303197,2643373.7643799465],[8076301.974266718,2643449.1786995977],[8076317.734462597,2643493.928036841],[8076333.5635303585,2643488.289445412]]]]},"geometry_name":"the_geom","properties":{"gid":24456,"tps_name":"Gota_33","tps_no":"33","village":"Gota","city":"Ahmedabad","authority":"AMC","district":"Ahmedabad","state":"Gujarat","status":"Preliminary","fp_no":"137","reser_use":"Housing For S.E.W.S","reser_type":"Housing For S.E.W.S","tps_id":212,"show_hide":1,"fp_area":"24256","fp_area_final":24256,"temp":"24256","search":"Gota 33 137","dxf_access":1,"epsg_code":"EPSG:32643"}},{"type":"Feature","id":"final_plot_boundary.fid-4639cb80_1a0ba89becd_644b","geometry":{"type":"MultiPolygon","coordinates":[[[[8075851.473266167,2643258.9492608556],[8075832.031288116,2643203.713299484],[8075817.362785082,2643208.935365132],[8075757.241082911,2643230.3388510677],[8075773.042128125,2643278.019560385],[8075773.135711882,2643278.286491967],[8075773.238408218,2643278.550013119],[8075773.350094544,2643278.8098093006],[8075773.470637559,2643279.065570423],[8075773.599893386,2643279.3169912044],[8075773.737707744,2643279.5637715557],[8075773.883916127,2643279.8056169143],[8075774.0383440405,2643280.0422386164],[8075774.200807146,2643280.2733542304],[8075774.37111153,2643280.4986878955],[8075774.549053925,2643280.7179706544],[8075774.73442193,2643280.930940771],[8075774.926994296,2643281.137344044],[8075775.126541169,2643281.3369341106],[8075775.332824367,2643281.5294727404],[8075775.545597675,2643281.7147301165],[8075775.764607124,2643281.8924851185],[8075775.989591306,2643282.062525578],[8075776.22028168,2643282.224648533],[8075776.456402898,2643282.378660473],[8075776.697673117,2643282.5243775724],[8075776.943804362,2643282.6616258994],[8075777.194502856,2643282.7902416363],[8075777.44946936,2643282.9100712673],[8075777.708399548,2643283.020971762],[8075777.970984355,2643283.1228107493],[8075778.236910372,2643283.215466676],[8075778.505860184,2643283.2988289464],[8075778.777512766,2643283.3727980615],[8075779.051543885,2643283.4372857283],[8075779.327626448,2643283.4922149763],[8075779.605430933,2643283.537520238],[8075779.884625743,2643283.573147443],[8075780.164877634,2643283.5990540646],[8075780.445852102,2643283.615209178],[8075780.727213773,2643283.6215935014],[8075781.008626814,2643283.618199417],[8075781.289755323,2643283.605030972],[8075781.570263761,2643283.582103887],[8075781.8498172965,2643283.5494455276],[8075782.128082266,2643283.5070948726],[8075782.4047265295,2643283.455102475],[8075782.6794198835,2643283.39353039],[8075782.951834448,2643283.3224521126],[8075783.221645085,2643283.241952478],[8075783.488529733,2643283.1521275756],[8075851.473266167,2643258.9492608556]]]]},"geometry_name":"the_geom","properties":{"gid":24496,"tps_name":"Gota_33","tps_no":"33","village":"Gota","city":"Ahmedabad","authority":"AMC","district":"Ahmedabad","state":"Gujarat","status":"Preliminary","fp_no":"130","reser_use":"Sale For Commercial","reser_type":"Commercial","tps_id":212,"show_hide":1,"fp_area":"3932","fp_area_final":3932,"temp":"3932","search":"Gota 33 130","dxf_access":1,"epsg_code":"EPSG:32643"}},{"type":"Feature","id":"final_plot_boundary.fid-4639cb80_1a0ba89becd_644c","geometry":{"type":"MultiPolygon","coordinates":[[[[8075967.417704746,2643472.6139643323],[8076028.527798411,2643450.8507975102],[8076004.07398807,2643377.0633817934],[8075942.9619852565,2643398.8198326463],[8075967.417704746,2643472.6139643323]]]]},"geometry_name":"the_geom","properties":{"gid":24382,"tps_name":"Gota_33","tps_no":"33","village":"Gota","city":"Ahmedabad","authority":"AMC","district":"Ahmedabad","state":"Gujarat","status":"Preliminary","fp_no":"94","reser_use":null,"reser_type":null,"tps_id":212,"show_hide":1,"fp_area":"4249","fp_area_final":4249,"temp":"4249","search":"Gota 33 94","dxf_access":1,"epsg_code":"EPSG:32643"}},{"type":"Feature","id":"final_plot_boundary.fid-4639cb80_1a0ba89becd_644d","geometry":{"type":"MultiPolygon","coordinates":[[[[8075821.738264934,2643528.6051562596],[8075798.792146794,2643459.3640506575],[8075798.698489364,2643459.096920312],[8075798.595705896,2643458.8332057204],[8075798.483919244,2643458.5732221133],[8075798.363263049,2643458.3172802674],[8075798.233881529,2643458.0656861234],[8075798.095929343,2643457.818740428],[8075797.949571395,2643457.5767383673],[8075797.794982637,2643457.339969223],[8075797.632347857,2643457.1087160213],[8075797.461861459,2643456.8832551884],[8075797.283727244,2643456.6638562316],[8075797.09815814,2643456.450781415],[8075796.905375967,2643456.2442854363],[8075796.705611181,2643456.044615132],[8075796.4991025645,2643455.8520091805],[8075796.286096972,2643455.6666978155],[8075796.066849018,2643455.488902548],[8075795.841620786,2643455.31883591],[8075795.610681507,2643455.156701191],[8075795.374307232,2643455.0026922],[8075795.132780516,2643454.85699303],[8075794.886390078,2643454.719777848],[8075794.635430425,2643454.591210673],[8075794.380201562,2643454.471445189],[8075794.121008567,2643454.3606245597],[8075793.858161276,2643454.258881253],[8075793.591973884,2643454.166336891],[8075793.322764578,2643454.0831020926],[8075793.050855166,2643454.0092763593],[8075792.776570672,2643453.9449479366],[8075792.500238965,2643453.890193718],[8075792.222190362,2643453.845079157],[8075791.942757229,2643453.80965818],[8075791.662273592,2643453.7839731295],[8075791.38107473,2643453.768054704],[8075791.099496778,2643453.7619219376],[8075790.81787631,2643453.765582156],[8075790.536549982,2643453.779030988],[8075790.255854064,2643453.8022523522],[8075789.976124099,2643453.835218497],[8075789.697694462,2643453.8778900118],[8075789.420897977,2643453.930215891],[8075789.14606551,2643453.992133584],[8075788.873525592,2643454.0635690796],[8075788.603604001,2643454.1444369857],[8075788.336623389,2643454.234640635],[8075710.335804051,2643482.106423586],[8075735.222751616,2643559.519599548],[8075821.738264934,2643528.6051562596]]]]},"geometry_name":"the_geom","properties":{"gid":24376,"tps_name":"Gota_33","tps_no":"33","village":"Gota","city":"Ahmedabad","authority":"AMC","district":"Ahmedabad","state":"Gujarat","status":"Preliminary","fp_no":"9","reser_use":null,"reser_type":null,"tps_id":212,"show_hide":1,"fp_area":"6256","fp_area_final":6256,"temp":"6256","search":"Gota 33 9","dxf_access":1,"epsg_code":"EPSG:32643"}},{"type":"Feature","id":"final_plot_boundary.fid-4639cb80_1a0ba89becd_644e","geometry":{"type":"MultiPolygon","coordinates":[[[[8076372.23828531,2643631.7252683933],[8076396.217015084,2643699.809463804],[8076448.439545707,2643681.206600324],[8076449.146417762,2643651.3737312593],[8076477.495889774,2643614.3088468667],[8076476.738593666,2643594.4997914885],[8076372.23828531,2643631.7252683933]]]]},"geometry_name":"the_geom","properties":{"gid":24397,"tps_name":"Gota_33","tps_no":"33","village":"Gota","city":"Ahmedabad","authority":"AMC","district":"Ahmedabad","state":"Gujarat","status":"Preliminary","fp_no":"44","reser_use":null,"reser_type":null,"tps_id":212,"show_hide":1,"fp_area":"4979","fp_area_final":4979,"temp":"4979","search":"Gota 33 44","dxf_access":1,"epsg_code":"EPSG:32643"}},{"type":"Feature","id":"final_plot_boundary.fid-4639cb80_1a0ba89becd_644f","geometry":{"type":"MultiPolygon","coordinates":[[[[8075555.616576795,2643438.8627494466],[8075555.870190803,2643438.4493512176],[8075556.137809059,2643438.0449811746],[8075556.419114126,2643437.650118949],[8075556.713772348,2643437.265232893],[8075557.021434226,2643436.8907795297],[8075557.341734827,2643436.5272030085],[8075557.674294237,2643436.1749345693],[8075558.018717997,2643435.834392047],[8075558.374597587,2643435.5059793633],[8075558.741510884,2643435.190086061],[8075559.119022687,2643434.8870868227],[8075559.506685212,2643434.5973410406],[8075559.904038654,2643434.321192391],[8075560.310611697,2643434.058968415],[8075560.7259220965,2643433.8109801463],[8075561.149477249,2643433.5775217256],[8075561.58077476,2643433.35887006],[8075562.019303059,2643433.1552845016],[8075562.464542004,2643432.9670065246],[8075562.9159634765,2643432.794259447],[8075563.373032051,2643432.637248171],[8075563.835205577,2643432.4961589277],[8075564.301935866,2643432.371159069],[8075564.772669324,2643432.2623968543],[8075565.246847588,2643432.170001293],[8075565.723908245,2643432.094081977],[8075566.20328543,2643432.0347289527],[8075566.684410544,2643431.9920126214],[8075567.166712926,2643431.965983652],[8075567.649620498,2643431.9566729143],[8075568.132560472,2643431.964091456],[8075568.614960025,2643431.9882304743],[8075569.096246975,2643432.0290613403],[8075569.575850463,2643432.0865356238],[8075570.053201611,2643432.1605851515],[8075570.527734221,2643432.2511220924],[8075570.998885451,2643432.358039063],[8075571.466096448,2643432.481209242],[8075571.928813052,2643432.6204865384],[8075572.38648642,2643432.775705752],[8075572.838573697,2643432.946682776],[8075573.284538658,2643433.133214808],[8075573.72385232,2643433.3350806027],[8075574.155993616,2643433.5520407236],[8075574.580449972,2643433.7838378274],[8075574.996717926,2643434.0301969773],[8075575.404303738,2643434.290825962],[8075575.802723958,2643434.565415644],[8075576.191506014,2643434.8536403296],[8075576.570188756,2643435.155158148],[8075576.938323032,2643435.469611462],[8075577.295472177,2643435.796627295],[8075577.641212572,2643436.1358177676],[8075577.975134125,2643436.4867805582],[8075578.2968407655,2643436.8490993823],[8075578.605950915,2643437.2223444865],[8075578.902097919,2643437.606073158],[8075609.120673547,2643427.397567337],[8075606.599982702,2643353.9442231413],[8075606.073291695,2643338.596431049],[8075596.879595085,2643325.152672157],[8075588.900769023,2643310.3232225203],[8075587.3799073985,2643302.7924575154],[8075587.05237801,2643301.1706483825],[8075584.755670632,2643301.654427552],[8075558.137373136,2643307.2612887914],[8075556.114220815,2643307.6874423986],[8075555.616576795,2643438.8627494466]]]]},"geometry_name":"the_geom","properties":{"gid":24458,"tps_name":"Gota_33","tps_no":"33","village":"Gota","city":"Ahmedabad","authority":"AMC","district":"Ahmedabad","state":"Gujarat","status":"Preliminary","fp_no":"7","reser_use":null,"reser_type":null,"tps_id":212,"show_hide":1,"fp_area":"5267","fp_area_final":5267,"temp":"5267","search":"Gota 33 7","dxf_access":1,"epsg_code":"EPSG:32643"}},{"type":"Feature","id":"final_plot_boundary.fid-4639cb80_1a0ba89becd_6450","geometry":{"type":"MultiPolygon","coordinates":[[[[8076378.22706735,2643248.7602949617],[8076401.717296965,2643315.24244586],[8076443.81871825,2643300.196456647],[8076444.235245238,2643232.1531417565],[8076444.288460341,2643219.035675809],[8076378.22706735,2643248.7602949617]]]]},"geometry_name":"the_geom","properties":{"gid":24412,"tps_name":"Gota_33","tps_no":"33","village":"Gota","city":"Ahmedabad","authority":"AMC","district":"Ahmedabad","state":"Gujarat","status":"Preliminary","fp_no":"47","reser_use":null,"reser_type":null,"tps_id":212,"show_hide":1,"fp_area":"3583","fp_area_final":3583,"temp":"3583","search":"Gota 33 47","dxf_access":1,"epsg_code":"EPSG:32643"}},{"type":"Feature","id":"final_plot_boundary.fid-4639cb80_1a0ba89becd_6451","geometry":{"type":"MultiPolygon","coordinates":[[[[8076207.042127929,2643802.0330471285],[8076172.162941518,2643702.9946325026],[8076078.691694367,2643736.289281988],[8076113.570347651,2643835.3280520574],[8076140.8045234205,2643825.6271997276],[8076171.434055768,2643814.716852636],[8076207.042127929,2643802.0330471285]]]]},"geometry_name":"the_geom","properties":{"gid":24485,"tps_name":"Gota_33","tps_no":"33","village":"Gota","city":"Ahmedabad","authority":"AMC","district":"Ahmedabad","state":"Gujarat","status":"Preliminary","fp_no":"133","reser_use":"Sale For Commercial","reser_type":"Commercial","tps_id":212,"show_hide":1,"fp_area":"8781","fp_area_final":8781,"temp":"8781","search":"Gota 33 133","dxf_access":1,"epsg_code":"EPSG:32643"}},{"type":"Feature","id":"final_plot_boundary.fid-4639cb80_1a0ba89becd_6452","geometry":{"type":"MultiPolygon","coordinates":[[[[8075723.101315073,2643400.417635709],[8075739.771619235,2643450.7218975043],[8075782.4560643,2643435.46955923],[8075782.718976736,2643435.37044847],[8075782.978336779,2643435.2622843487],[8075783.233836318,2643435.1451953603],[8075783.48517181,2643435.0193206137],[8075783.732044667,2643434.884809643],[8075783.974161612,2643434.7418222516],[8075784.211235006,2643434.5905283075],[8075784.442983197,2643434.4311075485],[8075784.66913088,2643434.263749367],[8075784.88940938,2643434.0886525866],[8075785.10355701,2643433.9060252225],[8075785.311319365,2643433.716084237],[8075785.512449624,2643433.519055279],[8075785.7067088345,2643433.3151724236],[8075785.893866225,2643433.1046778816],[8075786.073699446,2643432.8878217204],[8075786.245994858,2643432.6648615673],[8075786.410547776,2643432.436062301],[8075786.567162708,2643432.2016957374],[8075786.7156535955,2643431.9620403005],[8075786.855844039,2643431.717380703],[8075786.987567478,2643431.468007605],[8075787.110667435,2643431.2142172577],[8075787.224997667,2643430.9563111686],[8075787.330422343,2643430.69459573],[8075787.426816225,2643430.4293818586],[8075787.514064795,2643430.1609846326],[8075787.592064404,2643429.889722906],[8075787.660722383,2643429.615918939],[8075787.719957176,2643429.3398980144],[8075787.769698407,2643429.0619880417],[8075787.809886978,2643428.782519182],[8075787.840475158,2643428.501823444],[8075787.861426595,2643428.2202342935],[8075787.872716408,2643427.93808626],[8075787.874331183,2643427.655714535],[8075787.866269005,2643427.3734545796],[8075787.848539448,2643427.091641715],[8075787.821163581,2643426.8106107404],[8075787.784173918,2643426.5306955166],[8075787.737614409,2643426.252228586],[8075787.681540366,2643425.975540765],[8075787.616018409,2643425.700960763],[8075787.541126373,2643425.428814777],[8075787.456953233,2643425.159426121],[8075773.311967025,2643382.476002455],[8075723.101315073,2643400.417635709]]]]},"geometry_name":"the_geom","properties":{"gid":24381,"tps_name":"Gota_33","tps_no":"33","village":"Gota","city":"Ahmedabad","authority":"AMC","district":"Ahmedabad","state":"Gujarat","status":"Preliminary","fp_no":"96","reser_use":null,"reser_type":null,"tps_id":212,"show_hide":1,"fp_area":"2369","fp_area_final":2369,"temp":"2369","search":"Gota 33 96","dxf_access":1,"epsg_code":"EPSG:32643"}},{"type":"Feature","id":"final_plot_boundary.fid-4639cb80_1a0ba89becd_6453","geometry":{"type":"MultiPolygon","coordinates":[[[[8075367.066261508,2642964.296563327],[8075387.803177015,2643021.85671374],[8075445.350984828,2643000.886950053],[8075425.055028512,2642943.5768525153],[8075367.066261508,2642964.296563327]]]]},"geometry_name":"the_geom","properties":{"gid":24444,"tps_name":"Gota_33","tps_no":"33","village":"Gota","city":"Ahmedabad","authority":"AMC","district":"Ahmedabad","state":"Gujarat","status":"Preliminary","fp_no":"102","reser_use":null,"reser_type":null,"tps_id":212,"show_hide":1,"fp_area":"3157","fp_area_final":3157,"temp":"3157","search":"Gota 33 102","dxf_access":1,"epsg_code":"EPSG:32643"}},{"type":"Feature","id":"final_plot_boundary.fid-4639cb80_1a0ba89becd_6454","geometry":{"type":"MultiPolygon","coordinates":[[[[8075863.962529346,2643305.719843341],[8075876.092322666,2643340.181262351],[8075931.990127369,2643320.281081579],[8075908.189473228,2643252.6628020136],[8075874.817254543,2643264.543634365],[8075886.487940698,2643297.7006112626],[8075863.962529346,2643305.719843341]]]]},"geometry_name":"the_geom","properties":{"gid":24421,"tps_name":"Gota_33","tps_no":"33","village":"Gota","city":"Ahmedabad","authority":"AMC","district":"Ahmedabad","state":"Gujarat","status":"Preliminary","fp_no":"79/1","reser_use":null,"reser_type":null,"tps_id":212,"show_hide":1,"fp_area":"2877","fp_area_final":2877,"temp":"2877","search":"Gota 33 79/1","dxf_access":1,"epsg_code":"EPSG:32643"}},{"type":"Feature","id":"final_plot_boundary.fid-4639cb80_1a0ba89becd_6455","geometry":{"type":"MultiPolygon","coordinates":[[[[8076010.808217344,2643760.469120521],[8075948.684335549,2643782.5971217784],[8075948.42114719,2643782.6960361158],[8075948.161507074,2643782.804019375],[8075947.9057240505,2643782.920943105],[8075947.65410239,2643783.0466682194],[8075947.406941415,2643783.181045161],[8075947.1645351285,2643783.3239140827],[8075946.927171893,2643783.4751050323],[8075946.69513406,2643783.6344381613],[8075946.468697659,2643783.801723933],[8075946.248132044,2643783.976763351],[8075946.033699587,2643784.1593482],[8075945.825655374,2643784.349261282],[8075945.624246882,2643784.546276687],[8075945.429713699,2643784.7501600552],[8075945.242287231,2643784.960668852],[8075945.062190437,2643785.17755267],[8075944.8896375485,2643785.400553512],[8075944.7248338275,2643785.629406107],[8075944.567975321,2643785.863838223],[8075944.41924862,2643786.1035709875],[8075944.278830639,2643786.348319227],[8075944.146888415,2643786.5977918017],[8075944.023578901,2643786.851691948],[8075943.909048788,2643787.1097176354],[8075943.803434309,2643787.3715619324],[8075943.706861098,2643787.6369133573],[8075943.6194440415,2643787.9054562636],[8075943.541287123,2643788.176871201],[8075943.472483312,2643788.4508353067],[8075943.413114465,2643788.7270226874],[8075943.363251195,2643789.0051048],[8075943.322952814,2643789.2847508527],[8075943.292267277,2643789.56562819],[8075943.271231076,2643789.8474026895],[8075943.259869234,2643790.1297391676],[8075943.258195265,2643790.4123017685],[8075943.266211166,2643790.694754367],[8075943.283907402,2643790.976760973],[8075943.311262928,2643791.2579861176],[8075943.348245186,2643791.538095273],[8075943.394810202,2643791.8167552287],[8075943.45090257,2643792.093634507],[8075943.516455582,2643792.3684037416],[8075943.591391249,2643792.6407360784],[8075943.675620432,2643792.9103075624],[8075974.186410321,2643884.9759724587],[8076013.446367684,2643870.9918970894],[8076043.538094099,2643860.27339528],[8076045.686483425,2643859.508148723],[8076010.808217344,2643760.469120521]]]]},"geometry_name":"the_geom","properties":{"gid":24402,"tps_name":"Gota_33","tps_no":"33","village":"Gota","city":"Ahmedabad","authority":"AMC","district":"Ahmedabad","state":"Gujarat","status":"Preliminary","fp_no":"59/1","reser_use":null,"reser_type":null,"tps_id":212,"show_hide":1,"fp_area":"6619","fp_area_final":6619,"temp":"6619","search":"Gota 33 59/1","dxf_access":1,"epsg_code":"EPSG:32643"}},{"type":"Feature","id":"final_plot_boundary.fid-4639cb80_1a0ba89becd_6456","geometry":{"type":"MultiPolygon","coordinates":[[[[8076298.450046377,2643277.899567521],[8076186.998987757,2643311.9891663324],[8076186.73248169,2643312.075742441],[8076186.469092329,2643312.171480833],[8076186.209130988,2643312.276268345],[8076185.952904962,2643312.3899811176],[8076185.700717098,2643312.512484741],[8076185.452865483,2643312.6436344185],[8076185.209643092,2643312.783275126],[8076184.9713374,2643312.9312418127],[8076184.738230098,2643313.0873595783],[8076184.510596715,2643313.251443892],[8076184.288706306,2643313.4233008046],[8076184.0728211645,2643313.602727182],[8076183.863196455,2643313.7895109393],[8076183.660079961,2643313.983431301],[8076183.463711762,2643314.1842590487],[8076183.274323972,2643314.3917568056],[8076183.092140441,2643314.6056793076],[8076182.917376521,2643314.8257736983],[8076182.750238778,2643315.051779823],[8076182.5909247715,2643315.2834305447],[8076182.4396228185,2643315.5204520477],[8076182.296511744,2643315.7625641734],[8076182.161760721,2643316.0094807437],[8076182.035529018,2643316.260909904],[8076181.917965843,2643316.51655446],[8076181.809210158,2643316.776112242],[8076181.709390515,2643317.039276449],[8076181.6186249,2643317.305736023],[8076181.537020598,2643317.5751760015],[8076181.464674062,2643317.847277911],[8076181.401670821,2643318.121720123],[8076181.348085334,2643318.3981782445],[8076181.303980934,2643318.676325502],[8076181.269409775,2643318.955833122],[8076181.244412699,2643319.236370727],[8076181.22901926,2643319.5176067175],[8076181.223247655,2643319.7992086727],[8076181.227104709,2643320.0808437383],[8076181.240585862,2643320.3621790153],[8076181.263675178,2643320.6428819667],[8076181.296345365,2643320.922620801],[8076181.3385578105,2643321.2010648646],[8076181.390262616,2643321.477885032],[8076181.451398665,2643321.7527541006],[8076181.521893705,2643322.025347177],[8076181.601664402,2643322.2953420477],[8076181.690616465,2643322.5624195836],[8076208.160105396,2643397.72115826],[8076275.414303197,2643373.7643799465],[8076325.898041771,2643355.781232687],[8076298.450046377,2643277.899567521]]]]},"geometry_name":"the_geom","properties":{"gid":24455,"tps_name":"Gota_33","tps_no":"33","village":"Gota","city":"Ahmedabad","authority":"AMC","district":"Ahmedabad","state":"Gujarat","status":"Preliminary","fp_no":"49","reser_use":null,"reser_type":null,"tps_id":212,"show_hide":1,"fp_area":"8984","fp_area_final":8984,"temp":"8984","search":"Gota 33 49","dxf_access":1,"epsg_code":"EPSG:32643"}},{"type":"Feature","id":"final_plot_boundary.fid-4639cb80_1a0ba89becd_6457","geometry":{"type":"MultiPolygon","coordinates":[[[[8076019.178863815,2643911.8098939625],[8076026.857828371,2643909.074695687],[8076018.881779357,2643886.4261449976],[8075989.296232037,2643896.964293202],[8075997.272242457,2643919.6128696194],[8076019.178863815,2643911.8098939625]]]]},"geometry_name":"the_geom","properties":{"gid":24400,"tps_name":"Gota_33","tps_no":"33","village":"Gota","city":"Ahmedabad","authority":"AMC","district":"Ahmedabad","state":"Gujarat","status":"Preliminary","fp_no":"28","reser_use":null,"reser_type":null,"tps_id":212,"show_hide":1,"fp_area":"636","fp_area_final":636,"temp":"636","search":"Gota 33 28","dxf_access":1,"epsg_code":"EPSG:32643"}},{"type":"Feature","id":"final_plot_boundary.fid-4639cb80_1a0ba89becd_6458","geometry":{"type":"MultiPolygon","coordinates":[[[[8075451.786826831,2642759.3112040847],[8075485.243342395,2642854.016236292],[8075585.645176557,2642818.141043966],[8075582.480335856,2642809.182561249],[8075573.793580641,2642807.068554577],[8075558.978143152,2642796.63520689],[8075556.613433736,2642778.318845793],[8075497.757694791,2642763.4852678687],[8075451.786826831,2642759.3112040847]]]]},"geometry_name":"the_geom","properties":{"gid":24489,"tps_name":"Gota_33","tps_no":"33","village":"Gota","city":"Ahmedabad","authority":"AMC","district":"Ahmedabad","state":"Gujarat","status":"Preliminary","fp_no":"104","reser_use":null,"reser_type":null,"tps_id":212,"show_hide":1,"fp_area":"6113","fp_area_final":6113,"temp":"6113","search":"Gota 33 104","dxf_access":1,"epsg_code":"EPSG:32643"}},{"type":"Feature","id":"final_plot_boundary.fid-4639cb80_1a0ba89becd_6459","geometry":{"type":"MultiPolygon","coordinates":[[[[8075747.769550161,2643647.4271549485],[8075769.888959371,2643710.037748277],[8075870.008407297,2643674.2620433155],[8075851.741320978,2643619.1405790094],[8075851.64766198,2643618.87344622],[8075851.544876858,2643618.6097292397],[8075851.433088472,2643618.3497433034],[8075851.312430459,2643618.0937991897],[8075851.183047047,2643617.842202841],[8075851.045092889,2643617.5952550084],[8075850.8987329025,2643617.3532508803],[8075850.744142025,2643617.1164797414],[8075850.581505064,2643616.885224616],[8075850.411016422,2643616.659761937],[8075850.232879891,2643616.440361213],[8075850.047308418,2643616.227284709],[8075849.854523822,2643616.020787126],[8075849.654756549,2643615.8211153024],[8075849.448245401,2643615.628507918],[8075849.235237218,2643615.443195207],[8075849.015986642,2643615.265398687],[8075848.790755741,2643615.095330884],[8075848.559813755,2643614.933195095],[8075848.3234367315,2643614.779185125],[8075848.08190724,2643614.6334850756],[8075847.835513992,2643614.496269106],[8075847.584551508,2643614.367701244],[8075847.329319789,2643614.2479351684],[8075847.070123921,2643614.137114047],[8075846.807273742,2643614.0353703457],[8075846.541083444,2643613.942825689],[8075846.2718712315,2643613.8595907013],[8075845.999958902,2643613.7857648735],[8075845.725671491,2643613.7214364586],[8075845.449336867,2643613.6666823477],[8075845.171285352,2643613.6215679953],[8075844.891849318,2643613.5861473256],[8075844.611362793,2643613.5604626816],[8075844.330161058,2643613.544544764],[8075844.048580245,2643613.5384126017],[8075843.766956951,2643613.5420735246],[8075843.485627807,2643613.5555231567],[8075843.204929118,2643613.578745419],[8075842.925196406,2643613.611712553],[8075842.646764061,2643613.654385152],[8075842.369964902,2643613.706712209],[8075842.095129812,2643613.768631171],[8075841.82258731,2643613.840068023],[8075841.552663182,2643613.9209373747],[8075841.285680089,2643614.0111425566],[8075747.769550161,2643647.4271549485]]]]},"geometry_name":"the_geom","properties":{"gid":24513,"tps_name":"Gota_33","tps_no":"33","village":"Gota","city":"Ahmedabad","authority":"AMC","district":"Ahmedabad","state":"Gujarat","status":"Preliminary","fp_no":"142","reser_use":"Garden","reser_type":"Recreation","tps_id":212,"show_hide":1,"fp_area":"5974","fp_area_final":5974,"temp":"5974","search":"Gota 33 142","dxf_access":1,"epsg_code":"EPSG:32643"}},{"type":"Feature","id":"final_plot_boundary.fid-4639cb80_1a0ba89becd_645a","geometry":{"type":"MultiPolygon","coordinates":[[[[8075644.526776831,2643662.0603635446],[8075647.93637624,2643672.6664410825],[8075692.495361452,2643656.744626166],[8075687.146928886,2643640.1076717433],[8075678.505008449,2643613.2258913782],[8075633.94613585,2643629.1476355344],[8075640.258321481,2643648.782676229],[8075644.526776831,2643662.0603635446]]]]},"geometry_name":"the_geom","properties":{"gid":24433,"tps_name":"Gota_33","tps_no":"33","village":"Gota","city":"Ahmedabad","authority":"AMC","district":"Ahmedabad","state":"Gujarat","status":"Preliminary","fp_no":"11","reser_use":null,"reser_type":null,"tps_id":212,"show_hide":1,"fp_area":"1822","fp_area_final":1822,"temp":"1822","search":"Gota 33 11","dxf_access":1,"epsg_code":"EPSG:32643"}},{"type":"Feature","id":"final_plot_boundary.fid-4639cb80_1a0ba89becd_645b","geometry":{"type":"MultiPolygon","coordinates":[[[[8075587.3799073985,2643302.7924575154],[8075628.105479791,2643288.2404744355],[8075614.32927047,2643246.668604043],[8075592.433270707,2643254.492440421],[8075579.766391727,2643216.2678949283],[8075556.9323620545,2643224.4268551627],[8075584.755670632,2643301.654427552],[8075587.05237801,2643301.1706483825],[8075587.3799073985,2643302.7924575154]]]]},"geometry_name":"the_geom","properties":{"gid":24474,"tps_name":"Gota_33","tps_no":"33","village":"Gota","city":"Ahmedabad","authority":"AMC","district":"Ahmedabad","state":"Gujarat","status":"Preliminary","fp_no":"92/1","reser_use":null,"reser_type":null,"tps_id":212,"show_hide":1,"fp_area":"2495","fp_area_final":2495,"temp":"2495","search":"Gota 33 92/1","dxf_access":1,"epsg_code":"EPSG:32643"}},{"type":"Feature","id":"final_plot_boundary.fid-4639cb80_1a0ba89becd_645c","geometry":{"type":"MultiPolygon","coordinates":[[[[8075270.2745349035,2642781.0506435893],[8075306.078775659,2642720.5264048344],[8075299.348241864,2642714.5288730143],[8075295.985260952,2642672.864623727],[8075250.809917569,2642660.0477606305],[8075236.080149309,2642656.609306203],[8075232.103894964,2642655.2562427605],[8075270.2745349035,2642781.0506435893]]]]},"geometry_name":"the_geom","properties":{"gid":24517,"tps_name":"Gota_33","tps_no":"33","village":"Gota","city":"Ahmedabad","authority":"AMC","district":"Ahmedabad","state":"Gujarat","status":"Preliminary","fp_no":"(109+110+111)/2","reser_use":null,"reser_type":null,"tps_id":212,"show_hide":1,"fp_area":"3976","fp_area_final":3976,"temp":"3976","search":"Gota 33 (109+110+111)/2","dxf_access":1,"epsg_code":"EPSG:32643"}},{"type":"Feature","id":"final_plot_boundary.fid-4639cb80_1a0ba89becd_645d","geometry":{"type":"MultiPolygon","coordinates":[[[[8076092.0790185705,2644004.3835714064],[8076125.441077855,2644001.9086252297],[8076096.968813305,2643921.101927901],[8076066.554050024,2643931.941089255],[8076092.0790185705,2644004.3835714064]]]]},"geometry_name":"the_geom","properties":{"gid":24453,"tps_name":"Gota_33","tps_no":"33","village":"Gota","city":"Ahmedabad","authority":"AMC","district":"Ahmedabad","state":"Gujarat","status":"Preliminary","fp_no":"37","reser_use":null,"reser_type":null,"tps_id":212,"show_hide":1,"fp_area":"2211","fp_area_final":2211,"temp":"2211","search":"Gota 33 37","dxf_access":1,"epsg_code":"EPSG:32643"}},{"type":"Feature","id":"final_plot_boundary.fid-4639cb80_1a0ba89becd_645e","geometry":{"type":"MultiPolygon","coordinates":[[[[8076099.896615983,2643322.090526042],[8076091.095241133,2643297.1111972225],[8076067.867427827,2643303.928986821],[8076077.11515432,2643330.201249118],[8076099.896615983,2643322.090526042]]]]},"geometry_name":"the_geom","properties":{"gid":24508,"tps_name":"Gota_33","tps_no":"33","village":"Gota","city":"Ahmedabad","authority":"AMC","district":"Ahmedabad","state":"Gujarat","status":"Preliminary","fp_no":"131","reser_use":"Open Space","reser_type":"Open Space","tps_id":212,"show_hide":1,"fp_area":"554","fp_area_final":554,"temp":"554","search":"Gota 33 131","dxf_access":1,"epsg_code":"EPSG:32643"}},{"type":"Feature","id":"final_plot_boundary.fid-4639cb80_1a0ba89becd_645f","geometry":{"type":"MultiPolygon","coordinates":[[[[8075833.451273529,2643355.3617533403],[8075802.342946566,2643366.436437497],[8075817.974996779,2643413.606874048],[8075818.068581867,2643413.873807702],[8075818.171279603,2643414.1373308804],[8075818.282967407,2643414.3971290383],[8075818.403511963,2643414.6528920825],[8075818.532769392,2643414.904314734],[8075818.670585417,2643415.1510968967],[8075818.816795538,2643415.3929440095],[8075818.971225243,2643415.629567405],[8075819.133690194,2643415.860684649],[8075819.3039964875,2643416.08601988],[8075819.481940837,2643416.305304137],[8075819.6673108535,2643416.5182756865],[8075819.859885275,2643416.72468032],[8075820.0594342565,2643416.9242716744],[8075820.265719601,2643417.11681152],[8075820.478495101,2643417.302070039],[8075820.697506777,2643417.479826104],[8075820.922493224,2643417.6498675514],[8075821.153185893,2643417.8119914155],[8075821.389309433,2643417.966004186],[8075821.630582009,2643418.1117220353],[8075821.87671564,2643418.248971029],[8075822.127416529,2643418.377587351],[8075822.382385457,2643418.497417483],[8075822.641318082,2643418.6083183973],[8075822.903905341,2643418.71015772],[8075823.1698338175,2643418.8028138992],[8075823.438786094,2643418.8861763338],[8075823.710441152,2643418.960145529],[8075823.98447474,2643419.0246331897],[8075824.260559779,2643419.07956235],[8075824.538366733,2643419.1248674397],[8075824.817564002,2643419.160494383],[8075825.097818346,2643419.186400662],[8075825.378795249,2643419.2025553463],[8075825.660159346,2643419.2089391598],[8075825.941574783,2643419.205544479],[8075826.222705677,2643419.192375359],[8075826.503216466,2643419.169447518],[8075826.782772335,2643419.136788321],[8075827.061039604,2643419.0944367475],[8075827.337686128,2643419.0424433537],[8075827.612381708,2643418.980870198],[8075827.884798471,2643418.90979077],[8075828.154611255,2643418.829289914],[8075828.421498011,2643418.739463715],[8075879.8728693705,2643400.4224641565],[8075860.609234304,2643345.693357722],[8075833.451273529,2643355.3617533403]]]]},"geometry_name":"the_geom","properties":{"gid":24418,"tps_name":"Gota_33","tps_no":"33","village":"Gota","city":"Ahmedabad","authority":"AMC","district":"Ahmedabad","state":"Gujarat","status":"Preliminary","fp_no":"75","reser_use":null,"reser_type":null,"tps_id":212,"show_hide":1,"fp_area":"3038","fp_area_final":3038,"temp":"3038","search":"Gota 33 75","dxf_access":1,"epsg_code":"EPSG:32643"}},{"type":"Feature","id":"final_plot_boundary.fid-4639cb80_1a0ba89becd_6460","geometry":{"type":"MultiPolygon","coordinates":[[[[8075787.7434031395,2644092.176631745],[8075792.845691232,2644107.7427723557],[8075771.9658069145,2644115.0544591807],[8075790.498290096,2644168.5827244893],[8075873.750757477,2644138.834287671],[8075871.869797089,2644133.0959184966],[8075851.042942842,2644069.557959876],[8075787.7434031395,2644092.176631745]]]]},"geometry_name":"the_geom","properties":{"gid":24388,"tps_name":"Gota_33","tps_no":"33","village":"Gota","city":"Ahmedabad","authority":"AMC","district":"Ahmedabad","state":"Gujarat","status":"Preliminary","fp_no":"23","reser_use":null,"reser_type":null,"tps_id":212,"show_hide":1,"fp_area":"5161","fp_area_final":5161,"temp":"5161","search":"Gota 33 23","dxf_access":1,"epsg_code":"EPSG:32643"}},{"type":"Feature","id":"final_plot_boundary.fid-4639cb80_1a0ba89becd_6461","geometry":{"type":"MultiPolygon","coordinates":[[[[8076332.794984665,2643246.8429925432],[8076169.998764168,2643241.7218953297],[8076166.161033413,2643275.996831093],[8076166.134212492,2643276.280723224],[8076166.117232218,2643276.565382158],[8076166.110113165,2643276.8504629843],[8076166.112863967,2643277.135620287],[8076166.125481287,2643277.4205085565],[8076166.147949831,2643277.7047826084],[8076166.180242382,2643277.988098005],[8076166.22231982,2643278.270111463],[8076166.274131149,2643278.5504812845],[8076166.335613603,2643278.82886776],[8076166.40669268,2643279.1049335827],[8076166.487282263,2643279.378344258],[8076166.5772847,2643279.6487685083],[8076169.711767778,2643288.5490052807],[8076169.810665522,2643288.815072068],[8076169.918675166,2643289.07753093],[8076170.035666868,2643289.336066356],[8076170.161499987,2643289.5903675477],[8076170.296023258,2643289.8401288064],[8076170.439074963,2643290.0850498774],[8076170.590483128,2643290.3248363333],[8076170.750065755,2643290.5591999204],[8076170.91763099,2643290.7878588974],[8076171.0929774055,2643291.0105383852],[8076171.27589421,2643291.226970695],[8076171.466161507,2643291.4368956396],[8076171.663550571,2643291.6400608644],[8076171.86782412,2643291.8362221336],[8076172.078736581,2643292.025143638],[8076172.296034412,2643292.20659826],[8076172.519456389,2643292.3803678737],[8076172.748733937,2643292.546243579],[8076172.983591418,2643292.704025972],[8076173.223746514,2643292.8535253764],[8076173.468910513,2643292.99456207],[8076173.718788703,2643293.1269665076],[8076173.973080696,2643293.250579525],[8076174.231480795,2643293.3652525176],[8076174.49367837,2643293.4708476323],[8076174.759358212,2643293.5672379285],[8076175.028200952,2643293.654307536],[8076175.299883399,2643293.7319517774],[8076175.574078948,2643293.800077321],[8076175.850457985,2643293.858602266],[8076176.128688257,2643293.907456258],[8076176.408435295,2643293.946580565],[8076176.689362806,2643293.975928159],[8076176.9711330775,2643293.9954637582],[8076177.25340738,2643294.005163876],[8076177.535846379,2643294.005016854],[8076177.818110546,2643293.995022867],[8076178.099860559,2643293.9751939294],[8076178.380757713,2643293.945553879],[8076178.660464337,2643293.906138347],[8076178.9386441745,2643293.8569947146],[8076179.214962829,2643293.7981820647],[8076179.489088115,2643293.7297710925],[8076179.7606905,2643293.6518440396],[8076332.794984665,2643246.8429925432]]]]},"geometry_name":"the_geom","properties":{"gid":24477,"tps_name":"Gota_33","tps_no":"33","village":"Gota","city":"Ahmedabad","authority":"AMC","district":"Ahmedabad","state":"Gujarat","status":"Preliminary","fp_no":"139","reser_use":"Sale For Residential","reser_type":"Residential","tps_id":212,"show_hide":1,"fp_area":"3864","fp_area_final":3864,"temp":"3864","search":"Gota 33 139","dxf_access":1,"epsg_code":"EPSG:32643"}},{"type":"Feature","id":"final_plot_boundary.fid-4639cb80_1a0ba89becd_6462","geometry":{"type":"MultiPolygon","coordinates":[[[[8075425.055028512,2642943.5768525153],[8075401.851709911,2642878.056969954],[8075346.565272407,2642897.6933661066],[8075346.460475647,2642897.73263415],[8075346.357080555,2642897.775495938],[8075346.255208929,2642897.821900976],[8075346.154980789,2642897.871794601],[8075346.056514197,2642897.9251180314],[8075345.959925152,2642897.9818084543],[8075345.865327443,2642898.0417990834],[8075345.772832513,2642898.105019249],[8075345.68254931,2642898.1713944753],[8075345.594584206,2642898.2408465687],[8075345.509040822,2642898.313293714],[8075345.426019939,2642898.388650565],[8075345.345619343,2642898.4668283476],[8075345.267933758,2642898.5477349665],[8075345.193054701,2642898.631275108],[8075345.12107038,2642898.717350362],[8075345.052065601,2642898.8058593255],[8075344.986121646,2642898.896697734],[8075344.923316212,2642898.9897585777],[8075344.863723267,2642899.0849322244],[8075344.80741303,2642899.1821065564],[8075344.754451835,2642899.2811670997],[8075344.704902068,2642899.3819971564],[8075344.658822095,2642899.4844779447],[8075344.616266214,2642899.58848874],[8075344.577284548,2642899.693907011],[8075344.541923019,2642899.8006085735],[8075344.510223284,2642899.9084677263],[8075344.482222694,2642900.017357408],[8075344.45795423,2642900.1271493454],[8075344.437446475,2642900.237714195],[8075344.420723604,2642900.34892171],[8075344.4078053,2642900.4606408835],[8075344.398706793,2642900.5727401045],[8075344.393438794,2642900.6850873157],[8075344.392007511,2642900.7975501698],[8075344.3944146335,2642900.909996179],[8075344.400657322,2642901.0222928803],[8075344.4107282255,2642901.1343079796],[8075344.42461548,2642901.2459095223],[8075344.442302725,2642901.3569660373],[8075344.463769121,2642901.4673466953],[8075344.488989383,2642901.576921461],[8075344.517933806,2642901.6855612537],[8075344.550568282,2642901.7931380915],[8075344.586854372,2642901.899525242],[8075367.066261508,2642964.296563327],[8075425.055028512,2642943.5768525153]]]]},"geometry_name":"the_geom","properties":{"gid":24437,"tps_name":"Gota_33","tps_no":"33","village":"Gota","city":"Ahmedabad","authority":"AMC","district":"Ahmedabad","state":"Gujarat","status":"Preliminary","fp_no":"106","reser_use":null,"reser_type":null,"tps_id":212,"show_hide":1,"fp_area":"3620","fp_area_final":3620,"temp":"3620","search":"Gota 33 106","dxf_access":1,"epsg_code":"EPSG:32643"}},{"type":"Feature","id":"final_plot_boundary.fid-4639cb80_1a0ba89becd_6463","geometry":{"type":"MultiPolygon","coordinates":[[[[8075453.003309418,2643022.4949278743],[8075395.572449785,2643043.422099666],[8075397.070897725,2643047.5813803705],[8075410.296905944,2643084.2931144107],[8075410.3440799555,2643084.417273756],[8075410.39551689,2643084.5397089026],[8075410.451154564,2643084.660271862],[8075410.5109257335,2643084.778816915],[8075410.57475815,2643084.8952007755],[8075410.642574661,2643085.00928277],[8075410.714293309,2643085.1209250125],[8075410.78982739,2643085.2299925596],[8075410.869085619,2643085.3363535837],[8075410.951972193,2643085.439879525],[8075411.038386933,2643085.5404452565],[8075411.128225387,2643085.6379292216],[8075411.221378967,2643085.732213593],[8075411.317735081,2643085.8231844143],[8075411.417177264,2643085.9107317273],[8075411.519585317,2643085.9947497123],[8075411.624835474,2643086.075136821],[8075411.732800501,2643086.15179589],[8075411.843349922,2643086.2246342567],[8075411.956350103,2643086.2935638926],[8075412.071664462,2643086.358501474],[8075412.189153629,2643086.4193685134],[8075412.308675587,2643086.4760914445],[8075412.43008588,2643086.5286017037],[8075412.553237757,2643086.5768358256],[8075412.67798236,2643086.6207355065],[8075412.80416892,2643086.660247686],[8075412.9316449175,2643086.6953246095],[8075413.060256262,2643086.7259238744],[8075413.189847509,2643086.7520085014],[8075413.320262028,2643086.7735469583],[8075413.45134218,2643086.790513213],[8075413.582929536,2643086.8028867594],[8075413.714865041,2643086.810652638],[8075413.846989233,2643086.813801467],[8075413.9791424135,2643086.8123294376],[8075414.111164852,2643086.806238332],[8075414.242896964,2643086.795535509],[8075414.374179541,2643086.780233906],[8075414.5048538875,2643086.760352019],[8075414.634762075,2643086.735913877],[8075414.763747073,2643086.7069490203],[8075414.891652982,2643086.6734924573],[8075415.018325206,2643086.635584625],[8075415.14361064,2643086.5932713468],[8075468.479256238,2643067.5360206007],[8075453.003309418,2643022.4949278743]]]]},"geometry_name":"the_geom","properties":{"gid":24413,"tps_name":"Gota_33","tps_no":"33","village":"Gota","city":"Ahmedabad","authority":"AMC","district":"Ahmedabad","state":"Gujarat","status":"Preliminary","fp_no":"101","reser_use":null,"reser_type":null,"tps_id":212,"show_hide":1,"fp_area":"2427","fp_area_final":2427,"temp":"2427","search":"Gota 33 101","dxf_access":1,"epsg_code":"EPSG:32643"}},{"type":"Feature","id":"final_plot_boundary.fid-4639cb80_1a0ba89becd_6464","geometry":{"type":"MultiPolygon","coordinates":[[[[8076189.573882709,2643888.099080774],[8076207.66723848,2643939.4486354357],[8076263.762218135,2643919.457001314],[8076245.668696489,2643868.1075573275],[8076189.573882709,2643888.099080774]]]]},"geometry_name":"the_geom","properties":{"gid":24393,"tps_name":"Gota_33","tps_no":"33","village":"Gota","city":"Ahmedabad","authority":"AMC","district":"Ahmedabad","state":"Gujarat","status":"Preliminary","fp_no":"36/1","reser_use":null,"reser_type":null,"tps_id":212,"show_hide":1,"fp_area":"2732","fp_area_final":2732,"temp":"2732","search":"Gota 33 36/1","dxf_access":1,"epsg_code":"EPSG:32643"}},{"type":"Feature","id":"final_plot_boundary.fid-4639cb80_1a0ba89becd_6465","geometry":{"type":"MultiPolygon","coordinates":[[[[8075876.092322666,2643340.181262351],[8075863.962529346,2643305.719843341],[8075852.291886206,2643272.5628377926],[8075809.65100313,2643287.7432181817],[8075833.451273529,2643355.3617533403],[8075860.609234304,2643345.693357722],[8075876.092322666,2643340.181262351]]]]},"geometry_name":"the_geom","properties":{"gid":24465,"tps_name":"Gota_33","tps_no":"33","village":"Gota","city":"Ahmedabad","authority":"AMC","district":"Ahmedabad","state":"Gujarat","status":"Preliminary","fp_no":"78","reser_use":null,"reser_type":null,"tps_id":212,"show_hide":1,"fp_area":"2735","fp_area_final":2735,"temp":"2735","search":"Gota 33 78","dxf_access":1,"epsg_code":"EPSG:32643"}},{"type":"Feature","id":"final_plot_boundary.fid-4639cb80_1a0ba89becd_6466","geometry":{"type":"MultiPolygon","coordinates":[[[[8075766.654095228,2644099.7123590587],[8075771.9658069145,2644115.0544591807],[8075792.845691232,2644107.7427723557],[8075787.7434031395,2644092.176631745],[8075766.654095228,2644099.7123590587]]]]},"geometry_name":"the_geom","properties":{"gid":24449,"tps_name":"Gota_33","tps_no":"33","village":"Gota","city":"Ahmedabad","authority":"AMC","district":"Ahmedabad","state":"Gujarat","status":"Preliminary","fp_no":"19","reser_use":null,"reser_type":null,"tps_id":212,"show_hide":1,"fp_area":"306","fp_area_final":306,"temp":"306","search":"Gota 33 19","dxf_access":1,"epsg_code":"EPSG:32643"}},{"type":"Feature","id":"final_plot_boundary.fid-4639cb80_1a0ba89becd_6467","geometry":{"type":"MultiPolygon","coordinates":[[[[8075745.710133134,2643719.904218037],[8075699.484058326,2643736.4218666744],[8075698.486874518,2643736.7781818784],[8075730.075227006,2643826.1922433833],[8075777.298728664,2643809.3181168525],[8075763.886918983,2643771.355029862],[8075745.710133134,2643719.904218037]]]]},"geometry_name":"the_geom","properties":{"gid":24427,"tps_name":"Gota_33","tps_no":"33","village":"Gota","city":"Ahmedabad","authority":"AMC","district":"Ahmedabad","state":"Gujarat","status":"Preliminary","fp_no":"15","reser_use":null,"reser_type":null,"tps_id":212,"show_hide":1,"fp_area":"4008","fp_area_final":4008,"temp":"4008","search":"Gota 33 15","dxf_access":1,"epsg_code":"EPSG:32643"}},{"type":"Feature","id":"final_plot_boundary.fid-4639cb80_1a0ba89becd_6468","geometry":{"type":"MultiPolygon","coordinates":[[[[8075647.93637624,2643672.6664410825],[8075644.526776831,2643662.0603635446],[8075637.666615227,2643664.511622357],[8075641.07621041,2643675.1177025503],[8075647.93637624,2643672.6664410825]]]]},"geometry_name":"the_geom","properties":{"gid":24511,"tps_name":"Gota_33","tps_no":"33","village":"Gota","city":"Ahmedabad","authority":"AMC","district":"Ahmedabad","state":"Gujarat","status":"Preliminary","fp_no":"141","reser_use":"Open Space","reser_type":"Open Space","tps_id":212,"show_hide":1,"fp_area":"68","fp_area_final":68,"temp":"68","search":"Gota 33 141","dxf_access":1,"epsg_code":"EPSG:32643"}},{"type":"Feature","id":"final_plot_boundary.fid-4639cb80_1a0ba89becd_6469","geometry":{"type":"MultiPolygon","coordinates":[[[[8075873.750757477,2644138.834287671],[8075790.498290096,2644168.5827244893],[8075807.430114723,2644217.487602503],[8075807.5264619645,2644217.751243511],[8075807.631738566,2644218.0114081157],[8075807.745820792,2644218.2677905313],[8075807.868574555,2644218.5200894135],[8075807.999855574,2644218.7680082177],[8075808.139509544,2644219.011255556],[8075808.287372322,2644219.2495455197],[8075808.44327012,2644219.4825980323],[8075808.6070197,2644219.710139176],[8075808.778428603,2644219.9319015015],[8075808.957295354,2644220.1476243623],[8075809.143409719,2644220.3570542056],[8075809.3365529515,2644220.5599448723],[8075809.53649804,2644220.756057894],[8075809.7430099705,2644220.945162768],[8075809.955846024,2644221.127037225],[8075810.174756036,2644221.3014674983],[8075810.399482713,2644221.468248568],[8075810.629761921,2644221.6271844055],[8075810.865322991,2644221.7780882055],[8075811.105889055,2644221.920782597],[8075811.35117737,2644222.0550998664],[8075811.600899622,2644222.180882141],[8075811.85476231,2644222.2979815775],[8075812.112467039,2644222.4062605454],[8075812.373710918,2644222.505591778],[8075812.638186897,2644222.5958585213],[8075812.905584118,2644222.676954681],[8075813.175588292,2644222.748784939],[8075813.447882058,2644222.8112648698],[8075813.722145388,2644222.8643210344],[8075813.9980559135,2644222.9078910747],[8075814.27528934,2644222.94192378],[8075814.553519815,2644222.966379148],[8075814.832420327,2644222.981228435],[8075815.111663057,2644222.986454189],[8075815.390919795,2644222.982050265],[8075815.669862318,2644222.9680218417],[8075815.948162767,2644222.9443854075],[8075816.225494032,2644222.9111687415],[8075816.501530155,2644222.8684108877],[8075816.775946692,2644222.8161621015],[8075817.048421101,2644222.7544837934],[8075817.318633126,2644222.6834484567],[8075817.586265176,2644222.603139588],[8075817.851002681,2644222.5136515754],[8075892.442971287,2644195.859761201],[8075873.750757477,2644138.834287671]]]]},"geometry_name":"the_geom","properties":{"gid":24386,"tps_name":"Gota_33","tps_no":"33","village":"Gota","city":"Ahmedabad","authority":"AMC","district":"Ahmedabad","state":"Gujarat","status":"Preliminary","fp_no":"22","reser_use":null,"reser_type":null,"tps_id":212,"show_hide":1,"fp_area":"4431.6","fp_area_final":4431.6,"temp":"4431.6","search":"Gota 33 22","dxf_access":1,"epsg_code":"EPSG:32643"}},{"type":"Feature","id":"final_plot_boundary.fid-4639cb80_1a0ba89becd_646a","geometry":{"type":"MultiPolygon","coordinates":[[[[8075555.186328925,2643057.42021526],[8075422.878101045,2643104.6954306024],[8075422.721200386,2643104.754557489],[8075422.566407106,2643104.8190583284],[8075422.413903119,2643104.888857318],[8075422.26386765,2643104.9638724285],[8075422.116477032,2643105.0440154984],[8075421.971904482,2643105.129192343],[8075421.830319907,2643105.2193028587],[8075421.691889697,2643105.314241144],[8075421.556776543,2643105.413895625],[8075421.425139234,2643105.518149183],[8075421.297132478,2643105.6268792986],[8075421.172906714,2643105.7399581857],[8075421.05260793,2643105.8572529536],[8075420.936377508,2643105.978625753],[8075420.824352046,2643106.103933938],[8075420.716663196,2643106.233030247],[8075420.613437523,2643106.36576296],[8075420.514796344,2643106.5019760877],[8075420.420855578,2643106.6415095422],[8075420.331725635,2643106.784199347],[8075420.247511254,2643106.9298778023],[8075420.168311418,2643107.0783737046],[8075420.094219197,2643107.2295125336],[8075420.02532167,2643107.383116672],[8075419.961699807,2643107.5390055925],[8075419.90342838,2643107.696996093],[8075419.850575872,2643107.856902495],[8075419.803204393,2643108.018536875],[8075419.761369617,2643108.181709272],[8075419.725120717,2643108.3462279215],[8075419.694500286,2643108.511899476],[8075419.669544315,2643108.6785292313],[8075419.65028213,2643108.8459213586],[8075419.636736369,2643109.013879134],[8075419.628922954,2643109.1822051667],[8075419.626851065,2643109.350701636],[8075419.630523142,2643109.5191705166],[8075419.639934864,2643109.6874138215],[8075419.655075177,2643109.8552338216],[8075419.6759262765,2643110.022433291],[8075419.702463668,2643110.1888157325],[8075419.734656154,2643110.354185604],[8075419.772465911,2643110.518348561],[8075419.815848508,2643110.681111671],[8075419.864752944,2643110.8422836526],[8075419.919121754,2643111.001675086],[8075448.220068318,2643189.5569149777],[8075585.405706526,2643141.2981944806],[8075578.4573304085,2643122.0120671284],[8075555.186328925,2643057.42021526]]]]},"geometry_name":"the_geom","properties":{"gid":24443,"tps_name":"Gota_33","tps_no":"33","village":"Gota","city":"Ahmedabad","authority":"AMC","district":"Ahmedabad","state":"Gujarat","status":"Preliminary","fp_no":"125","reser_use":"Garden","reser_type":"Recreation","tps_id":212,"show_hide":1,"fp_area":"10880","fp_area_final":10880,"temp":"10880","search":"Gota 33 125","dxf_access":1,"epsg_code":"EPSG:32643"}},{"type":"Feature","id":"final_plot_boundary.fid-4639cb80_1a0ba89becd_646b","geometry":{"type":"MultiPolygon","coordinates":[[[[8076067.867427827,2643303.928986821],[8076049.851495808,2643252.746651664],[8076040.9653157145,2643251.938410712],[8076033.930839363,2643224.956943619],[8075984.059617654,2643225.651998688],[8075969.898256667,2643230.6936673056],[8076012.963205673,2643353.04061381],[8076077.11515432,2643330.201249118],[8076067.867427827,2643303.928986821]]]]},"geometry_name":"the_geom","properties":{"gid":24422,"tps_name":"Gota_33","tps_no":"33","village":"Gota","city":"Ahmedabad","authority":"AMC","district":"Ahmedabad","state":"Gujarat","status":"Preliminary","fp_no":"81","reser_use":null,"reser_type":null,"tps_id":212,"show_hide":1,"fp_area":"6918","fp_area_final":6918,"temp":"6918","search":"Gota 33 81","dxf_access":1,"epsg_code":"EPSG:32643"}},{"type":"Feature","id":"final_plot_boundary.fid-4639cb80_1a0ba89becd_646c","geometry":{"type":"MultiPolygon","coordinates":[[[[8075735.222751616,2643559.519599548],[8075716.105510872,2643566.350658262],[8075740.389706058,2643639.6308609853],[8075838.49648154,2643604.574507587],[8075838.759396537,2643604.475395124],[8075839.018759084,2643604.3672292084],[8075839.274261054,2643604.250138345],[8075839.525598919,2643604.1242616386],[8075839.772474081,2643603.9897486283],[8075840.014593258,2643603.846759122],[8075840.251668805,2643603.6954629854],[8075840.483419081,2643603.536039961],[8075840.709568764,2643603.3686794485],[8075840.929849184,2643603.1935802666],[8075841.14399865,2643603.0109504373],[8075841.351762749,2643602.821006924],[8075841.552894662,2643602.6239753836],[8075841.747155442,2643602.420089887],[8075841.934314311,2643602.209592654],[8075842.11414892,2643601.992733753],[8075842.286445619,2643601.769770814],[8075842.450999726,2643601.5409687217],[8075842.607615751,2643601.306599288],[8075842.75610763,2643601.066940949],[8075842.896298963,2643600.8222784167],[8075843.0280231945,2643600.572902355],[8075843.151123832,2643600.3191090208],[8075843.265454646,2643600.061199921],[8075843.370879805,2643599.7994814543],[8075843.467274055,2643599.53426454],[8075843.5545228915,2643599.2658642605],[8075843.632522664,2643598.994599474],[8075843.7011807,2643598.720792446],[8075843.760415442,2643598.444768458],[8075843.810156507,2643598.1668554256],[8075843.850344825,2643597.8873835145],[8075843.880932631,2643597.606684735],[8075843.9018835975,2643597.3250925583],[8075843.913172833,2643597.0429415167],[8075843.914786928,2643596.7605668083],[8075843.906723963,2643596.478303892],[8075843.888993517,2643596.1964880973],[8075843.861616657,2643595.915454221],[8075843.824625912,2643595.6355361356],[8075843.778065214,2643595.3570663794],[8075843.721989891,2643595.0803757776],[8075843.656466552,2643594.8057930395],[8075843.581573043,2643594.533644367],[8075843.497398339,2643594.2642530766],[8075821.738264934,2643528.6051562596],[8075735.222751616,2643559.519599548]]]]},"geometry_name":"the_geom","properties":{"gid":24375,"tps_name":"Gota_33","tps_no":"33","village":"Gota","city":"Ahmedabad","authority":"AMC","district":"Ahmedabad","state":"Gujarat","status":"Preliminary","fp_no":"69","reser_use":null,"reser_type":null,"tps_id":212,"show_hide":1,"fp_area":"7285","fp_area_final":7285,"temp":"7285","search":"Gota 33 69","dxf_access":1,"epsg_code":"EPSG:32643"}},{"type":"Feature","id":"final_plot_boundary.fid-4639cb80_1a0ba89becd_646d","geometry":{"type":"MultiPolygon","coordinates":[[[[8075660.3016989,2643479.118358],[8075654.1190091465,2643460.461191786],[8075632.421926436,2643468.2158941305],[8075638.968737711,2643486.7429273645],[8075660.3016989,2643479.118358]]]]},"geometry_name":"the_geom","properties":{"gid":24507,"tps_name":"Gota_33","tps_no":"33","village":"Gota","city":"Ahmedabad","authority":"AMC","district":"Ahmedabad","state":"Gujarat","status":"Preliminary","fp_no":"4","reser_use":null,"reser_type":null,"tps_id":212,"show_hide":1,"fp_area":"378","fp_area_final":378,"temp":"378","search":"Gota 33 4","dxf_access":1,"epsg_code":"EPSG:32643"}},{"type":"Feature","id":"final_plot_boundary.fid-4639cb80_1a0ba89becd_646e","geometry":{"type":"MultiPolygon","coordinates":[[[[8075753.129515991,2643904.2443440724],[8075721.88844997,2643915.4074960737],[8075702.105735821,2643922.476278779],[8075724.442057012,2643990.120620365],[8075844.182094745,2643947.3344047926],[8075820.459180884,2643880.1856655176],[8075774.115298091,2643896.7456015237],[8075753.129515991,2643904.2443440724]]]]},"geometry_name":"the_geom","properties":{"gid":24446,"tps_name":"Gota_33","tps_no":"33","village":"Gota","city":"Ahmedabad","authority":"AMC","district":"Ahmedabad","state":"Gujarat","status":"Preliminary","fp_no":"16/1","reser_use":null,"reser_type":null,"tps_id":212,"show_hide":1,"fp_area":"7588","fp_area_final":7588,"temp":"7588","search":"Gota 33 16/1","dxf_access":1,"epsg_code":"EPSG:32643"}},{"type":"Feature","id":"final_plot_boundary.fid-4639cb80_1a0ba89becd_646f","geometry":{"type":"MultiPolygon","coordinates":[[[[8075584.755670632,2643301.654427552],[8075556.9323620545,2643224.4268551627],[8075531.5603661705,2643233.492626771],[8075558.137373136,2643307.2612887914],[8075584.755670632,2643301.654427552]]]]},"geometry_name":"the_geom","properties":{"gid":24379,"tps_name":"Gota_33","tps_no":"33","village":"Gota","city":"Ahmedabad","authority":"AMC","district":"Ahmedabad","state":"Gujarat","status":"Preliminary","fp_no":"91","reser_use":null,"reser_type":null,"tps_id":212,"show_hide":1,"fp_area":"1822","fp_area_final":1822,"temp":"1822","search":"Gota 33 91","dxf_access":1,"epsg_code":"EPSG:32643"}},{"type":"Feature","id":"final_plot_boundary.fid-4639cb80_1a0ba89becd_6470","geometry":{"type":"MultiPolygon","coordinates":[[[[8075793.039021413,2643139.8294977657],[8075741.728015321,2643158.096305448],[8075741.464794203,2643158.1951821395],[8075741.205120436,2643158.303129838],[8075740.94930297,2643158.4200201062],[8075740.6976461755,2643158.5457138647],[8075740.450449477,2643158.6800615676],[8075740.208006992,2643158.8229033654],[8075739.970607167,2643158.974069308],[8075739.738532473,2643159.1333795367],[8075739.512059023,2643159.3006445076],[8075739.29145628,2643159.4756652056],[8075739.076986712,2643159.658233393],[8075738.868905496,2643159.8481318518],[8075738.667460216,2643160.04513464],[8075738.47289054,2643160.249007367],[8075738.285427969,2643160.4595074616],[8075738.105295548,2643160.676384474],[8075737.932707599,2643160.8993803617],[8075737.76786947,2643161.1282298095],[8075737.610977273,2643161.3626605296],[8075737.462217693,2643161.602393597],[8075737.321767723,2643161.8471437776],[8075737.189794461,2643162.09661987],[8075737.066454934,2643162.3505250462],[8075736.951895891,2643162.608557212],[8075736.846253636,2643162.8704093606],[8075736.749653863,2643163.13576994],[8075736.662211506,2643163.4043232263],[8075736.584030603,2643163.6757496907],[8075736.515204172,2643163.9497263962],[8075736.455814109,2643164.225927366],[8075736.405931069,2643164.50402397],[8075736.365614413,2643164.783685334],[8075736.334912107,2643165.0645787176],[8075736.313860673,2643165.346369911],[8075736.302485167,2643165.628723642],[8075736.300799121,2643165.911303963],[8075736.308804542,2643166.1937746652],[8075736.326491913,2643166.475799662],[8075736.3538401695,2643166.7570433985],[8075736.3908167975,2643167.0371712544],[8075736.437377784,2643167.315849931],[8075736.493467746,2643167.592747859],[8075736.559019943,2643167.8675355827],[8075736.633956368,2643168.13988616],[8075736.718187885,2643168.4094755496],[8075757.241082911,2643230.3388510677],[8075817.362785082,2643208.935365132],[8075793.039021413,2643139.8294977657]]]]},"geometry_name":"the_geom","properties":{"gid":24424,"tps_name":"Gota_33","tps_no":"33","village":"Gota","city":"Ahmedabad","authority":"AMC","district":"Ahmedabad","state":"Gujarat","status":"Preliminary","fp_no":"89","reser_use":null,"reser_type":null,"tps_id":212,"show_hide":1,"fp_area":"3887","fp_area_final":3887,"temp":"3887","search":"Gota 33 89","dxf_access":1,"epsg_code":"EPSG:32643"}},{"type":"Feature","id":"final_plot_boundary.fid-4639cb80_1a0ba89becd_6471","geometry":{"type":"MultiPolygon","coordinates":[[[[8075614.32927047,2643246.668604043],[8075628.105479791,2643288.2404744355],[8075674.94290597,2643271.504467571],[8075648.499552783,2643191.708221482],[8075601.662343021,2643208.444089616],[8075614.32927047,2643246.668604043]]]]},"geometry_name":"the_geom","properties":{"gid":24473,"tps_name":"Gota_33","tps_no":"33","village":"Gota","city":"Ahmedabad","authority":"AMC","district":"Ahmedabad","state":"Gujarat","status":"Preliminary","fp_no":"93","reser_use":null,"reser_type":null,"tps_id":212,"show_hide":1,"fp_area":"3523","fp_area_final":3523,"temp":"3523","search":"Gota 33 93","dxf_access":1,"epsg_code":"EPSG:32643"}},{"type":"Feature","id":"final_plot_boundary.fid-4639cb80_1a0ba89becd_6472","geometry":{"type":"MultiPolygon","coordinates":[[[[8076085.373767794,2643430.604762047],[8076028.527798411,2643450.8507975102],[8075967.417704746,2643472.6139643323],[8075964.048071555,2643473.813985575],[8075976.5410351185,2643511.5109135606],[8075972.582191435,2643512.9210256184],[8075987.09496718,2643556.712589393],[8076010.941865452,2643628.6691863877],[8076103.956819222,2643596.3167442074],[8076174.530041684,2643571.7695667148],[8076234.460856944,2643550.923811241],[8076202.480762536,2643460.1181842107],[8076107.655223927,2643493.8845713427],[8076085.373767794,2643430.604762047]]]]},"geometry_name":"the_geom","properties":{"gid":24461,"tps_name":"Gota_33","tps_no":"33","village":"Gota","city":"Ahmedabad","authority":"AMC","district":"Ahmedabad","state":"Gujarat","status":"Preliminary","fp_no":"132","reser_use":"Sale For Residential","reser_type":"Residential","tps_id":212,"show_hide":1,"fp_area":"26373","fp_area_final":26373,"temp":"26373","search":"Gota 33 132","dxf_access":1,"epsg_code":"EPSG:32643"}},{"type":"Feature","id":"final_plot_boundary.fid-4639cb80_1a0ba89becd_6473","geometry":{"type":"MultiPolygon","coordinates":[[[[8076263.762218135,2643919.457001314],[8076268.568257608,2643933.0965263126],[8076342.219145278,2643906.8477970106],[8076338.995265207,2643876.1157007194],[8076347.190996833,2643871.0111250323],[8076337.68095409,2643844.008399614],[8076337.581344838,2643843.740521211],[8076337.472499516,2643843.4763025222],[8076337.354550775,2643843.2160655176],[8076337.227642335,2643842.960127323],[8076337.091928858,2643842.708799823],[8076336.947575716,2643842.462389284],[8076336.794758815,2643842.221195977],[8076336.6336643845,2643841.9855138194],[8076336.464488736,2643841.7556300126],[8076336.287438012,2643841.531824691],[8076336.102727976,2643841.314370582],[8076335.910583714,2643841.10353267],[8076335.711239368,2643840.899567885],[8076335.50493786,2643840.702724772],[8076335.291930585,2643840.513243207],[8076335.072477119,2643840.331354085],[8076334.846844882,2643840.157279058],[8076334.615308825,2643839.9912302536],[8076334.378151102,2643839.833410014],[8076334.135660709,2643839.6840106593],[8076333.888133146,2643839.5432142434],[8076333.635870045,2643839.411192345],[8076333.379178804,2643839.2881058394],[8076333.118372246,2643839.17410472],[8076332.853768166,2643839.0693279067],[8076332.5856890185,2643838.9739030837],[8076332.314461487,2643838.88794653],[8076332.040416076,2643838.811562992],[8076331.763886749,2643838.7448455505],[8076331.485210466,2643838.6878755083],[8076331.204726836,2643838.640722287],[8076330.922777638,2643838.6034433455],[8076330.639706467,2643838.5760841155],[8076330.355858263,2643838.5586779336],[8076330.071578924,2643838.55124601],[8076329.787214871,2643838.553797405],[8076329.503112628,2643838.5663290056],[8076329.219618396,2643838.5888255425],[8076328.937077644,2643838.621259602],[8076328.655834664,2643838.6635916573],[8076328.376232189,2643838.715770126],[8076328.098610936,2643838.777731425],[8076327.823309209,2643838.849400046],[8076327.550662484,2643838.9306886545],[8076327.281003021,2643839.0214981954],[8076245.668696489,2643868.1075573275],[8076263.762218135,2643919.457001314]]]]},"geometry_name":"the_geom","properties":{"gid":24392,"tps_name":"Gota_33","tps_no":"33","village":"Gota","city":"Ahmedabad","authority":"AMC","district":"Ahmedabad","state":"Gujarat","status":"Preliminary","fp_no":"39/2","reser_use":null,"reser_type":null,"tps_id":212,"show_hide":1,"fp_area":"5155","fp_area_final":5155,"temp":"5155","search":"Gota 33 39/2","dxf_access":1,"epsg_code":"EPSG:32643"}},{"type":"Feature","id":"final_plot_boundary.fid-4639cb80_1a0ba89becd_6474","geometry":{"type":"MultiPolygon","coordinates":[[[[8075763.886918983,2643771.355029862],[8075785.782401595,2643763.5311920554],[8075799.194259122,2643801.4942470174],[8075892.684161343,2643768.087367485],[8075892.947078821,2643767.9882533704],[8075893.206443788,2643767.880085723],[8075893.461948119,2643767.7629930447],[8075893.713288273,2643767.6371144443],[8075893.960165667,2643767.5025994643],[8075894.202286997,2643767.359607909],[8075894.439364629,2643767.2083096537],[8075894.6711169155,2643767.048884442],[8075894.89726853,2643766.881521669],[8075895.117550808,2643766.7064201664],[8075895.331702047,2643766.5237879534],[8075895.53946784,2643766.333842],[8075895.740601356,2643766.136807958],[8075895.934863654,2643765.932919909],[8075896.12202395,2643765.7224200717],[8075896.301859892,2643765.5055585224],[8075896.474157842,2643765.28259289],[8075896.638713099,2643765.053788061],[8075896.795330178,2643764.819415855],[8075896.94382302,2643764.579754709],[8075897.084015214,2643764.3350893385],[8075897.215740205,2643764.0857104124],[8075897.33884151,2643763.831914187],[8075897.45317288,2643763.574002176],[8075897.558598503,2643763.3122807816],[8075897.654993115,2643763.047060926],[8075897.742242207,2643762.7786576953],[8075897.820242133,2643762.507389952],[8075897.888900225,2643762.2335799607],[8075897.948134916,2643761.957553008],[8075897.997875835,2643761.6796370205],[8075898.03806389,2643761.400162156],[8075898.06865134,2643761.1194604365],[8075898.089601848,2643760.837865334],[8075898.100890528,2643760.555711385],[8075898.102503961,2643760.273333788],[8075898.094440237,2643759.9910680084],[8075898.076708935,2643759.7092493796],[8075898.049331124,2643759.4282127004],[8075898.012339319,2643759.148291846],[8075897.965777476,2643758.86981936],[8075897.909700908,2643758.5931260684],[8075897.844176237,2643758.318540685],[8075897.769281301,2643758.0463894173],[8075897.685105084,2643757.7769955792],[8075870.008407297,2643674.2620433155],[8075769.888959371,2643710.037748277],[8075745.325318638,2643718.8149690703],[8075745.710133134,2643719.904218037],[8075763.886918983,2643771.355029862]]]]},"geometry_name":"the_geom","properties":{"gid":24429,"tps_name":"Gota_33","tps_no":"33","village":"Gota","city":"Ahmedabad","authority":"AMC","district":"Ahmedabad","state":"Gujarat","status":"Preliminary","fp_no":"64","reser_use":null,"reser_type":null,"tps_id":212,"show_hide":1,"fp_area":"9834","fp_area_final":9834,"temp":"9834","search":"Gota 33 64","dxf_access":1,"epsg_code":"EPSG:32643"}},{"type":"Feature","id":"final_plot_boundary.fid-4639cb80_1a0ba89becd_6475","geometry":{"type":"MultiPolygon","coordinates":[[[[8076108.791163741,2643422.266157892],[8076180.192785361,2643396.8325115126],[8076157.103238186,2643331.2706002328],[8076157.00928047,2643331.0061267163],[8076156.906234982,2643330.7450990533],[8076156.794226373,2643330.4878329774],[8076156.673390113,2643330.234639671],[8076156.543872369,2643329.9858253957],[8076156.405829816,2643329.7416911083],[8076156.259429409,2643329.5025321105],[8076156.104848242,2643329.268637685],[8076155.942273295,2643329.0402907445],[8076155.7719012145,2643328.8177674967],[8076155.593938081,2643328.6013370943],[8076155.408599142,2643328.3912613345],[8076155.2161086,2643328.187794315],[8076155.016699277,2643327.99118215],[8076154.81061238,2643327.801662655],[8076154.598097183,2643327.6194650675],[8076154.379410742,2643327.4448097725],[8076154.154817582,2643327.277908031],[8076153.924589357,2643327.11896172],[8076153.689004552,2643326.968163097],[8076153.448348126,2643326.8256945694],[8076153.20291118,2643326.691728459],[8076152.952990577,2643326.566426814],[8076152.69888862,2643326.4499411923],[8076152.440912665,2643326.3424124946],[8076152.179374765,2643326.2439707834],[8076151.91459126,2643326.1547351335],[8076151.646882429,2643326.0748134814],[8076151.376572088,2643326.0043025],[8076151.103987202,2643325.9432874755],[8076150.829457485,2643325.8918422116],[8076150.553314998,2643325.8500289354],[8076150.275893757,2643325.8178982227],[8076149.997529334,2643325.795488938],[8076149.718558424,2643325.7828281894],[8076149.439318465,2643325.7799312877],[8076149.160147227,2643325.7868017405],[8076148.881382384,2643325.803431234],[8076148.603361126,2643325.829799655],[8076148.326419744,2643325.8658751077],[8076148.050893221,2643325.9116139575],[8076147.777114825,2643325.966960879],[8076147.505415718,2643326.031848926],[8076147.236124531,2643326.106199608],[8076146.96956701,2643326.1899229987],[8076146.706065568,2643326.2829178227],[8076084.339958062,2643348.487885767],[8076108.791163741,2643422.266157892]]]]},"geometry_name":"the_geom","properties":{"gid":24519,"tps_name":"Gota_33","tps_no":"33","village":"Gota","city":"Ahmedabad","authority":"AMC","district":"Ahmedabad","state":"Gujarat","status":"Preliminary","fp_no":"144","reser_use":"Sale For Commercial","reser_type":"Commercial","tps_id":212,"show_hide":1,"fp_area":"4905","fp_area_final":4905,"temp":"4905","search":"Gota 33 144","dxf_access":1,"epsg_code":"EPSG:32643"}},{"type":"Feature","id":"final_plot_boundary.fid-4639cb80_1a0ba89becd_6476","geometry":{"type":"MultiPolygon","coordinates":[[[[8076234.460856944,2643550.923811241],[8076174.530041684,2643571.7695667148],[8076188.937961556,2643612.6803769097],[8076248.711792192,2643591.388379981],[8076234.460856944,2643550.923811241]]]]},"geometry_name":"the_geom","properties":{"gid":24416,"tps_name":"Gota_33","tps_no":"33","village":"Gota","city":"Ahmedabad","authority":"AMC","district":"Ahmedabad","state":"Gujarat","status":"Preliminary","fp_no":"55","reser_use":null,"reser_type":null,"tps_id":212,"show_hide":1,"fp_area":"2307","fp_area_final":2307,"temp":"2307","search":"Gota 33 55","dxf_access":1,"epsg_code":"EPSG:32643"}},{"type":"Feature","id":"final_plot_boundary.fid-4639cb80_1a0ba89becd_6477","geometry":{"type":"MultiPolygon","coordinates":[[[[8076333.5635303585,2643488.289445412],[8076344.423922785,2643519.1261727074],[8076371.880988361,2643597.0868607913],[8076475.427361786,2643560.2011802606],[8076472.445036009,2643482.191224993],[8076465.270951296,2643441.3722527116],[8076333.5635303585,2643488.289445412]]]]},"geometry_name":"the_geom","properties":{"gid":24411,"tps_name":"Gota_33","tps_no":"33","village":"Gota","city":"Ahmedabad","authority":"AMC","district":"Ahmedabad","state":"Gujarat","status":"Preliminary","fp_no":"45","reser_use":null,"reser_type":null,"tps_id":212,"show_hide":1,"fp_area":"12324","fp_area_final":12324,"temp":"12324","search":"Gota 33 45","dxf_access":1,"epsg_code":"EPSG:32643"}},{"type":"Feature","id":"final_plot_boundary.fid-4639cb80_1a0ba89becd_6478","geometry":{"type":"MultiPolygon","coordinates":[[[[8076009.887323635,2643629.035973352],[8076025.916673972,2643675.6486855377],[8076064.7756569935,2643662.132809184],[8076078.362046478,2643701.641086345],[8076134.062059018,2643681.800692158],[8076103.956819222,2643596.3167442074],[8076010.941865452,2643628.6691863877],[8076009.887323635,2643629.035973352]]]]},"geometry_name":"the_geom","properties":{"gid":24514,"tps_name":"Gota_33","tps_no":"33","village":"Gota","city":"Ahmedabad","authority":"AMC","district":"Ahmedabad","state":"Gujarat","status":"Preliminary","fp_no":"56/1/1","reser_use":null,"reser_type":null,"tps_id":212,"show_hide":1,"fp_area":"6211","fp_area_final":6211,"temp":"6211","search":"Gota 33 56/1/1","dxf_access":1,"epsg_code":"EPSG:32643"}},{"type":"Feature","id":"final_plot_boundary.fid-4639cb80_1a0ba89becd_6479","geometry":{"type":"MultiPolygon","coordinates":[[[[8075493.47711255,2643315.176706869],[8075527.504829038,2643311.108182022],[8075503.193684564,2643243.628386786],[8075476.382661007,2643253.2082379065],[8075476.225759016,2643253.267365728],[8075476.070964434,2643253.331867549],[8075475.918459184,2643253.4016675637],[8075475.768422491,2643253.476683742],[8075475.621030684,2643253.5568279214],[8075475.476456977,2643253.642005913],[8075475.334871292,2643253.7321176147],[8075475.196440011,2643253.8270571223],[8075475.061325833,2643253.9267128645],[8075474.929687544,2643254.0309677175],[8075474.801679847,2643254.139699159],[8075474.677453187,2643254.252779404],[8075474.55715356,2643254.3700755592],[8075474.440922334,2643254.491449771],[8075474.328896123,2643254.616759398],[8075474.221206582,2643254.7458571745],[8075474.117980264,2643254.8785913754],[8075474.0193384895,2643255.014806011],[8075473.92539718,2643255.154340998],[8075473.836266744,2643255.297032347],[8075473.752051927,2643255.442712363],[8075473.672851706,2643255.59120984],[8075473.598759161,2643255.7423502603],[8075473.529861357,2643255.8959559943],[8075473.466239279,2643256.0518465214],[8075473.4079676885,2643256.2098386344],[8075473.355115066,2643256.3697466557],[8075473.307743542,2643256.531382655],[8075473.265908772,2643256.6945566717],[8075473.229659934,2643256.8590769405],[8075473.199039617,2643257.02475011],[8075473.174083815,2643257.1913814754],[8075473.154821857,2643257.3587752064],[8075473.141276379,2643257.526734578],[8075473.1334633045,2643257.695062195],[8075473.1313918065,2643257.863560236],[8075473.135064325,2643258.0320306746],[8075473.144476545,2643258.20027552],[8075473.159617407,2643258.3680970427],[8075473.180469108,2643258.5352980155],[8075473.207007157,2643258.7016819376],[8075473.239200351,2643258.867053269],[8075473.277010866,2643259.031217659],[8075473.320394263,2643259.193982175],[8075473.369299549,2643259.3551555336],[8075473.423669265,2643259.5145483157],[8075493.47711255,2643315.176706869]]]]},"geometry_name":"the_geom","properties":{"gid":24439,"tps_name":"Gota_33","tps_no":"33","village":"Gota","city":"Ahmedabad","authority":"AMC","district":"Ahmedabad","state":"Gujarat","status":"Preliminary","fp_no":"115/1","reser_use":null,"reser_type":null,"tps_id":212,"show_hide":1,"fp_area":"1908","fp_area_final":1908,"temp":"1908","search":"Gota 33 115/1","dxf_access":1,"epsg_code":"EPSG:32643"}},{"type":"Feature","id":"final_plot_boundary.fid-4639cb80_1a0ba89becd_647a","geometry":{"type":"MultiPolygon","coordinates":[[[[8075787.128264569,2642975.036663084],[8075810.578893003,2643041.661770123],[8075821.451966718,2643072.5529627386],[8075834.981999021,2643110.9926990895],[8075888.946349604,2643091.7809232296],[8075901.083796734,2643093.9475914235],[8075913.520902418,2643016.7820727685],[8075913.659254451,2643015.699703429],[8075914.379578497,2643010.0643911823],[8075898.1398884,2642940.01306817],[8075899.945543514,2642930.578474604],[8075899.887348819,2642930.8564805733],[8075899.819604319,2642931.1322900546],[8075899.742391477,2642931.405571354],[8075899.65580316,2642931.675995817],[8075899.559943492,2642931.943238226],[8075899.45492776,2642932.2069771923],[8075899.340882254,2642932.4668955365],[8075899.217944131,2642932.7226806753],[8075899.086261237,2642932.9740249994],[8075898.945991932,2642933.220626233],[8075898.797304913,2642933.462187811],[8075898.640378988,2642933.6984192263],[8075898.475402879,2642933.929036382],[8075898.302574998,2642934.1537619354],[8075898.122103174,2642934.372325623],[8075897.934204461,2642934.584464599],[8075897.739104825,2642934.7899237387],[8075897.537038891,2642934.9884559535],[8075897.328249672,2642935.179822484],[8075897.1129882615,2642935.363793194],[8075896.891513534,2642935.540146826],[8075896.664091843,2642935.708671302],[8075896.430996693,2642935.8691639486],[8075896.192508398,2642936.021431752],[8075895.948913775,2642936.165291594],[8075895.70050578,2642936.300570468],[8075895.447583141,2642936.4271056806],[8075895.1904500425,2642936.5447450583],[8075894.929415703,2642936.6533471285],[8075894.664794062,2642936.752781281],[8075787.128264569,2642975.036663084]]]]},"geometry_name":"the_geom","properties":{"gid":24414,"tps_name":"Gota_33","tps_no":"33","village":"Gota","city":"Ahmedabad","authority":"AMC","district":"Ahmedabad","state":"Gujarat","status":"Preliminary","fp_no":"85","reser_use":null,"reser_type":null,"tps_id":212,"show_hide":1,"fp_area":"12450","fp_area_final":12450,"temp":"12450","search":"Gota 33 85","dxf_access":1,"epsg_code":"EPSG:32643"}},{"type":"Feature","id":"final_plot_boundary.fid-4639cb80_1a0ba89becd_647b","geometry":{"type":"MultiPolygon","coordinates":[[[[8075833.451273529,2643355.3617533403],[8075809.65100313,2643287.7432181817],[8075787.325930846,2643295.691009973],[8075787.062707642,2643295.789888052],[8075786.803031837,2643295.8978372077],[8075786.547212383,2643296.014728999],[8075786.295553656,2643296.1404243517],[8075786.048355082,2643296.274773713],[8075785.805910774,2643296.417617232],[8075785.568509192,2643296.568784956],[8075785.336432799,2643296.728097027],[8075785.109957722,2643296.8953638966],[8075784.889353416,2643297.0703865476],[8075784.674882353,2643297.25295674],[8075784.466799715,2643297.4428572534],[8075784.265353075,2643297.639862147],[8075784.0707821185,2643297.843737021],[8075783.883318347,2643298.054239306],[8075783.703184798,2643298.2711185482],[8075783.530595802,2643298.4941167044],[8075783.365756698,2643298.722968454],[8075783.208863619,2643298.957401508],[8075783.060103227,2643299.197136938],[8075782.919652526,2643299.441889508],[8075782.787678619,2643299.691368012],[8075782.664338531,2643299.945275623],[8075782.549779012,2643300.2033102373],[8075782.444136372,2643300.465164851],[8075782.347536293,2643300.7305279076],[8075782.260093715,2643300.999083678],[8075782.181912682,2643301.2705126344],[8075782.113086205,2643301.5444918373],[8075782.053696183,2643301.820695297],[8075782.003813272,2643302.098794392],[8075781.963496827,2643302.3784582415],[8075781.932794815,2643302.6593541],[8075781.911743772,2643302.9411477586],[8075781.900368736,2643303.223503937],[8075781.898683245,2643303.5060866913],[8075781.906689307,2643303.788559803],[8075781.92437739,2643304.0705871866],[8075781.951726464,2643304.351833284],[8075781.988703969,2643304.6319634714],[8075782.035265925,2643304.9106444474],[8075782.091356928,2643305.18754464],[8075782.156910247,2643305.462334591],[8075782.2318478795,2643305.734687355],[8075782.316080665,2643306.0042788885],[8075802.342946566,2643366.436437497],[8075833.451273529,2643355.3617533403]]]]},"geometry_name":"the_geom","properties":{"gid":24420,"tps_name":"Gota_33","tps_no":"33","village":"Gota","city":"Ahmedabad","authority":"AMC","district":"Ahmedabad","state":"Gujarat","status":"Preliminary","fp_no":"76","reser_use":null,"reser_type":null,"tps_id":212,"show_hide":1,"fp_area":"1943","fp_area_final":1943,"temp":"1943","search":"Gota 33 76","dxf_access":1,"epsg_code":"EPSG:32643"}},{"type":"Feature","id":"final_plot_boundary.fid-4639cb80_1a0ba89becd_647c","geometry":{"type":"MultiPolygon","coordinates":[[[[8076062.926570009,2644024.8330371203],[8076059.751282351,2644006.781720287],[8076064.598325662,2644006.422159185],[8076056.80846405,2643982.515395888],[8076011.463926007,2643997.4595165094],[8076022.659416313,2644031.2413771017],[8076022.7348446185,2644031.456431898],[8076022.817666062,2644031.6687176125],[8076022.907780382,2644031.8779772664],[8076023.005078494,2644032.0839575417],[8076023.109442622,2644032.2864090945],[8076023.220746419,2644032.48508685],[8076023.338855154,2644032.679750299],[8076023.463625851,2644032.870163799],[8076023.594907477,2644033.056096846],[8076023.732541102,2644033.2373243626],[8076023.876360127,2644033.4136269665],[8076024.026190446,2644033.5847912375],[8076024.181850685,2644033.7506099744],[8076024.343152418,2644033.9108824474],[8076024.50990038,2644034.065414644],[8076024.681892719,2644034.2140194955],[8076024.858921232,2644034.3565171105],[8076025.040771614,2644034.492734991],[8076025.227223738,2644034.622508243],[8076025.418051897,2644034.7456797687],[8076025.613025086,2644034.8621004643],[8076025.811907282,2644034.971629399],[8076026.014457726,2644035.0741339857],[8076026.220431234,2644035.1694901376],[8076026.42957847,2644035.257582424],[8076026.641646241,2644035.338304205],[8076026.856377839,2644035.4115577643],[8076027.073513332,2644035.4772544256],[8076027.292789859,2644035.5353146596],[8076027.513941974,2644035.5856681843],[8076027.736701982,2644035.6282540453],[8076027.960800216,2644035.6630206895],[8076028.185965396,2644035.6899260296],[8076028.411924948,2644035.708937499],[8076028.638405355,2644035.7200320815],[8076028.865132435,2644035.723196346],[8076029.091831746,2644035.7184264637],[8076029.31822885,2644035.705728208],[8076029.544049684,2644035.6851169514],[8076029.769020893,2644035.6566176424],[8076029.992870135,2644035.620264781],[8076030.215326435,2644035.5761023746],[8076030.436120505,2644035.5241838843],[8076030.654985056,2644035.4645721572],[8076030.871655159,2644035.3973393547],[8076062.926570009,2644024.8330371203]]]]},"geometry_name":"the_geom","properties":{"gid":24484,"tps_name":"Gota_33","tps_no":"33","village":"Gota","city":"Ahmedabad","authority":"AMC","district":"Ahmedabad","state":"Gujarat","status":"Preliminary","fp_no":"25","reser_use":null,"reser_type":null,"tps_id":212,"show_hide":1,"fp_area":"1593","fp_area_final":1593,"temp":"1593","search":"Gota 33 25","dxf_access":1,"epsg_code":"EPSG:32643"}},{"type":"Feature","id":"final_plot_boundary.fid-4639cb80_1a0ba89becd_647d","geometry":{"type":"MultiPolygon","coordinates":[[[[8075851.473266167,2643258.9492608556],[8075960.901469013,2643219.9916371703],[8075945.352859861,2643203.5457665734],[8075918.648937991,2643184.1200453555],[8075920.636412788,2643172.1690707183],[8075832.031288116,2643203.713299484],[8075851.473266167,2643258.9492608556]]]]},"geometry_name":"the_geom","properties":{"gid":24374,"tps_name":"Gota_33","tps_no":"33","village":"Gota","city":"Ahmedabad","authority":"AMC","district":"Ahmedabad","state":"Gujarat","status":"Preliminary","fp_no":"113","reser_use":null,"reser_type":null,"tps_id":212,"show_hide":1,"fp_area":"5042","fp_area_final":5042,"temp":"5042","search":"Gota 33 113","dxf_access":1,"epsg_code":"EPSG:32643"}},{"type":"Feature","id":"final_plot_boundary.fid-4639cb80_1a0ba89becd_647e","geometry":{"type":"MultiPolygon","coordinates":[[[[8075663.003212311,2643749.4572101757],[8075657.5079498645,2643733.2354689036],[8075641.130749094,2643739.087337959],[8075646.625996189,2643755.3090892215],[8075663.003212311,2643749.4572101757]]]]},"geometry_name":"the_geom","properties":{"gid":24467,"tps_name":"Gota_33","tps_no":"33","village":"Gota","city":"Ahmedabad","authority":"AMC","district":"Ahmedabad","state":"Gujarat","status":"Preliminary","fp_no":"1","reser_use":null,"reser_type":null,"tps_id":212,"show_hide":1,"fp_area":"251","fp_area_final":251,"temp":"251","search":"Gota 33 1","dxf_access":1,"epsg_code":"EPSG:32643"}},{"type":"Feature","id":"final_plot_boundary.fid-4639cb80_1a0ba89becd_647f","geometry":{"type":"MultiPolygon","coordinates":[[[[8075668.862504757,2643583.2316292436],[8075655.942328709,2643587.848265861],[8075615.450902951,2643602.316581927],[8075599.883765579,2643607.878969137],[8075609.526149113,2643637.8733067713],[8075633.94613585,2643629.1476355344],[8075678.505008449,2643613.2258913782],[8075668.862504757,2643583.2316292436]]]]},"geometry_name":"the_geom","properties":{"gid":24434,"tps_name":"Gota_33","tps_no":"33","village":"Gota","city":"Ahmedabad","authority":"AMC","district":"Ahmedabad","state":"Gujarat","status":"Preliminary","fp_no":"3","reser_use":null,"reser_type":null,"tps_id":212,"show_hide":1,"fp_area":"1944","fp_area_final":1944,"temp":"1944","search":"Gota 33 3","dxf_access":1,"epsg_code":"EPSG:32643"}},{"type":"Feature","id":"final_plot_boundary.fid-4639cb80_1a0ba89becd_6480","geometry":{"type":"MultiPolygon","coordinates":[[[[8076261.340044341,2643548.7219511094],[8076270.519833908,2643574.7872155346],[8076286.076953181,2643618.960307915],[8076286.176549937,2643619.2281557466],[8076286.285380779,2643619.49234472],[8076286.403313108,2643619.7525529563],[8076286.530203246,2643620.0084634405],[8076286.6658966,2643620.259764376],[8076286.810227842,2643620.5061495956],[8076286.963021131,2643620.7473189146],[8076287.124090307,2643620.982978505],[8076287.293239138,2643621.212841252],[8076287.470261544,2643621.436627104],[8076287.65494185,2643621.654063409],[8076287.847055046,2643621.8648852557],[8076288.046367068,2643622.0688357893],[8076288.252635101,2643622.265666527],[8076288.465607826,2643622.4551376607],[8076288.685025773,2643622.6370183486],[8076288.910621619,2643622.811086995],[8076289.142120496,2643622.9771315246],[8076289.379240378,2643623.1349496376],[8076289.621692357,2643623.284349057],[8076289.869181048,2643623.425147758],[8076290.121404919,2643623.5571742053],[8076290.378056675,2643623.6802675393],[8076290.638823629,2643623.794277793],[8076290.903388077,2643623.8990660575],[8076291.171427678,2643623.994504668],[8076291.442615878,2643624.0804773476],[8076291.716622275,2643624.1568793464],[8076291.993113024,2643624.2236175835],[8076292.2717512725,2643624.280610748],[8076292.552197537,2643624.327789404],[8076292.83411014,2643624.365096068],[8076293.11714561,2643624.39248529],[8076293.400959117,2643624.409923697],[8076293.685204875,2643624.4173900466],[8076293.96953657,2643624.4148752415],[8076294.253607791,2643624.4023823435],[8076294.537072441,2643624.379926576],[8076294.819585157,2643624.347535294],[8076295.1008017445,2643624.305247965],[8076295.380379582,2643624.25311611],[8076295.65797805,2643624.19120324],[8076295.933258931,2643624.11958479],[8076296.205886843,2643624.0383480126],[8076296.475529628,2643623.9475918883],[8076371.880988361,2643597.0868607913],[8076344.423922785,2643519.1261727074],[8076261.340044341,2643548.7219511094]]]]},"geometry_name":"the_geom","properties":{"gid":24454,"tps_name":"Gota_33","tps_no":"33","village":"Gota","city":"Ahmedabad","authority":"AMC","district":"Ahmedabad","state":"Gujarat","status":"Preliminary","fp_no":"52","reser_use":null,"reser_type":null,"tps_id":212,"show_hide":1,"fp_area":"6132","fp_area_final":6132,"temp":"6132","search":"Gota 33 52","dxf_access":1,"epsg_code":"EPSG:32643"}},{"type":"Feature","id":"final_plot_boundary.fid-4639cb80_1a0ba89becd_6481","geometry":{"type":"MultiPolygon","coordinates":[[[[8075311.2811479755,2642880.503871127],[8075321.903268014,2642877.4141204073],[8075326.2844771035,2642889.5752910892],[8075333.760029955,2642886.9042653874],[8075334.127418732,2642886.7657936774],[8075334.489853891,2642886.6146942703],[8075334.846906453,2642886.4511460084],[8075335.19815383,2642886.2753424672],[8075335.54318027,2642886.0874917284],[8075335.8815774005,2642885.887816131],[8075336.212944701,2642885.6765520116],[8075336.536889967,2642885.453949422],[8075336.853029772,2642885.2202718365],[8075337.160989936,2642884.9757958325],[8075337.4604059635,2642884.7208107747],[8075337.750923455,2642884.4556184635],[8075338.032198566,2642884.180532779],[8075338.303898376,2642883.895879311],[8075338.565701304,2642883.6019949806],[8075338.817297473,2642883.2992276233],[8075339.058389106,2642882.987935597],[8075339.288690844,2642882.6684873477],[8075339.507930101,2642882.3412609715],[8075339.715847386,2642882.0066437772],[8075339.912196613,2642881.665031813],[8075340.09674538,2642881.316829412],[8075340.269275257,2642880.9624487064],[8075340.429582043,2642880.602309141],[8075340.577475995,2642880.236836976],[8075340.712782067,2642879.8664647844],[8075340.835340118,2642879.4916309356],[8075340.945005086,2642879.1127790855],[8075341.041647172,2642878.73035764],[8075341.125151993,2642878.3448192338],[8075341.195420708,2642877.956620187],[8075341.252370157,2642877.5662199734],[8075341.295932927,2642877.174080666],[8075341.326057467,2642876.780666404],[8075341.342708116,2642876.386442829],[8075341.345865172,2642875.991876541],[8075341.335524897,2642875.5974345524],[8075340.881643329,2642865.125175926],[8075340.278804373,2642851.2160846563],[8075339.871473891,2642841.8178991764],[8075339.861223403,2642841.6485966104],[8075339.845170812,2642841.4797505303],[8075339.823335244,2642841.3115619896],[8075339.795742688,2642841.1442312584],[8075339.7624260085,2642840.9779575933],[8075339.723424872,2642840.812938981],[8075339.678785722,2642840.649371923],[8075339.628561716,2642840.4874511864],[8075339.572812652,2642840.327369584],[8075339.511604926,2642840.169317729],[8075339.445011409,2642840.01348383],[8075339.37311141,2642839.8600534443],[8075339.295990533,2642839.7092092717],[8075339.213740618,2642839.5611309316],[8075339.126459604,2642839.415994751],[8075339.034251426,2642839.2739735497],[8075338.937225877,2642839.1352364444],[8075338.835498487,2642838.999948636],[8075338.7291904,2642838.8682712205],[8075338.618428199,2642838.740360995],[8075338.503343773,2642838.6163702686],[8075338.384074165,2642838.496446685],[8075338.260761393,2642838.380733045],[8075338.133552292,2642838.2693671347],[8075338.0025983425,2642838.162481567],[8075337.868055483,2642838.060203614],[8075337.730083911,2642837.962655065],[8075337.588847921,2642837.8699520812],[8075337.444515694,2642837.782205043],[8075337.297259103,2642837.6995184403],[8075337.147253477,2642837.621990732],[8075336.994677454,2642837.549714234],[8075336.839712709,2642837.4827750125],[8075336.68254377,2642837.4212527755],[8075336.523357784,2642837.365220781],[8075336.362344305,2642837.314745745],[8075336.199695063,2642837.269887781],[8075336.035603735,2642837.2307002954],[8075335.87026571,2642837.1972299544],[8075335.703877878,2642837.1695166137],[8075335.536638354,2642837.1475932733],[8075335.368746286,2642837.131486039],[8075335.200401598,2642837.1212140867],[8075335.031804735,2642837.1167896516],[8075334.863156469,2642837.1182180024],[8075334.694657614,2642837.1254974343],[8075334.526508813,2642837.138619283],[8075309.098490851,2642839.5674759974],[8075311.2811479755,2642880.503871127]]]]},"geometry_name":"the_geom","properties":{"gid":24383,"tps_name":"Gota_33","tps_no":"33","village":"Gota","city":"Ahmedabad","authority":"AMC","district":"Ahmedabad","state":"Gujarat","status":"Preliminary","fp_no":"108","reser_use":null,"reser_type":null,"tps_id":212,"show_hide":1,"fp_area":"1152","fp_area_final":1152,"temp":"1152","search":"Gota 33 108","dxf_access":1,"epsg_code":"EPSG:32643"}},{"type":"Feature","id":"final_plot_boundary.fid-4639cb80_1a0ba89becd_6482","geometry":{"type":"MultiPolygon","coordinates":[[[[8076335.419734503,2643246.0401417636],[8076338.482058067,2643245.1034466093],[8076408.227371437,2643213.7214252944],[8076408.484304518,2643213.600373044],[8076408.736889993,2643213.47039546],[8076408.984821431,2643213.33165023],[8076409.227798051,2643213.18430567],[8076409.465525087,2643213.0285405368],[8076409.697714134,2643212.8645437956],[8076409.924083509,2643212.692514402],[8076410.144358598,2643212.512661056],[8076410.358272159,2643212.325201947],[8076410.565564693,2643212.130364494],[8076410.765984718,2643211.9283850677],[8076410.959289088,2643211.7195086987],[8076411.1452433,2643211.503988789],[8076411.323621758,2643211.282086798],[8076411.494208069,2643211.05407193],[8076411.6567952745,2643210.820220802],[8076411.811186135,2643210.5808171146],[8076411.9571933495,2643210.3361512995],[8076412.094639788,2643210.086520179],[8076412.223358705,2643209.832226597],[8076412.34319395,2643209.573579046],[8076412.454000145,2643209.3108913107],[8076412.555642863,2643209.0444820737],[8076412.6479987865,2643208.77467453],[8076412.730955883,2643208.5017960016],[8076412.804413509,2643208.2261775318],[8076412.868282555,2643207.9481534897],[8076412.922485529,2643207.6680611633],[8076412.966956687,2643207.386240349],[8076413.001642062,2643207.1030329396],[8076413.026499589,2643206.8187825126],[8076413.041499112,2643206.533833906],[8076413.046622429,2643206.248532809],[8076413.041863327,2643205.9632253377],[8076413.027227577,2643205.678257614],[8076413.002732946,2643205.3939753477],[8076412.96840914,2643205.110723422],[8076412.924297801,2643204.8288454604],[8076412.870452447,2643204.5486834333],[8076412.8069384,2643204.270577213],[8076412.733832707,2643203.994864191],[8076412.651224066,2643203.7218788504],[8076412.559212693,2643203.451952364],[8076412.457910212,2643203.185412194],[8076412.347439516,2643202.922581696],[8076412.227934632,2643202.6637797263],[8076412.099540526,2643202.4093202525],[8076411.962412977,2643202.1595119718],[8076411.816718323,2643201.914657941],[8076411.66263333,2643201.675055207],[8076411.500344926,2643201.440994446],[8076411.330049991,2643201.2127596084],[8076411.151955113,2643200.990627581],[8076410.966276358,2643200.774867841],[8076410.773238981,2643200.565742142],[8076410.573077169,2643200.3635041844],[8076410.366033744,2643200.168399314],[8076410.152359889,2643199.9806642244],[8076409.932314823,2643199.8005266674],[8076409.706165492,2643199.628205177],[8076409.474186251,2643199.4639088055],[8076409.236658529,2643199.3078368716],[8076408.99387049,2643199.160178714],[8076408.746116663,2643199.0211134637],[8076408.493697619,2643198.8908098293],[8076408.236919581,2643198.769425891],[8076407.9760940615,2643198.657108901],[8076407.711537482,2643198.5539951236],[8076407.443570789,2643198.4602096467],[8076407.172519075,2643198.3758662515],[8076406.89871116,2643198.3010672564],[8076406.622479224,2643198.2359034023],[8076406.34415837,2643198.180453745],[8076358.8597767465,2643189.5815668004],[8076332.746553663,2643188.8550600456],[8076312.004835501,2643181.1871098117],[8076310.940044977,2643212.046005802],[8076334.547759437,2643212.795589235],[8076336.162731578,2643226.057494904],[8076335.419734503,2643246.0401417636]]]]},"geometry_name":"the_geom","properties":{"gid":24478,"tps_name":"Gota_33","tps_no":"33","village":"Gota","city":"Ahmedabad","authority":"AMC","district":"Ahmedabad","state":"Gujarat","status":"Preliminary","fp_no":"138","reser_use":"Sale For Commercial","reser_type":"Commercial","tps_id":212,"show_hide":1,"fp_area":"2584","fp_area_final":2584,"temp":"2584","search":"Gota 33 138","dxf_access":1,"epsg_code":"EPSG:32643"}},{"type":"Feature","id":"final_plot_boundary.fid-4639cb80_1a0ba89becd_6483","geometry":{"type":"MultiPolygon","coordinates":[[[[8075846.706021718,2643819.2949633687],[8075877.076809584,2643908.9980864767],[8075936.092112179,2643889.2168200267],[8075936.253001137,2643889.159735078],[8075936.4118111525,2643889.0970379408],[8075936.568348724,2643889.028805],[8075936.722423147,2643888.9551193914],[8075936.873846699,2643888.8760708855],[8075937.022434892,2643888.7917557945],[8075937.168006701,2643888.7022768417],[8075937.310384768,2643888.607743042],[8075937.449395621,2643888.5082695736],[8075937.584869903,2643888.403977627],[8075937.716642552,2643888.2949942695],[8075937.844553033,2643888.1814522757],[8075937.968445497,2643888.063489985],[8075938.088169012,2643887.9412511126],[8075938.203577697,2643887.8148845863],[8075938.314530959,2643887.6845443696],[8075938.420893611,2643887.5503892573],[8075938.522536068,2643887.412582701],[8075938.619334493,2643887.2712925947],[8075938.711170961,2643887.1266910806],[8075938.797933572,2643886.9789543296],[8075938.879516624,2643886.82826234],[8075938.955820715,2643886.674798708],[8075939.02675289,2643886.518750401],[8075939.092226729,2643886.3603075426],[8075939.1521624485,2643886.199663172],[8075939.206487044,2643886.0370130064],[8075939.25513432,2643885.872555215],[8075939.298045007,2643885.70649016],[8075939.335166826,2643885.539020169],[8075939.366454551,2643885.370349278],[8075939.3918700665,2643885.2006829856],[8075939.411382398,2643885.0302280025],[8075939.42496778,2643884.8591920068],[8075939.43260966,2643884.6877833745],[8075939.43429873,2643884.5162109435],[8075939.430032929,2643884.3446837505],[8075939.419817457,2643884.1734107696],[8075939.403664755,2643884.002600673],[8075939.381594507,2643883.8324615676],[8075939.353633599,2643883.663200741],[8075939.319816107,2643883.495024411],[8075939.280183219,2643883.328137474],[8075939.234783229,2643883.1627432574],[8075939.183671456,2643882.9990432677],[8075913.142749425,2643804.420574738],[8075913.049088602,2643804.153439116],[8075912.94630156,2643803.889719368],[8075912.834511168,2643803.6297307303],[8075912.713851049,2643803.373783984],[8075912.584465433,2643803.122185081],[8075912.446508992,2643802.8752347683],[8075912.3001466375,2643802.6332282433],[8075912.145553307,2643802.3964547864],[8075911.982913814,2643802.165197433],[8075911.812422566,2643801.939732614],[8075911.634283361,2643801.7203298425],[8075911.448709135,2643801.50725138],[8075911.255921722,2643801.300751939],[8075911.056151573,2643801.101078354],[8075910.849637483,2643800.9084693063],[8075910.636626311,2643800.723155037],[8075910.417372681,2643800.54535706],[8075910.192138682,2643800.37528791],[8075909.96119355,2643800.213150877],[8075909.72481335,2643800.0591397746],[8075909.4832806345,2643799.9134387015],[8075909.236884129,2643799.776221823],[8075908.9859183645,2643799.6476531583],[8075908.730683332,2643799.5278863995],[8075908.471484134,2643799.4170647077],[8075908.2086306,2643799.3153205523],[8075907.942436937,2643799.2227755557],[8075907.67322135,2643799.1395403417],[8075907.401305632,2643799.065714408],[8075907.127014839,2643799.001386],[8075906.850676838,2643798.9466320165],[8075906.572621947,2643798.901517904],[8075906.293182548,2643798.866097593],[8075906.012692675,2643798.8404134214],[8075905.731487598,2643798.824496092],[8075905.449903477,2643798.818364631],[8075905.168276897,2643798.8220263706],[8075904.886944506,2643798.8354769284],[8075904.606242595,2643798.85870023],[8075904.326506699,2643798.8916685143],[8075904.04807121,2643798.934342372],[8075903.771268958,2643798.9866707944],[8075903.496430814,2643799.048591225],[8075903.223885316,2643799.120029654],[8075902.953958253,2643799.2009006813],[8075902.686972283,2643799.2911076397],[8075846.706021718,2643819.2949633687]]]]},"geometry_name":"the_geom","properties":{"gid":24502,"tps_name":"Gota_33","tps_no":"33","village":"Gota","city":"Ahmedabad","authority":"AMC","district":"Ahmedabad","state":"Gujarat","status":"Preliminary","fp_no":"58","reser_use":null,"reser_type":null,"tps_id":212,"show_hide":1,"fp_area":"5404","fp_area_final":5404,"temp":"5404","search":"Gota 33 58","dxf_access":1,"epsg_code":"EPSG:32643"}},{"type":"Feature","id":"final_plot_boundary.fid-4639cb80_1a0ba89becd_6484","geometry":{"type":"MultiPolygon","coordinates":[[[[8076002.111603746,2643728.8011993947],[8075971.6601778725,2643642.3319486952],[8075901.996988775,2643667.145233316],[8075928.218194979,2643746.2676911717],[8075928.31179312,2643746.5346563305],[8075928.414505872,2643746.798210188],[8075928.526210632,2643747.0580380973],[8075928.646774035,2643747.3138298723],[8075928.776052147,2643747.565280135],[8075928.913890639,2643747.812088698],[8075929.060124955,2643748.05396091],[8075929.214580503,2643748.2906080163],[8075929.3770729005,2643748.5217474974],[8075929.547408153,2643748.7471034117],[8075929.725382906,2643748.9664067184],[8075929.910784697,2643749.179395607],[8075930.10339218,2643749.385815804],[8075930.302975416,2643749.585420875],[8075930.509296133,2643749.777972524],[8075930.7221080195,2643749.9632408763],[8075930.941157009,2643750.141004751],[8075931.166181599,2643750.311051929],[8075931.39691314,2643750.473179397],[8075931.633076187,2643750.6271936046],[8075931.874388792,2643750.7729106806],[8075932.1205628645,2643750.910156667],[8075932.371304524,2643751.03876771],[8075932.626314416,2643751.1585902697],[8075932.8852881,2643751.269481299],[8075933.147916412,2643751.3713084096],[8075933.413885807,2643751.463950035],[8075933.682878769,2643751.547295581],[8075933.95457416,2643751.6212455416],[8075934.228647619,2643751.6857116353],[8075934.504771955,2643751.740616899],[8075934.78261751,2643751.7858957853],[8075935.061852586,2643751.8214942347],[8075935.34214382,2643751.8473697533],[8075935.623156595,2643751.8634914476],[8075935.904555417,2643751.8698400706],[8075936.186004351,2643751.8664080435],[8075936.467167393,2643751.853199464],[8075936.747708875,2643751.8302301005],[8075937.027293879,2643751.797527374],[8075937.305588623,2643751.755130327],[8075937.582260876,2643751.7030895753],[8075937.856980328,2643751.6414672453],[8075938.129419009,2643751.570336907],[8075938.3992516715,2643751.4897834756],[8075938.666156186,2643751.39990312],[8076002.111603746,2643728.8011993947]]]]},"geometry_name":"the_geom","properties":{"gid":24403,"tps_name":"Gota_33","tps_no":"33","village":"Gota","city":"Ahmedabad","authority":"AMC","district":"Ahmedabad","state":"Gujarat","status":"Preliminary","fp_no":"65/1","reser_use":null,"reser_type":null,"tps_id":212,"show_hide":1,"fp_area":"5767","fp_area_final":5767,"temp":"5767","search":"Gota 33 65/1","dxf_access":1,"epsg_code":"EPSG:32643"}},{"type":"Feature","id":"final_plot_boundary.fid-4639cb80_1a0ba89becd_6485","geometry":{"type":"MultiPolygon","coordinates":[[[[8075675.301882568,2643086.7216522405],[8075578.4573304085,2643122.0120671284],[8075585.405706526,2643141.2981944806],[8075448.220068318,2643189.5569149777],[8075465.653616157,2643237.9472397133],[8075465.714269458,2643238.106874538],[8075465.780403691,2643238.264292501],[8075465.851938931,2643238.4193033306],[8075465.928788708,2643238.5717196707],[8075466.010860139,2643238.721357293],[8075466.09805402,2643238.868035334],[8075466.190264967,2643239.0115765077],[8075466.287381518,2643239.151807314],[8075466.389286294,2643239.288558257],[8075466.495856124,2643239.4216640512],[8075466.606962197,2643239.5509638097],[8075466.722470223,2643239.67630125],[8075466.842240581,2643239.797524878],[8075466.966128519,2643239.9144881717],[8075467.093984288,2643240.02704976],[8075467.2256533485,2643240.1350735896],[8075467.360976552,2643240.2384290933],[8075467.499790345,2643240.336991346],[8075467.641926933,2643240.430641216],[8075467.787214527,2643240.5192655125],[8075467.935477509,2643240.602757112],[8075468.086536686,2643240.6810151027],[8075468.240209467,2643240.7539448924],[8075468.396310108,2643240.821458333],[8075468.554649942,2643240.8834738215],[8075468.715037577,2643240.9399163984],[8075468.877279148,2643240.990717845],[8075469.041178572,2643241.0358167547],[8075469.206537733,2643241.0751586217],[8075469.373156772,2643241.1086958884],[8075469.540834286,2643241.136388022],[8075469.709367617,2643241.158201553],[8075469.878553053,2643241.17411011],[8075470.048186105,2643241.1840944667],[8075470.218061734,2643241.1881425576],[8075470.387974621,2643241.1862494876],[8075470.5577193955,2643241.1784175457],[8075470.727090879,2643241.164656197],[8075470.8958843555,2643241.1449820763],[8075471.063895816,2643241.119418962],[8075471.230922176,2643241.0879977513],[8075471.396761557,2643241.050756428],[8075471.561213509,2643241.007739998],[8075471.724079259,2643240.9590004594],[8075471.885161963,2643240.9045967227],[8075581.904783563,2643201.5931633003],[8075691.923935925,2643162.281024194],[8075692.186844215,2643162.181916188],[8075692.446200225,2643162.0737549597],[8075692.701695821,2643161.956669004],[8075692.953027483,2643161.830797421],[8075693.199896624,2643161.6962897447],[8075693.44200996,2643161.5533057707],[8075693.679079865,2643161.402015367],[8075693.910824702,2643161.2425982645],[8075694.136969151,2643161.0752438535],[8075694.357244552,2643160.900150951],[8075694.571389224,2643160.717527569],[8075694.779148753,2643160.5275906622],[8075694.980276327,2643160.3305658805],[8075695.174533005,2643160.1266872883],[8075695.361688005,2643159.916197095],[8075695.541518995,2643159.6993453596],[8075695.713812328,2643159.476389709],[8075695.878363324,2643159.247595012],[8075696.0349764945,2643159.013233078],[8075696.183465779,2643158.77358233],[8075696.323654778,2643158.528927474],[8075696.455376947,2643158.279559162],[8075696.578475795,2643158.0257736417],[8075696.69280508,2643157.7678724146],[8075696.798228992,2643157.5061618653],[8075696.894622267,2643157.2409529085],[8075696.981870407,2643156.9725606143],[8075697.059869755,2643156.7013038304],[8075697.12852765,2643156.4275048124],[8075697.187762522,2643156.1514888355],[8075697.237504007,2643155.873583805],[8075697.277693003,2643155.594119876],[8075697.308281778,2643155.313429049],[8075697.32923398,2643155.0318447854],[8075697.3405247275,2643154.7497016117],[8075697.342140608,2643154.46733471],[8075697.334079699,2643154.185079536],[8075697.316351575,2643153.9032714088],[8075697.288977299,2643153.6222451157],[8075697.251989398,2643153.342334518],[8075697.205431804,2643153.063872148],[8075697.149359834,2643152.7871888215],[8075697.083840109,2643152.512613237],[8075697.008950453,2643152.2404715912],[8075696.924779845,2643151.9710871866],[8075675.301882568,2643086.7216522405]]]]},"geometry_name":"the_geom","properties":{"gid":24480,"tps_name":"Gota_33","tps_no":"33","village":"Gota","city":"Ahmedabad","authority":"AMC","district":"Ahmedabad","state":"Gujarat","status":"Preliminary","fp_no":"126","reser_use":"Sale For Residential","reser_type":"Residential","tps_id":212,"show_hide":1,"fp_area":"13419","fp_area_final":13419,"temp":"13419","search":"Gota 33 126","dxf_access":1,"epsg_code":"EPSG:32643"}},{"type":"Feature","id":"final_plot_boundary.fid-4639cb80_1a0ba89becd_6486","geometry":{"type":"MultiPolygon","coordinates":[[[[8075451.786826831,2642759.3112040847],[8075441.441139103,2642758.3718180847],[8075429.627102067,2642756.886794054],[8075406.517513632,2642764.430474527],[8075397.719564288,2642764.1048518326],[8075400.123616343,2642819.567640606],[8075352.044104994,2642821.6754243034],[8075354.377644414,2642875.515329107],[8075354.391340812,2642875.741457904],[8075354.412800216,2642875.9669755246],[8075354.441996978,2642876.1916124993],[8075354.478896212,2642876.41510041],[8075354.523453833,2642876.6371722077],[8075354.575616585,2642876.857562544],[8075354.635322155,2642877.0760080684],[8075354.7024991885,2642877.2922477643],[8075354.7770674275,2642877.5060232454],[8075354.85893776,2642877.71707907],[8075354.948012368,2642877.925163048],[8075355.044184808,2642878.1300265384],[8075355.147340172,2642878.331424751],[8075355.257355193,2642878.5291170347],[8075355.3740984155,2642878.7228671676],[8075355.497430346,2642878.912443634],[8075355.627203618,2642879.097619911],[8075355.7632631585,2642879.2781747296],[8075355.905446392,2642879.453892347],[8075356.0535834255,2642879.624562793],[8075356.207497248,2642879.789982139],[8075356.367003954,2642879.9499527197],[8075356.531912941,2642880.104283391],[8075356.702027159,2642880.252789737],[8075356.877143346,2642880.395294313],[8075357.057052245,2642880.5316268345],[8075357.241538891,2642880.6616244013],[8075357.430382848,2642880.7851316766],[8075357.623358443,2642880.9020010824],[8075357.820235109,2642881.012092971],[8075358.020777592,2642881.115275792],[8075358.224746266,2642881.2114262525],[8075358.431897399,2642881.300429464],[8075358.641983472,2642881.3821790726],[8075358.85475346,2642881.456577398],[8075359.069953112,2642881.5235355417],[8075359.28732529,2642881.5829734933],[8075359.5066102585,2642881.634820232],[8075359.727545991,2642881.679013804],[8075359.949868491,2642881.715501402],[8075360.173312102,2642881.7442394304],[8075360.397609836,2642881.7651935443],[8075360.622493676,2642881.778338713],[8075360.847694908,2642881.7836592225],[8075361.0729444465,2642881.7811487196],[8075361.297973126,2642881.7708102],[8075361.522512067,2642881.752656021],[8075361.746292968,2642881.7267078743],[8075361.969048433,2642881.692996762],[8075362.190512289,2642881.6515629706],[8075362.410419911,2642881.602456007],[8075362.628508527,2642881.5457345494],[8075362.844517544,2642881.481466375],[8075363.05818885,2642881.409728275],[8075451.154533524,2642850.1198372375],[8075454.409692992,2642859.389450213],[8075456.178433248,2642864.401460685],[8075485.243342395,2642854.016236292],[8075451.786826831,2642759.3112040847]]]]},"geometry_name":"the_geom","properties":{"gid":24521,"tps_name":"Gota_33","tps_no":"33","village":"Gota","city":"Ahmedabad","authority":"AMC","district":"Ahmedabad","state":"Gujarat","status":"Preliminary","fp_no":"127/1","reser_use":"Housing For S.E.W.S","reser_type":"Housing For S.E.W.S","tps_id":212,"show_hide":1,"fp_area":"8040","fp_area_final":8040,"temp":"8040","search":"Gota 33 127/1","dxf_access":1,"epsg_code":"EPSG:32643"}},{"type":"Feature","id":"final_plot_boundary.fid-4639cb80_1a0ba89becd_6487","geometry":{"type":"MultiPolygon","coordinates":[[[[8075974.186410321,2643884.9759724587],[8075991.1165837245,2643936.062231396],[8075991.210193585,2643936.329226099],[8075991.312919979,2643936.5928087155],[8075991.424640255,2643936.852664507],[8075991.54522101,2643937.1084831846],[8075991.674518264,2643937.359959284],[8075991.81237762,2643937.6067925207],[8075991.958634459,2643937.848688157],[8075992.113114151,2643938.085357354],[8075992.275632233,2643938.3165175053],[8075992.445994649,2643938.54189259],[8075992.623997965,2643938.761213494],[8075992.809429638,2643938.9742183317],[8075993.002068244,2643939.1806527576],[8075993.201683765,2643939.3802702706],[8075993.408037837,2643939.5728325155],[8075993.620884069,2643939.758109554],[8075993.839968296,2643939.935880156],[8075994.065028913,2643940.1059320453],[8075994.295797192,2643940.2680621697],[8075994.531997571,2643940.4220769284],[8075994.773348012,2643940.567792421],[8075995.019560317,2643940.705034649],[8075995.270340498,2643940.833639736],[8075995.525389098,2643940.953454116],[8075995.784401575,2643941.0643347194],[8075996.047068647,2643941.1661491487],[8075996.313076665,2643941.2587758293],[8075996.582108001,2643941.342104156],[8075996.853841404,2643941.4160346314],[8075997.12795241,2643941.4804789736],[8075997.404113704,2643941.5353602297],[8075997.681995538,2643941.580612871],[8075997.961266088,2643941.6161828614],[8075998.2415918885,2643941.6420277245],[8075998.522638205,2643941.658116602],[8075998.804069453,2643941.664430282],[8075999.085549578,2643941.6609612256],[8075999.366742469,2643941.647713576],[8075999.6473123655,2643941.6247031474],[8075999.9269242445,2643941.5919574215],[8076000.20524422,2643941.5495154974],[8076000.481939971,2643941.497428052],[8076000.7566810865,2643941.4357572845],[8076001.029139509,2643941.364576834],[8076001.298989909,2643941.2839716957],[8076001.565910058,2643941.1940381173],[8076020.2672215095,2643934.529390515],[8076020.480255812,2643934.44923556],[8076020.690379137,2643934.3616529936],[8076020.897335532,2643934.266749505],[8076021.100872908,2643934.16464069],[8076021.300743338,2643934.0554509335],[8076021.496703363,2643933.9393132366],[8076021.688514273,2643933.816369067],[8076021.8759424295,2643933.6867681826],[8076022.058759525,2643933.55066845],[8076022.236742872,2643933.408235655],[8076022.409675673,2643933.2596432925],[8076022.577347273,2643933.1050723647],[8076022.739553427,2643932.9447111543],[8076022.896096568,2643932.7787549957],[8076023.04678599,2643932.6074060407],[8076023.191438155,2643932.4308730117],[8076023.329876857,2643932.2493709405],[8076023.461933461,2643932.0631209165],[8076023.587447112,2643931.8723498117],[8076023.70626492,2643931.677290001],[8076023.8182421625,2643931.478179092],[8076023.923242428,2643931.275259617],[8076024.0211378215,2643931.0687787537],[8076024.111809099,2643930.8589880182],[8076024.195145808,2643930.6461429535],[8076024.271046443,2643930.430502828],[8076024.339418543,2643930.2123303134],[8076024.400178831,2643929.9918911634],[8076024.453253296,2643929.7694538953],[8076024.49857728,2643929.5452894615],[8076024.536095582,2643929.319670917],[8076024.565762498,2643929.0928730825],[8076024.587541892,2643928.8651722246],[8076024.601407229,2643928.636845705],[8076024.607341632,2643928.4081716477],[8076024.605337864,2643928.179428599],[8076024.59539837,2643927.9508951916],[8076024.577535252,2643927.7228498026],[8076024.551770278,2643927.4955702107],[8076024.518134822,2643927.2693332676],[8076024.47666987,2643927.0444145505],[8076024.427425913,2643926.8210880333],[8076024.370462947,2643926.5996257495],[8076024.305850358,2643926.380297462],[8076024.233666852,2643926.163370332],[8076019.178863815,2643911.8098939625],[8075997.272242457,2643919.6128696194],[8075989.296232037,2643896.964293202],[8076018.881779357,2643886.4261449976],[8076013.446367684,2643870.9918970894],[8075974.186410321,2643884.9759724587]]]]},"geometry_name":"the_geom","properties":{"gid":24401,"tps_name":"Gota_33","tps_no":"33","village":"Gota","city":"Ahmedabad","authority":"AMC","district":"Ahmedabad","state":"Gujarat","status":"Preliminary","fp_no":"134","reser_use":"Open Space","reser_type":"Open Space","tps_id":212,"show_hide":1,"fp_area":"1408","fp_area_final":1408,"temp":"1408","search":"Gota 33 134","dxf_access":1,"epsg_code":"EPSG:32643"}},{"type":"Feature","id":"final_plot_boundary.fid-4639cb80_1a0ba89becd_6488","geometry":{"type":"MultiPolygon","coordinates":[[[[8075646.625996189,2643755.3090892215],[8075659.312023892,2643792.75768872],[8075659.369223906,2643792.917446649],[8075659.43187616,2643793.0751224575],[8075659.499905882,2643793.230528004],[8075659.573231912,2643793.383477864],[8075659.651766754,2643793.5337895346],[8075659.735416705,2643793.681283663],[8075659.824081948,2643793.8257842613],[8075659.917656692,2643793.967118914],[8075660.016029275,2643794.1051189755],[8075660.119082336,2643794.23961979],[8075660.226692897,2643794.370460868],[8075660.338732568,2643794.4974860917],[8075660.455067655,2643794.6205438944],[8075660.575559357,2643794.7394874454],[8075660.700063899,2643794.8541748202],[8075660.828432717,2643794.964469173],[8075660.960512649,2643795.0702389022],[8075661.096146097,2643795.1713578035],[8075661.23517122,2643795.2677052193],[8075661.377422138,2643795.359166193],[8075661.522729117,2643795.4456315893],[8075661.670918773,2643795.526998241],[8075661.82181429,2643795.603169059],[8075661.975235627,2643795.674053159],[8075662.130999705,2643795.7395659587],[8075662.288920679,2643795.7996292906],[8075662.448810113,2643795.854171486],[8075662.610477232,2643795.9031274696],[8075662.773729138,2643795.9464388215],[8075662.938371029,2643795.984053864],[8075663.104206462,2643796.015927717],[8075663.271037557,2643796.0420223465],[8075663.43866526,2643796.062306618],[8075663.6068895515,2643796.076756329],[8075663.775509709,2643796.0853542336],[8075663.94432453,2643796.088090077],[8075664.113132598,2643796.084960596],[8075664.28173248,2643796.07596952],[8075664.449923009,2643796.06112758],[8075664.617503494,2643796.040452485],[8075664.784273986,2643796.013968904],[8075664.950035486,2643795.981708437],[8075665.114590222,2643795.943709577],[8075665.27774183,2643795.9000176666],[8075665.439295652,2643795.850684837],[8075665.599058921,2643795.7957699527],[8075680.749692991,2643790.2923913435],[8075680.909420771,2643790.237487798],[8075681.07093836,2643790.188163828],[8075681.234053128,2643790.144478265],[8075681.398570533,2643790.1064832075],[8075681.564294356,2643790.074223971],[8075681.731026943,2643790.0477390327],[8075681.89856944,2643790.0270599793],[8075682.06672202,2643790.0122114713],[8075682.235284134,2643790.0032112217],[8075682.404054745,2643790.0000699614],[8075682.572832569,2643790.0027914406],[8075682.7414163,2643790.0113724126],[8075682.909604887,2643790.0258026416],[8075683.07719772,2643790.046064918],[8075683.243994928,2643790.072135077],[8075683.4097975725,2643790.103982023],[8075683.574407904,2643790.1415677737],[8075683.7376296045,2643790.1848475025],[8075683.899267998,2643790.2337695905],[8075684.059130302,2643790.2882756917],[8075684.217025857,2643790.3483007955],[8075684.372766347,2643790.413773316],[8075684.526166021,2643790.4846151597],[8075684.677041926,2643790.560741843],[8075684.82521411,2643790.6420625676],[8075684.970505869,2643790.7284803456],[8075685.112743904,2643790.8198921075],[8075685.251758575,2643790.916188833],[8075685.387384081,2643791.017255668],[8075685.519458672,2643791.122972078],[8075685.647824816,2643791.233211975],[8075685.772329431,2643791.34784388],[8075685.892824005,2643791.4667310733],[8075686.009164843,2643791.5897317654],[8075686.12121318,2643791.716699255],[8075686.2288353825,2643791.8474821122],[8075686.3319030935,2643791.9819243555],[8075686.430293379,2643792.119865641],[8075686.523888908,2643792.2611414487],[8075686.612578035,2643792.4055832867],[8075686.69625499,2643792.5530188777],[8075686.774819976,2643792.703272385],[8075686.848179286,2643792.8561646044],[8075686.916245429,2643793.011513185],[8075686.978937224,2643793.1691328483],[8075687.0361799,2643793.328835605],[8075700.031040704,2643831.644872588],[8075700.088086525,2643831.80405415],[8075700.150545957,2643831.961166896],[8075700.218344998,2643832.1160246762],[8075700.2914033085,2643832.268444005],[8075700.3696343405,2643832.4182442892],[8075700.452945393,2643832.56524804],[8075700.541237759,2643832.7092810804],[8075700.634406821,2643832.850172754],[8075700.732342191,2643832.987756124],[8075700.834927835,2643833.121868177],[8075700.942042199,2643833.2523500095],[8075701.053558367,2643833.379047021],[8075701.1693442175,2643833.501809093],[8075701.2892625565,2643833.620490775],[8075701.413171306,2643833.7349514468],[8075701.540923645,2643833.8450554865],[8075701.672368211,2643833.950672441],[8075701.807349258,2643834.051677169],[8075701.94570686,2643834.147949997],[8075702.087277086,2643834.2393768546],[8075702.231892197,2643834.3258494157],[8075702.379380835,2643834.4072652226],[8075702.529568266,2643834.483527812],[8075702.682276525,2643834.554546822],[8075702.837324681,2643834.6202381076],[8075702.994529036,2643834.6805238347],[8075703.153703312,2643834.7353325733],[8075703.31465893,2643834.784599382],[8075703.477205162,2643834.8282658895],[8075703.641149429,2643834.8662803574],[8075703.806297475,2643834.8985977434],[8075703.972453633,2643834.925179756],[8075704.139421026,2643834.9459949015],[8075704.307001828,2643834.9610185158],[8075704.474997479,2643834.9702327964],[8075704.643208934,2643834.9736268288],[8075704.811436886,2643834.97119659],[8075704.979482002,2643834.96294496],[8075705.147145189,2643834.9488817165],[8075705.314227784,2643834.9290235196],[8075705.48053182,2643834.903393901],[8075705.645860254,2643834.8720232267],[8075705.810017194,2643834.834948666],[8075705.972808144,2643834.792214147],[8075706.134040221,2643834.7438703026],[8075706.293522386,2643834.6899744133],[8075730.075227006,2643826.1922433833],[8075698.486874518,2643736.7781818784],[8075663.003212311,2643749.4572101757],[8075646.625996189,2643755.3090892215]]]]},"geometry_name":"the_geom","properties":{"gid":24425,"tps_name":"Gota_33","tps_no":"33","village":"Gota","city":"Ahmedabad","authority":"AMC","district":"Ahmedabad","state":"Gujarat","status":"Preliminary","fp_no":"14","reser_use":null,"reser_type":null,"tps_id":212,"show_hide":1,"fp_area":"3339","fp_area_final":3339,"temp":"3339","search":"Gota 33 14","dxf_access":1,"epsg_code":"EPSG:32643"}},{"type":"Feature","id":"final_plot_boundary.fid-4639cb80_1a0ba89becd_6489","geometry":{"type":"MultiPolygon","coordinates":[[[[8075774.115298091,2643896.7456015237],[8075757.956749591,2643851.0075668916],[8075736.971022769,2643858.5062725465],[8075753.129515991,2643904.2443440724],[8075774.115298091,2643896.7456015237]]]]},"geometry_name":"the_geom","properties":{"gid":24487,"tps_name":"Gota_33","tps_no":"33","village":"Gota","city":"Ahmedabad","authority":"AMC","district":"Ahmedabad","state":"Gujarat","status":"Preliminary","fp_no":"62","reser_use":null,"reser_type":null,"tps_id":212,"show_hide":1,"fp_area":"911","fp_area_final":911,"temp":"911","search":"Gota 33 62","dxf_access":1,"epsg_code":"EPSG:32643"}},{"type":"Feature","id":"final_plot_boundary.fid-4639cb80_1a0ba89becd_648a","geometry":{"type":"MultiPolygon","coordinates":[[[[8075833.832018542,2642937.5527294166],[8075870.5925428895,2642924.4656477454],[8075870.85739558,2642924.3661225736],[8075871.118654393,2642924.257413472],[8075871.376004571,2642924.1396514047],[8075871.629136082,2642924.0129782436],[8075871.877743969,2642923.877546599],[8075872.121528729,2642923.7335196286],[8075872.360196658,2642923.581070847],[8075872.593460228,2642923.420383915],[8075872.8210384175,2642923.251652417],[8075873.042657062,2642923.075079631],[8075873.258049163,2642922.8908782816],[8075873.4669552315,2642922.699270281],[8075873.669123588,2642922.5004864666],[8075873.864310679,2642922.294766321],[8075874.052281354,2642922.082357682],[8075874.232809164,2642921.863516448],[8075874.405676609,2642921.6385062626],[8075874.570675435,2642921.407598204],[8075874.727606866,2642921.171070456],[8075874.876281846,2642920.9292079713],[8075875.016521246,2642920.6823021313],[8075875.148156131,2642920.43065039],[8075875.271027905,2642920.1745559247],[8075875.384988545,2642919.914327259],[8075875.489900761,2642919.6502779005],[8075875.585638158,2642919.382725958],[8075875.6720854025,2642919.111993759],[8075875.7491383515,2642918.8384074667],[8075875.816704167,2642918.5622966797],[8075875.874701457,2642918.2839940367],[8075881.094955122,2642890.1238598223],[8075861.825630971,2642866.2202086137],[8075805.215879728,2642856.2524815146],[8075833.832018542,2642937.5527294166]]]]},"geometry_name":"the_geom","properties":{"gid":24440,"tps_name":"Gota_33","tps_no":"33","village":"Gota","city":"Ahmedabad","authority":"AMC","district":"Ahmedabad","state":"Gujarat","status":"Preliminary","fp_no":"128","reser_use":"Garden","reser_type":"Recreation","tps_id":212,"show_hide":1,"fp_area":"3248","fp_area_final":3248,"temp":"3248","search":"Gota 33 128","dxf_access":1,"epsg_code":"EPSG:32643"}},{"type":"Feature","id":"final_plot_boundary.fid-4639cb80_1a0ba89becd_648b","geometry":{"type":"MultiPolygon","coordinates":[[[[8076193.58714246,2644036.0804028627],[8076145.253640316,2644037.167112526],[8076068.543866225,2644047.823642952],[8076064.83355147,2644034.7172105173],[8076064.790367979,2644034.5646677576],[8076034.025231221,2644044.7039026543],[8076033.814303992,2644044.777464314],[8076033.60600577,2644044.858248416],[8076033.400580989,2644044.946160166],[8076033.19827071,2644045.041096402],[8076032.999312321,2644045.1429457236],[8076032.803939301,2644045.25158861],[8076032.612380911,2644045.3668975793],[8076032.42486194,2644045.48873732],[8076032.2416024245,2644045.6169648543],[8076032.062817417,2644045.7514297194],[8076031.888716713,2644045.8919741246],[8076031.719504611,2644046.038433145],[8076031.555379673,2644046.1906349203],[8076031.396534494,2644046.3484008466],[8076031.243155475,2644046.511545794],[8076031.095422594,2644046.679878319],[8076030.953509215,2644046.853200892],[8076030.817581865,2644047.0313101253],[8076030.687800044,2644047.213997016],[8076030.564316056,2644047.4010471874],[8076030.447274797,2644047.5922411475],[8076030.336813606,2644047.7873545387],[8076030.2330621155,2644047.9861583994],[8076030.136142065,2644048.18841945],[8076030.046167187,2644048.393900338],[8076029.963243066,2644048.602359946],[8076029.887467014,2644048.813553655],[8076029.818927941,2644049.0272336346],[8076029.7577062845,2644049.243149146],[8076029.703873875,2644049.4610468205],[8076029.657493899,2644049.680670963],[8076029.618620767,2644049.901763854],[8076029.587300101,2644050.124066052],[8076029.5635686545,2644050.347316697],[8076029.54745427,2644050.5712538096],[8076029.5389758665,2644050.7956146123],[8076029.538143389,2644051.0201358246],[8076029.544957817,2644051.244553985],[8076029.559411155,2644051.4686057437],[8076029.581486434,2644051.6920281886],[8076029.611157763,2644051.9145591427],[8076029.6483903155,2644052.135937474],[8076029.693140402,2644052.3559034085],[8076029.74535551,2644052.5741988197],[8076029.804974368,2644052.7905675503],[8076029.871927024,2644053.0047557005],[8076054.563320123,2644127.509580551],[8076076.560396386,2644130.0675053676],[8076258.275485619,2644065.1312979055],[8076241.964125283,2644018.8394701257],[8076193.58714246,2644036.0804028627]]]]},"geometry_name":"the_geom","properties":{"gid":24450,"tps_name":"Gota_33","tps_no":"33","village":"Gota","city":"Ahmedabad","authority":"AMC","district":"Ahmedabad","state":"Gujarat","status":"Preliminary","fp_no":"38","reser_use":null,"reser_type":null,"tps_id":212,"show_hide":1,"fp_area":"11958","fp_area_final":11958,"temp":"11958","search":"Gota 33 38","dxf_access":1,"epsg_code":"EPSG:32643"}},{"type":"Feature","id":"final_plot_boundary.fid-4639cb80_1a0ba89becd_648c","geometry":{"type":"MultiPolygon","coordinates":[[[[8076436.996283475,2643737.9444514075],[8076340.13366294,2643772.4488692284],[8076369.871206936,2643856.8851000248],[8076387.715307274,2643845.771139796],[8076396.983202323,2643833.277807719],[8076430.841753801,2643753.8133910866],[8076436.996283475,2643737.9444514075]]]]},"geometry_name":"the_geom","properties":{"gid":24391,"tps_name":"Gota_33","tps_no":"33","village":"Gota","city":"Ahmedabad","authority":"AMC","district":"Ahmedabad","state":"Gujarat","status":"Preliminary","fp_no":"39/1","reser_use":null,"reser_type":null,"tps_id":212,"show_hide":1,"fp_area":"4641","fp_area_final":4641,"temp":"4641","search":"Gota 33 39/1","dxf_access":1,"epsg_code":"EPSG:32643"}},{"type":"Feature","id":"final_plot_boundary.fid-4639cb80_1a0ba89becd_648d","geometry":{"type":"MultiPolygon","coordinates":[[[[8076049.851495808,2643252.746651664],[8076067.867427827,2643303.928986821],[8076091.095241133,2643297.1111972225],[8076099.896615983,2643322.090526042],[8076143.248088131,2643306.6563039203],[8076143.514455044,2643306.5561749144],[8076143.777184668,2643306.4467568863],[8076144.035956846,2643306.328183173],[8076144.290456242,2643306.2005982697],[8076144.540372715,2643306.064157648],[8076144.785401736,2643305.919027576],[8076145.025244695,2643305.7653849055],[8076145.259609333,2643305.603416866],[8076145.488210053,2643305.4333208343],[8076145.710768282,2643305.2553040823],[8076145.927012812,2643305.0695835464],[8076146.136680128,2643304.8763855374],[8076146.339514735,2643304.675945491],[8076146.535269463,2643304.468507662],[8076146.723705761,2643304.2543248283],[8076146.904594001,2643304.033657997],[8076147.077713757,2643303.80677607],[8076147.24285407,2643303.573955522],[8076147.399813701,2643303.3354800697],[8076147.548401368,2643303.0916403146],[8076147.68843602,2643302.8427334004],[8076147.819747007,2643302.5890626404],[8076147.942174312,2643302.3309371625],[8076148.055568748,2643302.0686715115],[8076148.159792133,2643301.8025852824],[8076148.254717462,2643301.533002728],[8076148.34022906,2643301.2602523584],[8076148.416222724,2643300.984666547],[8076148.482605852,2643300.706581117],[8076148.539297547,2643300.4263349455],[8076148.58622872,2643300.144269537],[8076148.6233421955,2643299.860728613],[8076148.650592739,2643299.576057694],[8076148.667947147,2643299.2906036805],[8076148.675384263,2643299.004714423],[8076148.6728950385,2643298.7187383003],[8076148.660482494,2643298.433023805],[8076148.638161766,2643298.147919105],[8076148.6059600515,2643297.863771627],[8076148.563916591,2643297.5809276286],[8076148.51208262,2643297.2997317845],[8076148.450521305,2643297.020526756],[8076148.3793076575,2643296.743652776],[8076148.298528469,2643296.4694472463],[8076148.208282168,2643296.198244307],[8076145.812136811,2643289.3944582054],[8076145.727276187,2643289.140364967],[8076145.65072617,2643288.8836157992],[8076145.58256871,2643288.624485545],[8076145.522876763,2643288.363251592],[8076145.471714238,2643288.100193586],[8076145.42913589,2643287.8355931253],[8076145.395187305,2643287.5697334553],[8076145.369904819,2643287.302899168],[8076145.353315498,2643287.035375907],[8076145.345437102,2643286.7674500453],[8076145.346278059,2643286.4994083913],[8076145.355837476,2643286.2315378734],[8076145.374105116,2643285.9641252407],[8076145.401061418,2643285.697456751],[8076148.222689797,2643261.693659631],[8076049.851495808,2643252.746651664]]]]},"geometry_name":"the_geom","properties":{"gid":24509,"tps_name":"Gota_33","tps_no":"33","village":"Gota","city":"Ahmedabad","authority":"AMC","district":"Ahmedabad","state":"Gujarat","status":"Preliminary","fp_no":"82","reser_use":null,"reser_type":null,"tps_id":212,"show_hide":1,"fp_area":"3845","fp_area_final":3845,"temp":"3845","search":"Gota 33 82","dxf_access":1,"epsg_code":"EPSG:32643"}},{"type":"Feature","id":"final_plot_boundary.fid-4639cb80_1a0ba89becd_648e","geometry":{"type":"MultiPolygon","coordinates":[[[[8075928.521797606,2644112.852292279],[8076018.838406039,2644123.3552533034],[8076006.163129716,2644085.1081101256],[8075928.521797606,2644112.852292279]]]]},"geometry_name":"the_geom","properties":{"gid":24387,"tps_name":"Gota_33","tps_no":"33","village":"Gota","city":"Ahmedabad","authority":"AMC","district":"Ahmedabad","state":"Gujarat","status":"Preliminary","fp_no":"120","reser_use":"Sale For Commercial","reser_type":"Commercial","tps_id":212,"show_hide":1,"fp_area":"1400","fp_area_final":1400,"temp":"1400","search":"Gota 33 120","dxf_access":1,"epsg_code":"EPSG:32643"}},{"type":"Feature","id":"final_plot_boundary.fid-4639cb80_1a0ba89becd_648f","geometry":{"type":"MultiPolygon","coordinates":[[[[8075555.186328925,2643057.42021526],[8075578.4573304085,2643122.0120671284],[8075675.301882568,2643086.7216522405],[8075656.529426026,2643030.073559133],[8075656.435772818,2643029.8064353545],[8075656.3329937905,2643029.5427271766],[8075656.221211812,2643029.282749827],[8075656.100560489,2643029.0268140743],[8075655.971184057,2643028.7752258517],[8075655.833237167,2643028.528285899],[8075655.686884703,2643028.286289395],[8075655.532301621,2643028.049525614],[8075655.369672704,2643027.818277576],[8075655.199192344,2643027.5928217033],[8075655.021064338,2643027.3734274968],[8075654.835501601,2643027.160357211],[8075654.642725955,2643026.95386554],[8075654.442967837,2643026.754199318],[8075654.236466024,2643026.561597217],[8075654.02346737,2643026.376289465],[8075653.804226481,2643026.198497571],[8075653.579005421,2643026.0284340577],[8075653.348073421,2643025.866302218],[8075653.111706521,2643025.71229585],[8075652.870187266,2643025.566599052],[8075652.6238043625,2643025.4293859815],[8075652.372852324,2643025.300820657],[8075652.117631131,2643025.181056761],[8075651.858445862,2643025.0702374536],[8075651.595606333,2643024.9684952027],[8075651.329426736,2643024.8759516277],[8075651.060225253,2643024.7927173516],[8075650.78832367,2643024.718891868],[8075650.514047016,2643024.654563424],[8075650.237723145,2643024.5998089183],[8075649.959682364,2643024.5546937976],[8075649.680257026,2643024.5192719945],[8075649.39978115,2643024.493585848],[8075649.118590009,2643024.4776660637],[8075648.837019728,2643024.4715316696],[8075648.555406873,2643024.475190001],[8075648.274088085,2643024.4886366827],[8075647.9933996275,2643024.5118556423],[8075647.713677039,2643024.5448191226],[8075647.435254681,2643024.5874877246],[8075647.158465368,2643024.6398104406],[8075646.883639959,2643024.701724729],[8075646.61110698,2643024.7731565745],[8075646.341192193,2643024.854020598],[8075646.074218249,2643024.944220132],[8075555.186328925,2643057.42021526]]]]},"geometry_name":"the_geom","properties":{"gid":24500,"tps_name":"Gota_33","tps_no":"33","village":"Gota","city":"Ahmedabad","authority":"AMC","district":"Ahmedabad","state":"Gujarat","status":"Preliminary","fp_no":"123","reser_use":"Sale For Commercial","reser_type":"Commercial","tps_id":212,"show_hide":1,"fp_area":"5974","fp_area_final":5974,"temp":"5974","search":"Gota 33 123","dxf_access":1,"epsg_code":"EPSG:32643"}},{"type":"Feature","id":"final_plot_boundary.fid-4639cb80_1a0ba89becd_6490","geometry":{"type":"MultiPolygon","coordinates":[[[[8076108.791163741,2643422.266157892],[8076085.373767794,2643430.604762047],[8076107.655223927,2643493.8845713427],[8076202.480762536,2643460.1181842107],[8076180.192785361,2643396.8325115126],[8076108.791163741,2643422.266157892]]]]},"geometry_name":"the_geom","properties":{"gid":24518,"tps_name":"Gota_33","tps_no":"33","village":"Gota","city":"Ahmedabad","authority":"AMC","district":"Ahmedabad","state":"Gujarat","status":"Preliminary","fp_no":"50/1","reser_use":null,"reser_type":null,"tps_id":212,"show_hide":1,"fp_area":"5692","fp_area_final":5692,"temp":"5692","search":"Gota 33 50/1","dxf_access":1,"epsg_code":"EPSG:32643"}},{"type":"Feature","id":"final_plot_boundary.fid-4639cb80_1a0ba89becd_6491","geometry":{"type":"MultiPolygon","coordinates":[[[[8076207.042127929,2643802.0330471285],[8076235.469254826,2643791.9070710903],[8076265.236472536,2643781.3036812474],[8076253.150100233,2643746.985246368],[8076241.055794936,2643712.644225446],[8076230.3569542235,2643682.265487927],[8076172.162941518,2643702.9946325026],[8076207.042127929,2643802.0330471285]]]]},"geometry_name":"the_geom","properties":{"gid":24408,"tps_name":"Gota_33","tps_no":"33","village":"Gota","city":"Ahmedabad","authority":"AMC","district":"Ahmedabad","state":"Gujarat","status":"Preliminary","fp_no":"57","reser_use":null,"reser_type":null,"tps_id":212,"show_hide":1,"fp_area":"5467","fp_area_final":5467,"temp":"5467","search":"Gota 33 57","dxf_access":1,"epsg_code":"EPSG:32643"}},{"type":"Feature","id":"final_plot_boundary.fid-4639cb80_1a0ba89becd_6492","geometry":{"type":"MultiPolygon","coordinates":[[[[8076064.598325662,2644006.422159185],[8076059.751282351,2644006.781720287],[8076062.926570009,2644024.8330371203],[8076064.83355147,2644034.7172105173],[8076068.543866225,2644047.823642952],[8076145.253640316,2644037.167112526],[8076193.58714246,2644036.0804028627],[8076206.28343212,2643983.4582779417],[8076143.46799781,2643984.4359859554],[8076144.166726827,2644000.519442583],[8076125.441077855,2644001.9086252297],[8076092.0790185705,2644004.3835714064],[8076064.598325662,2644006.422159185]]]]},"geometry_name":"the_geom","properties":{"gid":24452,"tps_name":"Gota_33","tps_no":"33","village":"Gota","city":"Ahmedabad","authority":"AMC","district":"Ahmedabad","state":"Gujarat","status":"Preliminary","fp_no":"34","reser_use":null,"reser_type":null,"tps_id":212,"show_hide":1,"fp_area":"5149","fp_area_final":5149,"temp":"5149","search":"Gota 33 34","dxf_access":1,"epsg_code":"EPSG:32643"}},{"type":"Feature","id":"final_plot_boundary.fid-4639cb80_1a0ba89becd_6493","geometry":{"type":"MultiPolygon","coordinates":[[[[8075877.076809584,2643908.9980864767],[8075846.706021718,2643819.2949633687],[8075804.300510373,2643834.447712563],[8075820.459180884,2643880.1856655176],[8075844.182094745,2643947.3344047926],[8075846.081129559,2643952.709695348],[8075854.280789129,2643949.7797060455],[8075857.661205532,2643909.3645245177],[8075871.535296814,2643910.8555265954],[8075877.076809584,2643908.9980864767]]]]},"geometry_name":"the_geom","properties":{"gid":24501,"tps_name":"Gota_33","tps_no":"33","village":"Gota","city":"Ahmedabad","authority":"AMC","district":"Ahmedabad","state":"Gujarat","status":"Preliminary","fp_no":"122","reser_use":"Neighbourhood Center","reser_type":"Public Purpose","tps_id":212,"show_hide":1,"fp_area":"3908","fp_area_final":3908,"temp":"3908","search":"Gota 33 122","dxf_access":1,"epsg_code":"EPSG:32643"}},{"type":"Feature","id":"final_plot_boundary.fid-4639cb80_1a0ba89becd_6494","geometry":{"type":"MultiPolygon","coordinates":[[[[8076185.638931577,2643855.0513208755],[8076205.133136207,2643848.1073673717],[8076211.559885351,2643866.3558969907],[8076256.098698716,2643850.483190313],[8076235.469254826,2643791.9070710903],[8076207.042127929,2643802.0330471285],[8076171.434055768,2643814.716852636],[8076185.638931577,2643855.0513208755]]]]},"geometry_name":"the_geom","properties":{"gid":24506,"tps_name":"Gota_33","tps_no":"33","village":"Gota","city":"Ahmedabad","authority":"AMC","district":"Ahmedabad","state":"Gujarat","status":"Preliminary","fp_no":"135","reser_use":"Sale For Residential","reser_type":"Residential","tps_id":212,"show_hide":1,"fp_area":"3221","fp_area_final":3221,"temp":"3221","search":"Gota 33 135","dxf_access":1,"epsg_code":"EPSG:32643"}},{"type":"Feature","id":"final_plot_boundary.fid-4639cb80_1a0ba89becd_6495","geometry":{"type":"MultiPolygon","coordinates":[[[[8075631.055737547,2643510.434865948],[8075655.942328709,2643587.848265861],[8075668.862504757,2643583.2316292436],[8075716.105510872,2643566.350658262],[8075735.222751616,2643559.519599548],[8075710.335804051,2643482.106423586],[8075631.055737547,2643510.434865948]]]]},"geometry_name":"the_geom","properties":{"gid":24472,"tps_name":"Gota_33","tps_no":"33","village":"Gota","city":"Ahmedabad","authority":"AMC","district":"Ahmedabad","state":"Gujarat","status":"Preliminary","fp_no":"10","reser_use":null,"reser_type":null,"tps_id":212,"show_hide":1,"fp_area":"5767","fp_area_final":5767,"temp":"5767","search":"Gota 33 10","dxf_access":1,"epsg_code":"EPSG:32643"}},{"type":"Feature","id":"final_plot_boundary.fid-4639cb80_1a0ba89becd_6496","geometry":{"type":"MultiPolygon","coordinates":[[[[8076241.964125283,2644018.8394701257],[8076269.039415935,2644009.1901120762],[8076285.348975167,2644055.4765753266],[8076319.420251541,2644043.2839521184],[8076343.120219555,2643915.4374145563],[8076342.219145278,2643906.8477970106],[8076268.568257608,2643933.0965263126],[8076263.762218135,2643919.457001314],[8076207.66723848,2643939.4486354357],[8076192.660789357,2643944.7967304722],[8076206.28343212,2643983.4582779417],[8076193.58714246,2644036.0804028627],[8076241.964125283,2644018.8394701257]]]]},"geometry_name":"the_geom","properties":{"gid":24390,"tps_name":"Gota_33","tps_no":"33","village":"Gota","city":"Ahmedabad","authority":"AMC","district":"Ahmedabad","state":"Gujarat","status":"Preliminary","fp_no":"136","reser_use":"Neighbourhood Center","reser_type":"Public Purpose","tps_id":212,"show_hide":1,"fp_area":"11774","fp_area_final":11774,"temp":"11774","search":"Gota 33 136","dxf_access":1,"epsg_code":"EPSG:32643"}},{"type":"Feature","id":"final_plot_boundary.fid-4639cb80_1a0ba89becd_6497","geometry":{"type":"MultiPolygon","coordinates":[[[[8076085.373767794,2643430.604762047],[8076108.791163741,2643422.266157892],[8076084.339958062,2643348.487885767],[8076004.07398807,2643377.0633817934],[8076028.527798411,2643450.8507975102],[8076085.373767794,2643430.604762047]]]]},"geometry_name":"the_geom","properties":{"gid":24516,"tps_name":"Gota_33","tps_no":"33","village":"Gota","city":"Ahmedabad","authority":"AMC","district":"Ahmedabad","state":"Gujarat","status":"Preliminary","fp_no":"143","reser_use":"Sale For Commercial","reser_type":"Commercial","tps_id":212,"show_hide":1,"fp_area":"5580","fp_area_final":5580,"temp":"5580","search":"Gota 33 143","dxf_access":1,"epsg_code":"EPSG:32643"}},{"type":"Feature","id":"final_plot_boundary.fid-4639cb80_1a0ba89becd_6498","geometry":{"type":"MultiPolygon","coordinates":[[[[8076317.734462597,2643493.928036841],[8076301.974266718,2643449.1786995977],[8076234.719776869,2643473.135672644],[8076250.479799441,2643517.885125442],[8076317.734462597,2643493.928036841]]]]},"geometry_name":"the_geom","properties":{"gid":24409,"tps_name":"Gota_33","tps_no":"33","village":"Gota","city":"Ahmedabad","authority":"AMC","district":"Ahmedabad","state":"Gujarat","status":"Preliminary","fp_no":"53","reser_use":null,"reser_type":null,"tps_id":212,"show_hide":1,"fp_area":"2855","fp_area_final":2855,"temp":"2855","search":"Gota 33 53","dxf_access":1,"epsg_code":"EPSG:32643"}},{"type":"Feature","id":"final_plot_boundary.fid-4639cb80_1a0ba89becd_6499","geometry":{"type":"MultiPolygon","coordinates":[[[[8076039.602715837,2643715.447062529],[8076078.362046478,2643701.641086345],[8076064.7756569935,2643662.132809184],[8076025.916673972,2643675.6486855377],[8076039.602715837,2643715.447062529]]]]},"geometry_name":"the_geom","properties":{"gid":24384,"tps_name":"Gota_33","tps_no":"33","village":"Gota","city":"Ahmedabad","authority":"AMC","district":"Ahmedabad","state":"Gujarat","status":"Preliminary","fp_no":"56/2","reser_use":null,"reser_type":null,"tps_id":212,"show_hide":1,"fp_area":"1454","fp_area_final":1454,"temp":"1454","search":"Gota 33 56/2","dxf_access":1,"epsg_code":"EPSG:32643"}},{"type":"Feature","id":"final_plot_boundary.fid-4639cb80_1a0ba89becd_649a","geometry":{"type":"MultiPolygon","coordinates":[[[[8076045.686483425,2643859.508148723],[8076043.538094099,2643860.27339528],[8076064.177740709,2643918.8807558664],[8076161.439000646,2643884.218730763],[8076140.8045234205,2643825.6271997276],[8076113.570347651,2643835.3280520574],[8076045.686483425,2643859.508148723]]]]},"geometry_name":"the_geom","properties":{"gid":24503,"tps_name":"Gota_33","tps_no":"33","village":"Gota","city":"Ahmedabad","authority":"AMC","district":"Ahmedabad","state":"Gujarat","status":"Preliminary","fp_no":"32/1","reser_use":null,"reser_type":null,"tps_id":212,"show_hide":1,"fp_area":"5406","fp_area_final":5406,"temp":"5406","search":"Gota 33 32/1","dxf_access":1,"epsg_code":"EPSG:32643"}},{"type":"Feature","id":"final_plot_boundary.fid-4639cb80_1a0ba89becd_649b","geometry":{"type":"MultiPolygon","coordinates":[[[[8075920.636412788,2643172.1690707183],[8075924.463252852,2643149.1576859346],[8075896.306762724,2643123.586347975],[8075898.998122961,2643106.8880118695],[8075892.170206495,2643105.6691531837],[8075891.893566333,2643105.624690374],[8075891.615569535,2643105.589820734],[8075891.336544899,2643105.564585507],[8075891.056822453,2643105.549014538],[8075890.776733032,2643105.543126243],[8075890.496607929,2643105.5469275876],[8075890.216778454,2643105.5604140777],[8075889.9375755945,2643105.5835697604],[8075889.659329569,2643105.616367248],[8075889.382369481,2643105.6587677477],[8075889.10702291,2643105.7107211095],[8075888.8336155275,2643105.772165888],[8075888.56247071,2643105.843029404],[8075888.29390916,2643105.923227846],[8075888.02824851,2643106.012666359],[8075793.039021413,2643139.8294977657],[8075817.362785082,2643208.935365132],[8075832.031288116,2643203.713299484],[8075920.636412788,2643172.1690707183]]]]},"geometry_name":"the_geom","properties":{"gid":24423,"tps_name":"Gota_33","tps_no":"33","village":"Gota","city":"Ahmedabad","authority":"AMC","district":"Ahmedabad","state":"Gujarat","status":"Preliminary","fp_no":"83","reser_use":null,"reser_type":null,"tps_id":212,"show_hide":1,"fp_area":"6921","fp_area_final":6921,"temp":"6921","search":"Gota 33 83","dxf_access":1,"epsg_code":"EPSG:32643"}},{"type":"Feature","id":"final_plot_boundary.fid-4639cb80_1a0ba89becd_649c","geometry":{"type":"MultiPolygon","coordinates":[[[[8076309.983472621,2643765.364218282],[8076297.897011883,2643731.045842372],[8076253.150100233,2643746.985246368],[8076265.236472536,2643781.3036812474],[8076309.983472621,2643765.364218282]]]]},"geometry_name":"the_geom","properties":{"gid":24406,"tps_name":"Gota_33","tps_no":"33","village":"Gota","city":"Ahmedabad","authority":"AMC","district":"Ahmedabad","state":"Gujarat","status":"Preliminary","fp_no":"41/1","reser_use":null,"reser_type":null,"tps_id":212,"show_hide":1,"fp_area":"1457","fp_area_final":1457,"temp":"1457","search":"Gota 33 41/1","dxf_access":1,"epsg_code":"EPSG:32643"}},{"type":"Feature","id":"final_plot_boundary.fid-4639cb80_1a0ba89becd_649d","geometry":{"type":"MultiPolygon","coordinates":[[[[8075615.838306895,2643657.508364962],[8075640.258321481,2643648.782676229],[8075633.94613585,2643629.1476355344],[8075609.526149113,2643637.8733067713],[8075615.838306895,2643657.508364962]]]]},"geometry_name":"the_geom","properties":{"gid":24470,"tps_name":"Gota_33","tps_no":"33","village":"Gota","city":"Ahmedabad","authority":"AMC","district":"Ahmedabad","state":"Gujarat","status":"Preliminary","fp_no":"5","reser_use":null,"reser_type":null,"tps_id":212,"show_hide":1,"fp_area":"450","fp_area_final":450,"temp":"450","search":"Gota 33 5","dxf_access":1,"epsg_code":"EPSG:32643"}},{"type":"Feature","id":"final_plot_boundary.fid-4639cb80_1a0ba89becd_649e","geometry":{"type":"MultiPolygon","coordinates":[[[[8075833.832018542,2642937.5527294166],[8075805.215879728,2642856.2524815146],[8075776.283522774,2642851.1580546247],[8075758.668446162,2642851.3831126573],[8075736.503495024,2642849.9171886723],[8075774.819108437,2642958.5616595238],[8075833.832018542,2642937.5527294166]]]]},"geometry_name":"the_geom","properties":{"gid":24432,"tps_name":"Gota_33","tps_no":"33","village":"Gota","city":"Ahmedabad","authority":"AMC","district":"Ahmedabad","state":"Gujarat","status":"Preliminary","fp_no":"86","reser_use":null,"reser_type":null,"tps_id":212,"show_hide":1,"fp_area":"5403","fp_area_final":5403,"temp":"5403","search":"Gota 33 86","dxf_access":1,"epsg_code":"EPSG:32643"}},{"type":"Feature","id":"final_plot_boundary.fid-4639cb80_1a0ba89becd_649f","geometry":{"type":"MultiPolygon","coordinates":[[[[8075587.3799073985,2643302.7924575154],[8075588.900769023,2643310.3232225203],[8075596.879595085,2643325.152672157],[8075606.073291695,2643338.596431049],[8075606.599982702,2643353.9442231413],[8075747.206950648,2643303.702165111],[8075730.015543942,2643251.8256421993],[8075674.94290597,2643271.504467571],[8075628.105479791,2643288.2404744355],[8075587.3799073985,2643302.7924575154]]]]},"geometry_name":"the_geom","properties":{"gid":24380,"tps_name":"Gota_33","tps_no":"33","village":"Gota","city":"Ahmedabad","authority":"AMC","district":"Ahmedabad","state":"Gujarat","status":"Preliminary","fp_no":"90","reser_use":null,"reser_type":null,"tps_id":212,"show_hide":1,"fp_area":"6861","fp_area_final":6861,"temp":"6861","search":"Gota 33 90","dxf_access":1,"epsg_code":"EPSG:32643"}},{"type":"Feature","id":"final_plot_boundary.fid-4639cb80_1a0ba89becd_64a0","geometry":{"type":"MultiPolygon","coordinates":[[[[8075880.862573847,2643918.060132699],[8075880.502289632,2643914.726919366],[8075877.076809584,2643908.9980864767],[8075871.535296814,2643910.8555265954],[8075857.661205532,2643909.3645245177],[8075854.280789129,2643949.7797060455],[8075851.412075214,2643984.0769685875],[8075880.881172794,2643987.395829254],[8075884.142453575,2643948.404334755],[8075880.862573847,2643918.060132699]]]]},"geometry_name":"the_geom","properties":{"gid":24483,"tps_name":"Gota_33","tps_no":"33","village":"Gota","city":"Ahmedabad","authority":"AMC","district":"Ahmedabad","state":"Gujarat","status":"Preliminary","fp_no":"26/1","reser_use":null,"reser_type":null,"tps_id":212,"show_hide":1,"fp_area":"1774","fp_area_final":1774,"temp":"1774","search":"Gota 33 26/1","dxf_access":1,"epsg_code":"EPSG:32643"}},{"type":"Feature","id":"final_plot_boundary.fid-4639cb80_1a0ba89becd_64a1","geometry":{"type":"MultiPolygon","coordinates":[[[[8076332.794984665,2643246.8429925432],[8076335.419734503,2643246.0401417636],[8076336.162731578,2643226.057494904],[8076334.547759437,2643212.795589235],[8076310.940044977,2643212.046005802],[8076312.004835501,2643181.1871098117],[8076311.524523218,2643181.009544103],[8076279.546558593,2643175.218519571],[8076231.5119793685,2643178.844619061],[8076176.57617318,2643182.978466307],[8076169.998764168,2643241.7218953297],[8076332.794984665,2643246.8429925432]]]]},"geometry_name":"the_geom","properties":{"gid":24476,"tps_name":"Gota_33","tps_no":"33","village":"Gota","city":"Ahmedabad","authority":"AMC","district":"Ahmedabad","state":"Gujarat","status":"Preliminary","fp_no":"48","reser_use":null,"reser_type":null,"tps_id":212,"show_hide":1,"fp_area":"7897","fp_area_final":7897,"temp":"7897","search":"Gota 33 48","dxf_access":1,"epsg_code":"EPSG:32643"}},{"type":"Feature","id":"final_plot_boundary.fid-4639cb80_1a0ba89becd_64a2","geometry":{"type":"MultiPolygon","coordinates":[[[[8075643.63162624,2643428.813947797],[8075678.264809302,2643416.4387864345],[8075723.101315073,2643400.417635709],[8075773.311967025,2643382.476002455],[8075747.206950648,2643303.702165111],[8075606.599982702,2643353.9442231413],[8075609.120673547,2643427.397567337],[8075609.586737726,2643440.9788148426],[8075643.63162624,2643428.813947797]]]]},"geometry_name":"the_geom","properties":{"gid":24377,"tps_name":"Gota_33","tps_no":"33","village":"Gota","city":"Ahmedabad","authority":"AMC","district":"Ahmedabad","state":"Gujarat","status":"Preliminary","fp_no":"8","reser_use":null,"reser_type":null,"tps_id":212,"show_hide":1,"fp_area":"11299","fp_area_final":11299,"temp":"11299","search":"Gota 33 8","dxf_access":1,"epsg_code":"EPSG:32643"}},{"type":"Feature","id":"final_plot_boundary.fid-4639cb80_1a0ba89becd_64a3","geometry":{"type":"MultiPolygon","coordinates":[[[[8076241.964125283,2644018.8394701257],[8076258.275485619,2644065.1312979055],[8076285.348975167,2644055.4765753266],[8076269.039415935,2644009.1901120762],[8076241.964125283,2644018.8394701257]]]]},"geometry_name":"the_geom","properties":{"gid":24495,"tps_name":"Gota_33","tps_no":"33","village":"Gota","city":"Ahmedabad","authority":"AMC","district":"Ahmedabad","state":"Gujarat","status":"Preliminary","fp_no":"20","reser_use":null,"reser_type":null,"tps_id":212,"show_hide":1,"fp_area":"1189","fp_area_final":1189,"temp":"1189","search":"Gota 33 20","dxf_access":1,"epsg_code":"EPSG:32643"}},{"type":"Feature","id":"final_plot_boundary.fid-4639cb80_1a0ba89becd_64a4","geometry":{"type":"MultiPolygon","coordinates":[[[[8075694.934982854,2643466.743131961],[8075678.264809302,2643416.4387864345],[8075643.63162624,2643428.813947797],[8075654.1190091465,2643460.461191786],[8075660.3016989,2643479.118358],[8075694.934982854,2643466.743131961]]]]},"geometry_name":"the_geom","properties":{"gid":24498,"tps_name":"Gota_33","tps_no":"33","village":"Gota","city":"Ahmedabad","authority":"AMC","district":"Ahmedabad","state":"Gujarat","status":"Preliminary","fp_no":"112","reser_use":null,"reser_type":null,"tps_id":212,"show_hide":1,"fp_area":"1642","fp_area_final":1642,"temp":"1642","search":"Gota 33 112","dxf_access":1,"epsg_code":"EPSG:32643"}},{"type":"Feature","id":"final_plot_boundary.fid-4639cb80_1a0ba89becd_64a5","geometry":{"type":"MultiPolygon","coordinates":[[[[8075892.442971287,2644195.859761201],[8075918.728210179,2644186.467181457],[8075920.466370078,2644176.896948478],[8075928.521797606,2644112.852292279],[8075871.869797089,2644133.0959184966],[8075873.750757477,2644138.834287671],[8075892.442971287,2644195.859761201]]]]},"geometry_name":"the_geom","properties":{"gid":24373,"tps_name":"Gota_33","tps_no":"33","village":"Gota","city":"Ahmedabad","authority":"AMC","district":"Ahmedabad","state":"Gujarat","status":"Preliminary","fp_no":"119","reser_use":"Sale For Commercial","reser_type":"Commercial","tps_id":212,"show_hide":1,"fp_area":"2465","fp_area_final":2465,"temp":"2465","search":"Gota 33 119","dxf_access":1,"epsg_code":"EPSG:32643"}},{"type":"Feature","id":"final_plot_boundary.fid-4639cb80_1a0ba89becd_64a6","geometry":{"type":"MultiPolygon","coordinates":[[[[8075834.981999021,2643110.9926990895],[8075821.451966718,2643072.5529627386],[8075773.13639195,2643089.7535142633],[8075786.666317289,2643128.1933218483],[8075834.981999021,2643110.9926990895]]]]},"geometry_name":"the_geom","properties":{"gid":24459,"tps_name":"Gota_33","tps_no":"33","village":"Gota","city":"Ahmedabad","authority":"AMC","district":"Ahmedabad","state":"Gujarat","status":"Preliminary","fp_no":"84","reser_use":null,"reser_type":null,"tps_id":212,"show_hide":1,"fp_area":"1762","fp_area_final":1762,"temp":"1762","search":"Gota 33 84","dxf_access":1,"epsg_code":"EPSG:32643"}},{"type":"Feature","id":"final_plot_boundary.fid-4639cb80_1a0ba89becd_64a7","geometry":{"type":"MultiPolygon","coordinates":[[[[8075810.578893003,2643041.661770123],[8075787.128264569,2642975.036663084],[8075758.312863477,2642985.2950393585],[8075781.763381348,2643051.92022003],[8075810.578893003,2643041.661770123]]]]},"geometry_name":"the_geom","properties":{"gid":24410,"tps_name":"Gota_33","tps_no":"33","village":"Gota","city":"Ahmedabad","authority":"AMC","district":"Ahmedabad","state":"Gujarat","status":"Preliminary","fp_no":"51","reser_use":null,"reser_type":null,"tps_id":212,"show_hide":1,"fp_area":"1821","fp_area_final":1821,"temp":"1821","search":"Gota 33 51","dxf_access":1,"epsg_code":"EPSG:32643"}},{"type":"Feature","id":"final_plot_boundary.fid-4639cb80_1a0ba89becd_64a8","geometry":{"type":"MultiPolygon","coordinates":[[[[8075844.057625021,2644048.2473115344],[8075978.961824701,2644003.0290059303],[8075953.18920288,2643925.260599781],[8075884.142453575,2643948.404334755],[8075880.881172794,2643987.395829254],[8075851.412075214,2643984.0769685875],[8075826.000010969,2643993.1574501395],[8075844.057625021,2644048.2473115344]]]]},"geometry_name":"the_geom","properties":{"gid":24494,"tps_name":"Gota_33","tps_no":"33","village":"Gota","city":"Ahmedabad","authority":"AMC","district":"Ahmedabad","state":"Gujarat","status":"Preliminary","fp_no":"24/2","reser_use":null,"reser_type":null,"tps_id":212,"show_hide":1,"fp_area":"8371","fp_area_final":8371,"temp":"8371","search":"Gota 33 24/2","dxf_access":1,"epsg_code":"EPSG:32643"}},{"type":"Feature","id":"final_plot_boundary.fid-4639cb80_1a0ba89becd_64a9","geometry":{"type":"MultiPolygon","coordinates":[[[[8076344.423922785,2643519.1261727074],[8076333.5635303585,2643488.289445412],[8076317.734462597,2643493.928036841],[8076250.479799441,2643517.885125442],[8076261.340044341,2643548.7219511094],[8076344.423922785,2643519.1261727074]]]]},"geometry_name":"the_geom","properties":{"gid":24457,"tps_name":"Gota_33","tps_no":"33","village":"Gota","city":"Ahmedabad","authority":"AMC","district":"Ahmedabad","state":"Gujarat","status":"Preliminary","fp_no":"46","reser_use":null,"reser_type":null,"tps_id":212,"show_hide":1,"fp_area":"2430","fp_area_final":2430,"temp":"2430","search":"Gota 33 46","dxf_access":1,"epsg_code":"EPSG:32643"}},{"type":"Feature","id":"final_plot_boundary.fid-4639cb80_1a0ba89becd_64aa","geometry":{"type":"MultiPolygon","coordinates":[[[[8075852.291886206,2643272.5628377926],[8075863.962529346,2643305.719843341],[8075886.487940698,2643297.7006112626],[8075874.817254543,2643264.543634365],[8075852.291886206,2643272.5628377926]]]]},"geometry_name":"the_geom","properties":{"gid":24482,"tps_name":"Gota_33","tps_no":"33","village":"Gota","city":"Ahmedabad","authority":"AMC","district":"Ahmedabad","state":"Gujarat","status":"Preliminary","fp_no":"79/2","reser_use":null,"reser_type":null,"tps_id":212,"show_hide":1,"fp_area":"708","fp_area_final":708,"temp":"708","search":"Gota 33 79/2","dxf_access":1,"epsg_code":"EPSG:32643"}},{"type":"Feature","id":"final_plot_boundary.fid-4639cb80_1a0ba89becd_64ab","geometry":{"type":"MultiPolygon","coordinates":[[[[8075706.941830733,2643078.5567443212],[8075727.444372289,2643140.424978571],[8075727.537954697,2643140.6919080517],[8075727.640649611,2643140.955427148],[8075727.752334442,2643141.215221325],[8075727.872875899,2643141.470980496],[8075728.002130094,2643141.722399383],[8075728.139942754,2643141.969177892],[8075728.286149385,2643142.2110214722],[8075728.440575476,2643142.4476414574],[8075728.603036705,2643142.678755415],[8075728.773339158,2643142.9040874937],[8075728.951279558,2643143.12336873],[8075729.13664553,2643143.3363373955],[8075729.329215806,2643143.542739286],[8075729.528760543,2643143.7423280436],[8075729.735041561,2643143.93486544],[8075729.947812648,2643144.1201216583],[8075730.166819837,2643144.297875582],[8075730.391801724,2643144.4679150367],[8075730.622489764,2643144.630037069],[8075730.858608619,2643144.7840481675],[8075731.0998764485,2643144.9297645064],[8075731.3460052805,2643145.0670121564],[8075731.596701338,2643145.1956272996],[8075731.851665389,2643145.3154564193],[8075732.110593095,2643145.4263564884],[8075732.373175426,2643145.5281951367],[8075732.63909894,2643145.62085081],[8075732.908046249,2643145.704212913],[8075733.1796963215,2643145.778181945],[8075733.45372493,2643145.842669616],[8075733.729804984,2643145.8975989535],[8075734.007606965,2643145.9429043937],[8075734.286799276,2643145.9785318626],[8075734.567048686,2643146.004438831],[8075734.848020678,2643146.02059438],[8075735.129379892,2643146.0269792215],[8075735.410790491,2643146.0235857377],[8075735.691916587,2643146.010417981],[8075735.972422629,2643145.9874916645],[8075736.251973807,2643145.954834153],[8075736.530236443,2643145.9124844316],[8075736.806878411,2643145.860493043],[8075737.081569499,2643145.798922046],[8075737.353981844,2643145.727844935],[8075737.623790294,2643145.6473465427],[8075737.890672807,2643145.5575229563],[8075786.666317289,2643128.1933218483],[8075773.13639195,2643089.7535142633],[8075821.451966718,2643072.5529627386],[8075810.578893003,2643041.661770123],[8075781.763381348,2643051.92022003],[8075706.941830733,2643078.5567443212]]]]},"geometry_name":"the_geom","properties":{"gid":24481,"tps_name":"Gota_33","tps_no":"33","village":"Gota","city":"Ahmedabad","authority":"AMC","district":"Ahmedabad","state":"Gujarat","status":"Preliminary","fp_no":"129","reser_use":"Neighbourhood Center","reser_type":"Public Purpose","tps_id":212,"show_hide":1,"fp_area":"5083","fp_area_final":5083,"temp":"5083","search":"Gota 33 129","dxf_access":1,"epsg_code":"EPSG:32643"}},{"type":"Feature","id":"final_plot_boundary.fid-4639cb80_1a0ba89becd_64ac","geometry":{"type":"MultiPolygon","coordinates":[[[[8075668.862504757,2643583.2316292436],[8075678.505008449,2643613.2258913782],[8075687.146928886,2643640.1076717433],[8075703.1402802365,2643634.392897288],[8075708.488728256,2643651.0298419986],[8075740.389706058,2643639.6308609853],[8075716.105510872,2643566.350658262],[8075668.862504757,2643583.2316292436]]]]},"geometry_name":"the_geom","properties":{"gid":24395,"tps_name":"Gota_33","tps_no":"33","village":"Gota","city":"Ahmedabad","authority":"AMC","district":"Ahmedabad","state":"Gujarat","status":"Preliminary","fp_no":"31/1","reser_use":null,"reser_type":null,"tps_id":212,"show_hide":1,"fp_area":"3036","fp_area_final":3036,"temp":"3036","search":"Gota 33 31/1","dxf_access":1,"epsg_code":"EPSG:32643"}},{"type":"Feature","id":"final_plot_boundary.fid-4639cb80_1a0ba89becd_64ad","geometry":{"type":"MultiPolygon","coordinates":[[[[8076207.66723848,2643939.4486354357],[8076189.573882709,2643888.099080774],[8076096.968813305,2643921.101927901],[8076125.441077855,2644001.9086252297],[8076144.166726827,2644000.519442583],[8076143.46799781,2643984.4359859554],[8076206.28343212,2643983.4582779417],[8076192.660789357,2643944.7967304722],[8076207.66723848,2643939.4486354357]]]]},"geometry_name":"the_geom","properties":{"gid":24396,"tps_name":"Gota_33","tps_no":"33","village":"Gota","city":"Ahmedabad","authority":"AMC","district":"Ahmedabad","state":"Gujarat","status":"Preliminary","fp_no":"21","reser_use":null,"reser_type":null,"tps_id":212,"show_hide":1,"fp_area":"6690","fp_area_final":6690,"temp":"6690","search":"Gota 33 21","dxf_access":1,"epsg_code":"EPSG:32643"}},{"type":"Feature","id":"final_plot_boundary.fid-4639cb80_1a0ba89becd_64ae","geometry":{"type":"MultiPolygon","coordinates":[[[[8075527.504829038,2643311.108182022],[8075556.114220815,2643307.6874423986],[8075558.137373136,2643307.2612887914],[8075531.5603661705,2643233.492626771],[8075503.193684564,2643243.628386786],[8075527.504829038,2643311.108182022]]]]},"geometry_name":"the_geom","properties":{"gid":24488,"tps_name":"Gota_33","tps_no":"33","village":"Gota","city":"Ahmedabad","authority":"AMC","district":"Ahmedabad","state":"Gujarat","status":"Preliminary","fp_no":"115/2","reser_use":null,"reser_type":null,"tps_id":212,"show_hide":1,"fp_area":"1908","fp_area_final":1908,"temp":"1908","search":"Gota 33 115/2","dxf_access":1,"epsg_code":"EPSG:32643"}},{"type":"Feature","id":"final_plot_boundary.fid-4639cb80_1a0ba89becd_64af","geometry":{"type":"MultiPolygon","coordinates":[[[[8075641.130749094,2643739.087337959],[8075657.5079498645,2643733.2354689036],[8075663.003212311,2643749.4572101757],[8075698.486874518,2643736.7781818784],[8075699.484058326,2643736.4218666744],[8075676.980092625,2643672.721851673],[8075629.493316121,2643689.689763368],[8075629.334892634,2643689.7494961293],[8075629.1786197,2643689.814707444],[8075629.024684576,2643689.8853191733],[8075628.87327171,2643689.9612467093],[8075628.724562525,2643690.042399072],[8075628.578735204,2643690.128679025],[8075628.435964491,2643690.219983184],[8075628.296421452,2643690.3162021474],[8075628.160273288,2643690.41722062],[8075628.027683145,2643690.5229175636],[8075627.898809894,2643690.633166323],[8075627.773807944,2643690.747834802],[8075627.652827087,2643690.866785599],[8075627.536012283,2643690.9898761827],[8075627.4235034995,2643691.116959063],[8075627.315435547,2643691.247881969],[8075627.211937925,2643691.382488022],[8075627.113134632,2643691.5206159363],[8075627.019144066,2643691.6621002],[8075626.930078856,2643691.8067712877],[8075626.846045707,2643691.954455845],[8075626.767145319,2643692.1049769158],[8075626.693472234,2643692.2581541426],[8075626.625114722,2643692.413803984],[8075626.562154698,2643692.571739932],[8075626.5046676025,2643692.7317727497],[8075626.452722309,2643692.8937106775],[8075626.406381075,2643693.0573596763],[8075626.365699412,2643693.222523663],[8075626.330726077,2643693.3890047288],[8075626.301502974,2643693.556603392],[8075626.278065117,2643693.725118834],[8075626.260440594,2643693.8943491303],[8075626.248650516,2643694.0640915115],[8075626.242709015,2643694.2341425815],[8075626.242623207,2643694.404298581],[8075626.248393204,2643694.5743556293],[8075626.260012087,2643694.744109954],[8075626.277465932,2643694.9133581542],[8075626.300733824,2643695.08189743],[8075626.329787887,2643695.2495258343],[8075626.3645933075,2643695.4160425095],[8075626.405108383,2643695.581247931],[8075626.451284563,2643695.7449441436],[8075626.503066519,2643695.906935005],[8075641.130749094,2643739.087337959]]]]},"geometry_name":"the_geom","properties":{"gid":24426,"tps_name":"Gota_33","tps_no":"33","village":"Gota","city":"Ahmedabad","authority":"AMC","district":"Ahmedabad","state":"Gujarat","status":"Preliminary","fp_no":"13","reser_use":null,"reser_type":null,"tps_id":212,"show_hide":1,"fp_area":"2916","fp_area_final":2916,"temp":"2916","search":"Gota 33 13","dxf_access":1,"epsg_code":"EPSG:32643"}},{"type":"Feature","id":"final_plot_boundary.fid-4639cb80_1a0ba89becd_64b0","geometry":{"type":"MultiPolygon","coordinates":[[[[8075781.763381348,2643051.92022003],[8075758.312863477,2642985.2950393585],[8075692.256322204,2643008.811156507],[8075691.9931033505,2643008.910031699],[8075691.733431794,2643009.0179778174],[8075691.477616486,2643009.1348664267],[8075691.225961788,2643009.2605584594],[8075690.978767129,2643009.3949043634],[8075690.736326615,2643009.5377442935],[8075690.4989287,2643009.6889083027],[8075690.266855841,2643009.848216534],[8075690.040384158,2643010.015479443],[8075689.819783108,2643010.1904980233],[8075689.6053151665,2643010.3730640365],[8075689.3972355025,2643010.5629602647],[8075689.195791685,2643010.7599607715],[8075689.001223396,2643010.9638311663],[8075688.813762133,2643011.174328886],[8075688.633630936,2643011.391203478],[8075688.461044126,2643011.6141969073],[8075688.296207051,2643011.843043857],[8075688.139315823,2643012.077472043],[8075687.990557121,2643012.317202549],[8075687.850107932,2643012.5619501374],[8075687.718135373,2643012.8114236123],[8075687.594796452,2643013.0653261505],[8075687.48023793,2643013.3233556575],[8075687.374596094,2643013.5852051307],[8075687.277996655,2643013.8505630246],[8075687.19055453,2643014.1191136134],[8075687.112373769,2643014.390537377],[8075687.043547388,2643014.664511376],[8075686.984157281,2643014.940709639],[8075686.93427411,2643015.2188035413],[8075686.893957223,2643015.4984622095],[8075686.863254588,2643015.779352906],[8075686.842202735,2643016.061141426],[8075686.830826724,2643016.3434925],[8075686.829140078,2643016.6260701865],[8075686.837144808,2643016.9085382707],[8075686.854831385,2643017.1905606776],[8075686.882178776,2643017.471801855],[8075686.91915444,2643017.7519271816],[8075686.965714386,2643018.0306033636],[8075687.021803208,2643018.307498834],[8075687.087354187,2643018.582284141],[8075687.162289315,2643018.8546323455],[8075687.2465194445,2643019.124219408],[8075706.941830733,2643078.5567443212],[8075781.763381348,2643051.92022003]]]]},"geometry_name":"the_geom","properties":{"gid":24460,"tps_name":"Gota_33","tps_no":"33","village":"Gota","city":"Ahmedabad","authority":"AMC","district":"Ahmedabad","state":"Gujarat","status":"Preliminary","fp_no":"87","reser_use":null,"reser_type":null,"tps_id":212,"show_hide":1,"fp_area":"4678","fp_area_final":4678,"temp":"4678","search":"Gota 33 87","dxf_access":1,"epsg_code":"EPSG:32643"}},{"type":"Feature","id":"final_plot_boundary.fid-4639cb80_1a0ba89becd_64b1","geometry":{"type":"MultiPolygon","coordinates":[[[[8075747.769550161,2643647.4271549485],[8075723.205997945,2643656.204316488],[8075745.325318638,2643718.8149690703],[8075769.888959371,2643710.037748277],[8075747.769550161,2643647.4271549485]]]]},"geometry_name":"the_geom","properties":{"gid":24499,"tps_name":"Gota_33","tps_no":"33","village":"Gota","city":"Ahmedabad","authority":"AMC","district":"Ahmedabad","state":"Gujarat","status":"Preliminary","fp_no":"114","reser_use":null,"reser_type":null,"tps_id":212,"show_hide":1,"fp_area":"1907","fp_area_final":1907,"temp":"1907","search":"Gota 33 114","dxf_access":1,"epsg_code":"EPSG:32643"}},{"type":"Feature","id":"final_plot_boundary.fid-4639cb80_1a0ba89becd_64b2","geometry":{"type":"MultiPolygon","coordinates":[[[[8075578.902097919,2643437.606073158],[8075579.189245273,2643438.0060640695],[8075579.462307327,2643438.415910034],[8075579.720949976,2643438.8351096064],[8075579.9648567755,2643439.2631498952],[8075580.193729309,2643439.6995071936],[8075580.407287538,2643440.1436476223],[8075580.605270184,2643440.595027771],[8075580.787435004,2643441.05309538],[8075580.953559128,2643441.5172900013],[8075581.103439292,2643441.987043694],[8075581.236892118,2643442.4617817127],[8075581.353754332,2643442.940923219],[8075581.453882951,2643443.423881982],[8075581.537155454,2643443.9100670964],[8075581.603469962,2643444.3988837223],[8075581.652745343,2643444.889733785],[8075581.684921299,2643445.382016732],[8075581.699958465,2643445.8751302543],[8075581.697838446,2643446.3684710264],[8075581.678563821,2643446.8614354436],[8075581.642158184,2643447.353420364],[8075581.588666072,2643447.8438238436],[8075581.518152932,2643448.332045871],[8075581.4307050295,2643448.8174891043],[8075581.326429358,2643449.2995596067],[8075581.205453503,2643449.777667556],[8075581.067925472,2643450.251227992],[8075580.914013536,2643450.719661508],[8075580.743905997,2643451.182394975],[8075580.557810984,2643451.638862239],[8075580.355956187,2643452.0885048048],[8075580.138588574,2643452.530772537],[8075579.905974085,2643452.965124319],[8075579.658397334,2643453.391028715],[8075579.396161231,2643453.807964635],[8075579.119586613,2643454.215421951],[8075578.829011872,2643454.6129021393],[8075578.524792534,2643454.9999188776],[8075578.207300806,2643455.375998652],[8075577.87692514,2643455.7406813274],[8075577.534069747,2643456.0935207084],[8075577.179154118,2643456.4340850967],[8075576.812612491,2643456.761957807],[8075576.434893329,2643457.0767376884],[8075591.30943504,2643496.4745979463],[8075591.393655783,2643496.6864810055],[8075591.485159431,2643496.895287158],[8075591.583835076,2643497.100763302],[8075591.689563109,2643497.302660367],[8075591.802215367,2643497.500733628],[8075591.921655308,2643497.6947429907],[8075592.047738142,2643497.8844532864],[8075592.180311054,2643498.069634557],[8075592.319213333,2643498.25006234],[8075592.464276613,2643498.425517927],[8075592.615325061,2643498.595788641],[8075592.772175579,2643498.760668091],[8075592.934638044,2643498.9199564145],[8075593.10251553,2643499.0734605356],[8075593.275604541,2643499.2209943812],[8075593.4536952665,2643499.3623791225],[8075593.636571844,2643499.4974433756],[8075593.824012593,2643499.6260234243],[8075594.015790313,2643499.747963414],[8075594.211672535,2643499.863115533],[8075594.411421827,2643499.971340198],[8075594.614796058,2643500.072506229],[8075594.82154872,2643500.166490995],[8075595.03142919,2643500.2531805723],[8075595.244183062,2643500.332469884],[8075595.459552446,2643500.4042628133],[8075595.677276292,2643500.4684723434],[8075595.897090681,2643500.52502064],[8075596.118729164,2643500.573839157],[8075596.341923077,2643500.614868721],[8075596.566401896,2643500.648059596],[8075596.791893502,2643500.6733715516],[8075597.0181245785,2643500.6907739067],[8075597.244820893,2643500.700245565],[8075597.471707656,2643500.7017750456],[8075597.698509847,2643500.6953604957],[8075597.9249525545,2643500.6810096893],[8075598.150761293,2643500.658740024],[8075598.375662348,2643500.628578491],[8075598.59938311,2643500.590561653],[8075598.821652399,2643500.5447355895],[8075599.042200787,2643500.4911558502],[8075599.260760934,2643500.429887382],[8075599.477067925,2643500.3610044494],[8075624.830314973,2643491.796093583],[8075638.968737711,2643486.7429273645],[8075632.421926436,2643468.2158941305],[8075654.1190091465,2643460.461191786],[8075643.63162624,2643428.813947797],[8075609.586737726,2643440.9788148426],[8075609.120673547,2643427.397567337],[8075578.902097919,2643437.606073158]]]]},"geometry_name":"the_geom","properties":{"gid":24479,"tps_name":"Gota_33","tps_no":"33","village":"Gota","city":"Ahmedabad","authority":"AMC","district":"Ahmedabad","state":"Gujarat","status":"Preliminary","fp_no":"124","reser_use":"Neighbourhood Center","reser_type":"Public Purpose","tps_id":212,"show_hide":1,"fp_area":"3135","fp_area_final":3135,"temp":"3135","search":"Gota 33 124","dxf_access":1,"epsg_code":"EPSG:32643"}},{"type":"Feature","id":"final_plot_boundary.fid-4639cb80_1a0ba89becd_64b3","geometry":{"type":"MultiPolygon","coordinates":[[[[8075863.735596346,2643551.6909686653],[8075972.582191435,2643512.9210256184],[8075976.5410351185,2643511.5109135606],[8075964.048071555,2643473.813985575],[8075851.242879104,2643513.9938830934],[8075863.735596346,2643551.6909686653]]]]},"geometry_name":"the_geom","properties":{"gid":24463,"tps_name":"Gota_33","tps_no":"33","village":"Gota","city":"Ahmedabad","authority":"AMC","district":"Ahmedabad","state":"Gujarat","status":"Preliminary","fp_no":"72","reser_use":null,"reser_type":null,"tps_id":212,"show_hide":1,"fp_area":"4007","fp_area_final":4007,"temp":"4007","search":"Gota 33 72","dxf_access":1,"epsg_code":"EPSG:32643"}},{"type":"Feature","id":"final_plot_boundary.fid-4639cb80_1a0ba89becd_64b4","geometry":{"type":"MultiPolygon","coordinates":[[[[8075674.94290597,2643271.504467571],[8075730.015543942,2643251.8256421993],[8075706.198754105,2643179.9562442196],[8075706.105099417,2643179.6891181464],[8075706.002318844,2643179.42540773],[8075705.890535229,2643179.165428196],[8075705.769882212,2643178.9094903166],[8075705.640504001,2643178.6579000265],[8075705.502555259,2643178.4109580675],[8075705.356200886,2643178.168959625],[8075705.201615821,2643177.932193972],[8075705.038984853,2643177.7009441303],[8075704.868502386,2643177.4754865244],[8075704.69037221,2643177.2560906615],[8075704.504807252,2643177.043018792],[8075704.312029329,2643176.836525617],[8075704.112268883,2643176.6368579715],[8075703.905764696,2643176.444254527],[8075703.692763618,2643176.258945511],[8075703.473520259,2643176.0811524396],[8075703.248296695,2643175.911087837],[8075703.017362157,2643175.748954991],[8075702.780992679,2643175.5949477074],[8075702.539470824,2643175.4492500816],[8075702.293085292,2643175.3120362735],[8075702.04213059,2643175.1834703023],[8075701.786906724,2643175.063705852],[8075701.527718754,2643174.952886083],[8075701.264876516,2643174.851143464],[8075700.9986942,2643174.7585996133],[8075700.729489981,2643174.675365156],[8075700.457585667,2643174.601539584],[8075700.183306278,2643174.5372111485],[8075699.90697967,2643174.482456743],[8075699.6289361585,2643174.437341816],[8075699.349508101,2643174.4019203023],[8075699.0690295175,2643174.3762345375],[8075698.787835681,2643174.3603152274],[8075698.506262713,2643174.3541814033],[8075698.2246472025,2643174.3578403937],[8075697.94332578,2643174.371287824],[8075697.662634722,2643174.3945076237],[8075697.382909556,2643174.4274720354],[8075697.104484655,2643174.470141654],[8075696.827692837,2643174.522465473],[8075696.55286497,2643174.5843809503],[8075696.280329566,2643174.655814071],[8075696.010412401,2643174.7366794483],[8075695.7434361335,2643174.82688042],[8075648.499552783,2643191.708221482],[8075674.94290597,2643271.504467571]]]]},"geometry_name":"the_geom","properties":{"gid":24378,"tps_name":"Gota_33","tps_no":"33","village":"Gota","city":"Ahmedabad","authority":"AMC","district":"Ahmedabad","state":"Gujarat","status":"Preliminary","fp_no":"88","reser_use":null,"reser_type":null,"tps_id":212,"show_hide":1,"fp_area":"4130","fp_area_final":4130,"temp":"4130","search":"Gota 33 88","dxf_access":1,"epsg_code":"EPSG:32643"}},{"type":"Feature","id":"final_plot_boundary.fid-4639cb80_1a0ba89becd_64b5","geometry":{"type":"MultiPolygon","coordinates":[[[[8076092.0790185705,2644004.3835714064],[8076066.554050024,2643931.941089255],[8076004.896410643,2643953.9143286874],[8076004.650805499,2643954.0066798315],[8076004.4085127385,2643954.1074931254],[8076004.169820512,2643954.2166486746],[8076003.935012702,2643954.3340166556],[8076003.7043685755,2643954.459457481],[8076003.478162437,2643954.5928219636],[8076003.25666331,2643954.7339514936],[8076003.040134633,2643954.8826782224],[8076002.828833927,2643955.038825269],[8076002.623012483,2643955.202206923],[8076002.422915104,2643955.3726288793],[8076002.228779752,2643955.549888446],[8076002.040837327,2643955.733774811],[8076001.859311341,2643955.9240692765],[8076001.684417695,2643956.1205455237],[8076001.516364382,2643956.322969877],[8076001.355351277,2643956.531101595],[8076001.201569877,2643956.744693144],[8076001.05520307,2643956.9634904973],[8076000.916424932,2643957.187233436],[8076000.785400516,2643957.4156558607],[8076000.662285654,2643957.648486105],[8076000.547226761,2643957.885447265],[8076000.440360684,2643958.126257518],[8076000.341814523,2643958.370630464],[8076000.251705471,2643958.61827547],[8076000.170140705,2643958.868898007],[8076000.097217231,2643959.1222000076],[8076000.033021767,2643959.3778802203],[8075999.97763067,2643959.6356345555],[8075999.931109824,2643959.8951564687],[8075999.8935145475,2643960.1561373053],[8075999.8648895575,2643960.4182666736],[8075999.845268897,2643960.6812328277],[8075999.8346759025,2643960.944723013],[8075999.833123175,2643961.208423858],[8075999.840612556,2643961.4720217413],[8075999.857135144,2643961.7352031656],[8075999.882671283,2643961.9976551197],[8075999.917190609,2643962.2590654716],[8075999.960652066,2643962.519123321],[8076000.013003966,2643962.7775193765],[8076000.074184042,2643963.0339463246],[8076000.144119541,2643963.2880991953],[8076000.222727279,2643963.539675718],[8076011.463926007,2643997.4595165094],[8076056.80846405,2643982.515395888],[8076064.598325662,2644006.422159185],[8076092.0790185705,2644004.3835714064]]]]},"geometry_name":"the_geom","properties":{"gid":24451,"tps_name":"Gota_33","tps_no":"33","village":"Gota","city":"Ahmedabad","authority":"AMC","district":"Ahmedabad","state":"Gujarat","status":"Preliminary","fp_no":"35/1","reser_use":null,"reser_type":null,"tps_id":212,"show_hide":1,"fp_area":"3348","fp_area_final":3348,"temp":"3348","search":"Gota 33 35/1","dxf_access":1,"epsg_code":"EPSG:32643"}},{"type":"Feature","id":"final_plot_boundary.fid-4639cb80_1a0ba89becd_64b6","geometry":{"type":"MultiPolygon","coordinates":[[[[8076301.974266718,2643449.1786995977],[8076275.414303197,2643373.7643799465],[8076208.160105396,2643397.72115826],[8076234.719776869,2643473.135672644],[8076301.974266718,2643449.1786995977]]]]},"geometry_name":"the_geom","properties":{"gid":24520,"tps_name":"Gota_33","tps_no":"33","village":"Gota","city":"Ahmedabad","authority":"AMC","district":"Ahmedabad","state":"Gujarat","status":"Preliminary","fp_no":"50/2","reser_use":null,"reser_type":null,"tps_id":212,"show_hide":1,"fp_area":"4811","fp_area_final":4811,"temp":"4811","search":"Gota 33 50/2","dxf_access":1,"epsg_code":"EPSG:32643"}},{"type":"Feature","id":"final_plot_boundary.fid-4639cb80_1a0ba89becd_64b7","geometry":{"type":"MultiPolygon","coordinates":[[[[8075953.18920288,2643925.260599781],[8075945.365605215,2643901.652979974],[8075945.308862456,2643901.4912238247],[8075945.2465428,2643901.331557115],[8075945.1787221255,2643901.174174253],[8075945.105483012,2643901.0192668634],[8075945.026914629,2643900.867023562],[8075944.943112643,2643900.7176297135],[8075944.854179092,2643900.5712672197],[8075944.760222254,2643900.42811429],[8075944.661356539,2643900.288345222],[8075944.557702322,2643900.152130198],[8075944.449385799,2643900.0196350715],[8075944.336538871,2643899.8910211627],[8075944.219298925,2643899.766445075],[8075944.097808723,2643899.6460584844],[8075943.972216177,2643899.530007975],[8075943.842674215,2643899.4184348457],[8075943.709340562,2643899.3114749496],[8075943.572377567,2643899.209258513],[8075943.431951985,2643899.1119099976],[8075943.288234797,2643899.019547931],[8075943.141401002,2643898.9322847733],[8075942.991629371,2643898.8502267725],[8075942.839102271,2643898.7734738416],[8075942.684005409,2643898.702119435],[8075942.526527629,2643898.6362504284],[8075942.36686068,2643898.5759470277],[8075942.205198964,2643898.5212826547],[8075942.04173932,2643898.472323868],[8075941.876680769,2643898.429130278],[8075941.710224289,2643898.3917544773],[8075941.542572551,2643898.3602419733],[8075941.373929684,2643898.3346311348],[8075941.204501029,2643898.3149531493],[8075941.03449288,2643898.3012319678],[8075940.864112229,2643898.293484305],[8075940.693566531,2643898.2917195917],[8075940.523063444,2643898.2959399754],[8075940.352810565,2643898.306140316],[8075940.1830151975,2643898.3223082],[8075940.013884069,2643898.3444239334],[8075939.84562312,2643898.372460594],[8075939.678437219,2643898.4063840443],[8075939.512529926,2643898.4461529786],[8075939.348103251,2643898.491718974],[8075939.185357394,2643898.5430265525],[8075880.862573847,2643918.060132699],[8075884.142453575,2643948.404334755],[8075953.18920288,2643925.260599781]]]]},"geometry_name":"the_geom","properties":{"gid":24486,"tps_name":"Gota_33","tps_no":"33","village":"Gota","city":"Ahmedabad","authority":"AMC","district":"Ahmedabad","state":"Gujarat","status":"Preliminary","fp_no":"27/1","reser_use":null,"reser_type":null,"tps_id":212,"show_hide":1,"fp_area":"1744","fp_area_final":1744,"temp":"1744","search":"Gota 33 27/1","dxf_access":1,"epsg_code":"EPSG:32643"}}],"crs":{"type":"name","properties":{"name":"urn:ogc:def:crs:EPSG::3857"}}}