{
"type": "FeatureCollection",
"name": "ahmedabad_wards",
"crs": { "type": "name", "properties": { "name": "urn:ogc:def:crs:EPSG::32643" } },
"features": [
{ "type": "Feature", "properties": { "Name": "48 RAMOL HATHIJAN", "ward_id": "48", "ward_name": "RAMOL HATHIJAN" }, "geometry": { "type": "Polygon", "coordinates": [ [ [ 258906.755198060855037, 2545214.936791797634214, 0.0 ], [ 258856.027970134688076, 2545275.247049672529101, 0.0 ], [ 258826.066456939268392, 2545185.098890703637153, 0.0 ], [ 258824.020328491547843, 2545179.038092609029263, 0.0 ], [ 258818.108346532302676, 2545181.348869032226503, 0.0 ], [ 258676.633217105758376, 2545236.912427352741361, 0.0 ], [ 258675.958589084388223, 2545226.841041338164359, 0.0 ], [ 258667.836105529102497, 2545206.474688651971519, 0.0 ], [ 258574.160518144315574, 2545108.930147713981569, 0.0 ], [ 258536.396769564278657, 2545069.540480298921466, 0.0 ], [ 258416.743141402694164, 2544983.161260598804802, 0.0 ], [ 258331.876522272883449, 2544929.683064798824489, 0.0 ], [ 258212.89486450975528, 2544917.083212242461741, 0.0 ], [ 258039.784593244869029, 2544919.094290062319487, 0.0 ], [ 257989.870718560036039, 2544882.671315155923367, 0.0 ], [ 257962.114939549093833, 2544815.201564562506974, 0.0 ], [ 257969.406600075832102, 2544682.020354737527668, 0.0 ], [ 258015.322408983716741, 2544572.037925872951746, 0.0 ], [ 258123.702465038542869, 2544480.217625973280519, 0.0 ], [ 258151.300254412199138, 2544423.157766055315733, 0.0 ], [ 258159.113940474926494, 2544303.15298785828054, 0.0 ], [ 258114.791578653937904, 2544321.704070493578911, 0.0 ], [ 258089.832814805587986, 2544294.185694443527609, 0.0 ], [ 258098.866596231557196, 2544230.887731073889881, 0.0 ], [ 258071.408010318293236, 2544220.139494281727821, 0.0 ], [ 258046.533785195031669, 2544178.770556479692459, 0.0 ], [ 258010.768508180248318, 2544117.190885850694031, 0.0 ], [ 257972.951471874461276, 2544067.720860693138093, 0.0 ], [ 257945.002894831966842, 2544045.679710858967155, 0.0 ], [ 257856.221262127073715, 2544048.882362545467913, 0.0 ], [ 257804.435972179169767, 2544049.938264438416809, 0.0 ], [ 257792.606038839119719, 2543984.206347824074328, 0.0 ], [ 257775.253886377671733, 2543811.314663893077523, 0.0 ], [ 257747.998799869907089, 2543679.576402768492699, 0.0 ], [ 257719.497152371244738, 2543655.107010636478662, 0.0 ], [ 257271.607495047326665, 2543933.556757738348097, 0.0 ], [ 256922.986163280293113, 2544152.248618780635297, 0.0 ], [ 256885.42838676791871, 2544157.731027644593269, 0.0 ], [ 256500.82232555092196, 2543788.13954926142469, 0.0 ], [ 256425.377394967334112, 2543715.572152240201831, 0.0 ], [ 256334.532654153445037, 2543629.626830001361668, 0.0 ], [ 256254.877131990506314, 2543575.852780275512487, 0.0 ], [ 256143.93579908326501, 2543522.254111361689866, 0.0 ], [ 256012.653221561864484, 2543460.565798764582723, 0.0 ], [ 255940.561082745931344, 2543436.806859293486923, 0.0 ], [ 255953.933508845424512, 2543407.450575937982649, 0.0 ], [ 256109.172171719314065, 2543017.037049741018564, 0.0 ], [ 256341.500220884219743, 2542432.482862317934632, 0.0 ], [ 256380.940375423582736, 2542327.585899901110679, 0.0 ], [ 256507.804936207394348, 2542008.104395329486579, 0.0 ], [ 256662.870163521496579, 2541630.33372531645, 0.0 ], [ 256810.882120156340534, 2541240.935404238291085, 0.0 ], [ 256933.678677405987401, 2540941.468580626882613, 0.0 ], [ 256989.405301802325994, 2540815.26034786272794, 0.0 ], [ 257126.308541906822938, 2540492.966276905033737, 0.0 ], [ 257231.096725310111651, 2540214.844838720746338, 0.0 ], [ 257392.760851154132979, 2539932.041204528417438, 0.0 ], [ 257208.762280492286664, 2539975.114183762576431, 0.0 ], [ 256986.956182759604417, 2539964.288861287292093, 0.0 ], [ 256896.842616964451736, 2539975.493297451641411, 0.0 ], [ 256719.069166093104286, 2539952.881636287085712, 0.0 ], [ 256591.466058943537064, 2539930.014940333552659, 0.0 ], [ 256504.312526679830626, 2539921.230851099826396, 0.0 ], [ 256487.429621652525384, 2539924.162926021963358, 0.0 ], [ 256366.863237016397761, 2539968.436674448661506, 0.0 ], [ 256269.248415953246877, 2539985.306016172748059, 0.0 ], [ 256151.4195062960207, 2539976.798926441930234, 0.0 ], [ 256083.661270286887884, 2539993.51842232933268, 0.0 ], [ 256013.815081693493994, 2540020.686800795607269, 0.0 ], [ 255855.442944173351862, 2540074.662701931316406, 0.0 ], [ 255844.929441361018689, 2540071.730907388031483, 0.0 ], [ 255904.8997118427651, 2539872.103030098136514, 0.0 ], [ 256002.685558827506611, 2539631.42273461446166, 0.0 ], [ 256062.671415935270488, 2539426.145212118513882, 0.0 ], [ 256305.54294114082586, 2539121.073769719805568, 0.0 ], [ 256446.179621949326247, 2538927.789515535812825, 0.0 ], [ 256574.353766223823186, 2538763.182511417195201, 0.0 ], [ 256670.032294717151672, 2538625.913901304360479, 0.0 ], [ 256777.699335096403956, 2538423.859571124892682, 0.0 ], [ 256981.083058068674291, 2538073.571265975479037, 0.0 ], [ 257125.0184640645748, 2538001.007659433875233, 0.0 ], [ 257266.225263007479953, 2537924.611741356551647, 0.0 ], [ 257293.502924436092144, 2537910.655619758181274, 0.0 ], [ 257316.344276709714904, 2537869.737322479020804, 0.0 ], [ 257472.97651675043744, 2537782.459044131450355, 0.0 ], [ 257573.255653708387399, 2537745.281129023525864, 0.0 ], [ 257610.767773980827769, 2537723.183917353395373, 0.0 ], [ 257655.049051974870963, 2537745.516926891636103, 0.0 ], [ 257733.385337606159737, 2537722.209749182220548, 0.0 ], [ 257769.980983202229254, 2537713.312099411617965, 0.0 ], [ 257788.818880916049238, 2537723.313157320953906, 0.0 ], [ 257866.509565955027938, 2537678.966362818609923, 0.0 ], [ 257893.820576977188466, 2537667.669936609920114, 0.0 ], [ 258009.147119396162452, 2537647.204780959524214, 0.0 ], [ 258069.717939317022683, 2537629.502743522170931, 0.0 ], [ 258095.100492718076566, 2537638.069615570828319, 0.0 ], [ 258165.580560803442495, 2537617.549923567567021, 0.0 ], [ 258430.751559087919304, 2537546.822331225965172, 0.0 ], [ 258498.999260537530063, 2537476.594131476711482, 0.0 ], [ 258538.703776916954666, 2537431.087065956555307, 0.0 ], [ 258672.693695075489813, 2537294.217728389427066, 0.0 ], [ 258687.739403382933233, 2537272.483136891853064, 0.0 ], [ 258700.427175821649143, 2537250.897097625304013, 0.0 ], [ 258766.33507928517065, 2537168.963851646985859, 0.0 ], [ 258850.281206528103212, 2537066.24586442951113, 0.0 ], [ 258922.378641662246082, 2536986.208758961874992, 0.0 ], [ 258990.31982114596758, 2536909.340701473411173, 0.0 ], [ 259452.359058678121073, 2536389.217884184792638, 0.0 ], [ 259616.716447731276276, 2536199.027022277470678, 0.0 ], [ 259699.314191189943813, 2536126.915023074951023, 0.0 ], [ 259748.48141204964486, 2536127.350509840063751, 0.0 ], [ 259827.806798600679031, 2536139.714570571202785, 0.0 ], [ 259864.901825029868633, 2536142.558490223251283, 0.0 ], [ 259918.892772562277969, 2536149.454424559604377, 0.0 ], [ 259937.268530855013523, 2536169.104405649937689, 0.0 ], [ 260078.474611726938747, 2536206.964103724807501, 0.0 ], [ 260176.642224588722456, 2536203.851812997832894, 0.0 ], [ 260230.375585062778555, 2536362.426091720350087, 0.0 ], [ 260243.254550637269858, 2536475.339189223945141, 0.0 ], [ 260296.51315390644595, 2536578.303942949045449, 0.0 ], [ 260313.815143099229317, 2536607.942560843192041, 0.0 ], [ 260301.7585544558533, 2536643.587379593867809, 0.0 ], [ 260318.881398067809641, 2536655.502252407371998, 0.0 ], [ 260317.191546649381053, 2536684.777988232672215, 0.0 ], [ 260321.252136675117072, 2536720.720589397475123, 0.0 ], [ 260325.780438373651123, 2536747.349295970052481, 0.0 ], [ 260329.641792135924334, 2536751.387197872623801, 0.0 ], [ 260332.115537243604194, 2536764.975198331288993, 0.0 ], [ 260338.576109283574624, 2536784.039393570274115, 0.0 ], [ 260328.248499268374871, 2536812.233716333750635, 0.0 ], [ 260334.465911208564648, 2536841.826939332764596, 0.0 ], [ 260362.105240124277771, 2536850.361744046676904, 0.0 ], [ 260347.853302786272252, 2536935.121941989753395, 0.0 ], [ 260347.16483522564522, 2536962.830688775982708, 0.0 ], [ 260344.324349307396915, 2537003.64700690889731, 0.0 ], [ 260355.595139219978591, 2537015.433316350448877, 0.0 ], [ 260355.332625676819589, 2537024.743951285723597, 0.0 ], [ 260344.481342687970027, 2537032.893395888619125, 0.0 ], [ 260342.172944830759661, 2537055.531499650329351, 0.0 ], [ 260340.629801781498827, 2537087.574696430936456, 0.0 ], [ 260339.931627817539265, 2537127.581433568615466, 0.0 ], [ 260326.870354168640915, 2537242.014854414854199, 0.0 ], [ 260300.799966765189311, 2537319.207702672109008, 0.0 ], [ 260346.301321823906619, 2537418.528829062357545, 0.0 ], [ 260367.270281611476094, 2537556.241418920923024, 0.0 ], [ 260466.669565394578967, 2537702.235491252038628, 0.0 ], [ 260566.355040033522528, 2537704.861731636337936, 0.0 ], [ 260572.758866645541275, 2537739.770012061111629, 0.0 ], [ 260735.887191975518363, 2537743.937896176707, 0.0 ], [ 260815.905874921707436, 2537748.872189316432923, 0.0 ], [ 260836.694312863546656, 2537739.679042350500822, 0.0 ], [ 260878.050256076618098, 2537720.29922921070829, 0.0 ], [ 260938.706920417374931, 2537630.261218409053981, 0.0 ], [ 261112.241286392090842, 2537702.404541871044785, 0.0 ], [ 261123.07620546995895, 2537725.609669183846563, 0.0 ], [ 261294.104343679588055, 2537697.307530011050403, 0.0 ], [ 261360.911866596463369, 2537775.243330921977758, 0.0 ], [ 261405.252917595498729, 2537801.795823103748262, 0.0 ], [ 261584.428025363362394, 2537840.950103991664946, 0.0 ], [ 261604.762672152835876, 2537874.419520917348564, 0.0 ], [ 261667.806953936582431, 2537863.783705494832247, 0.0 ], [ 261716.451757537899539, 2537883.510766753461212, 0.0 ], [ 261733.528455875813961, 2537957.581076642498374, 0.0 ], [ 261774.460651727044024, 2537956.823231969494373, 0.0 ], [ 261815.905796657811152, 2537956.057392031420022, 0.0 ], [ 261858.171664257883094, 2537955.278697920031846, 0.0 ], [ 261888.608027961308835, 2537952.69278928078711, 0.0 ], [ 261933.671845554665197, 2537953.642745395191014, 0.0 ], [ 261966.520289524196414, 2537954.342597715556622, 0.0 ], [ 261964.505085656390293, 2537937.201958272140473, 0.0 ], [ 261966.688622768037021, 2537932.514287360943854, 0.0 ], [ 261971.040575594757684, 2537928.678691034670919, 0.0 ], [ 261986.350572397786891, 2537923.451348172035068, 0.0 ], [ 262008.626359545538435, 2537936.948337820824236, 0.0 ], [ 262045.011889333429281, 2537940.694632093422115, 0.0 ], [ 262050.664902195800096, 2537941.270120545756072, 0.0 ], [ 262089.560412073711632, 2537935.005790653638542, 0.0 ], [ 262088.255929303326411, 2537910.87415955401957, 0.0 ], [ 262085.597907677089097, 2537898.507636369206011, 0.0 ], [ 262092.554396223073127, 2537871.143484403379261, 0.0 ], [ 262105.893231352645671, 2537832.04565102327615, 0.0 ], [ 262164.113407888682559, 2537853.838768870569766, 0.0 ], [ 262177.13243423262611, 2537879.004229496698827, 0.0 ], [ 262161.401060331903864, 2537942.070374309550971, 0.0 ], [ 262133.615573931863764, 2537976.078243779484183, 0.0 ], [ 262118.895400255452842, 2538005.669928433839232, 0.0 ], [ 262112.675136829901021, 2538040.666964014992118, 0.0 ], [ 262117.168576947064139, 2538084.801251440308988, 0.0 ], [ 262118.632191186072305, 2538099.513220634777099, 0.0 ], [ 262154.236109090677928, 2538242.313520594965667, 0.0 ], [ 262163.498851848358754, 2538244.050755895674229, 0.0 ], [ 262169.497868444537744, 2538266.557235442101955, 0.0 ], [ 262183.003559609525837, 2538355.086873518768698, 0.0 ], [ 262128.464972671295982, 2538377.884144021663815, 0.0 ], [ 262098.997083578782622, 2538389.760731513146311, 0.0 ], [ 262063.57562649200554, 2538401.509810016024858, 0.0 ], [ 261963.521060534665594, 2538440.093974986113608, 0.0 ], [ 261967.05758696218254, 2538456.10268347337842, 0.0 ], [ 261976.389945118338801, 2538494.731822074856609, 0.0 ], [ 262004.205317122949054, 2538514.67783927731216, 0.0 ], [ 262009.020075331878616, 2538533.657696992624551, 0.0 ], [ 261997.677266606886405, 2538543.143235607072711, 0.0 ], [ 261954.140261877910234, 2538560.781904311385006, 0.0 ], [ 261929.983954871160677, 2538564.598063033539802, 0.0 ], [ 261900.016948806674918, 2538570.832679413724691, 0.0 ], [ 261891.131445796636399, 2538566.984646309167147, 0.0 ], [ 261844.182265852665296, 2538576.479094744194299, 0.0 ], [ 261844.946601411997108, 2538585.884188244584948, 0.0 ], [ 261817.645166777918348, 2538591.966053283773363, 0.0 ], [ 261760.79419326435891, 2538604.719437056686729, 0.0 ], [ 261765.932509118283633, 2538637.65371744055301, 0.0 ], [ 261777.706870198395336, 2538694.413789507932961, 0.0 ], [ 261775.543009204120608, 2538732.781469116918743, 0.0 ], [ 261763.634269825182855, 2538732.415821837261319, 0.0 ], [ 261735.881917908031028, 2538820.268314052838832, 0.0 ], [ 261714.654892950813519, 2538918.431988129392266, 0.0 ], [ 261709.540083392173983, 2538951.860814797692001, 0.0 ], [ 261667.921619808999822, 2538935.014289640355855, 0.0 ], [ 261609.982777353812708, 2538872.448053807485849, 0.0 ], [ 261537.803923458472127, 2538895.637697773519903, 0.0 ], [ 261504.13317510674824, 2538959.542926590889692, 0.0 ], [ 261478.110117335279938, 2539039.834977156482637, 0.0 ], [ 261439.090399475680897, 2539031.58960346924141, 0.0 ], [ 261425.877173332351958, 2539026.591696093790233, 0.0 ], [ 261432.264749612833839, 2539060.61406341008842, 0.0 ], [ 261432.994340962759452, 2539080.766411749180406, 0.0 ], [ 261444.769773722684477, 2539124.563824432902038, 0.0 ], [ 261450.475983076292323, 2539147.96108091250062, 0.0 ], [ 261467.887343443173449, 2539210.725245916750282, 0.0 ], [ 261412.001592646032805, 2539219.476476097945124, 0.0 ], [ 261357.745732058538124, 2539221.000698431860656, 0.0 ], [ 261346.719896211783634, 2539263.386666205246001, 0.0 ], [ 261286.446132684126496, 2539273.64819466508925, 0.0 ], [ 261265.88899109562044, 2539258.463284115307033, 0.0 ], [ 261236.086819121032022, 2539275.000332597643137, 0.0 ], [ 261209.49904592562234, 2539254.814708389807492, 0.0 ], [ 261172.200317188253393, 2539264.490907947998494, 0.0 ], [ 261187.159597465361003, 2539327.847700365819037, 0.0 ], [ 261189.856784664909355, 2539375.001860049087554, 0.0 ], [ 261115.791162828943925, 2539389.028119868598878, 0.0 ], [ 261130.434097741905134, 2539451.835940442513674, 0.0 ], [ 261136.554253106063697, 2539494.836560615804046, 0.0 ], [ 261150.866097058256855, 2539510.89585740165785, 0.0 ], [ 261057.904660957894521, 2539542.616346039343625, 0.0 ], [ 261015.605199656623881, 2539515.146562999114394, 0.0 ], [ 261006.472922382003162, 2539540.995001626200974, 0.0 ], [ 260975.772226104134461, 2539584.912316714879125, 0.0 ], [ 260967.218731866945745, 2539589.036550298798829, 0.0 ], [ 260958.697416940762196, 2539608.117078651208431, 0.0 ], [ 260972.064446680276887, 2539758.580835166852921, 0.0 ], [ 260944.579486227361485, 2539804.663063599728048, 0.0 ], [ 260928.182620552484877, 2539825.308938534930348, 0.0 ], [ 260907.003857741190586, 2539842.042276448570192, 0.0 ], [ 260902.18088525114581, 2539842.008061446715146, 0.0 ], [ 260862.461617554625263, 2539821.920800449326634, 0.0 ], [ 260859.455160250741756, 2539819.974301465786994, 0.0 ], [ 260851.421118913654936, 2539811.570961704012007, 0.0 ], [ 260842.382384243072011, 2539804.513075867667794, 0.0 ], [ 260834.015959528362146, 2539794.563945027533919, 0.0 ], [ 260822.847548159275902, 2539769.702502262312919, 0.0 ], [ 260808.658141974650789, 2539767.822835639119148, 0.0 ], [ 260800.125078274519183, 2539740.925304336007684, 0.0 ], [ 260788.1289022557321, 2539715.633861637674272, 0.0 ], [ 260755.804037968307966, 2539670.168970252387226, 0.0 ], [ 260694.374016059940914, 2539652.7536167120561, 0.0 ], [ 260660.772606392507441, 2539643.205568342003971, 0.0 ], [ 260553.365047044557286, 2539625.192016931716353, 0.0 ], [ 260535.061650522664422, 2539622.713250908534974, 0.0 ], [ 260518.082276100147283, 2539684.140124063473195, 0.0 ], [ 260509.164091993763577, 2539723.391332818660885, 0.0 ], [ 260498.24680780863855, 2539772.423997864127159, 0.0 ], [ 260480.447358794015599, 2539859.678423792589456, 0.0 ], [ 260460.33071044596727, 2539897.99990182928741, 0.0 ], [ 260447.37919956780388, 2539928.784397862385958, 0.0 ], [ 260427.011400513234548, 2539970.655267854221165, 0.0 ], [ 260406.444214243732858, 2540006.435814280994236, 0.0 ], [ 260375.922859441197943, 2540055.00505148107186, 0.0 ], [ 260283.966204534022836, 2540188.86481180600822, 0.0 ], [ 260264.255870652064914, 2540220.421900554560125, 0.0 ], [ 260229.029019885958405, 2540276.267931721638888, 0.0 ], [ 260215.510811783547979, 2540303.627204518765211, 0.0 ], [ 260204.192878786387155, 2540327.406113569624722, 0.0 ], [ 260182.040259107481688, 2540366.64688656385988, 0.0 ], [ 260164.417205839505186, 2540400.386747571174055, 0.0 ], [ 260154.128724825422978, 2540424.370897100307047, 0.0 ], [ 260145.221630026208004, 2540444.898501960095018, 0.0 ], [ 260092.916581504803617, 2540575.026068659964949, 0.0 ], [ 260062.437080446776235, 2540664.699346305336803, 0.0 ], [ 260029.522885434766067, 2540749.647491410840303, 0.0 ], [ 260019.172804387082579, 2540782.606924889143556, 0.0 ], [ 259983.828702281432925, 2540895.291985841467977, 0.0 ], [ 259968.329006227868376, 2541023.503982419613749, 0.0 ], [ 259856.480126941489289, 2541015.981595808640122, 0.0 ], [ 259782.188224147743313, 2541008.857700097840279, 0.0 ], [ 259740.259277041390305, 2541036.671045791357756, 0.0 ], [ 259739.901976028515492, 2541059.278368785046041, 0.0 ], [ 259726.498689470085083, 2541074.449289466720074, 0.0 ], [ 259650.246110274572857, 2541182.249015422537923, 0.0 ], [ 259601.56956517798244, 2541224.352015652693808, 0.0 ], [ 259500.285615737055195, 2541280.812487205024809, 0.0 ], [ 259464.745694745011861, 2541316.723286759573966, 0.0 ], [ 259433.064636228198651, 2541350.135067079216242, 0.0 ], [ 259427.539846383151598, 2541428.110541184432805, 0.0 ], [ 259411.11958363436861, 2541491.967983811162412, 0.0 ], [ 259399.030229211930418, 2541550.770548993255943, 0.0 ], [ 259390.290155181632144, 2541600.877759211696684, 0.0 ], [ 259374.244185271381866, 2541758.681454397272319, 0.0 ], [ 259365.840619968192186, 2541816.981987374834716, 0.0 ], [ 259502.723679200571496, 2541869.857292332686484, 0.0 ], [ 259592.541859962657327, 2541898.668201191350818, 0.0 ], [ 259688.076590291137109, 2541900.022574306931347, 0.0 ], [ 259820.616152479749871, 2541950.864895694889128, 0.0 ], [ 259870.844799962331308, 2541961.142354651354253, 0.0 ], [ 259983.521284999558702, 2541975.963200356345624, 0.0 ], [ 260114.312586200307123, 2541988.058590234722942, 0.0 ], [ 260109.842585582082393, 2541881.437082649208605, 0.0 ], [ 260183.744532731070649, 2541883.69349796557799, 0.0 ], [ 260233.350570169481216, 2541893.538916810881346, 0.0 ], [ 260270.591805699863471, 2541912.888030506670475, 0.0 ], [ 260320.251042619842337, 2541913.20476628979668, 0.0 ], [ 260350.045894070965005, 2541922.369041123893112, 0.0 ], [ 260378.284879790153354, 2541969.116599760949612, 0.0 ], [ 260525.139258910436183, 2542094.521270567085594, 0.0 ], [ 260669.30796310401638, 2542231.824573982972652, 0.0 ], [ 260742.989597081992542, 2542246.163335552904755, 0.0 ], [ 260765.429878635593923, 2542270.29139267699793, 0.0 ], [ 260876.315424521220848, 2542405.023523786105216, 0.0 ], [ 260898.804559466196224, 2542458.067555255256593, 0.0 ], [ 260993.81732496334007, 2542426.865418130531907, 0.0 ], [ 261083.37870311239385, 2542439.956277819350362, 0.0 ], [ 261094.927766591310501, 2542566.40742156188935, 0.0 ], [ 261181.07511158240959, 2542546.094008137006313, 0.0 ], [ 261393.001901546114823, 2542525.66871869051829, 0.0 ], [ 261517.349704358814051, 2542520.040519842412323, 0.0 ], [ 261588.474954869743669, 2542522.125913737341762, 0.0 ], [ 261692.48168074170826, 2542579.418491203803569, 0.0 ], [ 261758.388578665966634, 2542608.287945761345327, 0.0 ], [ 261753.101580249873223, 2542650.139869494829327, 0.0 ], [ 261715.294052875076886, 2542873.207073779311031, 0.0 ], [ 261729.860422206227668, 2542905.548828547820449, 0.0 ], [ 261765.038772612257162, 2543041.042805522214621, 0.0 ], [ 261795.268785104330163, 2543194.452554823365062, 0.0 ], [ 261818.435778842977015, 2543322.935455255676061, 0.0 ], [ 261884.401035715243779, 2543634.210303294938058, 0.0 ], [ 261928.987307728646556, 2543683.803263245150447, 0.0 ], [ 261936.004119041899685, 2543718.812870630063117, 0.0 ], [ 261964.454310859175166, 2543766.445621065795422, 0.0 ], [ 261955.325463210669113, 2543766.479381596669555, 0.0 ], [ 261946.293904685589951, 2543766.179234252311289, 0.0 ], [ 261937.258837126486469, 2543765.657565977890044, 0.0 ], [ 261928.319303544500144, 2543764.691226340830326, 0.0 ], [ 261919.273708239867119, 2543763.50498971529305, 0.0 ], [ 261910.429705803457182, 2543762.093983662780374, 0.0 ], [ 261901.476132238458376, 2543760.241554209031165, 0.0 ], [ 261892.724150610156357, 2543758.164354896172881, 0.0 ], [ 261883.966902754240436, 2543755.754870906006545, 0.0 ], [ 261875.308694362989627, 2543753.122240959666669, 0.0 ], [ 261866.747770573827438, 2543750.155701661948115, 0.0 ], [ 261858.386682728974847, 2543746.853628262411803, 0.0 ], [ 261850.022081459552282, 2543743.330032791476697, 0.0 ], [ 261841.754763542063301, 2543739.472527363803238, 0.0 ], [ 261833.689035249990411, 2543735.390250290278345, 0.0 ], [ 261825.824896441888995, 2543731.083201230503619, 0.0 ], [ 261818.058040120464284, 2543726.442241443321109, 0.0 ], [ 261810.388465905125486, 2543721.46737074572593, 0.0 ], [ 261802.922235510777682, 2543716.378490505740047, 0.0 ], [ 261795.65583890362177, 2543710.954073967877775, 0.0 ], [ 261788.591030993266031, 2543705.304884056095034, 0.0 ], [ 261781.727811749151442, 2543699.430920485407114, 0.0 ], [ 261775.066181162837893, 2543693.332182975485921, 0.0 ], [ 261755.167537700937828, 2543693.425934965722263, 0.0 ], [ 261735.362666553905001, 2543692.964271647389978, 0.0 ], [ 261715.545502056978876, 2543691.72729140566662, 0.0 ], [ 261695.820349234418245, 2543689.824131682515144, 0.0 ], [ 261676.084653242985951, 2543687.256417642813176, 0.0 ], [ 261656.541760161053389, 2543683.910134035162628, 0.0 ], [ 261637.0926272275683, 2543680.008432493545115, 0.0 ], [ 261617.735496113455156, 2543675.440549157559872, 0.0 ], [ 261593.102504556474742, 2543668.075783820357174, 0.0 ], [ 261568.561497555783717, 2543660.044850206002593, 0.0 ], [ 261544.315820620569866, 2543651.233730993233621, 0.0 ], [ 261520.469780573126627, 2543641.751561071258038, 0.0 ], [ 261496.814755308732856, 2543631.380065467208624, 0.0 ], [ 261473.559361880470533, 2543620.337515571154654, 0.0 ], [ 261450.601045428134967, 2543608.625536596402526, 0.0 ], [ 261428.040599339816254, 2543596.131736199837178, 0.0 ], [ 261405.878021508309757, 2543582.856112401932478, 0.0 ], [ 261311.565901373978704, 2543567.291279073338956, 0.0 ], [ 261264.447491809958592, 2543552.196244342718273, 0.0 ], [ 261074.85937992358231, 2543479.204955264460295, 0.0 ], [ 260891.594519393023802, 2543611.079957169480622, 0.0 ], [ 260834.456099234346766, 2543617.417619822081178, 0.0 ], [ 260776.124013671942521, 2543697.007886959239841, 0.0 ], [ 260592.829395545617444, 2543768.72753990162164, 0.0 ], [ 260554.440811997832498, 2543780.085768341086805, 0.0 ], [ 260567.306508217647206, 2543860.094253690447658, 0.0 ], [ 260334.331221931934124, 2543884.524977964349091, 0.0 ], [ 259672.125351892056642, 2544316.774531349539757, 0.0 ], [ 259471.090619377617259, 2544548.334742707200348, 0.0 ], [ 259431.912331466359319, 2544593.500637331046164, 0.0 ], [ 259119.826461457938422, 2544961.126171635929495, 0.0 ], [ 258906.755198060855037, 2545214.936791797634214, 0.0 ] ] ] } },
{ "type": "Feature", "properties": { "Name": "47 VATVA", "ward_id": "47", "ward_name": "VATVA" }, "geometry": { "type": "Polygon", "coordinates": [ [ [ 255971.852053884183988, 2543426.859190548304468, 0.0 ], [ 255958.479616464785067, 2543456.215457019396126, 0.0 ], [ 255926.735566696093883, 2543440.776174774393439, 0.0 ], [ 255759.32021111715585, 2543358.846895553637296, 0.0 ], [ 255481.700285226514097, 2543256.441018170211464, 0.0 ], [ 255339.034161876392318, 2543220.537039377260953, 0.0 ], [ 255088.448294649511809, 2543165.894357694778591, 0.0 ], [ 255072.350967282312922, 2543147.542783095035702, 0.0 ], [ 255063.764259627874708, 2542758.898897835053504, 0.0 ], [ 255040.49311603786191, 2542495.361498644575477, 0.0 ], [ 254951.787492515199119, 2542302.359070716425776, 0.0 ], [ 254791.38893159996951, 2542010.033124909270555, 0.0 ], [ 254744.799714325228706, 2541914.953745643608272, 0.0 ], [ 254741.218136463547125, 2541902.93533476581797, 0.0 ], [ 254741.00035968827433, 2541902.163310820702463, 0.0 ], [ 254710.803251161443768, 2541799.393440580926836, 0.0 ], [ 254683.189917518000584, 2541666.334088233299553, 0.0 ], [ 254642.183698677748907, 2541460.699953505769372, 0.0 ], [ 254598.81549987528706, 2541311.610490424092859, 0.0 ], [ 254537.909075311967172, 2541175.548690235707909, 0.0 ], [ 254652.31684766933904, 2541144.543804056942463, 0.0 ], [ 254758.792808337981114, 2541117.879331029951572, 0.0 ], [ 254855.664981431735214, 2541093.698787623085082, 0.0 ], [ 254934.27038585380069, 2541075.577705068979412, 0.0 ], [ 255038.512311929109273, 2541056.596607088577002, 0.0 ], [ 255095.073860869277269, 2541052.019898128230125, 0.0 ], [ 255118.703987841639901, 2540984.603928965050727, 0.0 ], [ 255195.690089601936052, 2540835.328449869528413, 0.0 ], [ 255199.085485529911239, 2540810.676570656709373, 0.0 ], [ 255164.419763485115254, 2540786.311320174019784, 0.0 ], [ 255165.636931212065974, 2540722.362357622012496, 0.0 ], [ 255162.146301477099769, 2540652.839384820312262, 0.0 ], [ 255162.250136096932692, 2540621.371698188595474, 0.0 ], [ 255187.95795713874395, 2540536.527257842477411, 0.0 ], [ 255078.75915779164643, 2540528.55336800776422, 0.0 ], [ 255059.920864647428971, 2540531.075772454496473, 0.0 ], [ 254993.932614856777946, 2540530.266018956899643, 0.0 ], [ 254930.493952101445757, 2540515.897945246659219, 0.0 ], [ 254902.177198857418261, 2540522.34190850192681, 0.0 ], [ 254890.536686492734589, 2540557.32135966559872, 0.0 ], [ 254852.655033869872568, 2540562.3700164812617, 0.0 ], [ 254852.002394278853899, 2540579.000044452957809, 0.0 ], [ 254853.534080185403582, 2540584.847290420439094, 0.0 ], [ 254762.757963523006765, 2540580.342785914894193, 0.0 ], [ 254772.547420541173778, 2540570.32246785517782, 0.0 ], [ 254778.767785805132007, 2540549.059095952659845, 0.0 ], [ 254778.7345163889986, 2540528.119183339178562, 0.0 ], [ 254782.260556671099039, 2540498.92238818667829, 0.0 ], [ 254769.844973670609761, 2540498.903029206208885, 0.0 ], [ 254753.543227397749433, 2540480.776430810801685, 0.0 ], [ 254743.546202478086343, 2540478.058587883133441, 0.0 ], [ 254745.296156053169398, 2540453.211759957950562, 0.0 ], [ 254787.243595878680935, 2540452.085295076947659, 0.0 ], [ 254781.926517981395591, 2540428.018361705821007, 0.0 ], [ 254775.255796937679406, 2540396.439346556551754, 0.0 ], [ 254767.017240431392565, 2540356.797758946195245, 0.0 ], [ 254758.447459493239876, 2540315.721219771541655, 0.0 ], [ 254751.860716182069154, 2540314.498956915922463, 0.0 ], [ 254751.745995485893218, 2540282.259176880121231, 0.0 ], [ 254752.655278779915534, 2540249.891922608483583, 0.0 ], [ 254753.244721754919738, 2540229.385055163409561, 0.0 ], [ 254756.330119281046791, 2540204.627285360824317, 0.0 ], [ 254759.044900460459758, 2540182.313066930044442, 0.0 ], [ 254762.128522541373968, 2540157.444534730166197, 0.0 ], [ 254760.419726937136147, 2540134.426794952247292, 0.0 ], [ 254755.979634527961025, 2540126.411002536304295, 0.0 ], [ 254762.454108820384135, 2540108.135006405413151, 0.0 ], [ 254779.721867459506029, 2540059.546727946493775, 0.0 ], [ 254802.776933504675981, 2539994.577239538542926, 0.0 ], [ 254804.592517894110642, 2539986.348774994723499, 0.0 ], [ 254678.74435616916162, 2539945.520426040515304, 0.0 ], [ 254612.363469183415873, 2539920.786501913331449, 0.0 ], [ 254685.20205430345959, 2539655.351225095335394, 0.0 ], [ 254702.557436924602371, 2539580.613635248504579, 0.0 ], [ 254719.57470116877812, 2539359.076964827720076, 0.0 ], [ 254739.445199777837843, 2539016.504868630319834, 0.0 ], [ 254769.655066725361394, 2538577.704798360355198, 0.0 ], [ 254774.713015460059978, 2538377.746904744300991, 0.0 ], [ 254780.419858916837256, 2538198.718911230564117, 0.0 ], [ 254782.794758506177459, 2537896.87276122905314, 0.0 ], [ 254509.205997023062082, 2537827.868753865826875, 0.0 ], [ 254529.08854576930753, 2537788.433991036377847, 0.0 ], [ 254568.161052629788173, 2537711.127001916524023, 0.0 ], [ 254614.306589854386402, 2537652.207917278632522, 0.0 ], [ 254649.875709580286639, 2537586.591821133159101, 0.0 ], [ 254675.717076281900518, 2537553.818891669623554, 0.0 ], [ 254728.254186181555269, 2537439.841597070917487, 0.0 ], [ 254767.103866287536221, 2537367.635586570482701, 0.0 ], [ 254817.754527061159024, 2537276.402550631202757, 0.0 ], [ 254818.565527603641385, 2537048.593698098324239, 0.0 ], [ 254901.835070215165615, 2537069.84214228251949, 0.0 ], [ 255038.403157102002297, 2537061.639782536774874, 0.0 ], [ 255136.63253012613859, 2537049.851029803510755, 0.0 ], [ 255139.09137024069787, 2537049.589507523458451, 0.0 ], [ 255141.548411577998195, 2537049.217219579499215, 0.0 ], [ 255143.901052617060486, 2537048.735832186415792, 0.0 ], [ 255146.25189498270629, 2537048.143679104745388, 0.0 ], [ 255148.600938729883637, 2537047.44076033635065, 0.0 ], [ 255150.949982660327805, 2537046.737841953989118, 0.0 ], [ 255153.297228042036295, 2537045.924157890956849, 0.0 ], [ 255155.541872049274389, 2537045.112140349112451, 0.0 ], [ 255157.78471756959334, 2537044.18935709958896, 0.0 ], [ 255160.025764655933017, 2537043.155808146111667, 0.0 ], [ 255162.162411746947328, 2537042.013159578666091, 0.0 ], [ 255164.299059140816098, 2537040.870511345099658, 0.0 ], [ 255166.433908205595799, 2537039.61709738522768, 0.0 ], [ 255168.464357358956477, 2537038.254583743400872, 0.0 ], [ 255170.494806864764541, 2537036.892070411238819, 0.0 ], [ 255172.42085649096407, 2537035.420457343105227, 0.0 ], [ 255174.345107914705295, 2537033.838078503031284, 0.0 ], [ 255176.269359737285413, 2537032.255699948873371, 0.0 ], [ 255177.988408597477246, 2537030.67665361892432, 0.0 ], [ 255179.808260983001674, 2537028.985175511334091, 0.0 ], [ 255181.421111865114653, 2537027.186263504903764, 0.0 ], [ 255183.033963139721891, 2537025.387351708021015, 0.0 ], [ 255184.645016323804157, 2537023.477674075402319, 0.0 ], [ 255189.569989501876989, 2537017.082380312029272, 0.0 ], [ 255194.390566804737318, 2537010.577988386154175, 0.0 ], [ 255198.90154453687137, 2537003.967829821165651, 0.0 ], [ 255203.201927673449973, 2536997.028706465382129, 0.0 ], [ 255207.194509211345576, 2536990.094581984449178, 0.0 ], [ 255210.978294216038194, 2536982.942258323542774, 0.0 ], [ 255214.556879060372012, 2536975.793267366476357, 0.0 ], [ 255217.926667078689206, 2536968.426076898351312, 0.0 ], [ 255220.986854200542439, 2536960.953118422068655, 0.0 ], [ 255223.737440071621677, 2536953.374391716904938, 0.0 ], [ 255226.281026550626848, 2536945.688230989966542, 0.0 ], [ 255228.516809219436254, 2536938.00706769619137, 0.0 ], [ 255258.409734481247142, 2536863.843047625385225, 0.0 ], [ 255299.224061074230121, 2536861.85111434943974, 0.0 ], [ 255305.530600209836848, 2536820.422190231271088, 0.0 ], [ 255344.469428676005919, 2536816.688105321489275, 0.0 ], [ 255364.099622909823665, 2536729.838672306854278, 0.0 ], [ 255399.157908750348724, 2536720.960342063102871, 0.0 ], [ 255564.90736118418863, 2536727.357913243584335, 0.0 ], [ 255570.871728885744233, 2536709.090871217194945, 0.0 ], [ 255604.772210979164811, 2536711.089700507000089, 0.0 ], [ 255677.086505060637137, 2536702.273054799996316, 0.0 ], [ 255764.696658339962596, 2536681.021602709777653, 0.0 ], [ 255762.461201710160822, 2536644.38474780227989, 0.0 ], [ 255796.359962764836382, 2536646.273252456448972, 0.0 ], [ 255879.364320701512042, 2536651.133845643606037, 0.0 ], [ 255940.806601451331517, 2536668.088063329923898, 0.0 ], [ 256024.589828042313457, 2536702.075795219279826, 0.0 ], [ 256115.876503001229139, 2536743.144238158594817, 0.0 ], [ 256167.506552921113325, 2536775.326052797492594, 0.0 ], [ 256174.06160457371152, 2536850.671074767131358, 0.0 ], [ 256231.791058297909331, 2536866.578450141940266, 0.0 ], [ 256300.938499624142423, 2536896.815553911961615, 0.0 ], [ 256314.605746387183899, 2536961.409364841878414, 0.0 ], [ 256437.120115049619926, 2536985.355708228424191, 0.0 ], [ 256475.463710262469249, 2536989.278936706483364, 0.0 ], [ 256551.041018274670932, 2537023.73420100659132, 0.0 ], [ 256615.836074188991915, 2537006.955378472805023, 0.0 ], [ 256633.124185867432971, 2537016.204620182514191, 0.0 ], [ 256618.319817967800191, 2537059.099319132510573, 0.0 ], [ 256585.288687928288709, 2537136.302103019319475, 0.0 ], [ 256552.247205135092372, 2537212.840404521208256, 0.0 ], [ 256511.923452163406182, 2537270.550618015229702, 0.0 ], [ 256457.885750673565781, 2537349.644222656730562, 0.0 ], [ 256418.96812852207222, 2537411.763828597031534, 0.0 ], [ 256441.020255658659153, 2537480.87557115778327, 0.0 ], [ 256446.229512111342046, 2537517.464328460395336, 0.0 ], [ 256452.253592365712393, 2537579.079439979977906, 0.0 ], [ 256469.823361848306376, 2537631.201293709222227, 0.0 ], [ 256454.25675664661685, 2537677.654033970553428, 0.0 ], [ 256440.24473721292452, 2537731.394111027009785, 0.0 ], [ 256399.277376142039429, 2537844.401663818862289, 0.0 ], [ 256388.755099708592752, 2537885.454870443791151, 0.0 ], [ 256432.851961501903133, 2537896.264809430576861, 0.0 ], [ 256548.301680003613001, 2537915.339677945245057, 0.0 ], [ 256556.407734207896283, 2537959.748053016606718, 0.0 ], [ 256579.395977945707273, 2537978.876546723302454, 0.0 ], [ 256599.336847729340661, 2537980.881172122433782, 0.0 ], [ 256630.95020787982503, 2537981.257009277120233, 0.0 ], [ 256779.951051460346207, 2537980.956810256000608, 0.0 ], [ 256794.621731439518044, 2538063.372480302117765, 0.0 ], [ 256805.624638210283592, 2538077.48736706469208, 0.0 ], [ 256908.776822910760529, 2538085.019076882861555, 0.0 ], [ 256971.310803818400018, 2538093.760402471292764, 0.0 ], [ 256999.005643665790558, 2538092.981440166942775, 0.0 ], [ 256795.62184757005889, 2538443.269497306551784, 0.0 ], [ 256687.954751396551728, 2538645.32369475113228, 0.0 ], [ 256592.276216851983918, 2538782.592190522700548, 0.0 ], [ 256464.102084336045664, 2538947.19904310721904, 0.0 ], [ 256323.46540340888896, 2539140.483129921369255, 0.0 ], [ 256080.59390761188115, 2539445.554285713937134, 0.0 ], [ 256020.607924059557263, 2539650.831726241391152, 0.0 ], [ 255922.821967648720602, 2539891.511896166950464, 0.0 ], [ 255862.851576515153283, 2540091.139691968914121, 0.0 ], [ 255873.365061439486453, 2540094.071497534867376, 0.0 ], [ 256031.737030524673173, 2540040.09577088104561, 0.0 ], [ 256101.583148302743211, 2540012.927469654474407, 0.0 ], [ 256169.341305696725613, 2539996.208047871477902, 0.0 ], [ 256287.170039963471936, 2540004.71526324050501, 0.0 ], [ 256384.78474035000545, 2539987.846027657389641, 0.0 ], [ 256505.351000080030644, 2539943.572412343230098, 0.0 ], [ 256522.23388425441226, 2539940.640355780720711, 0.0 ], [ 256609.387284236232517, 2539949.424537741113454, 0.0 ], [ 256736.990187413728563, 2539972.291368606965989, 0.0 ], [ 256914.763363642035984, 2539994.903218532446772, 0.0 ], [ 257004.876813567912905, 2539983.698879997711629, 0.0 ], [ 257226.682586562063079, 2539994.524439506232738, 0.0 ], [ 257410.680941473401617, 2539951.451661359984428, 0.0 ], [ 257249.016752861673012, 2540234.255097942892462, 0.0 ], [ 257144.228431116207503, 2540512.376399918925017, 0.0 ], [ 257007.325052587024402, 2540834.670296403579414, 0.0 ], [ 256951.59837698173942, 2540960.87845856603235, 0.0 ], [ 256828.801684892183403, 2541260.345124755986035, 0.0 ], [ 256680.789536439755466, 2541649.743253615684807, 0.0 ], [ 256525.724139286699938, 2542027.51372479274869, 0.0 ], [ 256398.85942883201642, 2542346.995065765921026, 0.0 ], [ 256359.419222017517313, 2542451.891976837534457, 0.0 ], [ 256127.090899323840858, 2543036.44586461270228, 0.0 ], [ 255971.852053884183988, 2543426.859190548304468, 0.0 ] ] ] } },
{ "type": "Feature", "properties": { "Name": "46 LAMBHA", "ward_id": "46", "ward_name": "LAMBHA" }, "geometry": { "type": "Polygon", "coordinates": [ [ [ 252743.526199425628874, 2542546.627466938458383, 0.0 ], [ 252727.000389605032979, 2542546.12354605877772, 0.0 ], [ 252725.667036551836645, 2542546.145465596113354, 0.0 ], [ 252182.273288962605875, 2542530.158747026696801, 0.0 ], [ 251716.062672698084498, 2542590.919608122203499, 0.0 ], [ 250995.904921060224297, 2542662.323638625908643, 0.0 ], [ 250579.292392235365696, 2542737.922321840189397, 0.0 ], [ 250201.415892780292779, 2542797.70995545713231, 0.0 ], [ 250040.407997269037878, 2542820.107413581106812, 0.0 ], [ 249873.50442895811284, 2542839.613085800316185, 0.0 ], [ 249712.814671624015318, 2542868.767678999342024, 0.0 ], [ 249381.087907216628082, 2542909.415724357590079, 0.0 ], [ 249030.706370835076086, 2542951.047365874517709, 0.0 ], [ 248831.282978975708829, 2542976.758460760116577, 0.0 ], [ 248706.644290676136734, 2543020.501869003288448, 0.0 ], [ 248552.635897907108301, 2543093.213389619253576, 0.0 ], [ 248428.868526571750408, 2543182.816544821951538, 0.0 ], [ 248361.789875590940937, 2543257.4003194430843, 0.0 ], [ 248168.853647596115479, 2543510.931373849045485, 0.0 ], [ 248091.489012039382942, 2543644.967955748550594, 0.0 ], [ 247840.60763449370279, 2543531.945091619621962, 0.0 ], [ 247427.499750993505586, 2543258.659938074182719, 0.0 ], [ 246655.897381517628673, 2542972.582914609462023, 0.0 ], [ 245930.446876407862874, 2542717.23074490018189, 0.0 ], [ 245591.737065068649827, 2542369.492187797091901, 0.0 ], [ 245206.409335407835897, 2541790.303976031485945, 0.0 ], [ 244914.344016540329903, 2541163.779708014801145, 0.0 ], [ 244857.489125123742269, 2541005.850285741966218, 0.0 ], [ 244897.774084257602226, 2540718.849813987035304, 0.0 ], [ 245022.40043715754291, 2540443.385193217080086, 0.0 ], [ 245272.316524479509098, 2540240.151433604769409, 0.0 ], [ 245571.558720488770632, 2540119.634876004885882, 0.0 ], [ 246036.47688069936703, 2540057.382241259329021, 0.0 ], [ 246508.343718225718476, 2540132.865842035971582, 0.0 ], [ 247135.428611498762621, 2540206.531830582302064, 0.0 ], [ 247481.224622251902474, 2540083.389528227038682, 0.0 ], [ 247723.443683917663293, 2539847.421755204442888, 0.0 ], [ 247958.278708238212857, 2539378.234664763789624, 0.0 ], [ 248013.435033697343897, 2538730.897296851035208, 0.0 ], [ 247928.26890153621207, 2538492.326347891241312, 0.0 ], [ 247614.758368547831196, 2538137.469305147882551, 0.0 ], [ 247167.605955962091684, 2537690.676849863026291, 0.0 ], [ 246803.699018986109877, 2537343.769738492555916, 0.0 ], [ 247033.835722523246659, 2537253.924283002037555, 0.0 ], [ 247062.114819159527542, 2537208.242703589610755, 0.0 ], [ 247111.501687489449978, 2537099.271771131083369, 0.0 ], [ 247187.398643388733035, 2536998.166715681087226, 0.0 ], [ 247339.52796010239399, 2536858.666150882840157, 0.0 ], [ 247499.631483469391242, 2536741.637408147100359, 0.0 ], [ 247569.902286635304336, 2536696.583654739428312, 0.0 ], [ 247666.828163082594983, 2536747.813715536147356, 0.0 ], [ 247730.773284089169465, 2536668.185844390653074, 0.0 ], [ 247904.346515620389255, 2536797.912134303245693, 0.0 ], [ 247975.459621087356936, 2536852.34556263871491, 0.0 ], [ 247989.390435722074471, 2536862.971236507408321, 0.0 ], [ 248190.84991610297584, 2536935.836690278723836, 0.0 ], [ 248485.762739486817736, 2537018.336342926137149, 0.0 ], [ 248610.385745927604148, 2536952.104593446012586, 0.0 ], [ 248822.087990484054899, 2536820.713068183977157, 0.0 ], [ 248923.616157187265344, 2536754.204150524456054, 0.0 ], [ 249079.388550241012126, 2536653.774941553827375, 0.0 ], [ 249215.392175596440211, 2536592.677875791210681, 0.0 ], [ 249377.705602875299519, 2536539.78730640001595, 0.0 ], [ 249455.719089894671924, 2536509.461549223400652, 0.0 ], [ 249681.072062527033268, 2536210.32797079347074, 0.0 ], [ 249759.601533860637574, 2536118.169394043274224, 0.0 ], [ 250079.752175214292947, 2536249.366222421638668, 0.0 ], [ 250183.583951235836139, 2536309.028866804204881, 0.0 ], [ 250455.624551693326794, 2536182.425147769041359, 0.0 ], [ 250455.63539383499301, 2536090.018699292093515, 0.0 ], [ 250503.327600725548109, 2536056.876527201384306, 0.0 ], [ 250567.444881554169115, 2536067.339242651127279, 0.0 ], [ 250614.885952013661154, 2536074.864749860949814, 0.0 ], [ 250661.011173341044923, 2536095.929594170302153, 0.0 ], [ 250759.010256480629323, 2536082.232960680034012, 0.0 ], [ 250794.474540675437311, 2536110.343859208282083, 0.0 ], [ 250819.677364775416208, 2536151.033781180158257, 0.0 ], [ 250863.374596327717882, 2536155.630312480032444, 0.0 ], [ 250943.91070334095275, 2536159.729456162080169, 0.0 ], [ 250979.321663414331852, 2536290.330206325743347, 0.0 ], [ 251017.961791051435284, 2536386.530159179586917, 0.0 ], [ 251044.438356137630763, 2536442.267915859818459, 0.0 ], [ 251076.142942786100321, 2536478.972878665663302, 0.0 ], [ 251109.005161333130673, 2536473.887787611223757, 0.0 ], [ 251124.551979644718813, 2536476.84438266698271, 0.0 ], [ 251135.903493442019681, 2536555.213125932961702, 0.0 ], [ 251161.4095191063534, 2536670.3549715410918, 0.0 ], [ 251171.107338240894023, 2536723.156582803931087, 0.0 ], [ 251179.165304299502168, 2536819.639822525903583, 0.0 ], [ 251195.099214924703119, 2536846.079322122037411, 0.0 ], [ 251438.634747069881996, 2537038.286625554319471, 0.0 ], [ 251484.762344554183073, 2537041.071821263991296, 0.0 ], [ 251508.111902918841224, 2537013.098248004447669, 0.0 ], [ 251526.61349541367963, 2537014.787714459467679, 0.0 ], [ 251677.382247124187415, 2537071.026896169409156, 0.0 ], [ 251770.067340194626013, 2537102.740094063337892, 0.0 ], [ 251831.708845558256144, 2537137.734704116825014, 0.0 ], [ 251867.357426434929948, 2537164.847453438676894, 0.0 ], [ 251950.131634389748797, 2537211.793273268733174, 0.0 ], [ 252000.583004343992798, 2537227.915372951887548, 0.0 ], [ 252061.693355133204022, 2537249.402223634067923, 0.0 ], [ 252114.776267855399055, 2537275.785589386243373, 0.0 ], [ 252165.99085644131992, 2537313.390400676056743, 0.0 ], [ 252352.168122932052938, 2537445.060816930606961, 0.0 ], [ 252447.1882113427273, 2537481.725305509753525, 0.0 ], [ 252525.959215615555877, 2537691.390286039095372, 0.0 ], [ 252572.78376249136636, 2537711.783910991623998, 0.0 ], [ 252597.850015239877393, 2537732.091587227769196, 0.0 ], [ 252653.742355995462276, 2537773.498903719242662, 0.0 ], [ 252606.007602619560203, 2537853.945629708468914, 0.0 ], [ 252652.785881834483007, 2537859.050162782426924, 0.0 ], [ 252670.60979101396515, 2537863.300364902708679, 0.0 ], [ 252701.27408653695602, 2537887.061829422134906, 0.0 ], [ 252720.644332021387527, 2537904.250000472646207, 0.0 ], [ 252796.97238424999523, 2537934.021161165088415, 0.0 ], [ 252798.076777006557677, 2537976.327602982055396, 0.0 ], [ 252798.80061138633755, 2538001.688305636867881, 0.0 ], [ 252816.388220947497757, 2538004.058980115223676, 0.0 ], [ 252820.015432118147146, 2538006.215436716098338, 0.0 ], [ 252882.964308989263372, 2538014.93332852050662, 0.0 ], [ 252894.209959344792878, 2538012.311406159773469, 0.0 ], [ 252974.162490484886803, 2538019.088936356361955, 0.0 ], [ 252978.664906822057674, 2538024.554997249972075, 0.0 ], [ 252978.569452672207262, 2538062.559978900942951, 0.0 ], [ 253032.343334523466183, 2538068.769713091198355, 0.0 ], [ 253113.76904281534371, 2538071.53510935138911, 0.0 ], [ 253105.225818206497934, 2538038.657546109054238, 0.0 ], [ 253107.186478721472668, 2538001.730016305111349, 0.0 ], [ 253105.543122443079483, 2538001.646139919292182, 0.0 ], [ 253096.282230728102149, 2538000.13589503755793, 0.0 ], [ 253078.674733945867047, 2537996.546457401011139, 0.0 ], [ 253051.152736462012399, 2537976.610722949262708, 0.0 ], [ 253039.596779254672583, 2537947.77123791212216, 0.0 ], [ 253029.095700153207872, 2537933.207295750733465, 0.0 ], [ 253030.447898766200524, 2537896.732900680508465, 0.0 ], [ 253033.140078211028595, 2537879.40444461023435, 0.0 ], [ 253029.750739340495784, 2537879.238386775366962, 0.0 ], [ 253035.602730706974398, 2537841.803888444788754, 0.0 ], [ 253041.35711879315204, 2537760.827756412792951, 0.0 ], [ 253032.305483908450697, 2537696.935367974918336, 0.0 ], [ 253020.683155500941211, 2537657.792842381633818, 0.0 ], [ 253016.560054529836634, 2537569.001168944407254, 0.0 ], [ 253006.055568570882315, 2537504.135417849291116, 0.0 ], [ 253002.931470540788723, 2537482.581182613968849, 0.0 ], [ 252985.167914840305457, 2537394.345403061714023, 0.0 ], [ 252971.20942267094506, 2537319.121334069408476, 0.0 ], [ 252964.600563178333687, 2537285.325730246957392, 0.0 ], [ 252956.740499142964836, 2537250.331862297840416, 0.0 ], [ 252943.109591296408325, 2537176.321202919818461, 0.0 ], [ 252935.073386249016039, 2537130.582912568934262, 0.0 ], [ 252933.777748590422561, 2537013.93486555153504, 0.0 ], [ 252933.303181166615104, 2536978.709187753964216, 0.0 ], [ 253019.090519127348671, 2536977.968535462860018, 0.0 ], [ 253016.930958070995985, 2536940.111350961960852, 0.0 ], [ 253045.719040720607154, 2536936.980709266848862, 0.0 ], [ 253077.315519809053512, 2536936.1308687729761, 0.0 ], [ 253126.168583513441263, 2536929.901895292103291, 0.0 ], [ 253165.799283275729977, 2536918.284208139404655, 0.0 ], [ 253224.110806387034245, 2536919.32411648100242, 0.0 ], [ 253276.748287195019657, 2536918.573544338345528, 0.0 ], [ 253265.71824024990201, 2536909.336302990559489, 0.0 ], [ 253270.944885416800389, 2536902.60297514917329, 0.0 ], [ 253285.978701569052646, 2536899.365477100946009, 0.0 ], [ 253304.677954481507186, 2536900.610691579990089, 0.0 ], [ 253299.533167313289596, 2536849.617576683405787, 0.0 ], [ 253329.102394198882394, 2536844.03719288809225, 0.0 ], [ 253341.796271402388811, 2536892.24769690586254, 0.0 ], [ 253406.451125294086523, 2536892.076589187141508, 0.0 ], [ 253417.17404496477684, 2536926.469782433472574, 0.0 ], [ 253463.253314168774523, 2536938.901105159893632, 0.0 ], [ 253473.175054246734362, 2536936.855343817267567, 0.0 ], [ 253525.928263315639924, 2536980.865547793917358, 0.0 ], [ 253557.265050161804538, 2536976.697052396833897, 0.0 ], [ 253586.037348620942794, 2536978.885934066958725, 0.0 ], [ 253624.520718517596833, 2536978.700259684119374, 0.0 ], [ 253696.27096295368392, 2536979.411583700682968, 0.0 ], [ 253713.432793995976681, 2536980.793199839536101, 0.0 ], [ 253740.871192194841569, 2536983.004160801880062, 0.0 ], [ 253746.602172124199569, 2537088.831907299812883, 0.0 ], [ 253768.333933706249809, 2537087.258228440303355, 0.0 ], [ 253774.120109628216596, 2537165.053587636444718, 0.0 ], [ 253783.034959672775585, 2537245.900153634604067, 0.0 ], [ 253786.337020024919184, 2537278.420364613644779, 0.0 ], [ 253776.967764983710367, 2537320.565213992260396, 0.0 ], [ 253795.625995589740342, 2537401.031065803021193, 0.0 ], [ 253803.808624251483707, 2537443.332452196162194, 0.0 ], [ 253767.527365623478545, 2537458.882532459683716, 0.0 ], [ 253777.11313069271273, 2537511.686654224060476, 0.0 ], [ 253783.078649293282069, 2537537.626377189531922, 0.0 ], [ 253814.156616746564396, 2537530.24942605337128, 0.0 ], [ 253822.585932096815668, 2537619.08127681678161, 0.0 ], [ 253770.173092465818627, 2537627.13910609902814, 0.0 ], [ 253786.667370549752377, 2537725.921703897416592, 0.0 ], [ 253781.134326049126685, 2537726.455269856378436, 0.0 ], [ 253792.734476242912933, 2537783.215162836480886, 0.0 ], [ 253795.634666306548752, 2537809.980531582608819, 0.0 ], [ 253808.543825167289469, 2537808.661708825267851, 0.0 ], [ 253831.040862298861612, 2537910.559376230929047, 0.0 ], [ 253845.287598960800096, 2537978.57729670451954, 0.0 ], [ 253850.920319421711611, 2538009.286711334716529, 0.0 ], [ 253851.550643608585233, 2538035.313580000307411, 0.0 ], [ 253895.903722412738716, 2538049.10358477756381, 0.0 ], [ 253946.570481715898495, 2538034.759150165133178, 0.0 ], [ 254006.98978975348291, 2538026.903491420671344, 0.0 ], [ 254047.117328464490129, 2538027.024157891981304, 0.0 ], [ 254073.90381518661161, 2538027.141025692224503, 0.0 ], [ 254197.252079594094539, 2538108.669103218708187, 0.0 ], [ 254208.535717173363082, 2538108.374275647103786, 0.0 ], [ 254349.235180234740255, 2538114.943921078927815, 0.0 ], [ 254381.21856341403327, 2538056.143916913308203, 0.0 ], [ 254414.721296533825807, 2537996.100498189218342, 0.0 ], [ 254502.509467052383116, 2537822.493426628876477, 0.0 ], [ 254776.098366598162102, 2537891.497323824558407, 0.0 ], [ 254773.723586604988668, 2538193.343485199380666, 0.0 ], [ 254768.016812351444969, 2538372.371487224940211, 0.0 ], [ 254762.958941446413519, 2538572.32938980916515, 0.0 ], [ 254732.749237594980514, 2539011.129487623460591, 0.0 ], [ 254712.878867834660923, 2539353.701603798661381, 0.0 ], [ 254695.861685239506187, 2539575.238288856111467, 0.0 ], [ 254678.506325471855234, 2539649.975888421759009, 0.0 ], [ 254605.667816987610422, 2539915.411204372532666, 0.0 ], [ 254672.048740692262072, 2539940.145102021284401, 0.0 ], [ 254797.896969606663333, 2539980.973400564398617, 0.0 ], [ 254796.081387772399466, 2539989.201866140123457, 0.0 ], [ 254773.026338376221247, 2540054.171366278082132, 0.0 ], [ 254755.758592177968239, 2540102.759653517976403, 0.0 ], [ 254749.28412257344462, 2540121.035652945749462, 0.0 ], [ 254753.724219981522765, 2540129.051443809177727, 0.0 ], [ 254755.43302547710482, 2540152.069183675572276, 0.0 ], [ 254752.349412090174155, 2540176.937718002591282, 0.0 ], [ 254749.63463873413275, 2540199.25193831929937, 0.0 ], [ 254746.549249855801463, 2540224.009710245300084, 0.0 ], [ 254745.959814841044135, 2540244.516578638460487, 0.0 ], [ 254745.050544117810205, 2540276.883834399748594, 0.0 ], [ 254745.165277749241795, 2540309.123615498188883, 0.0 ], [ 254751.75202420912683, 2540310.345875683240592, 0.0 ], [ 254760.321825033373898, 2540351.422412743326277, 0.0 ], [ 254768.560400716087315, 2540391.063998326193541, 0.0 ], [ 254775.231137080758344, 2540422.643011815380305, 0.0 ], [ 254780.548226750310278, 2540446.709943825844675, 0.0 ], [ 254738.600770415738225, 2540447.836426019668579, 0.0 ], [ 254736.850826063484419, 2540472.683255520649254, 0.0 ], [ 254746.847856112901354, 2540475.401094425469637, 0.0 ], [ 254763.149616223032353, 2540493.527686730958521, 0.0 ], [ 254775.5652042508882, 2540493.547040599398315, 0.0 ], [ 254772.039174215547973, 2540522.7438382091932, 0.0 ], [ 254772.0724520177464, 2540543.683751529548317, 0.0 ], [ 254765.852092738379724, 2540564.947126726154238, 0.0 ], [ 254756.062635768088512, 2540574.967449163086712, 0.0 ], [ 254846.838790933165001, 2540579.47191643808037, 0.0 ], [ 254845.307102069782559, 2540573.624670900870115, 0.0 ], [ 254845.959735275944695, 2540556.994642086792737, 0.0 ], [ 254883.841401195793878, 2540551.945969496387988, 0.0 ], [ 254895.481904281827156, 2540516.966512335464358, 0.0 ], [ 254923.798666398855858, 2540510.522537195123732, 0.0 ], [ 254987.237360544182593, 2540524.890585272572935, 0.0 ], [ 255053.225637336843647, 2540525.70031162025407, 0.0 ], [ 255072.053679290547734, 2540523.1780662140809, 0.0 ], [ 255181.252525983029045, 2540531.151911272667348, 0.0 ], [ 255155.544728530105203, 2540615.996365145314485, 0.0 ], [ 255155.440906472475035, 2540647.464052903931588, 0.0 ], [ 255158.931565466016764, 2540716.987026657909155, 0.0 ], [ 255157.714422860997729, 2540780.935991914011538, 0.0 ], [ 255192.380168683914235, 2540805.301228931639344, 0.0 ], [ 255188.984781256731367, 2540829.953110394068062, 0.0 ], [ 255111.998708164086565, 2540979.228626394178718, 0.0 ], [ 255088.368598643457517, 2541046.644607629161328, 0.0 ], [ 255031.817286099103512, 2541051.221173140686005, 0.0 ], [ 254927.575325463170884, 2541070.202314716298133, 0.0 ], [ 254848.969896501250332, 2541088.32343027414754, 0.0 ], [ 254752.097693900868762, 2541112.504014417994767, 0.0 ], [ 254645.621700833900832, 2541139.168532223906368, 0.0 ], [ 254531.213894604356028, 2541170.173466597683728, 0.0 ], [ 254592.120398210070562, 2541306.235246385913342, 0.0 ], [ 254635.488674171967432, 2541455.324696737807244, 0.0 ], [ 254676.494991835905239, 2541660.958821653854102, 0.0 ], [ 254704.108389867324149, 2541794.018167206086218, 0.0 ], [ 254734.305551715719048, 2541896.788028542883694, 0.0 ], [ 254734.523328887851676, 2541897.560052423737943, 0.0 ], [ 254738.104913005779963, 2541909.578462239354849, 0.0 ], [ 254736.913812773098471, 2541912.035396847873926, 0.0 ], [ 254579.775094360258663, 2542209.981057406868786, 0.0 ], [ 254553.620530905493069, 2542260.709360199049115, 0.0 ], [ 254415.272938017442357, 2542464.949471815954894, 0.0 ], [ 254412.365463289694162, 2542469.096416104584932, 0.0 ], [ 254399.835721146460855, 2542461.988415814936161, 0.0 ], [ 254343.937877886026399, 2542444.065767648629844, 0.0 ], [ 254291.091515035019256, 2542424.54231380764395, 0.0 ], [ 254246.966696689254604, 2542405.09813442081213, 0.0 ], [ 254241.283964021247812, 2542402.64265159657225, 0.0 ], [ 254227.178175486886175, 2542399.549212768673897, 0.0 ], [ 254151.982351343205664, 2542374.740751529112458, 0.0 ], [ 254027.006378952908562, 2542323.490505838766694, 0.0 ], [ 254001.506976481177844, 2542307.509535454679281, 0.0 ], [ 253908.778566139633767, 2542283.432105768937618, 0.0 ], [ 253912.155989712860901, 2542314.289213734678924, 0.0 ], [ 253912.479598757665372, 2542390.512250491883606, 0.0 ], [ 253912.352753972896608, 2542445.469638340175152, 0.0 ], [ 253903.566386753867846, 2542585.660820947028697, 0.0 ], [ 253865.809499042952666, 2542717.1299685142003, 0.0 ], [ 253854.974690386618022, 2542769.714308166876435, 0.0 ], [ 253557.806831768190023, 2542684.391687859315425, 0.0 ], [ 253255.12095681214123, 2542594.400794633198529, 0.0 ], [ 253017.336955825740006, 2542564.731722373981029, 0.0 ], [ 252743.526199425628874, 2542546.627466938458383, 0.0 ] ] ] } },
{ "type": "Feature", "properties": { "Name": "45 ISANPUR", "ward_id": "45", "ward_name": "ISANPUR" }, "geometry": { "type": "Polygon", "coordinates": [ [ [ 254373.329075614252361, 2544264.497425139416009, 0.0 ], [ 254356.149072434549453, 2544267.76971251051873, 0.0 ], [ 254343.979680509160971, 2544270.073749104049057, 0.0 ], [ 253892.036722373741213, 2544296.745970038231462, 0.0 ], [ 253579.706577784323599, 2544310.948876913636923, 0.0 ], [ 253562.792590036871843, 2544311.669388202950358, 0.0 ], [ 253560.078862328460673, 2544296.313025712035596, 0.0 ], [ 253559.054175657889573, 2544290.125164764933288, 0.0 ], [ 253561.115166601812234, 2544284.440697090234607, 0.0 ], [ 253611.349080402927939, 2544144.898666389286518, 0.0 ], [ 253621.332093560224166, 2544115.59529247879982, 0.0 ], [ 253603.015682988072513, 2544112.128417768049985, 0.0 ], [ 253567.930226443975698, 2544105.723351318389177, 0.0 ], [ 253460.907394883572124, 2544078.892562078777701, 0.0 ], [ 253396.833055107184919, 2544062.548392879310995, 0.0 ], [ 253368.088877430942375, 2544073.767364031635225, 0.0 ], [ 253250.915631301730173, 2544066.050967059563845, 0.0 ], [ 253169.58298469838337, 2544060.738433673512191, 0.0 ], [ 253142.043066577694844, 2543964.13178536714986, 0.0 ], [ 253085.845304222282721, 2543871.541371325496584, 0.0 ], [ 253053.305642187711783, 2543820.333261980675161, 0.0 ], [ 253015.612965648062527, 2543780.178852487821132, 0.0 ], [ 252873.162798281031428, 2543689.006332553457469, 0.0 ], [ 252799.793116635759361, 2543656.529944182839245, 0.0 ], [ 252715.262988189322641, 2543619.140728395897895, 0.0 ], [ 252461.876149373681983, 2543675.274954564869404, 0.0 ], [ 252469.113686923898058, 2543597.707765693776309, 0.0 ], [ 252498.813116033445112, 2543476.227100003510714, 0.0 ], [ 252505.450348911632318, 2543299.837822872679681, 0.0 ], [ 252489.077120034489781, 2543252.464079178404063, 0.0 ], [ 252519.249011686595622, 2543147.152359498199075, 0.0 ], [ 252643.283478211698821, 2542816.816841944586486, 0.0 ], [ 252722.0363088658778, 2542558.692083877045661, 0.0 ], [ 252724.859568254818441, 2542549.449439432471991, 0.0 ], [ 252741.385374768549809, 2542549.953357635997236, 0.0 ], [ 253015.196078009146731, 2542568.057568898424506, 0.0 ], [ 253252.98003519611666, 2542597.726603034418076, 0.0 ], [ 253555.665863244998036, 2542687.717448608484119, 0.0 ], [ 253852.833675292262342, 2542773.040022087283432, 0.0 ], [ 253863.668472803285113, 2542720.455679796636105, 0.0 ], [ 253901.425330455094809, 2542588.986523902975023, 0.0 ], [ 253910.211672089528292, 2542448.795337528921664, 0.0 ], [ 253910.338507523498265, 2542393.837948742788285, 0.0 ], [ 253910.014885616285028, 2542317.614910764154047, 0.0 ], [ 253906.637457502860343, 2542286.757802831940353, 0.0 ], [ 253999.365852881717728, 2542310.835217865649611, 0.0 ], [ 254024.865252827527002, 2542326.816184375900775, 0.0 ], [ 254149.841208238125546, 2542378.066410633269697, 0.0 ], [ 254225.037021141062723, 2542402.874860079959035, 0.0 ], [ 254239.142807303549489, 2542405.968296669889241, 0.0 ], [ 254244.825539220648352, 2542408.423778613097966, 0.0 ], [ 254288.950351798062911, 2542427.867951160296798, 0.0 ], [ 254341.796707104862435, 2542447.391396748833358, 0.0 ], [ 254397.694541921053315, 2542465.314036140684038, 0.0 ], [ 254410.214026187401032, 2542472.42220197385177, 0.0 ], [ 254413.121499613189371, 2542468.275257141795009, 0.0 ], [ 254551.469029315310763, 2542264.035119557287544, 0.0 ], [ 254577.623578764440026, 2542213.306811653543264, 0.0 ], [ 254734.762214193644468, 2541915.361120503395796, 0.0 ], [ 254735.953313764708582, 2541912.90418566018343, 0.0 ], [ 254782.542594532656949, 2542007.983542998321354, 0.0 ], [ 254942.941354093374684, 2542300.309411506168544, 0.0 ], [ 255031.647105355805252, 2542493.311798276845366, 0.0 ], [ 255054.918403892923379, 2542756.849197541829199, 0.0 ], [ 255063.505334953893907, 2543145.493097710423172, 0.0 ], [ 255079.602675996691687, 2543163.844663987401873, 0.0 ], [ 255101.123554181889631, 2543193.963103888556361, 0.0 ], [ 255106.167156304174569, 2543283.18267799820751, 0.0 ], [ 255122.216181141586276, 2543481.246463952120394, 0.0 ], [ 255134.963326283119386, 2543715.92680042097345, 0.0 ], [ 255144.461772203241708, 2544003.066715015098453, 0.0 ], [ 255137.853136152465595, 2544075.967507740017027, 0.0 ], [ 254979.929094469465781, 2544104.24570769071579, 0.0 ], [ 254914.325888580176979, 2544113.514176088385284, 0.0 ], [ 254373.329075614252361, 2544264.497425139416009, 0.0 ] ] ] } },
{ "type": "Feature", "properties": { "Name": "44 KHOKHRA", "ward_id": "44", "ward_name": "KHOKHRA" }, "geometry": { "type": "Polygon", "coordinates": [ [ [ 254852.78457074801554, 2547064.767927587963641, 0.0 ], [ 254745.257254807016579, 2547118.598869116045535, 0.0 ], [ 254743.72379716069554, 2546999.627956431359053, 0.0 ], [ 254668.730608556477819, 2547023.455922427587211, 0.0 ], [ 254507.108715954847867, 2547017.455904162488878, 0.0 ], [ 254522.694359030982014, 2546973.325365060940385, 0.0 ], [ 254633.656524876860203, 2546690.973231776617467, 0.0 ], [ 254741.056879000971094, 2546421.976266721729189, 0.0 ], [ 254771.56156249405467, 2546368.073962153866887, 0.0 ], [ 254833.662916016590316, 2546188.898651288822293, 0.0 ], [ 254989.509215696598403, 2545802.001628185156733, 0.0 ], [ 255288.215439783642069, 2545047.927205760031939, 0.0 ], [ 255372.740312287060078, 2544840.248256635386497, 0.0 ], [ 255475.667076175450347, 2544559.256034563295543, 0.0 ], [ 255498.954911363660358, 2544490.07279104180634, 0.0 ], [ 255500.910414768615738, 2544484.168787032365799, 0.0 ], [ 255499.476507530402159, 2544484.302911277394742, 0.0 ], [ 255463.407507837400772, 2544486.662499233614653, 0.0 ], [ 255409.658535365539137, 2544493.076974162366241, 0.0 ], [ 255325.931498121120967, 2544523.136079814750701, 0.0 ], [ 255228.186023973452393, 2544555.307543518021703, 0.0 ], [ 255125.47223072120687, 2544597.310721728485078, 0.0 ], [ 255093.684526213794015, 2544616.885702433995903, 0.0 ], [ 255036.763769683311693, 2544460.150156954303384, 0.0 ], [ 255056.782548517483519, 2544454.838034770917147, 0.0 ], [ 255019.031754888041178, 2544309.977680867072195, 0.0 ], [ 254993.738550311129075, 2544300.08590833703056, 0.0 ], [ 255025.626195710385218, 2544255.13678263546899, 0.0 ], [ 255062.75494447312667, 2544242.233276536222547, 0.0 ], [ 255081.791820841492154, 2544239.59633438102901, 0.0 ], [ 255092.323914630425861, 2544199.759634713176638, 0.0 ], [ 255127.609273543494055, 2544161.846385780721903, 0.0 ], [ 255136.62882781290682, 2544129.900916151702404, 0.0 ], [ 255139.986947136581875, 2544071.567375069484115, 0.0 ], [ 255146.595597993407864, 2543998.666584754362702, 0.0 ], [ 255137.097200539225014, 2543711.526673670858145, 0.0 ], [ 255124.350093626766466, 2543476.846339232753962, 0.0 ], [ 255108.301099585252814, 2543278.782554101198912, 0.0 ], [ 255103.257511937437812, 2543189.562980730552226, 0.0 ], [ 255081.736633152060676, 2543159.444537742994726, 0.0 ], [ 255332.322641141421627, 2543214.087119251023978, 0.0 ], [ 255474.988846513530007, 2543249.991041163448244, 0.0 ], [ 255752.608944785461063, 2543352.396808928344399, 0.0 ], [ 255920.024412241269602, 2543434.326022705528885, 0.0 ], [ 255951.768483185791411, 2543449.765292536932975, 0.0 ], [ 256023.860539062938187, 2543473.524278823286295, 0.0 ], [ 256155.142953791189939, 2543535.212675706483424, 0.0 ], [ 256266.084148191090208, 2543588.811415774747729, 0.0 ], [ 256345.739561146998312, 2543642.58551578829065, 0.0 ], [ 256436.584161699342076, 2543728.530894085299224, 0.0 ], [ 256512.028975033579627, 2543801.098337604198605, 0.0 ], [ 256423.381443049031077, 2543819.042899236083031, 0.0 ], [ 256375.198475635552313, 2543827.246962054166943, 0.0 ], [ 256269.012555468827486, 2543845.365912992972881, 0.0 ], [ 256106.560331788146868, 2543866.614323313813657, 0.0 ], [ 256075.070704230834963, 2543866.792866496834904, 0.0 ], [ 256061.565361799614038, 2543900.583055009134114, 0.0 ], [ 256033.521333023993066, 2544030.890543453395367, 0.0 ], [ 255998.839837502368027, 2544074.552956606727093, 0.0 ], [ 255836.60617057690979, 2544159.619374529924244, 0.0 ], [ 255772.829305852472316, 2544180.266373561695218, 0.0 ], [ 255922.674137584952405, 2544355.65939266839996, 0.0 ], [ 256115.81047529031639, 2544601.038522741757333, 0.0 ], [ 256137.454092984873569, 2544582.073634262662381, 0.0 ], [ 256195.416293950460386, 2544576.147377704270184, 0.0 ], [ 256377.059091600967804, 2544555.917533378582448, 0.0 ], [ 256377.970083580934443, 2544593.130005415529013, 0.0 ], [ 256397.978105070680613, 2544878.214519946835935, 0.0 ], [ 256513.566841823630966, 2544833.130865772254765, 0.0 ], [ 256578.352901613747235, 2544805.268759466707706, 0.0 ], [ 256645.183564293605741, 2544802.302761014550924, 0.0 ], [ 256646.345864852220984, 2544994.402801405172795, 0.0 ], [ 256666.150056627666345, 2545146.868639838881791, 0.0 ], [ 256690.445857614366105, 2545190.350057968869805, 0.0 ], [ 256624.739211647975026, 2545243.598876506090164, 0.0 ], [ 256582.348549182876013, 2545292.481601522304118, 0.0 ], [ 256533.238722029665951, 2545344.464844291098416, 0.0 ], [ 256519.88737075793324, 2545368.723819814156741, 0.0 ], [ 256514.62044832247193, 2545404.48529130127281, 0.0 ], [ 256498.590488863352221, 2545428.012144503649324, 0.0 ], [ 256486.46183493375429, 2545477.069515600334853, 0.0 ], [ 256490.596894815796986, 2545504.368947957176715, 0.0 ], [ 256493.094655039720237, 2545538.231850654818118, 0.0 ], [ 256498.290841583744623, 2545574.045328569132835, 0.0 ], [ 256493.749657582025975, 2545591.292231610510498, 0.0 ], [ 256479.460279948514653, 2545652.572159010916948, 0.0 ], [ 256466.090331258514198, 2545713.615618985146284, 0.0 ], [ 256457.429622794239549, 2545729.821382812224329, 0.0 ], [ 256451.789334055152722, 2545748.858860536012799, 0.0 ], [ 256439.769465390621917, 2545785.616270665079355, 0.0 ], [ 256427.374399352644105, 2545792.908182396553457, 0.0 ], [ 256421.439132072322536, 2545812.726031631231308, 0.0 ], [ 256422.456156232306967, 2545862.789103712420911, 0.0 ], [ 256413.077669904509094, 2545885.321895036380738, 0.0 ], [ 256370.933506873639999, 2545886.005458394531161, 0.0 ], [ 256367.347932791803032, 2545898.915904310997576, 0.0 ], [ 256311.576694046932971, 2545900.485467911232263, 0.0 ], [ 256130.293814618169563, 2545960.820089372806251, 0.0 ], [ 256117.051821868022671, 2545928.571957611013204, 0.0 ], [ 256080.376525401923573, 2545943.903383465949446, 0.0 ], [ 256030.874354757688707, 2545801.005252942442894, 0.0 ], [ 256028.468998336174991, 2545728.694667709991336, 0.0 ], [ 255983.908196096890606, 2545713.242331388406456, 0.0 ], [ 255956.786722951364936, 2545710.580675820820034, 0.0 ], [ 255894.761335036862874, 2545706.0487573700957, 0.0 ], [ 255732.079499250277877, 2545724.537284863647074, 0.0 ], [ 255466.739845610543853, 2545769.073722310829908, 0.0 ], [ 255519.859780297789257, 2545907.03665270563215, 0.0 ], [ 255568.042098426551092, 2546031.562915918417275, 0.0 ], [ 255562.062545482214773, 2546035.981289131566882, 0.0 ], [ 255529.484370001038769, 2546057.23045910615474, 0.0 ], [ 255454.932782444666373, 2546108.524137170985341, 0.0 ], [ 255451.826747123006498, 2546125.637345001101494, 0.0 ], [ 255428.537266352737788, 2546156.707187551539391, 0.0 ], [ 255382.029248370177811, 2546191.700749643146992, 0.0 ], [ 255414.918352832784876, 2546252.546229167375714, 0.0 ], [ 255471.327713827631669, 2546346.912408202886581, 0.0 ], [ 255567.007712364051258, 2546428.008643775712699, 0.0 ], [ 255618.581920149794314, 2546471.155284941196442, 0.0 ], [ 255671.011577220604522, 2546554.285576457157731, 0.0 ], [ 255722.483318763348507, 2546685.73870902042836, 0.0 ], [ 255605.573229538247688, 2546692.737904904875904, 0.0 ], [ 255396.456793871155242, 2546668.111802859697491, 0.0 ], [ 255271.401655811030651, 2546653.640971489716321, 0.0 ], [ 255141.229250713746296, 2546652.439403596799821, 0.0 ], [ 254984.32598778148531, 2546659.874108292162418, 0.0 ], [ 254939.783870407816721, 2546877.984358652960509, 0.0 ], [ 254962.079467152507277, 2547037.500223198905587, 0.0 ], [ 254852.78457074801554, 2547064.767927587963641, 0.0 ] ] ] } },
{ "type": "Feature", "properties": { "Name": "43 BHAIPURA HATKESHWAR", "ward_id": "43", "ward_name": "BHAIPURA HATKESHWAR" }, "geometry": { "type": "Polygon", "coordinates": [ [ [ 256865.71073785983026, 2545959.03446986572817, 0.0 ], [ 256787.063343826826895, 2545985.679979523643851, 0.0 ], [ 256785.288177565380465, 2545977.399084247183055, 0.0 ], [ 256743.735297432140214, 2545837.251283856108785, 0.0 ], [ 256707.553565594687825, 2545737.456810517702252, 0.0 ], [ 256685.572107458894607, 2545691.168062759097666, 0.0 ], [ 256629.265013529278804, 2545577.407128327060491, 0.0 ], [ 256534.82937382729142, 2545402.108043148182333, 0.0 ], [ 256521.153353259927826, 2545400.00299016572535, 0.0 ], [ 256526.420293860166566, 2545364.241522687487304, 0.0 ], [ 256539.77165991498623, 2545339.982554397080094, 0.0 ], [ 256588.881523901713081, 2545287.999336581211537, 0.0 ], [ 256631.272220051672775, 2545239.116633279249072, 0.0 ], [ 256696.978907623182749, 2545185.867847404442728, 0.0 ], [ 256672.683120999165112, 2545142.38641998777166, 0.0 ], [ 256652.878996030660346, 2544989.920579154975712, 0.0 ], [ 256651.716785622702446, 2544797.820546714589, 0.0 ], [ 256584.886104737815913, 2544800.786514211446047, 0.0 ], [ 256520.100015533185797, 2544828.648589402902871, 0.0 ], [ 256404.511228480929276, 2544873.732188269495964, 0.0 ], [ 256384.503336187830428, 2544588.647677115630358, 0.0 ], [ 256383.592361498624086, 2544551.435206304304302, 0.0 ], [ 256201.949508650257485, 2544571.664965956006199, 0.0 ], [ 256143.98729032088886, 2544577.591195518616587, 0.0 ], [ 256122.343658255296759, 2544596.5560731748119, 0.0 ], [ 255929.207387529488187, 2544351.176864886190742, 0.0 ], [ 255779.362600716442103, 2544175.783784438390285, 0.0 ], [ 255843.139491189911496, 2544155.136815736070275, 0.0 ], [ 256005.373238937696442, 2544070.070476400200278, 0.0 ], [ 256040.05476372942212, 2544026.408081174362451, 0.0 ], [ 256068.098860896658152, 2543896.100611432921141, 0.0 ], [ 256081.604222628229763, 2543862.310430644545704, 0.0 ], [ 256113.093858183798147, 2543862.131901989690959, 0.0 ], [ 256275.546132696530549, 2543840.883567519020289, 0.0 ], [ 256381.732088082411792, 2543822.764666344039142, 0.0 ], [ 256429.915071468945825, 2543814.560626106336713, 0.0 ], [ 256518.56263418335584, 2543796.616106141824275, 0.0 ], [ 256903.168020591838285, 2544166.207982667256147, 0.0 ], [ 257156.784390159824397, 2544435.438818033784628, 0.0 ], [ 257290.772124568291474, 2544570.216540189925581, 0.0 ], [ 257365.94325276784366, 2544689.87957295589149, 0.0 ], [ 257391.134153564751614, 2544744.42696564970538, 0.0 ], [ 257459.207353952428093, 2544926.47145810816437, 0.0 ], [ 257638.7028395209054, 2545466.467980700079352, 0.0 ], [ 257731.476163438230287, 2545743.065535305533558, 0.0 ], [ 257556.794918400235474, 2545767.932205399498343, 0.0 ], [ 257438.923295547632733, 2545791.99421261716634, 0.0 ], [ 257272.873035771481227, 2545830.463463970925659, 0.0 ], [ 257269.064767699048389, 2545874.067379826214164, 0.0 ], [ 257268.115839265694376, 2545885.162199929822236, 0.0 ], [ 257189.496674122725381, 2545907.262441242579371, 0.0 ], [ 257156.826271919882856, 2545929.28486839029938, 0.0 ], [ 257078.698536726937164, 2545924.676190516445786, 0.0 ], [ 257035.865543631633045, 2545927.1417634235695, 0.0 ], [ 256913.316768458695151, 2545947.295149889774621, 0.0 ], [ 256865.71073785983026, 2545959.03446986572817, 0.0 ] ] ] } },
{ "type": "Feature", "properties": { "Name": "42 INDRAPURI", "ward_id": "42", "ward_name": "INDRAPURI" }, "geometry": { "type": "Polygon", "coordinates": [ [ [ 258198.29018952162005, 2547116.227288771420717, 0.0 ], [ 258017.740046022547176, 2547075.040525604970753, 0.0 ], [ 257981.74437236241647, 2547075.177637392655015, 0.0 ], [ 257990.86424007761525, 2546953.821494293864816, 0.0 ], [ 257979.022297373594483, 2546715.472014476079494, 0.0 ], [ 257973.701651404146105, 2546608.087215665262192, 0.0 ], [ 257958.014735247852514, 2546481.148122738581151, 0.0 ], [ 257906.305603040993446, 2546289.199465324636549, 0.0 ], [ 257901.725833318487275, 2546272.321756263263524, 0.0 ], [ 257803.331721173133701, 2546034.813933498691767, 0.0 ], [ 257786.227054776478326, 2546023.567163427826017, 0.0 ], [ 257767.604306922759861, 2546026.304998795501888, 0.0 ], [ 257592.830176885152468, 2546096.044919282663614, 0.0 ], [ 257229.277606099814875, 2546219.138534539379179, 0.0 ], [ 257100.257097625435563, 2546263.880959099158645, 0.0 ], [ 256993.296611623314675, 2546308.489157784264535, 0.0 ], [ 256885.980852963286452, 2546357.09256552439183, 0.0 ], [ 256863.75722115804092, 2546359.114313780330122, 0.0 ], [ 256840.089702794764889, 2546347.974842649884522, 0.0 ], [ 256825.842081472772406, 2546278.847737269010395, 0.0 ], [ 256806.460547091730405, 2546165.042497637216002, 0.0 ], [ 256787.640829386160476, 2546035.273654974065721, 0.0 ], [ 256775.96472229048959, 2545979.289557721931487, 0.0 ], [ 256854.612137651594821, 2545952.643991429824382, 0.0 ], [ 256902.218184171244502, 2545940.904637433122844, 0.0 ], [ 257024.767007222486427, 2545920.751163987908512, 0.0 ], [ 257067.589766199904261, 2545918.285726807545871, 0.0 ], [ 257145.717543890292291, 2545922.89435021020472, 0.0 ], [ 257178.387947425886523, 2545900.871898864395916, 0.0 ], [ 257257.007136979023926, 2545878.771601152606308, 0.0 ], [ 257257.956058275187388, 2545867.676779726054519, 0.0 ], [ 257261.764298337424407, 2545824.072858618572354, 0.0 ], [ 257427.81461529416265, 2545785.603488634340465, 0.0 ], [ 257545.686280960886506, 2545761.541397397872061, 0.0 ], [ 257720.367596843861975, 2545736.674603429157287, 0.0 ], [ 257627.594036393391434, 2545460.077097471337765, 0.0 ], [ 257448.098089943785453, 2544920.080668669193983, 0.0 ], [ 257380.024730401579291, 2544738.036213111598045, 0.0 ], [ 257354.833779506385326, 2544683.48883483139798, 0.0 ], [ 257279.662531390902586, 2544563.825847623869777, 0.0 ], [ 257145.674637109652394, 2544429.048211313318461, 0.0 ], [ 256892.068210465600714, 2544159.817371697165072, 0.0 ], [ 256929.625982331548585, 2544154.334979144390672, 0.0 ], [ 257278.237086807115702, 2543935.643441368825734, 0.0 ], [ 257726.126778956444468, 2543657.193896392825991, 0.0 ], [ 257754.628410812554648, 2543681.663299815263599, 0.0 ], [ 257781.883436500822427, 2543813.401567704975605, 0.0 ], [ 257799.235512545215897, 2543986.293252632487565, 0.0 ], [ 257811.065415861754445, 2544052.025171865709126, 0.0 ], [ 257862.850696654903004, 2544050.969292184803635, 0.0 ], [ 257951.632314257585676, 2544047.766678631305695, 0.0 ], [ 257979.58087678818265, 2544069.807839613873512, 0.0 ], [ 258017.408140296523925, 2544119.277714027091861, 0.0 ], [ 258053.173384564201115, 2544180.857397701591253, 0.0 ], [ 258078.047587531094905, 2544222.226344632450491, 0.0 ], [ 258105.608714567963034, 2544232.972942347638309, 0.0 ], [ 258096.47235719425953, 2544296.272549938876182, 0.0 ], [ 258121.431104745541234, 2544323.790935670956969, 0.0 ], [ 258165.753466214227956, 2544305.23987273639068, 0.0 ], [ 258157.93973070118227, 2544425.244643116369843, 0.0 ], [ 258130.341922244726447, 2544482.304489073809236, 0.0 ], [ 258021.961847337719519, 2544574.124739065766335, 0.0 ], [ 257976.035745515313465, 2544684.107309299521148, 0.0 ], [ 257968.744029934139689, 2544817.288511050865054, 0.0 ], [ 257996.499775222851895, 2544884.758271024096757, 0.0 ], [ 258046.423879838461289, 2544921.181100828107446, 0.0 ], [ 258219.534119852352887, 2544919.170097349211574, 0.0 ], [ 258338.515750206832308, 2544931.770000481978059, 0.0 ], [ 258423.382330913445912, 2544985.248230705037713, 0.0 ], [ 258543.035900239105104, 2545071.627498532179743, 0.0 ], [ 258580.799625105079031, 2545111.017180687282234, 0.0 ], [ 258674.475153735664207, 2545208.561758196912706, 0.0 ], [ 258682.597627143288264, 2545228.928113612812012, 0.0 ], [ 258683.272250764712226, 2545238.999499543569982, 0.0 ], [ 258684.04941778598004, 2545249.069238411262631, 0.0 ], [ 258684.953906309820013, 2545311.763918814714998, 0.0 ], [ 258677.190699540282367, 2545466.999768945854157, 0.0 ], [ 258669.426068554865196, 2545622.124899288173765, 0.0 ], [ 258640.472638171399012, 2545805.399789259303361, 0.0 ], [ 258570.081839546328411, 2545892.839489025063813, 0.0 ], [ 258543.752290838805493, 2545939.352997676469386, 0.0 ], [ 258532.381633980461629, 2545959.367908952757716, 0.0 ], [ 258452.057316767284647, 2546066.80015409225598, 0.0 ], [ 258453.781657132523833, 2546071.979735473636538, 0.0 ], [ 258454.540398198645562, 2546074.515792762860656, 0.0 ], [ 258457.019124895567074, 2546075.583865100052208, 0.0 ], [ 258631.118273452506401, 2546155.104532870464027, 0.0 ], [ 258654.694375492836116, 2546167.023734031245112, 0.0 ], [ 258744.026356711052358, 2546224.419809282757342, 0.0 ], [ 258823.508650900155772, 2546262.474847747478634, 0.0 ], [ 259026.601086257607676, 2546416.984441036358476, 0.0 ], [ 259082.555370880028931, 2546458.963671028614044, 0.0 ], [ 259151.343476152746007, 2546540.179686586838216, 0.0 ], [ 259163.15372047125129, 2546553.95022264495492, 0.0 ], [ 259186.473915443260921, 2546562.772040515206754, 0.0 ], [ 259238.806388974364381, 2546577.222286402713507, 0.0 ], [ 259273.708815518475603, 2546579.210909605957568, 0.0 ], [ 259292.136529537150636, 2546577.142778768669814, 0.0 ], [ 259312.065419701131759, 2546579.149960624985397, 0.0 ], [ 259451.44852860053652, 2546585.779718040954322, 0.0 ], [ 259492.921892800019123, 2546588.217538591008633, 0.0 ], [ 259132.83565580038703, 2546729.047105447854847, 0.0 ], [ 258940.58685602757032, 2546796.060576263815165, 0.0 ], [ 258646.460359545220854, 2546918.116850472521037, 0.0 ], [ 258641.015202367358143, 2546930.280929947737604, 0.0 ], [ 258636.304564598976867, 2546949.856395948212594, 0.0 ], [ 258628.718256161548197, 2547077.612987436819822, 0.0 ], [ 258531.588309132668655, 2547083.496045425068587, 0.0 ], [ 258458.82333573960932, 2547086.660994870122522, 0.0 ], [ 258415.108521848276723, 2547091.463839289732277, 0.0 ], [ 258324.022586370934732, 2547096.918603798374534, 0.0 ], [ 258324.267797772947233, 2547118.519522851333022, 0.0 ], [ 258307.027425300271716, 2547111.484681854955852, 0.0 ], [ 258198.29018952162005, 2547116.227288771420717, 0.0 ] ] ] } },
{ "type": "Feature", "properties": { "Name": "41 VASTRAL", "ward_id": "41", "ward_name": "VASTRAL" }, "geometry": { "type": "Polygon", "coordinates": [ [ [ 261683.610633225936908, 2547619.356275584548712, 0.0 ], [ 261680.961036496650195, 2547639.784017414785922, 0.0 ], [ 261662.641690037795343, 2547674.420362525153905, 0.0 ], [ 261639.99048769971705, 2547701.037748656235635, 0.0 ], [ 261625.695855288649909, 2547717.883557638153434, 0.0 ], [ 261541.118596234329743, 2547687.319207177031785, 0.0 ], [ 261471.768443932407536, 2547672.799668692518026, 0.0 ], [ 261425.905238594248658, 2547658.461002301890403, 0.0 ], [ 261366.551211732265074, 2547640.570053049363196, 0.0 ], [ 261342.828160011296859, 2547561.066314293537289, 0.0 ], [ 261177.114553643652471, 2547516.615785789210349, 0.0 ], [ 261155.071395613165805, 2547555.632996537256986, 0.0 ], [ 261066.827026035403833, 2547539.64325153734535, 0.0 ], [ 261053.623143952339888, 2547612.089942414779216, 0.0 ], [ 261051.354750611761119, 2547624.202403311617672, 0.0 ], [ 260929.020991666213376, 2547599.117370965424925, 0.0 ], [ 260905.109300156414974, 2547604.483949908521026, 0.0 ], [ 260862.821394367667381, 2547582.888465235009789, 0.0 ], [ 260812.11221247294452, 2547554.115003924351186, 0.0 ], [ 260748.749438290949911, 2547535.736301406286657, 0.0 ], [ 260683.616948631737614, 2547522.150142944883555, 0.0 ], [ 260671.78398273041239, 2547519.679812927730381, 0.0 ], [ 260663.666705048992299, 2547518.701331799384207, 0.0 ], [ 260569.340363596304087, 2547507.243117151781917, 0.0 ], [ 260528.032641230616719, 2547502.140947964973748, 0.0 ], [ 260451.280590171430958, 2547505.914014841429889, 0.0 ], [ 260417.581035096867708, 2547508.446196507196873, 0.0 ], [ 260377.434618787723593, 2547505.430958009324968, 0.0 ], [ 260351.150608650175855, 2547509.949956615455449, 0.0 ], [ 260309.620012993837008, 2547503.744011712726206, 0.0 ], [ 260291.52571031494881, 2547500.930798934306949, 0.0 ], [ 260269.938398588128621, 2547497.730229553300887, 0.0 ], [ 260253.489819371985504, 2547495.223152292426676, 0.0 ], [ 260243.724964948458364, 2547493.828041000757366, 0.0 ], [ 260235.820063908555312, 2547512.567505352199078, 0.0 ], [ 260218.033329821337247, 2547509.749467079993337, 0.0 ], [ 260200.037993132165866, 2547506.713196545373648, 0.0 ], [ 260183.278282624698477, 2547503.989581359084696, 0.0 ], [ 260133.101630488527007, 2547495.817206203937531, 0.0 ], [ 260126.110304099740461, 2547494.710222257301211, 0.0 ], [ 260105.956535139237531, 2547491.376179150305688, 0.0 ], [ 260114.119401640200522, 2547321.954243623651564, 0.0 ], [ 260022.787413682352053, 2547311.891736781224608, 0.0 ], [ 260023.127720749936998, 2547403.733615333680063, 0.0 ], [ 259975.881816686538514, 2547405.707814039196819, 0.0 ], [ 259917.668959165166598, 2547408.079169286414981, 0.0 ], [ 259914.389835540932836, 2547408.242414772510529, 0.0 ], [ 259906.493408945476403, 2547408.257935057394207, 0.0 ], [ 259812.459270973806269, 2547408.765311305876821, 0.0 ], [ 259737.620880404458148, 2547410.40629321616143, 0.0 ], [ 259684.597897647152422, 2547410.258028486277908, 0.0 ], [ 259674.956708169396734, 2547410.190813255030662, 0.0 ], [ 259576.499532153771725, 2547409.884142141323537, 0.0 ], [ 259480.736418293730821, 2547411.307635867968202, 0.0 ], [ 259490.662656725791749, 2547390.762600673362613, 0.0 ], [ 259517.567598101042677, 2547335.378022021614015, 0.0 ], [ 259556.882573537557619, 2547254.423060724511743, 0.0 ], [ 259600.315515618480276, 2547148.806212186347693, 0.0 ], [ 259633.23561525720288, 2547065.516529790125787, 0.0 ], [ 259654.400381363753695, 2547016.650249264668673, 0.0 ], [ 259681.499070512567414, 2546954.061468857806176, 0.0 ], [ 259699.324040570150828, 2546850.29538222309202, 0.0 ], [ 259649.384377578884596, 2546607.239188359118998, 0.0 ], [ 259532.518368552817265, 2546597.698739829473197, 0.0 ], [ 259486.423930156684946, 2546594.891664004418999, 0.0 ], [ 259444.950581290817354, 2546592.453862914349884, 0.0 ], [ 259305.567524686310207, 2546585.824170971754938, 0.0 ], [ 259285.638641484110849, 2546583.81699842819944, 0.0 ], [ 259267.210935810522642, 2546585.885138056240976, 0.0 ], [ 259232.30852220102679, 2546583.89653123402968, 0.0 ], [ 259179.976062487286981, 2546569.446309379301965, 0.0 ], [ 259156.655872515286319, 2546560.624502109363675, 0.0 ], [ 259144.845626203808933, 2546546.853970990981907, 0.0 ], [ 259076.05750883865403, 2546465.637984158936888, 0.0 ], [ 259020.103226089588134, 2546423.65877864183858, 0.0 ], [ 258817.010796475602547, 2546269.149274084251374, 0.0 ], [ 258737.538769102946389, 2546231.094106641598046, 0.0 ], [ 258648.206795586913358, 2546173.698070847429335, 0.0 ], [ 258624.630697147891624, 2546161.778880248311907, 0.0 ], [ 258450.531579294038238, 2546082.258290864527225, 0.0 ], [ 258448.052853065280942, 2546081.190219646785408, 0.0 ], [ 258447.294111070979852, 2546078.654162598308176, 0.0 ], [ 258445.569768876011949, 2546073.47458178922534, 0.0 ], [ 258525.894001945358468, 2545966.042293846607208, 0.0 ], [ 258537.264644558861619, 2545946.027376289945096, 0.0 ], [ 258563.594160200562328, 2545899.513853088952601, 0.0 ], [ 258633.984888353559654, 2545812.074116125237197, 0.0 ], [ 258662.938218230759958, 2545628.799204071518034, 0.0 ], [ 258670.70277082172106, 2545473.674062929116189, 0.0 ], [ 258678.465899145550793, 2545318.438201993703842, 0.0 ], [ 258677.561380551022012, 2545255.743519128765911, 0.0 ], [ 258676.784208951168694, 2545245.673780163284391, 0.0 ], [ 258818.248998071969254, 2545190.110380019526929, 0.0 ], [ 258824.160976440121885, 2545187.799603322986513, 0.0 ], [ 258826.207104068453191, 2545193.860401384998113, 0.0 ], [ 258856.168605349696008, 2545284.008559884037822, 0.0 ], [ 258906.895799964171601, 2545223.698299302253872, 0.0 ], [ 259119.966923428873997, 2544969.887667771428823, 0.0 ], [ 259432.052588783553801, 2544602.262116863857955, 0.0 ], [ 259471.230851068074116, 2544557.096220165491104, 0.0 ], [ 259672.265452111227205, 2544325.535998170264065, 0.0 ], [ 260334.470909523312002, 2543893.28641276108101, 0.0 ], [ 260567.446058493718738, 2543868.855678385589272, 0.0 ], [ 260554.580364872846985, 2543788.847192862536758, 0.0 ], [ 260592.968925346329343, 2543777.488962693605572, 0.0 ], [ 260776.263432232808555, 2543705.769301339052618, 0.0 ], [ 260834.595478922041366, 2543626.179031016305089, 0.0 ], [ 260891.733865386573598, 2543619.841365886852145, 0.0 ], [ 261074.998611030663596, 2543487.966355039272457, 0.0 ], [ 261264.596872211957816, 2543560.957473908085376, 0.0 ], [ 261311.715255221090047, 2543576.052506813779473, 0.0 ], [ 261406.027321315428708, 2543591.61733636027202, 0.0 ], [ 261428.189887028216617, 2543604.892959355842322, 0.0 ], [ 261450.750320720049785, 2543617.386758926324546, 0.0 ], [ 261473.708624493941898, 2543629.098737051244825, 0.0 ], [ 261496.964005031302804, 2543640.141286081168801, 0.0 ], [ 261520.619017131219152, 2543650.512780794408172, 0.0 ], [ 261544.465043849108042, 2543659.994949809741229, 0.0 ], [ 261568.710707182443002, 2543668.806068094912916, 0.0 ], [ 261593.251700359483948, 2543676.837000761646777, 0.0 ], [ 261617.884677997441031, 2543684.20176514191553, 0.0 ], [ 261637.241798104718328, 2543688.769647715147585, 0.0 ], [ 261656.690919934917474, 2543692.67134848376736, 0.0 ], [ 261676.233801824302645, 2543696.017631309572607, 0.0 ], [ 261695.96948646751116, 2543698.585344553459436, 0.0 ], [ 261715.694627904013032, 2543700.488503474742174, 0.0 ], [ 261735.511780924920458, 2543701.725482904817909, 0.0 ], [ 261755.31664054869907, 2543702.187145404517651, 0.0 ], [ 261775.215272405737778, 2543702.093392589129508, 0.0 ], [ 261781.876899478462292, 2543708.192129876464605, 0.0 ], [ 261788.740115075401263, 2543714.066093215718865, 0.0 ], [ 261795.80491920755594, 2543719.715282883960754, 0.0 ], [ 261803.071311905223411, 2543725.139699168503284, 0.0 ], [ 261810.537538252276136, 2543730.22857914539054, 0.0 ], [ 261818.207108293339843, 2543735.203449568711221, 0.0 ], [ 261825.973960369097767, 2543739.844409075099975, 0.0 ], [ 261833.83809485193342, 2543744.151457847096026, 0.0 ], [ 261841.903818687540479, 2543748.233734622597694, 0.0 ], [ 261850.171132016344927, 2543752.091239741072059, 0.0 ], [ 261858.535728622897295, 2543755.614834897220135, 0.0 ], [ 261866.896811793325469, 2543758.916907978709787, 0.0 ], [ 261875.457730769005138, 2543761.883446948602796, 0.0 ], [ 261884.11593427110347, 2543764.516076559200883, 0.0 ], [ 261892.873177166766254, 2543766.925560207571834, 0.0 ], [ 261901.625153818895342, 2543769.002759175375104, 0.0 ], [ 261910.578722274309257, 2543770.855188274290413, 0.0 ], [ 261919.422719639580464, 2543772.266193973366171, 0.0 ], [ 261928.468309742107522, 2543773.452430234756321, 0.0 ], [ 261937.407838170474861, 2543774.418769508600235, 0.0 ], [ 261946.442900493537309, 2543774.940437413286418, 0.0 ], [ 261955.474453772505512, 2543775.240584386512637, 0.0 ], [ 261964.603296095709084, 2543775.206823477055877, 0.0 ], [ 262053.636810810887255, 2543936.992238217964768, 0.0 ], [ 262314.471645727753639, 2544039.778614649083465, 0.0 ], [ 262341.000252913159784, 2544050.32741966471076, 0.0 ], [ 262367.030081038537901, 2544061.770478312391788, 0.0 ], [ 262392.766225634317379, 2544074.104545541573316, 0.0 ], [ 262418.003584970952943, 2544087.33286140114069, 0.0 ], [ 262668.674985037883744, 2544132.1205392354168, 0.0 ], [ 262706.674459099303931, 2544122.103391760028899, 0.0 ], [ 262839.736923432443291, 2544253.616377417463809, 0.0 ], [ 262856.82790349831339, 2544296.665709300898015, 0.0 ], [ 262885.618388988659717, 2544366.120135134086013, 0.0 ], [ 262829.471585390390828, 2544389.607308394741267, 0.0 ], [ 262896.029251440078951, 2544505.884028408676386, 0.0 ], [ 262882.141848935279995, 2544503.333385006990284, 0.0 ], [ 262878.016024758340791, 2544547.382242267951369, 0.0 ], [ 262981.22680287680123, 2544581.428498846944422, 0.0 ], [ 263046.204173051577527, 2544604.112898492719978, 0.0 ], [ 263068.749879193783272, 2544622.370162721257657, 0.0 ], [ 263055.680986371473409, 2544639.194753092247993, 0.0 ], [ 263095.97647200524807, 2544716.334141097031534, 0.0 ], [ 263062.417759342934005, 2544799.734332635998726, 0.0 ], [ 263034.59981961234007, 2544856.897609040141106, 0.0 ], [ 263022.912305037956685, 2544909.264146588277072, 0.0 ], [ 263022.353474187315442, 2544919.354874559678137, 0.0 ], [ 263016.438169479370117, 2544973.513825525064021, 0.0 ], [ 263058.333356019807979, 2545022.043954908847809, 0.0 ], [ 263116.410677632142324, 2545114.635115376673639, 0.0 ], [ 263130.598321261815727, 2545142.773719682358205, 0.0 ], [ 263147.922075359907467, 2545298.271637089084834, 0.0 ], [ 263156.19733096472919, 2545354.754972817841917, 0.0 ], [ 263161.304570292297285, 2545392.453918899875134, 0.0 ], [ 263199.125871509080753, 2545436.395338102709502, 0.0 ], [ 263204.609505124506541, 2545465.446719357278198, 0.0 ], [ 263228.80062556930352, 2545497.083764215465635, 0.0 ], [ 263263.510796825343277, 2545519.359469952993095, 0.0 ], [ 263408.785667689051479, 2545574.238306720741093, 0.0 ], [ 263464.894827662152238, 2545600.719785733148456, 0.0 ], [ 263475.754799986083526, 2545717.210669789928943, 0.0 ], [ 263547.591604619112331, 2545745.992901763878763, 0.0 ], [ 263508.616770676570013, 2545804.549698764458299, 0.0 ], [ 263394.206039527256507, 2545853.215827113483101, 0.0 ], [ 263278.912492008297704, 2545917.407447986770421, 0.0 ], [ 263254.970793596410658, 2545960.106698010116816, 0.0 ], [ 263225.505075198365375, 2545964.670453339349478, 0.0 ], [ 263099.266006676654797, 2546069.585466821212322, 0.0 ], [ 262973.028677215741482, 2546174.501707395073026, 0.0 ], [ 262858.527021436428186, 2546295.076918732840568, 0.0 ], [ 262826.788010112475604, 2546324.494533780030906, 0.0 ], [ 262743.737261044618208, 2546449.227340150158852, 0.0 ], [ 262648.928507349744905, 2546491.164345205295831, 0.0 ], [ 262649.778070745174773, 2546577.346137841697782, 0.0 ], [ 262620.858789666031953, 2546577.470954161137342, 0.0 ], [ 262540.721705021569505, 2546574.971253599971533, 0.0 ], [ 262528.481748760154005, 2546585.689971446059644, 0.0 ], [ 262529.89259802934248, 2546720.278578827623278, 0.0 ], [ 262513.754916840582155, 2546717.985648598987609, 0.0 ], [ 262476.548151894647162, 2546810.087553516030312, 0.0 ], [ 262439.589910540729761, 2546911.381327419541776, 0.0 ], [ 262496.356180709961336, 2546999.005107466131449, 0.0 ], [ 262402.731319958344102, 2547025.414647780824453, 0.0 ], [ 262405.727811052638572, 2547104.582809804007411, 0.0 ], [ 262435.314814180368558, 2547127.26985701546073, 0.0 ], [ 262446.480023032461759, 2547178.278606739360839, 0.0 ], [ 262456.847742239653599, 2547230.740264027379453, 0.0 ], [ 262440.441251172334887, 2547366.940520252566785, 0.0 ], [ 262398.905216550221667, 2547425.098565172404051, 0.0 ], [ 262402.574099016143009, 2547514.338104990310967, 0.0 ], [ 262401.316888774279505, 2547545.047143228817731, 0.0 ], [ 262339.812245147535577, 2547559.648285776842386, 0.0 ], [ 262222.532378429372329, 2547587.985048615373671, 0.0 ], [ 262180.044028214993887, 2547592.425180785357952, 0.0 ], [ 262180.368433186493348, 2547599.953847154974937, 0.0 ], [ 262094.143952077138238, 2547607.746348641812801, 0.0 ], [ 262070.691997780522797, 2547609.780004534404725, 0.0 ], [ 262039.844836812000722, 2547604.618722001090646, 0.0 ], [ 262019.074996736453613, 2547601.181152687873691, 0.0 ], [ 261978.90148760532611, 2547596.389467055909336, 0.0 ], [ 261906.551352970302105, 2547586.679539964068681, 0.0 ], [ 261904.803752838575747, 2547579.948984241578728, 0.0 ], [ 261860.056306076789042, 2547564.815768009517342, 0.0 ], [ 261814.704149199766107, 2547550.357022117823362, 0.0 ], [ 261746.117854651529342, 2547551.667260227259248, 0.0 ], [ 261691.936173028399935, 2547555.96203688532114, 0.0 ], [ 261683.610633225936908, 2547619.356275584548712, 0.0 ] ] ] } },
{ "type": "Feature", "properties": { "Name": "40 ODHAV", "ward_id": "40", "ward_name": "ODHAV" }, "geometry": { "type": "Polygon", "coordinates": [ [ [ 260246.339972003159346, 2548980.094586602412164, 0.0 ], [ 260200.019976323790615, 2548981.943007947411388, 0.0 ], [ 260078.948048242222285, 2549003.157190620433539, 0.0 ], [ 259830.100881797989132, 2548985.53517456818372, 0.0 ], [ 259639.198602581920568, 2548974.854856420774013, 0.0 ], [ 259486.136732436862076, 2548957.919628482777625, 0.0 ], [ 259356.608069080510177, 2548930.747706240508705, 0.0 ], [ 259339.515451647836016, 2548926.368613150902092, 0.0 ], [ 259239.971640142815886, 2548902.483557802625, 0.0 ], [ 259130.792495936679188, 2548878.864648285787553, 0.0 ], [ 259069.304331767023541, 2548862.125164131168276, 0.0 ], [ 259035.277470030327095, 2548850.484431097749621, 0.0 ], [ 259074.042203428107314, 2548716.576751448214054, 0.0 ], [ 259078.426756121974904, 2548708.639969637151808, 0.0 ], [ 259099.07345582198468, 2548704.43059859611094, 0.0 ], [ 259112.883853094186634, 2548689.584037530701607, 0.0 ], [ 259128.599713905306999, 2548620.971913552377373, 0.0 ], [ 259129.307354443240911, 2548537.311256498564035, 0.0 ], [ 259127.931573470472358, 2548477.172335320618004, 0.0 ], [ 259120.492917167488486, 2548435.411730777937919, 0.0 ], [ 259098.856182247604011, 2548352.442235164344311, 0.0 ], [ 259081.904055879072985, 2548292.996602072846144, 0.0 ], [ 259060.155236822436564, 2548241.383570230565965, 0.0 ], [ 259027.217496779630892, 2548176.322616965509951, 0.0 ], [ 259015.2305762085889, 2548119.567125661298633, 0.0 ], [ 258998.271911395218922, 2547932.044027162715793, 0.0 ], [ 258986.69509101472795, 2547894.449281920213252, 0.0 ], [ 258973.21405458758818, 2547853.22893124865368, 0.0 ], [ 258963.144987682520878, 2547832.893809671048075, 0.0 ], [ 258936.67176686503808, 2547812.822198508772999, 0.0 ], [ 258748.436207823164295, 2547726.65804992755875, 0.0 ], [ 258668.434086171240779, 2547687.726141323335469, 0.0 ], [ 258466.232884128316073, 2547556.031806273851544, 0.0 ], [ 258369.409891535586212, 2547485.241712917108089, 0.0 ], [ 258350.936823046009522, 2547433.465847137849778, 0.0 ], [ 258341.406805798993446, 2547357.50365958083421, 0.0 ], [ 258322.144076943252003, 2547122.930085085332394, 0.0 ], [ 258321.898861781985033, 2547101.329165693838149, 0.0 ], [ 258412.984770934621338, 2547095.874385823961347, 0.0 ], [ 258456.699571802135324, 2547091.071533994749188, 0.0 ], [ 258529.464524374110624, 2547087.906572300009429, 0.0 ], [ 258626.594443316047546, 2547082.02349793119356, 0.0 ], [ 258634.180727017315803, 2546954.266902927309275, 0.0 ], [ 258638.89136000641156, 2546934.691435793414712, 0.0 ], [ 258644.336513514339458, 2546922.527355192229152, 0.0 ], [ 258938.462906493834453, 2546800.471029561478645, 0.0 ], [ 259130.711640878318576, 2546733.457525364123285, 0.0 ], [ 259490.787499315600144, 2546592.628059972543269, 0.0 ], [ 259536.881942376989173, 2546595.435149719938636, 0.0 ], [ 259653.747962479479611, 2546604.975633477326483, 0.0 ], [ 259703.687556476332247, 2546848.031835617031902, 0.0 ], [ 259685.86255226409412, 2546951.79791389266029, 0.0 ], [ 259658.763840552972397, 2547014.386684292461723, 0.0 ], [ 259637.59905682966928, 2547063.252957001328468, 0.0 ], [ 259604.678927537403069, 2547146.542627032846212, 0.0 ], [ 259561.24594765441725, 2547252.159459377638996, 0.0 ], [ 259521.930942516220966, 2547333.114406433422118, 0.0 ], [ 259495.025980822945712, 2547388.49897533794865, 0.0 ], [ 259485.09973485651426, 2547409.044006933923811, 0.0 ], [ 259580.862860649795039, 2547407.620542344171554, 0.0 ], [ 259679.320048389112344, 2547407.927243364509195, 0.0 ], [ 259688.961239003489027, 2547407.994461522903293, 0.0 ], [ 259741.984228080022149, 2547408.142742359079421, 0.0 ], [ 259816.822628141439054, 2547406.501783234067261, 0.0 ], [ 259910.856777559412876, 2547405.994435570202768, 0.0 ], [ 259918.753205107728718, 2547405.978917684871703, 0.0 ], [ 259922.032329174748156, 2547405.815673200413585, 0.0 ], [ 259980.245194418705069, 2547403.444335706997663, 0.0 ], [ 260027.491104764252668, 2547401.470151410903782, 0.0 ], [ 260027.150825994904153, 2547309.628275357186794, 0.0 ], [ 260118.482821814744966, 2547319.690809661988169, 0.0 ], [ 260110.319902056071442, 2547489.112737910822034, 0.0 ], [ 260130.473672408028506, 2547492.446787046734244, 0.0 ], [ 260137.464999296149472, 2547493.553773086052388, 0.0 ], [ 260187.641654934064718, 2547501.726163255050778, 0.0 ], [ 260204.401366615347797, 2547504.449783456511796, 0.0 ], [ 260222.396704527607653, 2547507.486059372313321, 0.0 ], [ 260240.183439882763196, 2547510.30410296889022, 0.0 ], [ 260248.088347654527752, 2547491.564641549251974, 0.0 ], [ 260257.853202819154831, 2547492.959755768533796, 0.0 ], [ 260274.301783238595817, 2547495.466837956104428, 0.0 ], [ 260295.889096569386311, 2547498.667413804680109, 0.0 ], [ 260313.983400553610409, 2547501.480632000602782, 0.0 ], [ 260355.513999283575686, 2547507.686589346267283, 0.0 ], [ 260381.798013975552749, 2547503.16759885288775, 0.0 ], [ 260421.944434175326023, 2547506.182849462609738, 0.0 ], [ 260455.643994079466211, 2547503.650678107980639, 0.0 ], [ 260532.396055523364339, 2547499.877634655218571, 0.0 ], [ 260573.703781277610688, 2547504.979816247243434, 0.0 ], [ 260668.030130526836729, 2547516.43805922800675, 0.0 ], [ 260676.147408882970922, 2547517.416542795486748, 0.0 ], [ 260687.980375445185928, 2547519.886876338627189, 0.0 ], [ 260753.11286873620702, 2547533.473054202273488, 0.0 ], [ 260816.475644861959154, 2547551.851775450631976, 0.0 ], [ 260867.184823974501342, 2547580.625251355115324, 0.0 ], [ 260909.472728181135608, 2547602.22074826573953, 0.0 ], [ 260933.384424223273527, 2547596.854176738765091, 0.0 ], [ 261055.718190129409777, 2547621.939245542045683, 0.0 ], [ 261057.98658748093294, 2547609.826785675249994, 0.0 ], [ 261071.190493503672769, 2547537.380100853275508, 0.0 ], [ 261159.434868754353374, 2547553.369872210081667, 0.0 ], [ 261181.478041473106714, 2547514.352669259533286, 0.0 ], [ 261347.191654050955549, 2547558.803246850147843, 0.0 ], [ 261370.914684097224381, 2547638.306990572717041, 0.0 ], [ 261430.268712573801167, 2547656.197957351338118, 0.0 ], [ 261476.131919003557414, 2547670.53663727035746, 0.0 ], [ 261545.48207516837283, 2547685.056196414399892, 0.0 ], [ 261630.059334962861612, 2547715.620571706444025, 0.0 ], [ 261644.353974291327177, 2547698.774767542723566, 0.0 ], [ 261667.005187564936932, 2547672.157389040570706, 0.0 ], [ 261685.324546910676872, 2547637.521050470415503, 0.0 ], [ 261687.974150260299211, 2547617.093310020398349, 0.0 ], [ 261696.299710624036379, 2547553.699075634591281, 0.0 ], [ 261750.481400085671339, 2547549.404315555468202, 0.0 ], [ 261819.067703286098549, 2547548.094098317436874, 0.0 ], [ 261864.419861159403808, 2547562.552857576869428, 0.0 ], [ 261909.167308636009693, 2547577.686086975969374, 0.0 ], [ 261910.914906902879011, 2547584.416643040254712, 0.0 ], [ 261983.265047246270115, 2547594.126591835170984, 0.0 ], [ 262023.438559731148416, 2547598.918289535213262, 0.0 ], [ 262044.20840124390088, 2547602.355865061283112, 0.0 ], [ 262075.055564331472851, 2547607.51715681841597, 0.0 ], [ 262098.507522078289185, 2547605.48350810771808, 0.0 ], [ 262184.732015965681057, 2547597.691033029463142, 0.0 ], [ 262184.407613276154734, 2547590.162366772070527, 0.0 ], [ 262226.895969973760657, 2547585.722247633617371, 0.0 ], [ 262344.175859543436673, 2547557.385521213058382, 0.0 ], [ 262405.680515075160656, 2547542.784397755749524, 0.0 ], [ 262428.746360469143838, 2547574.659463515970856, 0.0 ], [ 262481.173010629368946, 2547647.394911116920412, 0.0 ], [ 262497.139813919551671, 2547677.831336240749806, 0.0 ], [ 262511.418841458566021, 2547705.303123923018575, 0.0 ], [ 262539.457069517346099, 2547707.961588644422591, 0.0 ], [ 262543.459922895650379, 2547740.581601545680314, 0.0 ], [ 262547.010608405224048, 2547770.549785242881626, 0.0 ], [ 262579.428276244900189, 2547803.717331268824637, 0.0 ], [ 262581.802946253097616, 2547824.176096547860652, 0.0 ], [ 262603.08575245924294, 2547834.142951540648937, 0.0 ], [ 262615.002961735066492, 2547848.468044926412404, 0.0 ], [ 262653.36658726981841, 2547894.504201736301184, 0.0 ], [ 262663.394494289357681, 2547906.089434239082038, 0.0 ], [ 262720.958274751785211, 2547973.09392009768635, 0.0 ], [ 262716.857859767158516, 2548018.583040060009807, 0.0 ], [ 262713.357779400306754, 2548056.639679718762636, 0.0 ], [ 262716.073112254322041, 2548079.198090060614049, 0.0 ], [ 262716.545330277876928, 2548089.604970455635339, 0.0 ], [ 262718.845115739968605, 2548137.76266014482826, 0.0 ], [ 262609.226161728263833, 2548131.519660974852741, 0.0 ], [ 262543.227756257692818, 2548127.689200555440038, 0.0 ], [ 262464.707630707940552, 2548123.170925660058856, 0.0 ], [ 262446.720763430814259, 2548120.575120001100004, 0.0 ], [ 262219.652890644734725, 2548125.279774014372379, 0.0 ], [ 262171.034090282337274, 2548131.035951336845756, 0.0 ], [ 262169.406407917675097, 2548144.799880533479154, 0.0 ], [ 262151.9744133685017, 2548293.647456386126578, 0.0 ], [ 262150.331799515523016, 2548332.339696493931115, 0.0 ], [ 262144.121591151750181, 2548458.075620071031153, 0.0 ], [ 262092.884691653453046, 2548460.328350237105042, 0.0 ], [ 261895.628175879392074, 2548424.126773870550096, 0.0 ], [ 261857.302126541995676, 2548503.286380145233124, 0.0 ], [ 261787.204540452017682, 2548493.098537903744727, 0.0 ], [ 261726.358214161271462, 2548484.315157915465534, 0.0 ], [ 261681.295829846174456, 2548481.485607928130776, 0.0 ], [ 261651.296307810815051, 2548484.399625292979181, 0.0 ], [ 261649.862793593143579, 2548484.533192638773471, 0.0 ], [ 261646.099486628867453, 2548486.476445170585066, 0.0 ], [ 261605.235559084365377, 2548502.636614165268838, 0.0 ], [ 261614.369945033511613, 2548535.396638920996338, 0.0 ], [ 261628.979174084233819, 2548583.580527937039733, 0.0 ], [ 261617.016611625935184, 2548605.153445272240788, 0.0 ], [ 261595.013549813971622, 2548665.995474080555141, 0.0 ], [ 261589.808928482030751, 2548680.481135978829116, 0.0 ], [ 261568.398339082370512, 2548739.873521021101624, 0.0 ], [ 261548.587334470415954, 2548803.118247670121491, 0.0 ], [ 261543.320802001457196, 2548820.1531365159899, 0.0 ], [ 261521.681228461122373, 2548903.812718849629164, 0.0 ], [ 261506.497809334279737, 2548909.815316725056618, 0.0 ], [ 261441.135814527631737, 2548920.050483307335526, 0.0 ], [ 261291.615379633614793, 2548957.882821342907846, 0.0 ], [ 261265.572385988431051, 2548964.501682511996478, 0.0 ], [ 261234.320465495489771, 2548972.42222546460107, 0.0 ], [ 261203.271841084701009, 2548980.228807951789349, 0.0 ], [ 261175.593938608159078, 2548987.206239754334092, 0.0 ], [ 261147.304486389708472, 2548994.41504867374897, 0.0 ], [ 261125.551405841775704, 2548999.968718979973346, 0.0 ], [ 261089.497400317020947, 2549002.537236614152789, 0.0 ], [ 260947.696937464206712, 2549048.559637485072017, 0.0 ], [ 260748.914510847971542, 2549051.507693141698837, 0.0 ], [ 260561.300730743387248, 2549034.669767291285098, 0.0 ], [ 260508.621341771213338, 2549029.971210564486682, 0.0 ], [ 260438.434465380269103, 2549020.566784720867872, 0.0 ], [ 260310.902682413667208, 2548977.622390323318541, 0.0 ], [ 260246.339972003159346, 2548980.094586602412164, 0.0 ] ] ] } },
{ "type": "Feature", "properties": { "Name": "39 AMRAIWADI", "ward_id": "39", "ward_name": "AMRAIWADI" }, "geometry": { "type": "Polygon", "coordinates": [ [ [ 256233.731188856676454, 2547397.846017576288432, 0.0 ], [ 256084.274565618310589, 2547421.214515272527933, 0.0 ], [ 255727.407050074310973, 2547404.304991496726871, 0.0 ], [ 255554.069557587557938, 2547415.99071427853778, 0.0 ], [ 255444.286665148829343, 2547425.756418410688639, 0.0 ], [ 255412.842994653183268, 2547409.427714113611728, 0.0 ], [ 255405.921088139468338, 2547406.327413633931428, 0.0 ], [ 255404.052068342920393, 2547404.917516721412539, 0.0 ], [ 255394.080948111106409, 2547397.213458105921745, 0.0 ], [ 255389.823028584796702, 2547393.958953372668475, 0.0 ], [ 255387.705619342246791, 2547389.893989543430507, 0.0 ], [ 255383.049842649983475, 2547381.106143822427839, 0.0 ], [ 255371.065245250036241, 2547363.130834375042468, 0.0 ], [ 255362.791976391687058, 2547352.629207034595311, 0.0 ], [ 255346.892712128872517, 2547327.294346986804157, 0.0 ], [ 255345.628032497770619, 2547325.20982613041997, 0.0 ], [ 255344.933025293285027, 2547314.030702751129866, 0.0 ], [ 255343.767933841416379, 2547292.887552147731185, 0.0 ], [ 255470.953640269028256, 2547287.380350446328521, 0.0 ], [ 255709.46258770825807, 2547259.5647301110439, 0.0 ], [ 255708.233815508719999, 2547202.967842957004905, 0.0 ], [ 255745.980980210850248, 2547178.089202388189733, 0.0 ], [ 255964.525362972053699, 2547070.275610405020416, 0.0 ], [ 255964.421029578807065, 2547070.166510472074151, 0.0 ], [ 255909.53673288677237, 2546955.72013496607542, 0.0 ], [ 255620.784319628815865, 2546965.625265581067652, 0.0 ], [ 255573.509356730763102, 2546972.267117023933679, 0.0 ], [ 255569.779952963785036, 2546919.588789615314454, 0.0 ], [ 255569.673812024615472, 2546919.36892513372004, 0.0 ], [ 255378.024984655581648, 2546953.181142087560147, 0.0 ], [ 255295.31700323842233, 2546969.375808363314718, 0.0 ], [ 255205.383022431342397, 2546982.697268310934305, 0.0 ], [ 254968.681229843525216, 2547033.536735261790454, 0.0 ], [ 254962.043667722260579, 2547035.30703064147383, 0.0 ], [ 254939.748070223868126, 2546875.791166211012751, 0.0 ], [ 254984.290197529800935, 2546657.680916822049767, 0.0 ], [ 255141.193483503506286, 2546650.246213845908642, 0.0 ], [ 255271.365907601080835, 2546651.447783147916198, 0.0 ], [ 255396.421063705871347, 2546665.918615840375423, 0.0 ], [ 255605.537529540946707, 2546690.544720095582306, 0.0 ], [ 255722.447635957127204, 2546683.545525491703302, 0.0 ], [ 255670.975888951506931, 2546552.092392667196691, 0.0 ], [ 255618.546225522266468, 2546468.962100769858807, 0.0 ], [ 255566.972010877449065, 2546425.815459142904729, 0.0 ], [ 255471.291999633249361, 2546344.719222715124488, 0.0 ], [ 255414.882631876273081, 2546250.353043279610574, 0.0 ], [ 255381.993523562647169, 2546189.507563535589725, 0.0 ], [ 255428.501548887346871, 2546154.514002026524395, 0.0 ], [ 255451.791033546178369, 2546123.444159798789769, 0.0 ], [ 255454.89706958970055, 2546106.330952040851116, 0.0 ], [ 255529.448668839380844, 2546055.037274898029864, 0.0 ], [ 255562.026849411951844, 2546033.788105323445052, 0.0 ], [ 255568.006403298699297, 2546029.369732185266912, 0.0 ], [ 255519.824080082413275, 2545904.843468729872257, 0.0 ], [ 255466.704139797569951, 2545766.880538068711758, 0.0 ], [ 255732.043832887109602, 2545722.344103595241904, 0.0 ], [ 255894.72569272207329, 2545703.855577902402729, 0.0 ], [ 255956.751089624303859, 2545708.387497013900429, 0.0 ], [ 255983.872566689213272, 2545711.049152868799865, 0.0 ], [ 256028.433375195076223, 2545726.501489638350904, 0.0 ], [ 256030.838730837771436, 2545798.812074732966721, 0.0 ], [ 256080.340906479075784, 2545941.710205471608788, 0.0 ], [ 256117.016208541579545, 2545926.378780047409236, 0.0 ], [ 256130.258202722034184, 2545958.626911879517138, 0.0 ], [ 256311.541109571349807, 2545898.292292511556298, 0.0 ], [ 256367.312356486509088, 2545896.722729516681284, 0.0 ], [ 256370.89793129338068, 2545883.812283668667078, 0.0 ], [ 256413.042100490420125, 2545883.128720766399056, 0.0 ], [ 256422.420588539651362, 2545860.595929594710469, 0.0 ], [ 256421.403565012325998, 2545810.532857614103705, 0.0 ], [ 256427.338833468646044, 2545790.715008487924933, 0.0 ], [ 256439.733901430823607, 2545783.423096907325089, 0.0 ], [ 256451.753772424301133, 2545746.665686989668757, 0.0 ], [ 256457.394062284147367, 2545727.628209369257092, 0.0 ], [ 256466.054772266041255, 2545711.422445672564209, 0.0 ], [ 256479.424723860691302, 2545650.378985980059952, 0.0 ], [ 256493.71410453718272, 2545589.099058870691806, 0.0 ], [ 256498.25528947103885, 2545571.852155917324126, 0.0 ], [ 256493.059102726692799, 2545536.038678027223796, 0.0 ], [ 256490.561342666274868, 2545502.17577537894249, 0.0 ], [ 256486.426282606233144, 2545474.876343038864434, 0.0 ], [ 256498.554939072171692, 2545425.818972182460129, 0.0 ], [ 256514.584901238995371, 2545402.292119206395, 0.0 ], [ 256528.260921323642833, 2545404.397166116163135, 0.0 ], [ 256622.696630876074778, 2545579.696216098498553, 0.0 ], [ 256679.003770660492592, 2545693.457129930146039, 0.0 ], [ 256700.985247553413501, 2545739.745869724079967, 0.0 ], [ 256737.167021013796329, 2545839.540330942254514, 0.0 ], [ 256778.719960580638144, 2545979.688118483871222, 0.0 ], [ 256780.495130427065305, 2545987.969013306777924, 0.0 ], [ 256792.171217521216022, 2546043.953112496528774, 0.0 ], [ 256810.990893888811115, 2546173.721957593224943, 0.0 ], [ 256830.372390259581152, 2546287.527200076729059, 0.0 ], [ 256844.619986986566801, 2546356.654307808727026, 0.0 ], [ 256868.287488364614546, 2546367.793784648180008, 0.0 ], [ 256890.511107097321656, 2546365.772041970863938, 0.0 ], [ 256997.826811570412247, 2546317.168661845382303, 0.0 ], [ 257104.797496430110186, 2546272.560324762482196, 0.0 ], [ 257233.817936636565719, 2546227.817933257203549, 0.0 ], [ 257597.37031439380371, 2546104.724411096889526, 0.0 ], [ 257772.144354089192348, 2546034.984535553492606, 0.0 ], [ 257790.767091233603423, 2546032.246704893186688, 0.0 ], [ 257807.871744609466987, 2546043.493479049298912, 0.0 ], [ 257906.265741914452519, 2546281.00132231740281, 0.0 ], [ 257910.845504944853019, 2546297.879032232332975, 0.0 ], [ 257962.554561271303101, 2546489.827699260320514, 0.0 ], [ 257978.241438514814945, 2546616.766793911810964, 0.0 ], [ 257983.56205641219276, 2546724.151592195499688, 0.0 ], [ 257995.403936778311618, 2546962.501070846337825, 0.0 ], [ 257986.284046549088089, 2547083.857209559064358, 0.0 ], [ 257965.991550719889347, 2547040.198978564236313, 0.0 ], [ 257949.655481718509691, 2547019.300631615333259, 0.0 ], [ 257782.162032424705103, 2546897.579910713247955, 0.0 ], [ 257775.312659035698744, 2546892.593871234916151, 0.0 ], [ 257768.227171500213444, 2546892.043427846394479, 0.0 ], [ 257591.811008307966404, 2546878.493356504943222, 0.0 ], [ 257325.346960560273146, 2546839.588254129979759, 0.0 ], [ 257319.694979756808607, 2546864.276091550011188, 0.0 ], [ 257353.634970822196919, 2546914.582361031323671, 0.0 ], [ 257375.295902757847216, 2546966.638262409716845, 0.0 ], [ 257405.438601032365113, 2547080.269870465155691, 0.0 ], [ 257324.05748482272611, 2547077.042671829462051, 0.0 ], [ 257024.425100117339753, 2547048.097008333075792, 0.0 ], [ 256926.966090649541002, 2547230.049500244203955, 0.0 ], [ 256817.463401473069098, 2547409.095772684086114, 0.0 ], [ 256611.597083113534609, 2547362.685451915953308, 0.0 ], [ 256577.879028576920973, 2547446.328941091895103, 0.0 ], [ 256264.974154409021139, 2547389.250539585482329, 0.0 ], [ 256233.731188856676454, 2547397.846017576288432, 0.0 ] ] ] } },
{ "type": "Feature", "properties": { "Name": "38 GOMTIPUR", "ward_id": "38", "ward_name": "GOMTIPUR" }, "geometry": { "type": "Polygon", "coordinates": [ [ [ 254645.209825374768116, 2548341.218484592158347, 0.0 ], [ 254617.959619712230051, 2548355.513801181688905, 0.0 ], [ 254567.736684115225216, 2548369.741771462373435, 0.0 ], [ 254541.705216355185257, 2548420.912815790623426, 0.0 ], [ 254523.328269277466461, 2548451.017978094518185, 0.0 ], [ 254494.413401971309213, 2548470.105079601053149, 0.0 ], [ 254437.318854153971188, 2548503.059961143881083, 0.0 ], [ 254414.56663963230676, 2548510.191040130797774, 0.0 ], [ 254358.834840247873217, 2548469.776006397791207, 0.0 ], [ 254165.292653775657527, 2548449.346298415213823, 0.0 ], [ 254161.530170809448464, 2548207.204340767581016, 0.0 ], [ 254179.30609954870306, 2548027.753407964948565, 0.0 ], [ 254216.100301589729497, 2547869.818191580474377, 0.0 ], [ 254246.629687956679845, 2547798.961788256652653, 0.0 ], [ 254361.581252229749225, 2547422.141483839601278, 0.0 ], [ 254504.90423542165081, 2547017.491954452823848, 0.0 ], [ 254666.536384447070304, 2547023.491781486663967, 0.0 ], [ 254741.529570565267932, 2546999.663804206531495, 0.0 ], [ 254743.063045629067346, 2547118.634718248154968, 0.0 ], [ 254850.59035512819537, 2547064.803760279435664, 0.0 ], [ 254959.885248997074086, 2547037.536039545200765, 0.0 ], [ 254966.522809951071395, 2547035.765743095427752, 0.0 ], [ 255203.224562858522404, 2546984.926238173153251, 0.0 ], [ 255293.158529558510054, 2546971.604763892479241, 0.0 ], [ 255375.866497367387637, 2546955.41008437378332, 0.0 ], [ 255567.515293796401238, 2546921.597836795262992, 0.0 ], [ 255567.621434755739756, 2546921.81770126381889, 0.0 ], [ 255571.35084655683022, 2546974.496028902474791, 0.0 ], [ 255618.625802097667474, 2546967.854169931728393, 0.0 ], [ 255907.367922029312467, 2546957.949160526972264, 0.0 ], [ 255962.252230033365777, 2547072.395529154222459, 0.0 ], [ 255962.3565634318511, 2547072.504629072733223, 0.0 ], [ 255743.812227230868302, 2547180.318257204256952, 0.0 ], [ 255706.065071587741841, 2547205.196904114913195, 0.0 ], [ 255707.293852823146153, 2547261.793791954871267, 0.0 ], [ 255468.795194742589956, 2547289.609283315483481, 0.0 ], [ 255341.609506108361529, 2547295.116505081765354, 0.0 ], [ 255342.774600827833638, 2547316.259655829519033, 0.0 ], [ 255343.469609750231029, 2547327.438779273070395, 0.0 ], [ 255344.734289550746325, 2547329.523299964144826, 0.0 ], [ 255360.63355580312782, 2547354.85815790714696, 0.0 ], [ 255368.906825261306949, 2547365.359784109983593, 0.0 ], [ 255380.891423981840489, 2547383.335091954097152, 0.0 ], [ 255385.547201478562783, 2547392.122937079053372, 0.0 ], [ 255387.664611097803572, 2547396.187900638673455, 0.0 ], [ 255391.9225305840082, 2547399.442404753528535, 0.0 ], [ 255401.893650738260476, 2547407.14646192220971, 0.0 ], [ 255403.762670516094659, 2547408.556358562782407, 0.0 ], [ 255410.684576610598015, 2547411.656658002641052, 0.0 ], [ 255442.128245571540901, 2547427.985357613768429, 0.0 ], [ 255551.911121839744737, 2547418.219636084511876, 0.0 ], [ 255725.238336337322835, 2547406.534052760340273, 0.0 ], [ 256082.105807218817063, 2547423.443520500790328, 0.0 ], [ 256231.562406799028395, 2547400.074998867232352, 0.0 ], [ 256262.805366802582284, 2547391.479515813756734, 0.0 ], [ 256575.710208666336257, 2547448.557868851348758, 0.0 ], [ 256609.428245126648108, 2547364.914373061154038, 0.0 ], [ 256815.294543668569531, 2547411.324662079103291, 0.0 ], [ 256924.797189192351652, 2547232.278369597624987, 0.0 ], [ 257022.256156140734674, 2547050.325859501957893, 0.0 ], [ 257321.888505725568393, 2547079.271476198919117, 0.0 ], [ 257403.269611643743701, 2547082.498662054073066, 0.0 ], [ 257373.126898914691992, 2546968.867056995164603, 0.0 ], [ 257351.465961400943343, 2546916.811158226802945, 0.0 ], [ 257317.525966674991651, 2546866.504893318749964, 0.0 ], [ 257323.177942715206882, 2546841.817054625600576, 0.0 ], [ 257589.641961368324701, 2546880.722115593031049, 0.0 ], [ 257766.058103310322622, 2546894.27215933194384, 0.0 ], [ 257773.143589993560454, 2546894.822601612191647, 0.0 ], [ 257779.992963281925768, 2546899.8086400879547, 0.0 ], [ 257947.486410080164205, 2547021.529336463660002, 0.0 ], [ 257963.822480302886106, 2547042.42768116062507, 0.0 ], [ 257984.114980526734143, 2547086.085909629240632, 0.0 ], [ 257978.950479026563698, 2547102.899136569350958, 0.0 ], [ 257979.56774123897776, 2547745.386498343665153, 0.0 ], [ 257701.319149186689174, 2547706.001714742742479, 0.0 ], [ 257491.059825001371792, 2547698.207624143455178, 0.0 ], [ 257384.869978042086586, 2547701.696679006330669, 0.0 ], [ 257327.790364180633333, 2547710.707600557245314, 0.0 ], [ 257156.398735670518363, 2547709.269818180240691, 0.0 ], [ 256936.886732690996723, 2547719.138838801067322, 0.0 ], [ 256792.46563974217861, 2547749.288297897670418, 0.0 ], [ 256686.177847669227049, 2547784.693047743756324, 0.0 ], [ 256680.199133175250608, 2547921.954908590298146, 0.0 ], [ 256572.714181542745791, 2547889.794678784906864, 0.0 ], [ 256500.719063076219754, 2547870.687128202524036, 0.0 ], [ 256451.754395790485432, 2547867.82547332951799, 0.0 ], [ 256413.977640242665075, 2547878.188657152466476, 0.0 ], [ 256337.438550925260643, 2547907.684202038217336, 0.0 ], [ 256248.779996641358593, 2547936.047478837426752, 0.0 ], [ 256173.656894284737064, 2547951.67142518190667, 0.0 ], [ 256088.131920980842551, 2547964.584141300525516, 0.0 ], [ 256038.561301501787966, 2547968.603062360081822, 0.0 ], [ 255893.921000134607311, 2547953.560312113258988, 0.0 ], [ 255815.108579452644335, 2547956.726135851349682, 0.0 ], [ 255740.447457519738236, 2547956.611708052456379, 0.0 ], [ 255658.559194529399974, 2547959.828425088897347, 0.0 ], [ 255563.546587500313763, 2547956.279197987169027, 0.0 ], [ 255474.945271671575028, 2547956.614765651524067, 0.0 ], [ 255515.531662565568695, 2548024.314895720686764, 0.0 ], [ 255531.998945973697118, 2548059.390685170888901, 0.0 ], [ 255475.814524752437137, 2548305.720564433373511, 0.0 ], [ 255420.821817101212218, 2548392.262725819367915, 0.0 ], [ 255042.366350041382248, 2548364.644060253631324, 0.0 ], [ 254966.624215477495454, 2548423.827732640784234, 0.0 ], [ 254909.384298225777457, 2548378.892740843817592, 0.0 ], [ 254854.648701581929345, 2548342.891576871741563, 0.0 ], [ 254705.144468821585178, 2548249.827961271163076, 0.0 ], [ 254645.209825374768116, 2548341.218484592158347, 0.0 ] ] ] } },
{ "type": "Feature", "properties": { "Name": "37 MANINAGAR", "ward_id": "37", "ward_name": "MANINAGAR" }, "geometry": { "type": "Polygon", "coordinates": [ [ [ 254522.791331420681672, 2546979.882970803882927, 0.0 ], [ 254507.205697259865701, 2547024.013510721269995, 0.0 ], [ 254157.984735451173037, 2546917.601431641727686, 0.0 ], [ 254079.953899662097683, 2546906.248524826951325, 0.0 ], [ 254020.246739271766273, 2546886.507551765535027, 0.0 ], [ 253936.393066019605612, 2546869.710886359680444, 0.0 ], [ 253792.608391451853095, 2546863.979978473391384, 0.0 ], [ 253749.387005624361336, 2546842.640100912656635, 0.0 ], [ 253692.010253320477204, 2546908.730424678884447, 0.0 ], [ 253422.86761556842248, 2546863.954232261981815, 0.0 ], [ 253233.643472298688721, 2546826.843544237315655, 0.0 ], [ 253275.1316151797364, 2546680.24057147372514, 0.0 ], [ 253277.992945519537898, 2546648.394499124027789, 0.0 ], [ 253279.362373270880198, 2546575.688451474998146, 0.0 ], [ 253293.462503699760418, 2546453.800497682299465, 0.0 ], [ 253291.688764035177883, 2546339.596853563096374, 0.0 ], [ 253293.211036977008916, 2546207.500593869946897, 0.0 ], [ 253297.933649779006373, 2546151.58081321651116, 0.0 ], [ 253322.028893682349008, 2545994.959862526506186, 0.0 ], [ 253320.58853801319492, 2545851.056972298305482, 0.0 ], [ 253307.575539936427958, 2545826.895148928277194, 0.0 ], [ 253304.534497261367505, 2545754.150841736700386, 0.0 ], [ 253297.825604589568684, 2545614.212430595420301, 0.0 ], [ 253297.297377318143845, 2545369.690103924367577, 0.0 ], [ 253296.316283096501138, 2545266.220983014442027, 0.0 ], [ 253291.989830186299514, 2545046.469046426936984, 0.0 ], [ 253286.840524591010762, 2544626.629807978868484, 0.0 ], [ 253437.767860495107016, 2544597.450530443806201, 0.0 ], [ 253485.801058998098597, 2544448.969288038555533, 0.0 ], [ 253516.983458670059917, 2544330.015224455390126, 0.0 ], [ 253567.522078869165853, 2544327.967718024738133, 0.0 ], [ 253565.033441129256971, 2544313.826437483076006, 0.0 ], [ 253581.947426274069585, 2544313.105928499251604, 0.0 ], [ 253894.277522948832484, 2544298.903064216021448, 0.0 ], [ 254346.210157278284896, 2544272.231072602793574, 0.0 ], [ 254358.379547565826215, 2544269.927037679590285, 0.0 ], [ 254375.559548435849138, 2544266.654752667993307, 0.0 ], [ 254916.566550286166603, 2544115.671411221846938, 0.0 ], [ 254982.169746940227924, 2544106.402951842173934, 0.0 ], [ 255140.093767172133084, 2544078.124773667659611, 0.0 ], [ 255136.735652048897464, 2544136.458315250929445, 0.0 ], [ 255127.716103213082533, 2544168.403785386588424, 0.0 ], [ 255092.43076147561078, 2544206.317035716027021, 0.0 ], [ 255081.898674150899751, 2544246.153735993430018, 0.0 ], [ 255062.861806213506497, 2544248.790678784251213, 0.0 ], [ 255025.733074258518172, 2544261.694186175707728, 0.0 ], [ 254993.845444883365417, 2544306.643313212320209, 0.0 ], [ 255019.138638886448462, 2544316.535084987990558, 0.0 ], [ 255056.889422835898586, 2544461.395438636187464, 0.0 ], [ 255036.870652987621725, 2544466.707561504561454, 0.0 ], [ 255093.791392026905669, 2544623.443106188904494, 0.0 ], [ 255125.579081742500421, 2544603.868124319240451, 0.0 ], [ 255228.292828196252231, 2544561.864942495245486, 0.0 ], [ 255326.038258176122326, 2544529.69347540801391, 0.0 ], [ 255409.765257471008226, 2544499.63436684012413, 0.0 ], [ 255463.514206184656359, 2544493.219890126027167, 0.0 ], [ 255499.583190025557997, 2544490.860300985630602, 0.0 ], [ 255501.017096631781897, 2544490.726176693569869, 0.0 ], [ 255499.061594356579008, 2544496.630180805921555, 0.0 ], [ 255475.773772571410518, 2544565.813425545580685, 0.0 ], [ 255372.847066768037621, 2544846.805652834940702, 0.0 ], [ 255288.322240892041009, 2545054.484606090467423, 0.0 ], [ 254989.616182585567003, 2545808.55904325703159, 0.0 ], [ 254833.769969128334196, 2546195.456074011977762, 0.0 ], [ 254771.66865114486427, 2546374.63138809427619, 0.0 ], [ 254741.163983508158708, 2546428.53369401441887, 0.0 ], [ 254633.763688939186977, 2546697.530664360150695, 0.0 ], [ 254522.791331420681672, 2546979.882970803882927, 0.0 ] ] ] } },
{ "type": "Feature", "properties": { "Name": "36 DANILIMDA", "ward_id": "36", "ward_name": "DANILIMDA" }, "geometry": { "type": "Polygon", "coordinates": [ [ [ 253164.589787585893646, 2547034.096636619884521, 0.0 ], [ 253125.834241696051322, 2547091.019449723418802, 0.0 ], [ 252993.139467754721409, 2547005.006770860869437, 0.0 ], [ 252945.742756652005482, 2546979.305881946347654, 0.0 ], [ 252878.856849069823511, 2546953.482731096912175, 0.0 ], [ 252692.361810494272504, 2546882.872720914892852, 0.0 ], [ 252367.071705603710143, 2546779.762655671685934, 0.0 ], [ 252051.552315783017548, 2546678.602974320296198, 0.0 ], [ 252012.344719926913967, 2546527.898939622100443, 0.0 ], [ 251984.880090039310744, 2546442.372457892168313, 0.0 ], [ 252094.405421257717535, 2546422.725208984222263, 0.0 ], [ 252334.636964096367592, 2546374.109138677828014, 0.0 ], [ 252358.834512308327248, 2546373.599268130492419, 0.0 ], [ 252619.530879343103152, 2546396.669525551609695, 0.0 ], [ 252629.54306255991105, 2546082.94468407984823, 0.0 ], [ 252560.915047943039099, 2546088.617977503221482, 0.0 ], [ 252526.922688217397081, 2546086.075710716657341, 0.0 ], [ 252505.953093582967995, 2546083.318904443643987, 0.0 ], [ 252486.8140527412761, 2546054.715873961802572, 0.0 ], [ 252406.947570447111502, 2545839.088503502774984, 0.0 ], [ 252378.361285532359034, 2545809.865707743912935, 0.0 ], [ 252325.467575654329266, 2545755.892438504379243, 0.0 ], [ 252313.587600897852099, 2545744.565265932586044, 0.0 ], [ 252282.394649264897453, 2545638.158871288876981, 0.0 ], [ 252286.932892004726455, 2545577.477121826726943, 0.0 ], [ 252166.538543521834072, 2545492.042692764662206, 0.0 ], [ 252162.630467522045365, 2545447.898440265562385, 0.0 ], [ 252139.165856995619833, 2545387.235418708994985, 0.0 ], [ 252139.428073078510351, 2545266.349584886338562, 0.0 ], [ 252129.325045105069876, 2545219.759169803000987, 0.0 ], [ 252123.620366230315994, 2545178.636131380684674, 0.0 ], [ 252128.739049982541474, 2545165.588222035206854, 0.0 ], [ 251852.774012221634621, 2545088.927954558748752, 0.0 ], [ 251886.475907842832385, 2544992.973458712920547, 0.0 ], [ 251972.842933607636951, 2544769.063375828787684, 0.0 ], [ 251994.361757677397691, 2544717.962338725104928, 0.0 ], [ 252068.735648780071642, 2544649.812612959183753, 0.0 ], [ 252106.4506828020385, 2544604.206137036439031, 0.0 ], [ 252197.303328435111325, 2544459.112696065567434, 0.0 ], [ 252197.860588730167365, 2544405.809359906241298, 0.0 ], [ 252178.344217734731501, 2544366.908433919306844, 0.0 ], [ 252152.963132850214606, 2544345.610423594713211, 0.0 ], [ 252141.289225937129231, 2544328.185947007499635, 0.0 ], [ 252123.896478062641108, 2544256.342840106692165, 0.0 ], [ 252125.967890621541301, 2544207.77885992731899, 0.0 ], [ 252141.046625496266643, 2544133.073504987172782, 0.0 ], [ 252150.275677456113044, 2544070.652489644475281, 0.0 ], [ 252168.951520609087311, 2543996.331088700331748, 0.0 ], [ 252168.688256610534154, 2543986.585151773411781, 0.0 ], [ 252209.673628213116899, 2543884.085606459528208, 0.0 ], [ 252240.285286305763293, 2543843.028791594784707, 0.0 ], [ 252259.629746098216856, 2543815.453553315717727, 0.0 ], [ 252287.185044007288525, 2543775.666017289273441, 0.0 ], [ 252345.215118553926004, 2543730.05817368067801, 0.0 ], [ 252389.169148738437798, 2543689.335952501278371, 0.0 ], [ 252461.87633175496012, 2543675.286031394265592, 0.0 ], [ 252715.263170379417716, 2543619.151805211324245, 0.0 ], [ 252799.793298766657244, 2543656.541020994074643, 0.0 ], [ 252873.162980360270012, 2543689.017409360036254, 0.0 ], [ 253015.613147629628656, 2543780.189929287880659, 0.0 ], [ 253053.305824144714279, 2543820.344338779803365, 0.0 ], [ 253085.845486159407301, 2543871.552448123227805, 0.0 ], [ 253142.043248480797047, 2543964.142862162552774, 0.0 ], [ 253169.583166588941822, 2544060.749510468449444, 0.0 ], [ 253250.915813132771291, 2544066.062043849844486, 0.0 ], [ 253368.089059176185401, 2544073.778440816793591, 0.0 ], [ 253396.833236830367241, 2544062.559469662606716, 0.0 ], [ 253460.907576560799498, 2544078.903638858813792, 0.0 ], [ 253567.930408044427168, 2544105.734428091906011, 0.0 ], [ 253603.015864563174546, 2544112.139494540635496, 0.0 ], [ 253621.332275122083956, 2544115.606369249988347, 0.0 ], [ 253611.349261974508408, 2544144.909743161872029, 0.0 ], [ 253561.115348221617751, 2544284.45177386701107, 0.0 ], [ 253559.054357279732358, 2544290.136241540778428, 0.0 ], [ 253560.079043949896004, 2544296.324102488812059, 0.0 ], [ 253562.792771657550475, 2544311.680464978795499, 0.0 ], [ 253565.281411645846674, 2544325.821745340712368, 0.0 ], [ 253514.7427836972347, 2544327.869258664082736, 0.0 ], [ 253483.560394671134418, 2544446.823327817488462, 0.0 ], [ 253435.527208008308662, 2544595.304578414652497, 0.0 ], [ 253284.599851980630774, 2544624.483876789454371, 0.0 ], [ 253289.749213429429801, 2545044.323119246400893, 0.0 ], [ 253294.075695833307691, 2545264.075057709123939, 0.0 ], [ 253295.056803778832546, 2545367.544179644901305, 0.0 ], [ 253295.585063194099348, 2545612.066508986987174, 0.0 ], [ 253302.293975279404549, 2545752.004920783918351, 0.0 ], [ 253305.335027976572746, 2545824.749228377826512, 0.0 ], [ 253318.348031287634512, 2545848.911050248891115, 0.0 ], [ 253319.788406058563851, 2545992.813941895030439, 0.0 ], [ 253295.693178871704731, 2546149.434897616971284, 0.0 ], [ 253290.970572652557166, 2546205.354679540265352, 0.0 ], [ 253289.448316793219419, 2546337.450940921436995, 0.0 ], [ 253291.222071720316308, 2546451.654586079064757, 0.0 ], [ 253277.12195503921248, 2546573.54254315700382, 0.0 ], [ 253275.752536608808441, 2546646.24859180720523, 0.0 ], [ 253272.891209992172662, 2546678.094664902426302, 0.0 ], [ 253231.403079753828933, 2546824.697644953615963, 0.0 ], [ 253186.974632850702619, 2546979.548261561896652, 0.0 ], [ 253164.589787585893646, 2547034.096636619884521, 0.0 ] ] ] } },
{ "type": "Feature", "properties": { "Name": "35 BAHERAMPURA", "ward_id": "35", "ward_name": "BAHERAMPURA" }, "geometry": { "type": "Polygon", "coordinates": [ [ [ 252619.458616179937962, 2546392.283092211000621, 0.0 ], [ 252358.762173705850728, 2546369.212829176802188, 0.0 ], [ 252334.564618407574017, 2546369.722699190024287, 0.0 ], [ 252094.333003833773546, 2546418.338764005340636, 0.0 ], [ 251984.807639989070594, 2546437.986010419670492, 0.0 ], [ 252012.27227518404834, 2546523.512492370791733, 0.0 ], [ 252051.479877708974527, 2546674.216527257114649, 0.0 ], [ 251915.28558913312736, 2546699.844892825465649, 0.0 ], [ 251842.491047139774309, 2546720.105345602612942, 0.0 ], [ 251826.744187016418437, 2546723.0248047481291, 0.0 ], [ 251379.910564343910664, 2546806.315073951613158, 0.0 ], [ 251372.100469341967255, 2546780.628094276878983, 0.0 ], [ 251212.118813130800845, 2546429.051495102699846, 0.0 ], [ 251017.775682507781312, 2546090.233540392015129, 0.0 ], [ 250761.707127346599009, 2545753.327778748702258, 0.0 ], [ 250324.020983581111068, 2545203.714503933675587, 0.0 ], [ 250300.744407779333415, 2545185.7084941547364, 0.0 ], [ 250164.627554261591285, 2545081.04897602647543, 0.0 ], [ 249820.744162235088879, 2544789.049740842543542, 0.0 ], [ 249454.314011768437922, 2544493.000825789757073, 0.0 ], [ 249215.971013358765049, 2544287.562167817726731, 0.0 ], [ 248959.402983679930912, 2544072.348071631509811, 0.0 ], [ 248635.579727067291969, 2543896.931697916705161, 0.0 ], [ 248089.276016591582447, 2543643.919177286326885, 0.0 ], [ 248166.64064028361463, 2543509.882582831662148, 0.0 ], [ 248359.566593487834325, 2543256.351669767871499, 0.0 ], [ 248426.645239882083843, 2543181.767884735483676, 0.0 ], [ 248550.412609417864587, 2543092.164710928220302, 0.0 ], [ 248704.42100532996119, 2543019.453167651314288, 0.0 ], [ 248829.059698263910832, 2542975.709741257596761, 0.0 ], [ 249028.48310368185048, 2542949.9986178916879, 0.0 ], [ 249378.864664369612001, 2542908.366926377639174, 0.0 ], [ 249710.591451612359378, 2542867.718833667691797, 0.0 ], [ 249871.281218692078255, 2542838.564217411912978, 0.0 ], [ 250038.184798620495712, 2542819.058521379251033, 0.0 ], [ 250199.192704840534134, 2542796.661040239036083, 0.0 ], [ 250577.079484983405564, 2542736.873182422015816, 0.0 ], [ 250993.692039070359897, 2542661.274439719505608, 0.0 ], [ 251713.849842542491388, 2542589.870307114440948, 0.0 ], [ 252180.060490338306408, 2542529.109379740897566, 0.0 ], [ 252723.44403009529924, 2542545.096190738491714, 0.0 ], [ 252724.77738325719838, 2542545.074271011166275, 0.0 ], [ 252721.954122762370389, 2542554.316915355622768, 0.0 ], [ 252643.211517593736062, 2542812.4415019354783, 0.0 ], [ 252519.177004533063155, 2543142.777015302330256, 0.0 ], [ 252489.005100770125864, 2543248.08873385284096, 0.0 ], [ 252505.378332914784551, 2543295.462477695196867, 0.0 ], [ 252498.741092527779983, 2543471.851753895170987, 0.0 ], [ 252469.041650932049379, 2543593.332418393343687, 0.0 ], [ 252461.804108822048875, 2543670.899606760591269, 0.0 ], [ 252389.096904141508276, 2543684.949526209849864, 0.0 ], [ 252345.142859837971628, 2543725.671746240928769, 0.0 ], [ 252287.11276690865634, 2543771.279588371515274, 0.0 ], [ 252259.557459695031866, 2543811.067123615648597, 0.0 ], [ 252240.212993381981505, 2543838.642361346166581, 0.0 ], [ 252209.60132505200454, 2543879.699175355490297, 0.0 ], [ 252168.615938233764609, 2543982.198719311505556, 0.0 ], [ 252168.879201999865472, 2543991.944656200241297, 0.0 ], [ 252150.203351036354434, 2544066.266056402120739, 0.0 ], [ 252140.974294401123188, 2544128.687071263324469, 0.0 ], [ 252125.895552753092488, 2544203.39242553897202, 0.0 ], [ 252123.824138047755696, 2544251.956405454780906, 0.0 ], [ 252141.216888718423434, 2544323.799512417521328, 0.0 ], [ 252152.890798486158019, 2544341.223989184014499, 0.0 ], [ 252178.271890103933401, 2544362.521999971009791, 0.0 ], [ 252197.788265561772278, 2544401.422926212660968, 0.0 ], [ 252197.231003412191058, 2544454.726262121461332, 0.0 ], [ 252106.378326648846269, 2544599.81970044830814, 0.0 ], [ 252068.663280167354969, 2544645.426175337750465, 0.0 ], [ 251994.289365185570205, 2544713.575899165589362, 0.0 ], [ 251972.770533209259156, 2544764.676935567054898, 0.0 ], [ 251886.403475111117586, 2544988.587015551980585, 0.0 ], [ 251852.701566598640056, 2545084.541510228998959, 0.0 ], [ 252128.666682511713589, 2545161.201783428899944, 0.0 ], [ 252123.547996850276832, 2545174.24969260301441, 0.0 ], [ 252129.252676085190615, 2545215.3727309666574, 0.0 ], [ 252139.35570552982972, 2545261.963146064896137, 0.0 ], [ 252139.093485531921033, 2545382.848979340400547, 0.0 ], [ 252162.558100985217607, 2545443.512001142371446, 0.0 ], [ 252166.466176724905381, 2545487.656253529246897, 0.0 ], [ 252286.860557659878395, 2545573.090684853028506, 0.0 ], [ 252282.322311668889597, 2545633.77243394497782, 0.0 ], [ 252313.515269036375685, 2545740.17882879730314, 0.0 ], [ 252325.395246903586667, 2545751.506001579109579, 0.0 ], [ 252378.28897051961394, 2545805.479271737392992, 0.0 ], [ 252406.875262857734924, 2545834.702067994046956, 0.0 ], [ 252486.741761644312646, 2546050.329439240973443, 0.0 ], [ 252505.880807170207845, 2546078.932470014318824, 0.0 ], [ 252526.850407843390713, 2546081.689276734832674, 0.0 ], [ 252560.842777419107733, 2546084.231544254347682, 0.0 ], [ 252629.470812265120912, 2546078.558252362068743, 0.0 ], [ 252619.458616179937962, 2546392.283092211000621, 0.0 ] ] ] } },
{ "type": "Feature", "properties": { "Name": "34 MAKTAMPURA", "ward_id": "34", "ward_name": "MAKTAMPURA" }, "geometry": { "type": "Polygon", "coordinates": [ [ [ 246124.253374303574674, 2546141.809992205351591, 0.0 ], [ 245810.067991519754287, 2546032.774653900880367, 0.0 ], [ 245745.3539203441469, 2546015.254965350031853, 0.0 ], [ 245687.917305065813707, 2546021.656806925777346, 0.0 ], [ 245638.571256117254961, 2546033.35125378286466, 0.0 ], [ 245646.874940498470096, 2545954.318065397441387, 0.0 ], [ 245669.525385378074134, 2545644.237010450102389, 0.0 ], [ 245672.36382016108837, 2545593.773095075506717, 0.0 ], [ 245716.781269139435608, 2545078.668949454557151, 0.0 ], [ 245719.542579917440889, 2545035.741083157248795, 0.0 ], [ 245725.873147732549114, 2544955.190281542949378, 0.0 ], [ 245733.796784542122623, 2544902.091916710138321, 0.0 ], [ 245754.41609524996602, 2544841.46569812996313, 0.0 ], [ 245786.371312501956709, 2544765.689235876780003, 0.0 ], [ 245501.700099638605025, 2544632.445745382923633, 0.0 ], [ 245319.774331889231689, 2544563.394150524865836, 0.0 ], [ 245178.223758947278839, 2544503.964752184227109, 0.0 ], [ 244914.109145833266666, 2544440.189601432997733, 0.0 ], [ 245024.279038081876934, 2544185.686062294058502, 0.0 ], [ 245075.343845507042715, 2544002.768368816468865, 0.0 ], [ 245079.065664319758071, 2543925.807042624801397, 0.0 ], [ 245068.109097959386418, 2543255.405250008683652, 0.0 ], [ 244734.728353576734662, 2542823.383104665670544, 0.0 ], [ 244334.64381087772199, 2542295.102597870398313, 0.0 ], [ 244145.236043515818892, 2542053.554823902435601, 0.0 ], [ 244095.867951324413298, 2541968.188249563798308, 0.0 ], [ 244052.244755100429757, 2541695.796229443978518, 0.0 ], [ 244010.749976370076183, 2541506.36089337663725, 0.0 ], [ 243953.030164537922246, 2541497.148793631233275, 0.0 ], [ 243011.915324944275199, 2541377.564445341937244, 0.0 ], [ 242386.730694096942898, 2541030.903077161870897, 0.0 ], [ 242360.935459035710664, 2541016.607357129454613, 0.0 ], [ 242343.264362069690833, 2540907.433331712149084, 0.0 ], [ 242271.693184320727596, 2540916.525804849807173, 0.0 ], [ 242269.811814448679797, 2540872.567945296410471, 0.0 ], [ 242266.980642056907527, 2540827.075061804614961, 0.0 ], [ 242262.946906730736373, 2540783.264861871488392, 0.0 ], [ 242258.658684640249703, 2540736.578058337792754, 0.0 ], [ 242260.179521667509107, 2540699.542746414896101, 0.0 ], [ 242279.496673763933359, 2540611.121120741125196, 0.0 ], [ 242182.691979981143959, 2540614.883920252323151, 0.0 ], [ 242185.779923890775535, 2540579.483844224363565, 0.0 ], [ 242187.821472301642643, 2540530.915747789666057, 0.0 ], [ 242189.494283396139508, 2540490.775244095362723, 0.0 ], [ 242191.028332706628134, 2540454.51533770840615, 0.0 ], [ 242191.735535416693892, 2540435.88778183516115, 0.0 ], [ 242193.509090722131077, 2540395.634754523169249, 0.0 ], [ 242194.285247237014119, 2540357.0609015757218, 0.0 ], [ 242195.596452586760279, 2540343.741705308202654, 0.0 ], [ 242195.573978601722047, 2540264.515653984621167, 0.0 ], [ 242188.126740205363603, 2540135.22152797691524, 0.0 ], [ 242203.924060324701713, 2540116.889661463908851, 0.0 ], [ 242239.056938830442959, 2540059.112260748166591, 0.0 ], [ 242296.031225068494678, 2539976.362239201553166, 0.0 ], [ 242290.183049718791153, 2539940.450343952514231, 0.0 ], [ 242291.650316739251139, 2539924.247548160608858, 0.0 ], [ 242274.297191557881888, 2539929.641597396694124, 0.0 ], [ 242249.753300204902189, 2539826.679568402003497, 0.0 ], [ 242242.354634621355217, 2539688.187779339496046, 0.0 ], [ 242232.726652968878625, 2539623.309387268964201, 0.0 ], [ 242276.610942062747199, 2539399.173450512811542, 0.0 ], [ 242384.062451721198158, 2539285.421389691065997, 0.0 ], [ 242384.236620272335131, 2539259.600635582581162, 0.0 ], [ 242391.467406969401054, 2539226.346017194446176, 0.0 ], [ 242440.248639550845837, 2539168.336077945306897, 0.0 ], [ 242529.950114017527085, 2539150.73586499132216, 0.0 ], [ 242607.620478345983429, 2539119.712664497550577, 0.0 ], [ 242646.364377345889807, 2539134.895956523250788, 0.0 ], [ 242774.126176919875434, 2539104.458490329794586, 0.0 ], [ 242897.641831678862218, 2539143.902065489906818, 0.0 ], [ 242961.501630015671253, 2539163.532937222160399, 0.0 ], [ 243092.373321981664049, 2539195.096112686675042, 0.0 ], [ 243550.834080617845757, 2539305.845713677350432, 0.0 ], [ 243649.799234442500165, 2539344.161754648201168, 0.0 ], [ 243793.41529292188352, 2539443.437103560660034, 0.0 ], [ 243767.348851072863908, 2539364.987501283176243, 0.0 ], [ 243744.20735541722388, 2539277.51297573139891, 0.0 ], [ 243714.432605395501014, 2539180.17888314044103, 0.0 ], [ 243692.330146505875746, 2539063.323444290086627, 0.0 ], [ 243660.159044607076794, 2538951.84715344524011, 0.0 ], [ 243624.536969148844946, 2538884.862348715774715, 0.0 ], [ 243628.009374114248203, 2538847.683646547142416, 0.0 ], [ 243632.165551512240199, 2538784.343380013015121, 0.0 ], [ 243655.658227526204428, 2538675.244177614804357, 0.0 ], [ 243655.704244670807384, 2538617.624916959553957, 0.0 ], [ 243658.086190572328633, 2538594.758614297490567, 0.0 ], [ 243654.868573878979078, 2538574.536082737147808, 0.0 ], [ 243643.615354981506243, 2538504.255701928399503, 0.0 ], [ 243615.460604332765797, 2538441.908402690198272, 0.0 ], [ 243584.700501637969865, 2538395.339745414908975, 0.0 ], [ 243554.067868550861022, 2538374.364873834419996, 0.0 ], [ 243528.422163591923891, 2538356.961741544306278, 0.0 ], [ 243489.116591326426715, 2538344.998979636467993, 0.0 ], [ 243435.259443208255107, 2538328.29782581422478, 0.0 ], [ 243382.013925300328992, 2538281.225881742779166, 0.0 ], [ 243340.577779945830116, 2538240.601264395751059, 0.0 ], [ 243321.994076656585094, 2538222.080919899977744, 0.0 ], [ 243310.674262221175013, 2538202.21801640978083, 0.0 ], [ 243290.141300024988595, 2538165.669687590561807, 0.0 ], [ 243279.862519973656163, 2538146.675507042557001, 0.0 ], [ 243270.931690987636102, 2538104.389317789115012, 0.0 ], [ 243269.62005179177504, 2538045.463398634921759, 0.0 ], [ 243262.024457263032673, 2537942.987353830598295, 0.0 ], [ 243268.149624070210848, 2537868.754489375278354, 0.0 ], [ 243286.67253949289443, 2537859.574610754381865, 0.0 ], [ 243447.981804329203442, 2537875.886599512770772, 0.0 ], [ 243518.983081025508, 2537862.600553883705288, 0.0 ], [ 243541.696958621090744, 2537858.446712019853294, 0.0 ], [ 243602.433530910959234, 2537796.803271368611604, 0.0 ], [ 243646.479286737390794, 2537755.499619747046381, 0.0 ], [ 243688.238047039980302, 2537736.617543729487807, 0.0 ], [ 243688.340651209407952, 2537736.615799073129892, 0.0 ], [ 243694.427211713977158, 2537732.412535507697612, 0.0 ], [ 243702.039654679916566, 2537727.407698278315365, 0.0 ], [ 243729.741756286937743, 2537708.764760872814804, 0.0 ], [ 243727.012681160267675, 2537675.015762924682349, 0.0 ], [ 243735.831938723509666, 2537668.549971586093307, 0.0 ], [ 243760.902278348541586, 2537664.13483065366745, 0.0 ], [ 243793.443938880285714, 2537658.48470178572461, 0.0 ], [ 243799.480668193049496, 2537657.384860910475254, 0.0 ], [ 243813.397247148968745, 2537654.932254012674093, 0.0 ], [ 243834.376608511724044, 2537651.362397433258593, 0.0 ], [ 243873.055766008706996, 2537644.500106055289507, 0.0 ], [ 243892.893321618816117, 2537640.174103164114058, 0.0 ], [ 243940.849335677834461, 2537629.608645491302013, 0.0 ], [ 243958.04164704104187, 2537638.734994643833488, 0.0 ], [ 244059.916563801700249, 2537594.012914350721985, 0.0 ], [ 244053.402305948751746, 2537554.898797524161637, 0.0 ], [ 244062.412590266816551, 2537511.310546212829649, 0.0 ], [ 244074.351735895616002, 2537452.82481729472056, 0.0 ], [ 244081.87467216028017, 2537418.347793517634273, 0.0 ], [ 244097.578755869326415, 2537345.836865898687392, 0.0 ], [ 244106.514962670771638, 2537303.912001089658588, 0.0 ], [ 244110.320303418440744, 2537286.229546153917909, 0.0 ], [ 244114.204907871317118, 2537261.121867293957621, 0.0 ], [ 244117.625373568938812, 2537238.902977710589767, 0.0 ], [ 244124.553916038537864, 2537193.577285883016884, 0.0 ], [ 244113.880355515080737, 2537175.475738345179707, 0.0 ], [ 244104.36553788985475, 2537159.127396800089628, 0.0 ], [ 244118.994885823049117, 2537095.831542992498726, 0.0 ], [ 244131.800765027175657, 2537039.990542598534375, 0.0 ], [ 244136.391397562401835, 2537020.189506555907428, 0.0 ], [ 244137.61662798046018, 2537001.664424723479897, 0.0 ], [ 244140.164077001361875, 2536964.280205570627004, 0.0 ], [ 244135.983672925358405, 2536923.575219158548862, 0.0 ], [ 244150.738707630516728, 2536891.856493992265314, 0.0 ], [ 244161.333782214758685, 2536832.728952237870544, 0.0 ], [ 244183.205883399641607, 2536827.260905502829701, 0.0 ], [ 244230.672135654691374, 2536848.173345255665481, 0.0 ], [ 244283.96539292181842, 2536843.502185916528106, 0.0 ], [ 244288.167712347727502, 2536818.943243201356381, 0.0 ], [ 244287.907318387005944, 2536809.640123731922358, 0.0 ], [ 244286.662884999939706, 2536760.464256342034787, 0.0 ], [ 244292.084616452077171, 2536614.111085268203169, 0.0 ], [ 244362.362822040566243, 2536618.349045663606375, 0.0 ], [ 244551.269392597518163, 2536645.397540844511241, 0.0 ], [ 244736.745237121969694, 2536663.863709088880569, 0.0 ], [ 244876.954582892474718, 2536688.305578086990863, 0.0 ], [ 245005.601840470451862, 2536739.204596809577197, 0.0 ], [ 245152.011538741440745, 2536802.657605158165097, 0.0 ], [ 245283.946995787206106, 2536878.212324234191328, 0.0 ], [ 245385.423478219570825, 2536918.825344546232373, 0.0 ], [ 245470.433409261895576, 2536956.836052694823593, 0.0 ], [ 245662.786238314496586, 2537012.205113694537431, 0.0 ], [ 245818.323210182628827, 2537032.961772249545902, 0.0 ], [ 245923.416397020366276, 2537105.649944445583969, 0.0 ], [ 246029.945078256423585, 2537196.596991943195462, 0.0 ], [ 246098.816254875448067, 2537227.237377631478012, 0.0 ], [ 246225.886765093746362, 2537282.60449236119166, 0.0 ], [ 246330.275206006830558, 2537319.739399466197938, 0.0 ], [ 246403.534251424338436, 2537373.354103861376643, 0.0 ], [ 246510.241490821063053, 2537438.594906653277576, 0.0 ], [ 246589.439328070642659, 2537485.351591411978006, 0.0 ], [ 246868.109414623322664, 2537376.626780294813216, 0.0 ], [ 247232.014004145079525, 2537723.535243868362159, 0.0 ], [ 247679.163450114894658, 2538170.329353896901011, 0.0 ], [ 247992.671736961667193, 2538525.18754218891263, 0.0 ], [ 248077.836691717995564, 2538763.758750808890909, 0.0 ], [ 248022.67792953341268, 2539411.09565944224596, 0.0 ], [ 247787.841655327705666, 2539880.281624306924641, 0.0 ], [ 247545.622294171305839, 2540116.248326241970062, 0.0 ], [ 247199.826709091285011, 2540239.389177112374455, 0.0 ], [ 246572.74377347988775, 2540165.720664715860039, 0.0 ], [ 246100.878489396593068, 2540090.235172410961241, 0.0 ], [ 245635.951056348480051, 2540152.486066912766546, 0.0 ], [ 245336.709174197399989, 2540273.001363560091704, 0.0 ], [ 245086.792939985345583, 2540476.234032311942428, 0.0 ], [ 244962.165819362009643, 2540751.698045003693551, 0.0 ], [ 244921.879822367161978, 2541038.698247348424047, 0.0 ], [ 244978.733932665956672, 2541196.627842761110514, 0.0 ], [ 245270.795975502463989, 2541823.153068571351469, 0.0 ], [ 245656.120369469834259, 2542402.342635697685182, 0.0 ], [ 245994.827892491506645, 2542750.082443952560425, 0.0 ], [ 246720.285707379312953, 2543005.437300801742822, 0.0 ], [ 247491.884884842380416, 2543291.517362365499139, 0.0 ], [ 247904.990579437609995, 2543564.804099320899695, 0.0 ], [ 248155.870839258044725, 2543677.827944491058588, 0.0 ], [ 247890.172529901436064, 2544069.86658372124657, 0.0 ], [ 247653.77303163689794, 2544464.743727634195238, 0.0 ], [ 247402.710568533395417, 2544859.207806298974901, 0.0 ], [ 247220.0270021489996, 2545140.61629525385797, 0.0 ], [ 247392.774431701021967, 2545201.754862275440246, 0.0 ], [ 247377.574329024035251, 2545212.869090176187456, 0.0 ], [ 247367.170629356463905, 2545289.608654968440533, 0.0 ], [ 247372.353653833910357, 2545427.02760152425617, 0.0 ], [ 247368.996799198386725, 2545471.405121554154903, 0.0 ], [ 247308.684839714056579, 2545477.738024375401437, 0.0 ], [ 247286.18078295441228, 2545591.24618998542428, 0.0 ], [ 247474.915685059328098, 2545609.124760299455374, 0.0 ], [ 247500.692479302641004, 2545610.907507963944227, 0.0 ], [ 247500.293459032283863, 2545611.579030652996153, 0.0 ], [ 247449.867529759387253, 2545723.894183012656868, 0.0 ], [ 247237.316924281039974, 2545692.677263674791902, 0.0 ], [ 247080.925648215139518, 2545597.470700953621417, 0.0 ], [ 246999.194582553609507, 2545598.847015349660069, 0.0 ], [ 246938.294054449826945, 2545612.836798825766891, 0.0 ], [ 246922.047098087816266, 2545640.922079836484045, 0.0 ], [ 246847.850799315405311, 2545736.354964422527701, 0.0 ], [ 246744.975591796537628, 2545822.077957198955119, 0.0 ], [ 246695.172532639349811, 2545861.477301651146263, 0.0 ], [ 246512.179512473347131, 2545843.40103498287499, 0.0 ], [ 246202.710583082283847, 2545843.640801908448339, 0.0 ], [ 246168.420898748765467, 2545847.987561709713191, 0.0 ], [ 246147.333608525455929, 2545850.560012829955667, 0.0 ], [ 246147.264759745507035, 2545852.555643524974585, 0.0 ], [ 246124.253374303574674, 2546141.809992205351591, 0.0 ] ] ] } },
{ "type": "Feature", "properties": { "Name": "33 SARKHEJ", "ward_id": "33", "ward_name": "SARKHEJ" }, "geometry": { "type": "Polygon", "coordinates": [ [ [ 241033.499194574833382, 2546887.040663834195584, 0.0 ], [ 240465.05178768170299, 2546905.942717088852078, 0.0 ], [ 240456.285845389997121, 2546837.946980504319072, 0.0 ], [ 240431.954496222315356, 2546747.726188658736646, 0.0 ], [ 240364.198301594879013, 2546655.486015746369958, 0.0 ], [ 240375.073130113596562, 2546637.7902173823677, 0.0 ], [ 240348.371946865983773, 2546552.929279673378915, 0.0 ], [ 240327.974534739216324, 2546488.569759570993483, 0.0 ], [ 240328.93346690927865, 2546437.248784691095352, 0.0 ], [ 240319.092648713703966, 2546360.517773228697479, 0.0 ], [ 240371.030097668379312, 2546326.820410801097751, 0.0 ], [ 240365.892958427546546, 2546272.945452113635838, 0.0 ], [ 240345.362377037701663, 2546194.958744551986456, 0.0 ], [ 240253.927170761133311, 2546097.920178388245404, 0.0 ], [ 240258.345581118861446, 2546080.557618214283139, 0.0 ], [ 240267.076834934327053, 2546063.452902134042233, 0.0 ], [ 240260.647211722331122, 2546029.767464361619204, 0.0 ], [ 240287.403266794979572, 2545939.771437691990286, 0.0 ], [ 240261.20430400306941, 2545830.634767476003617, 0.0 ], [ 240236.754567860567477, 2545775.210036313161254, 0.0 ], [ 240217.848706517193932, 2545672.595792289357632, 0.0 ], [ 240215.386724316951586, 2545476.839585437905043, 0.0 ], [ 240192.922483839909546, 2545405.756521595176309, 0.0 ], [ 240178.854544527130201, 2545387.162349117919803, 0.0 ], [ 240138.469068926526234, 2545288.24388514412567, 0.0 ], [ 240094.316295904747676, 2545060.520210932474583, 0.0 ], [ 240168.31806875768234, 2545056.691761444788426, 0.0 ], [ 240219.294041590212146, 2545079.855799242388457, 0.0 ], [ 240392.4263211536163, 2545077.860755413305014, 0.0 ], [ 240427.136037001619115, 2544990.830587271600962, 0.0 ], [ 240509.427359751600306, 2544843.253166505601257, 0.0 ], [ 240509.807127187435981, 2544811.777067903894931, 0.0 ], [ 240576.941517066967208, 2544671.553693016059697, 0.0 ], [ 240585.861173440091079, 2544629.625047672539949, 0.0 ], [ 240637.17540553418803, 2544565.35714366985485, 0.0 ], [ 240628.426243806956336, 2544504.23125476250425, 0.0 ], [ 240649.398028981115203, 2544471.070154783781618, 0.0 ], [ 240654.506554333725944, 2544362.833332928828895, 0.0 ], [ 240727.135726670734584, 2544314.930138999596238, 0.0 ], [ 240733.606794238905422, 2544261.852302534505725, 0.0 ], [ 240735.354349229804939, 2544208.523525542579591, 0.0 ], [ 240719.116176752868341, 2544087.912117933388799, 0.0 ], [ 240697.544447413354646, 2544003.072879671119153, 0.0 ], [ 240689.289891874184832, 2543928.973926261998713, 0.0 ], [ 240694.879129564767936, 2543812.861590170301497, 0.0 ], [ 240680.200976764637744, 2543794.609837553463876, 0.0 ], [ 240681.925153198593762, 2543716.128070601727813, 0.0 ], [ 240699.258198205003282, 2543692.005413787905127, 0.0 ], [ 240692.692997100908542, 2543644.471235536970198, 0.0 ], [ 240675.417231920786435, 2543541.05297567974776, 0.0 ], [ 240675.176708968356252, 2543491.415175969712436, 0.0 ], [ 240695.856557004270144, 2543310.330864620395005, 0.0 ], [ 240705.511855462391395, 2543257.419828115962446, 0.0 ], [ 240724.996097739262041, 2543197.358447439968586, 0.0 ], [ 240719.855127188377082, 2543125.311186538077891, 0.0 ], [ 240739.386117955931695, 2543115.555798518005759, 0.0 ], [ 240719.732772459072294, 2543076.557853377424181, 0.0 ], [ 240747.324829364195466, 2543064.225735480431467, 0.0 ], [ 240749.170250235620188, 2543034.386626444756985, 0.0 ], [ 240779.947806163778296, 2543022.332091019488871, 0.0 ], [ 240818.865111360733863, 2542928.91528281616047, 0.0 ], [ 240898.561502532160375, 2542891.751208330038935, 0.0 ], [ 240946.367205287417164, 2542867.547306164167821, 0.0 ], [ 240979.700791266892338, 2542789.407901563681662, 0.0 ], [ 241006.714987595041748, 2542761.351627382449806, 0.0 ], [ 241006.009229600982508, 2542720.364992131013423, 0.0 ], [ 241028.094620860094437, 2542721.868445724248886, 0.0 ], [ 241012.736999981570989, 2542664.18054110603407, 0.0 ], [ 240990.981695248949109, 2542658.017499844543636, 0.0 ], [ 240975.699761877796846, 2542598.777005268726498, 0.0 ], [ 240970.738441869121743, 2542548.999047490302473, 0.0 ], [ 240975.823159051069524, 2542492.732071437872946, 0.0 ], [ 240994.296569525962695, 2542475.128010776825249, 0.0 ], [ 241068.55795562552521, 2542473.738752814941108, 0.0 ], [ 241139.082095066754846, 2542457.898405913729221, 0.0 ], [ 241237.461353682534536, 2542486.677799275144935, 0.0 ], [ 241301.182484882767312, 2542528.685828797519207, 0.0 ], [ 241339.668518757767742, 2542493.452139414846897, 0.0 ], [ 241375.149628943705466, 2542456.497317292261869, 0.0 ], [ 241405.04041109723039, 2542458.421204684767872, 0.0 ], [ 241420.556563555524917, 2542435.882243575993925, 0.0 ], [ 241434.732666682859417, 2542436.857449788600206, 0.0 ], [ 241464.984083261311753, 2542382.152829249855131, 0.0 ], [ 241431.522332237480441, 2542339.623969696927816, 0.0 ], [ 241431.78506365758949, 2542259.395100045017898, 0.0 ], [ 241487.377632058778545, 2542228.410999828949571, 0.0 ], [ 241500.195742996205809, 2542174.227714020758867, 0.0 ], [ 241505.163333263975801, 2542069.208101068157703, 0.0 ], [ 241531.367242363572586, 2542053.57735420204699, 0.0 ], [ 241536.392106103390688, 2541945.897445199079812, 0.0 ], [ 241696.442752566013951, 2541962.872560427989811, 0.0 ], [ 241702.155035210802453, 2541769.638185828924179, 0.0 ], [ 241715.606894941272913, 2541704.474494225345552, 0.0 ], [ 241746.825879061390879, 2541634.241216693073511, 0.0 ], [ 241830.286783831310458, 2541594.691613668110222, 0.0 ], [ 241874.583843413507566, 2541592.934463776182383, 0.0 ], [ 241879.363163552246988, 2541566.480503540486097, 0.0 ], [ 241988.384153790422715, 2541515.523624014109373, 0.0 ], [ 241953.949827625678154, 2541458.162196495104581, 0.0 ], [ 241933.355953323305584, 2541459.955812157597393, 0.0 ], [ 241907.258820177055895, 2541422.064264623448253, 0.0 ], [ 241982.209657805360621, 2541257.117844111751765, 0.0 ], [ 242091.831138668581843, 2541247.039298322517425, 0.0 ], [ 242142.036547283903928, 2541278.645336845424026, 0.0 ], [ 242389.623600348597392, 2541265.873435268644243, 0.0 ], [ 242378.185216117359232, 2541167.119302859064192, 0.0 ], [ 242381.093213912128704, 2541121.19577530073002, 0.0 ], [ 242386.730694096942898, 2541030.903077161870897, 0.0 ], [ 243011.915324944275199, 2541377.564445341937244, 0.0 ], [ 243953.030164537922246, 2541497.148793631233275, 0.0 ], [ 244010.749976370076183, 2541506.36089337663725, 0.0 ], [ 244052.244755100429757, 2541695.796229443978518, 0.0 ], [ 244095.867951324413298, 2541968.188249563798308, 0.0 ], [ 244145.236043515818892, 2542053.554823902435601, 0.0 ], [ 244334.64381087772199, 2542295.102597870398313, 0.0 ], [ 244734.728353576734662, 2542823.383104665670544, 0.0 ], [ 245068.109097959386418, 2543255.405250008683652, 0.0 ], [ 245079.065664319758071, 2543925.807042624801397, 0.0 ], [ 245075.343845507042715, 2544002.768368816468865, 0.0 ], [ 245024.279038081876934, 2544185.686062294058502, 0.0 ], [ 244914.109145833266666, 2544440.189601432997733, 0.0 ], [ 245178.223758947278839, 2544503.964752184227109, 0.0 ], [ 245319.774331889231689, 2544563.394150524865836, 0.0 ], [ 245501.700099638605025, 2544632.445745382923633, 0.0 ], [ 245786.371312501956709, 2544765.689235876780003, 0.0 ], [ 245754.41609524996602, 2544841.46569812996313, 0.0 ], [ 245733.796784542122623, 2544902.091916710138321, 0.0 ], [ 245725.873147732549114, 2544955.190281542949378, 0.0 ], [ 245719.542579917440889, 2545035.741083157248795, 0.0 ], [ 245716.781269139435608, 2545078.668949454557151, 0.0 ], [ 245672.36382016108837, 2545593.773095075506717, 0.0 ], [ 245669.525385378074134, 2545644.237010450102389, 0.0 ], [ 245646.874940498470096, 2545954.318065397441387, 0.0 ], [ 245540.796828044316499, 2545923.205997702665627, 0.0 ], [ 245504.599899990687845, 2545893.680518328677863, 0.0 ], [ 245401.711948795971693, 2545790.603286591358483, 0.0 ], [ 245312.086343899456551, 2545743.811983553227037, 0.0 ], [ 245234.705421654740348, 2545675.095802952069789, 0.0 ], [ 245119.59600640219287, 2545601.59062910778448, 0.0 ], [ 244895.178988145606127, 2545385.674327565357089, 0.0 ], [ 244894.761259300954407, 2545385.238202106207609, 0.0 ], [ 244892.477821547654457, 2545389.709164116065949, 0.0 ], [ 244706.429282391589368, 2545657.249975363258272, 0.0 ], [ 244599.973961218231125, 2545803.327662599738687, 0.0 ], [ 244511.915820206340868, 2545927.264806455932558, 0.0 ], [ 244498.633718962810235, 2545972.588415382429957, 0.0 ], [ 244564.602074701106176, 2546027.533703295979649, 0.0 ], [ 244812.149778665218037, 2546228.536212109029293, 0.0 ], [ 245038.895183382468531, 2546406.958710406441242, 0.0 ], [ 245118.163962330552749, 2546460.1289326925762, 0.0 ], [ 245178.618040503497468, 2546498.660166856367141, 0.0 ], [ 245236.26682692032773, 2546516.96197076421231, 0.0 ], [ 245266.61561939548119, 2546528.303180081304163, 0.0 ], [ 245301.244864369771676, 2546538.020576027687639, 0.0 ], [ 245338.001157929480541, 2546546.150709481909871, 0.0 ], [ 245416.4942473420233, 2546553.684043784160167, 0.0 ], [ 245624.580091193609405, 2546569.880630606319755, 0.0 ], [ 245931.159435877983924, 2546599.704104389529675, 0.0 ], [ 245933.932444216508884, 2546751.458687180187553, 0.0 ], [ 245942.460012112249387, 2546770.483484979253262, 0.0 ], [ 245937.133930255600717, 2546958.829675774089992, 0.0 ], [ 245928.568594916578149, 2547113.324701748322695, 0.0 ], [ 245587.907313850213541, 2547093.276738223154098, 0.0 ], [ 245318.713201064994792, 2547078.007221424486488, 0.0 ], [ 245157.688802095944993, 2547066.446057606022805, 0.0 ], [ 244892.777697067736881, 2547019.642751081380993, 0.0 ], [ 244476.83213486240129, 2547018.184639028273523, 0.0 ], [ 244110.549424723838456, 2547011.90242584887892, 0.0 ], [ 244026.57425205007894, 2547055.772567328065634, 0.0 ], [ 243845.186402373132296, 2547029.170524972956628, 0.0 ], [ 243406.183231468399754, 2546951.125183614436537, 0.0 ], [ 242903.437409552570898, 2546822.880117813590914, 0.0 ], [ 241971.163444328994956, 2546859.483325291890651, 0.0 ], [ 241546.737712353176903, 2546872.767170052044094, 0.0 ], [ 241033.499194574833382, 2546887.040663834195584, 0.0 ] ] ] } },
{ "type": "Feature", "properties": { "Name": "32 VEJALPUR", "ward_id": "32", "ward_name": "VEJALPUR" }, "geometry": { "type": "Polygon", "coordinates": [ [ [ 246711.546894330327632, 2547221.31245281919837, 0.0 ], [ 246489.439525875641266, 2547163.676584364846349, 0.0 ], [ 246109.779839673195966, 2547123.887737610377371, 0.0 ], [ 245928.568594916578149, 2547113.324701748322695, 0.0 ], [ 245937.133930255600717, 2546958.829675774089992, 0.0 ], [ 245942.460012112249387, 2546770.483484979253262, 0.0 ], [ 245933.932444216508884, 2546751.458687180187553, 0.0 ], [ 245931.159435877983924, 2546599.704104389529675, 0.0 ], [ 245624.580091193609405, 2546569.880630606319755, 0.0 ], [ 245416.4942473420233, 2546553.684043784160167, 0.0 ], [ 245338.001157929480541, 2546546.150709481909871, 0.0 ], [ 245301.244864369771676, 2546538.020576027687639, 0.0 ], [ 245266.61561939548119, 2546528.303180081304163, 0.0 ], [ 245236.26682692032773, 2546516.96197076421231, 0.0 ], [ 245178.618040503497468, 2546498.660166856367141, 0.0 ], [ 245118.163962330552749, 2546460.1289326925762, 0.0 ], [ 245038.895183382468531, 2546406.958710406441242, 0.0 ], [ 244812.149778665218037, 2546228.536212109029293, 0.0 ], [ 244564.602074701106176, 2546027.533703295979649, 0.0 ], [ 244498.633718962810235, 2545972.588415382429957, 0.0 ], [ 244511.915820206340868, 2545927.264806455932558, 0.0 ], [ 244599.973961218231125, 2545803.327662599738687, 0.0 ], [ 244706.429282391589368, 2545657.249975363258272, 0.0 ], [ 244892.477821547654457, 2545389.709164116065949, 0.0 ], [ 244894.761259300954407, 2545385.238202106207609, 0.0 ], [ 244895.178988145606127, 2545385.674327565357089, 0.0 ], [ 245119.59600640219287, 2545601.59062910778448, 0.0 ], [ 245234.705421654740348, 2545675.095802952069789, 0.0 ], [ 245312.086343899456551, 2545743.811983553227037, 0.0 ], [ 245401.711948795971693, 2545790.603286591358483, 0.0 ], [ 245504.599899990687845, 2545893.680518328677863, 0.0 ], [ 245540.796828044316499, 2545923.205997702665627, 0.0 ], [ 245646.874940498470096, 2545954.318065397441387, 0.0 ], [ 245638.571256117254961, 2546033.35125378286466, 0.0 ], [ 245687.917305065813707, 2546021.656806925777346, 0.0 ], [ 245745.3539203441469, 2546015.254965350031853, 0.0 ], [ 245810.067991519754287, 2546032.774653900880367, 0.0 ], [ 246124.253374303574674, 2546141.809992205351591, 0.0 ], [ 246147.264759745507035, 2545852.555643524974585, 0.0 ], [ 246147.333608525455929, 2545850.560012829955667, 0.0 ], [ 246168.420898748765467, 2545847.987561709713191, 0.0 ], [ 246202.710583082283847, 2545843.640801908448339, 0.0 ], [ 246512.179512473347131, 2545843.40103498287499, 0.0 ], [ 246695.172532639349811, 2545861.477301651146263, 0.0 ], [ 246744.975591796537628, 2545822.077957198955119, 0.0 ], [ 246847.850799315405311, 2545736.354964422527701, 0.0 ], [ 246922.047098087816266, 2545640.922079836484045, 0.0 ], [ 246938.294054449826945, 2545612.836798825766891, 0.0 ], [ 246999.194582553609507, 2545598.847015349660069, 0.0 ], [ 247080.925648215139518, 2545597.470700953621417, 0.0 ], [ 247237.316924281039974, 2545692.677263674791902, 0.0 ], [ 247449.867529759387253, 2545723.894183012656868, 0.0 ], [ 247608.198229153844295, 2545733.310443439986557, 0.0 ], [ 247712.624419917468913, 2545739.6447360701859, 0.0 ], [ 247766.364616484323051, 2545739.074626415967941, 0.0 ], [ 247768.596639651397709, 2545780.366438776254654, 0.0 ], [ 247786.016445977875264, 2545828.162163369357586, 0.0 ], [ 247831.541300596174551, 2545961.468653426971287, 0.0 ], [ 247835.352613172231941, 2546041.847186800092459, 0.0 ], [ 247836.516752788593294, 2546160.053787483368069, 0.0 ], [ 247803.026501791464398, 2546291.363018916454166, 0.0 ], [ 247772.164664618845563, 2546347.060971196275204, 0.0 ], [ 247733.73501714784652, 2546416.2932521966286, 0.0 ], [ 247706.95326200814452, 2546464.499088847544044, 0.0 ], [ 247693.752734699781286, 2546484.66534409346059, 0.0 ], [ 247610.300916080799652, 2546462.688430093694478, 0.0 ], [ 247600.063188872823957, 2546476.046022154856473, 0.0 ], [ 247554.391712241020286, 2546535.428386521991342, 0.0 ], [ 247301.715908039273927, 2546514.526306935586035, 0.0 ], [ 247291.901659286057111, 2546553.029272966552526, 0.0 ], [ 247284.237116477190284, 2546585.180306259542704, 0.0 ], [ 247283.217289312568028, 2546616.000678470823914, 0.0 ], [ 247282.234762702777516, 2546649.036482869647443, 0.0 ], [ 247278.103332897706423, 2546702.180619331542403, 0.0 ], [ 247269.381790017388994, 2546708.089174036402255, 0.0 ], [ 247248.085070321714738, 2546722.519640385173261, 0.0 ], [ 247047.787368430406787, 2546699.410844434518367, 0.0 ], [ 246810.452723347814754, 2546675.82111242134124, 0.0 ], [ 246799.68100873180083, 2546809.520757579710335, 0.0 ], [ 246753.261801550921518, 2546806.093136943876743, 0.0 ], [ 246727.473774066689657, 2547040.65573217254132, 0.0 ], [ 246711.546894330327632, 2547221.31245281919837, 0.0 ] ] ] } },
{ "type": "Feature", "properties": { "Name": "31 VASNA", "ward_id": "31", "ward_name": "VASNA" }, "geometry": { "type": "Polygon", "coordinates": [ [ [ 248525.946605288307182, 2546891.198648599442095, 0.0 ], [ 248482.579629726911662, 2547020.898624673485756, 0.0 ], [ 248411.217825629748404, 2546985.640520204789937, 0.0 ], [ 248191.480607098928886, 2546891.597049934323877, 0.0 ], [ 247839.838270361477043, 2546767.084556014742702, 0.0 ], [ 247675.741475460847141, 2546743.470430647023022, 0.0 ], [ 247390.420653450360987, 2546720.678252921905369, 0.0 ], [ 247277.601823047356447, 2546708.948039124719799, 0.0 ], [ 247278.103332897706423, 2546702.180619331542403, 0.0 ], [ 247282.234762702777516, 2546649.036482869647443, 0.0 ], [ 247283.217289312568028, 2546616.000678470823914, 0.0 ], [ 247284.237116477190284, 2546585.180306259542704, 0.0 ], [ 247291.901659286057111, 2546553.029272966552526, 0.0 ], [ 247301.715908039273927, 2546514.526306935586035, 0.0 ], [ 247554.391712241020286, 2546535.428386521991342, 0.0 ], [ 247600.063188872823957, 2546476.046022154856473, 0.0 ], [ 247610.300916080799652, 2546462.688430093694478, 0.0 ], [ 247693.752734699781286, 2546484.66534409346059, 0.0 ], [ 247706.95326200814452, 2546464.499088847544044, 0.0 ], [ 247733.73501714784652, 2546416.2932521966286, 0.0 ], [ 247772.164664618845563, 2546347.060971196275204, 0.0 ], [ 247803.026501791464398, 2546291.363018916454166, 0.0 ], [ 247836.516752788593294, 2546160.053787483368069, 0.0 ], [ 247835.352613172231941, 2546041.847186800092459, 0.0 ], [ 247831.541300596174551, 2545961.468653426971287, 0.0 ], [ 247786.016445977875264, 2545828.162163369357586, 0.0 ], [ 247768.596639651397709, 2545780.366438776254654, 0.0 ], [ 247766.364616484323051, 2545739.074626415967941, 0.0 ], [ 247712.624419917468913, 2545739.6447360701859, 0.0 ], [ 247608.198229153844295, 2545733.310443439986557, 0.0 ], [ 247449.867529759387253, 2545723.894183012656868, 0.0 ], [ 247500.293459032283863, 2545611.579030652996153, 0.0 ], [ 247500.692479302641004, 2545610.907507963944227, 0.0 ], [ 247474.915685059328098, 2545609.124760299455374, 0.0 ], [ 247286.18078295441228, 2545591.24618998542428, 0.0 ], [ 247308.684839714056579, 2545477.738024375401437, 0.0 ], [ 247368.996799198386725, 2545471.405121554154903, 0.0 ], [ 247372.353653833910357, 2545427.02760152425617, 0.0 ], [ 247367.170629356463905, 2545289.608654968440533, 0.0 ], [ 247377.574329024035251, 2545212.869090176187456, 0.0 ], [ 247392.774431701021967, 2545201.754862275440246, 0.0 ], [ 247220.0270021489996, 2545140.61629525385797, 0.0 ], [ 247402.710568533395417, 2544859.207806298974901, 0.0 ], [ 247653.77303163689794, 2544464.743727634195238, 0.0 ], [ 247890.172529901436064, 2544069.86658372124657, 0.0 ], [ 248155.870839258044725, 2543677.827944491058588, 0.0 ], [ 248702.182262359681772, 2543930.842501506675035, 0.0 ], [ 249026.003906117548468, 2544106.260174933820963, 0.0 ], [ 249282.570342478604289, 2544321.475272616371512, 0.0 ], [ 249520.911837869411102, 2544526.91485909698531, 0.0 ], [ 249887.339759382331977, 2544822.965209410525858, 0.0 ], [ 250231.221000827354146, 2545114.965786690823734, 0.0 ], [ 250367.337048274523113, 2545219.625840223859996, 0.0 ], [ 250209.405149289348628, 2545326.735526404809207, 0.0 ], [ 250129.488871012494201, 2545400.195572099648416, 0.0 ], [ 250055.57560864315019, 2545452.171756464522332, 0.0 ], [ 249892.640438007685589, 2545517.264307331293821, 0.0 ], [ 249700.722852788603632, 2545628.159202538896352, 0.0 ], [ 249601.613752346253023, 2545737.620243972633034, 0.0 ], [ 249446.044501262542326, 2545911.956044748891145, 0.0 ], [ 249265.281132326112129, 2546100.675438455305994, 0.0 ], [ 249255.932597364037065, 2546130.526249608490616, 0.0 ], [ 249237.625427724968176, 2546133.712751436047256, 0.0 ], [ 249215.84601560185547, 2546156.236680302303284, 0.0 ], [ 249139.871016414166661, 2546244.041424783878028, 0.0 ], [ 249048.91691747616278, 2546343.841925036162138, 0.0 ], [ 248954.540606887429021, 2546447.467585112433881, 0.0 ], [ 248785.015718425158411, 2546632.793101951945573, 0.0 ], [ 248776.138597360666608, 2546641.694962726905942, 0.0 ], [ 248742.748338086210424, 2546675.161790788639337, 0.0 ], [ 248631.784551129036117, 2546767.987393294461071, 0.0 ], [ 248564.075623799290042, 2546828.400160473771393, 0.0 ], [ 248525.946605288307182, 2546891.198648599442095, 0.0 ] ] ] } },
{ "type": "Feature", "properties": { "Name": "30 PALDI", "ward_id": "30", "ward_name": "PALDI" }, "geometry": { "type": "Polygon", "coordinates": [ [ [ 251310.43988005144638, 2548093.64050380885601, 0.0 ], [ 251169.035165889770724, 2548107.286360018886626, 0.0 ], [ 251151.471196451137075, 2548099.489236962981522, 0.0 ], [ 251138.084116940124659, 2548071.457257759291679, 0.0 ], [ 251120.068072038906394, 2548067.324063451495022, 0.0 ], [ 250848.661388306849403, 2548052.548866332508624, 0.0 ], [ 250731.195280249638017, 2548025.580860756803304, 0.0 ], [ 250533.052606048848247, 2547963.83378171781078, 0.0 ], [ 250404.038312581484206, 2547927.088129242416471, 0.0 ], [ 250237.493785100523382, 2547878.447628495283425, 0.0 ], [ 250055.248315151227871, 2547847.798485510516912, 0.0 ], [ 249734.105943334870972, 2547803.068591788876802, 0.0 ], [ 249732.689008775021648, 2547779.602390468120575, 0.0 ], [ 249700.816406707715942, 2547781.020353368949145, 0.0 ], [ 249669.442587942408863, 2547775.449592695105821, 0.0 ], [ 249644.306553335656645, 2547768.777623201720417, 0.0 ], [ 249596.805586392583791, 2547761.703234226908535, 0.0 ], [ 249574.835146633908153, 2547766.501882423181087, 0.0 ], [ 249503.351368988165632, 2547797.278828652575612, 0.0 ], [ 249460.934025669528637, 2547818.263549877330661, 0.0 ], [ 249434.963338226778433, 2547835.317347061820328, 0.0 ], [ 249414.244068189349491, 2547810.62219803314656, 0.0 ], [ 249384.385917130479356, 2547803.697101858910173, 0.0 ], [ 249269.749031339626526, 2547780.681619088165462, 0.0 ], [ 249204.68621057580458, 2547747.641913630999625, 0.0 ], [ 249129.355928141972981, 2547689.400529715232551, 0.0 ], [ 248988.010599877190543, 2547559.688323023729026, 0.0 ], [ 248902.884630995657062, 2547492.304372475948185, 0.0 ], [ 248830.340101115289144, 2547441.330549107398838, 0.0 ], [ 248711.007392225234071, 2547327.983202177565545, 0.0 ], [ 248668.35046369113843, 2547267.313145339023322, 0.0 ], [ 248576.496028560795821, 2547233.173163536936045, 0.0 ], [ 248437.388924341154052, 2547194.728606593329459, 0.0 ], [ 248482.579629726911662, 2547020.898624673485756, 0.0 ], [ 248525.946605288307182, 2546891.198648599442095, 0.0 ], [ 248564.075623799290042, 2546828.400160473771393, 0.0 ], [ 248631.784551129036117, 2546767.987393294461071, 0.0 ], [ 248742.748338086210424, 2546675.161790788639337, 0.0 ], [ 248776.138597360666608, 2546641.694962726905942, 0.0 ], [ 248785.015718425158411, 2546632.793101951945573, 0.0 ], [ 248954.540606887429021, 2546447.467585112433881, 0.0 ], [ 249048.91691747616278, 2546343.841925036162138, 0.0 ], [ 249139.871016414166661, 2546244.041424783878028, 0.0 ], [ 249215.84601560185547, 2546156.236680302303284, 0.0 ], [ 249237.625427724968176, 2546133.712751436047256, 0.0 ], [ 249255.932597364037065, 2546130.526249608490616, 0.0 ], [ 249265.281132326112129, 2546100.675438455305994, 0.0 ], [ 249446.044501262542326, 2545911.956044748891145, 0.0 ], [ 249601.613752346253023, 2545737.620243972633034, 0.0 ], [ 249700.722852788603632, 2545628.159202538896352, 0.0 ], [ 249892.640438007685589, 2545517.264307331293821, 0.0 ], [ 250055.57560864315019, 2545452.171756464522332, 0.0 ], [ 250129.488871012494201, 2545400.195572099648416, 0.0 ], [ 250209.405149289348628, 2545326.735526404809207, 0.0 ], [ 250367.337048274523113, 2545219.625840223859996, 0.0 ], [ 250390.613485784037039, 2545237.631941525731236, 0.0 ], [ 250828.296154962939909, 2545787.246859387494624, 0.0 ], [ 251084.362613406643504, 2546124.153577048331499, 0.0 ], [ 251278.703808145044604, 2546462.972226796671748, 0.0 ], [ 251438.683569425513269, 2546814.549371446948498, 0.0 ], [ 251446.493536587542621, 2546840.236374604981393, 0.0 ], [ 251525.699878642859403, 2547102.074177416972816, 0.0 ], [ 251567.071803690778324, 2547401.877795501146466, 0.0 ], [ 251574.532280153536703, 2547456.046099078375846, 0.0 ], [ 251594.738906403799774, 2547877.525651634205133, 0.0 ], [ 251576.826896325859707, 2548071.72152176965028, 0.0 ], [ 251310.43988005144638, 2548093.64050380885601, 0.0 ] ] ] } },
{ "type": "Feature", "properties": { "Name": "29 JAMALPUR", "ward_id": "29", "ward_name": "JAMALPUR" }, "geometry": { "type": "Polygon", "coordinates": [ [ [ 251963.36540606469498, 2549525.021040997933596, 0.0 ], [ 251956.713852104556281, 2549476.268464241176844, 0.0 ], [ 251953.344226653047372, 2549390.343760192859918, 0.0 ], [ 251951.899232563446276, 2549346.3802480394952, 0.0 ], [ 251948.526756867242511, 2549322.281732431612909, 0.0 ], [ 251935.833219256193843, 2549230.638880526646972, 0.0 ], [ 251929.089876580343116, 2549170.143079339992255, 0.0 ], [ 251921.211930406221654, 2549146.451486986130476, 0.0 ], [ 251900.318913644325221, 2549098.488487120717764, 0.0 ], [ 251876.825993059988832, 2549042.147749037016183, 0.0 ], [ 251771.652565246913582, 2549094.301812746096402, 0.0 ], [ 251740.416664790478535, 2549103.017979898490012, 0.0 ], [ 251748.487129022978479, 2549125.930725472513586, 0.0 ], [ 251701.349336317449342, 2549128.040618427097797, 0.0 ], [ 251686.475077278533718, 2549270.221308094449341, 0.0 ], [ 251682.901469790551346, 2549388.83619677182287, 0.0 ], [ 251588.08922893012641, 2549391.514417234342545, 0.0 ], [ 251328.901551215560175, 2549400.906789781525731, 0.0 ], [ 251382.687322628800757, 2548983.296370871830732, 0.0 ], [ 251396.890721557341749, 2548912.149007597006857, 0.0 ], [ 251463.260966736619594, 2548579.092848898842931, 0.0 ], [ 251512.552279080671724, 2548044.332411977462471, 0.0 ], [ 251530.463544095982797, 2547850.136397779453546, 0.0 ], [ 251510.255165821552509, 2547428.656775451730937, 0.0 ], [ 251502.794453087961301, 2547374.488482896238565, 0.0 ], [ 251461.421220257878304, 2547074.68492612009868, 0.0 ], [ 251382.213637657201616, 2546812.847353828605264, 0.0 ], [ 251829.047066982573597, 2546729.55713580455631, 0.0 ], [ 251844.793920291034738, 2546726.637678462546319, 0.0 ], [ 251917.588431448471965, 2546706.377234071027488, 0.0 ], [ 252053.782661124598235, 2546680.748884108383209, 0.0 ], [ 252369.30198764015222, 2546781.90860701771453, 0.0 ], [ 252694.592027424339904, 2546885.018715125974268, 0.0 ], [ 252881.087027176254196, 2546955.628749759402126, 0.0 ], [ 252947.972920768545009, 2546981.451909373514354, 0.0 ], [ 252995.369620990240946, 2547007.152804416138679, 0.0 ], [ 253128.064362639997853, 2547093.165500281378627, 0.0 ], [ 253092.195545875176322, 2547275.686255050357431, 0.0 ], [ 253103.768136333703296, 2547399.368430342525244, 0.0 ], [ 253075.065910353674553, 2547406.488489577081054, 0.0 ], [ 253052.958569558337331, 2547415.494471987709403, 0.0 ], [ 253027.474519012088422, 2547431.203955600038171, 0.0 ], [ 253006.576661636412609, 2547451.380752250086516, 0.0 ], [ 252983.402663897548337, 2547476.580974430777133, 0.0 ], [ 252968.828640288091265, 2547500.864103076513857, 0.0 ], [ 252959.178432225744473, 2547518.972290174104273, 0.0 ], [ 252943.140436680754647, 2547560.231718760915101, 0.0 ], [ 252937.883151949063176, 2547571.06571402028203, 0.0 ], [ 252926.439362629986135, 2547579.89638380240649, 0.0 ], [ 252858.358968473854475, 2547605.946977669373155, 0.0 ], [ 252787.211625780153554, 2547638.807140157558024, 0.0 ], [ 252700.516099971951917, 2547680.344570599496365, 0.0 ], [ 252661.090217204851797, 2547702.600038954522461, 0.0 ], [ 252613.891947108932072, 2547732.407261162530631, 0.0 ], [ 252614.959802859200863, 2547722.528567803092301, 0.0 ], [ 252621.220476102724206, 2547704.143571426626295, 0.0 ], [ 252623.032183710398385, 2547683.394340103492141, 0.0 ], [ 252623.77813932945719, 2547666.429834602866322, 0.0 ], [ 252621.047179762041196, 2547650.076633696444333, 0.0 ], [ 252614.392935829586349, 2547625.921390207484365, 0.0 ], [ 252613.088270377455046, 2547608.990685876458883, 0.0 ], [ 252607.640359902172349, 2547589.57990557141602, 0.0 ], [ 252600.91613333337591, 2547573.624926439486444, 0.0 ], [ 252596.970214292174205, 2547539.563952972181141, 0.0 ], [ 252596.35643056614208, 2547508.550418604630977, 0.0 ], [ 252592.014137136546196, 2547493.996560812927783, 0.0 ], [ 252582.024001779500395, 2547466.572349663823843, 0.0 ], [ 252574.631837011314929, 2547441.210491498932242, 0.0 ], [ 252567.289504990389105, 2547406.429918595124036, 0.0 ], [ 252522.387300512200454, 2547413.818127206992358, 0.0 ], [ 252501.459708672977285, 2547413.498404167592525, 0.0 ], [ 252480.926042432547547, 2547405.970289818476886, 0.0 ], [ 252473.677756435441552, 2547395.563931711018085, 0.0 ], [ 252462.073762752115726, 2547382.237840441055596, 0.0 ], [ 252429.732091750833206, 2547380.112076109740883, 0.0 ], [ 252397.531309264886659, 2547380.310832977294922, 0.0 ], [ 252366.575534029077971, 2547381.37550977896899, 0.0 ], [ 252360.808685894386144, 2547361.305249356199056, 0.0 ], [ 252352.882957528461702, 2547347.14295187080279, 0.0 ], [ 252340.079301577439765, 2547341.925055110361427, 0.0 ], [ 252319.74885288515361, 2547328.07824880303815, 0.0 ], [ 252299.15978170192102, 2547329.636790231801569, 0.0 ], [ 252307.053814575861907, 2547366.73497421387583, 0.0 ], [ 252322.670325209357543, 2547418.109591878019273, 0.0 ], [ 252324.721247316658264, 2547474.029225165955722, 0.0 ], [ 252323.982209918147419, 2547584.618797509931028, 0.0 ], [ 252327.133276572480099, 2547651.267786221578717, 0.0 ], [ 252346.958936792623717, 2547765.06357210315764, 0.0 ], [ 252376.507457796687959, 2547840.362479924689978, 0.0 ], [ 252395.129503720789216, 2547899.88665351876989, 0.0 ], [ 252395.008162927930243, 2547917.394893089309335, 0.0 ], [ 252396.029798991541611, 2547917.156438015867025, 0.0 ], [ 252395.754577736719511, 2547937.769588209688663, 0.0 ], [ 252400.071907067525899, 2548062.679601064883173, 0.0 ], [ 252396.771365004708059, 2548179.627007606904954, 0.0 ], [ 252388.775736817508005, 2548192.279241798445582, 0.0 ], [ 252361.610452837892808, 2548236.493184244260192, 0.0 ], [ 252365.54047284918488, 2548269.557234738022089, 0.0 ], [ 252369.545588096487336, 2548300.958060649223626, 0.0 ], [ 252370.22290599704138, 2548304.714049342088401, 0.0 ], [ 252370.12037948318175, 2548304.715741502586752, 0.0 ], [ 252286.17675066794618, 2548307.65262168738991, 0.0 ], [ 252286.293683184921974, 2548320.946584832854569, 0.0 ], [ 252290.305836012557847, 2548377.609490880742669, 0.0 ], [ 252296.526221748674288, 2548418.945660853292793, 0.0 ], [ 252300.216039236722281, 2548480.932249581441283, 0.0 ], [ 252300.702952515915968, 2548485.577773696742952, 0.0 ], [ 252307.01269653061172, 2548544.7511300384067, 0.0 ], [ 252309.931581989891129, 2548615.946780184749514, 0.0 ], [ 252313.116513725894038, 2548653.56590132554993, 0.0 ], [ 252308.115484519425081, 2548723.341138632968068, 0.0 ], [ 252310.348357732407749, 2548765.407949070446193, 0.0 ], [ 252313.269728816463612, 2548799.485852600540966, 0.0 ], [ 252334.15403326851083, 2548865.62051507551223, 0.0 ], [ 252349.58622008934617, 2548930.737216930836439, 0.0 ], [ 252359.307214916538214, 2548948.082986187655479, 0.0 ], [ 252369.661608413764043, 2548966.5262940088287, 0.0 ], [ 252436.387864957476268, 2549088.744222003035247, 0.0 ], [ 252493.926826881564921, 2549201.142045191023499, 0.0 ], [ 252551.961670321965357, 2549293.920399236027151, 0.0 ], [ 252541.502672639937373, 2549300.186920283362269, 0.0 ], [ 252529.246015939104836, 2549303.159141347743571, 0.0 ], [ 252505.360778920294251, 2549303.664095157757401, 0.0 ], [ 252454.470827715907944, 2549302.066428717691451, 0.0 ], [ 252422.695340115868021, 2549296.718600358814001, 0.0 ], [ 252360.647321024385747, 2549283.893135819584131, 0.0 ], [ 252338.2193418967654, 2549279.499124586116523, 0.0 ], [ 252337.807433206995483, 2549279.395127553958446, 0.0 ], [ 252302.088368761498714, 2549283.641402665060014, 0.0 ], [ 252309.804097747779451, 2549347.223530237097293, 0.0 ], [ 252306.892645842104685, 2549406.881610945332795, 0.0 ], [ 252305.968017931183567, 2549419.195599814411253, 0.0 ], [ 252294.103150277602253, 2549433.463082213886082, 0.0 ], [ 252281.042846505326452, 2549449.855510053224862, 0.0 ], [ 252260.106936656287871, 2549467.486051183193922, 0.0 ], [ 252244.778482928901212, 2549483.140394313726574, 0.0 ], [ 252222.727820396452444, 2549489.155485769733787, 0.0 ], [ 252204.270793018658878, 2549501.64839027216658, 0.0 ], [ 252184.539633804757614, 2549517.707956447731704, 0.0 ], [ 252157.703627867478644, 2549519.591857288498431, 0.0 ], [ 252102.867295886768261, 2549521.163063844200224, 0.0 ], [ 252030.626639133610297, 2549524.462653271853924, 0.0 ], [ 252010.265779786655912, 2549527.236944179050624, 0.0 ], [ 251990.986827629501931, 2549527.223382091615349, 0.0 ], [ 251977.736305633326992, 2549525.891340957023203, 0.0 ], [ 251963.36540606469498, 2549525.021040997933596, 0.0 ] ] ] } },
{ "type": "Feature", "properties": { "Name": "28 KHADIA", "ward_id": "28", "ward_name": "KHADIA" }, "geometry": { "type": "Polygon", "coordinates": [ [ [ 253529.396161783486605, 2548817.546956614591181, 0.0 ], [ 253507.982435749116121, 2548849.919507293961942, 0.0 ], [ 253494.655219393462176, 2548862.658716130070388, 0.0 ], [ 253475.162245616986183, 2548893.337791120167822, 0.0 ], [ 253452.264430237730267, 2548941.468194973655045, 0.0 ], [ 253433.500951046793489, 2548985.320353348273784, 0.0 ], [ 253413.196139086066978, 2549028.976292715407908, 0.0 ], [ 253394.789417877065716, 2549057.089299108367413, 0.0 ], [ 253380.902008851233404, 2549073.161803273949772, 0.0 ], [ 253366.764052672049729, 2549086.468484704848379, 0.0 ], [ 253350.536148861516267, 2549091.167278172448277, 0.0 ], [ 253330.967480286053615, 2549092.264686301816255, 0.0 ], [ 253310.227360756602138, 2549090.722226039972156, 0.0 ], [ 253295.714991872140672, 2549093.730888267979026, 0.0 ], [ 253231.828720046265516, 2549112.509623629041016, 0.0 ], [ 253218.401729902427178, 2549119.156856693793088, 0.0 ], [ 253207.999327356403228, 2549122.651976174674928, 0.0 ], [ 253193.348024066130165, 2549123.447058857884258, 0.0 ], [ 253174.81370579986833, 2549125.081647646613419, 0.0 ], [ 253144.558821959042689, 2549131.119508252479136, 0.0 ], [ 253118.562404331634752, 2549134.206571415066719, 0.0 ], [ 253107.470146190869855, 2549133.170378131326288, 0.0 ], [ 253097.515132712724153, 2549126.464743663556874, 0.0 ], [ 253084.005117406137288, 2549115.607293829787523, 0.0 ], [ 253083.375405645929277, 2549114.731272009201348, 0.0 ], [ 253083.269237959670136, 2549114.511422661133111, 0.0 ], [ 253090.316402451309841, 2549075.394305964466184, 0.0 ], [ 253097.987859377259156, 2549036.820914539974183, 0.0 ], [ 253104.74396915428224, 2548998.705794603563845, 0.0 ], [ 253106.713595849461854, 2548975.073281146585941, 0.0 ], [ 253106.57795512539451, 2548923.221792651806027, 0.0 ], [ 253106.506570535770152, 2548869.042480492498726, 0.0 ], [ 253103.651377886999398, 2548857.566428078338504, 0.0 ], [ 253090.066394227440469, 2548842.167444359511137, 0.0 ], [ 253063.720581001107348, 2548805.372815843205899, 0.0 ], [ 253044.199111320776865, 2548778.21614460228011, 0.0 ], [ 253025.299612887552939, 2548757.6971669588238, 0.0 ], [ 253004.939205568371108, 2548735.651082084514201, 0.0 ], [ 252982.36008548096288, 2548709.65280371485278, 0.0 ], [ 252945.355353029677644, 2548667.050727585330606, 0.0 ], [ 252936.817425168788759, 2548653.009114051703364, 0.0 ], [ 252929.121565545268822, 2548640.283218936063349, 0.0 ], [ 252888.962088116910309, 2548630.308018707670271, 0.0 ], [ 252804.834945520822657, 2548609.53428341448307, 0.0 ], [ 252750.846985885989852, 2548606.767627308145165, 0.0 ], [ 252716.556424007401802, 2548604.452055435162038, 0.0 ], [ 252665.62322880839929, 2548575.48681930731982, 0.0 ], [ 252614.898528100835392, 2548546.739895149599761, 0.0 ], [ 252554.574857393250568, 2548514.273480743169785, 0.0 ], [ 252506.773215549212182, 2548494.89657833520323, 0.0 ], [ 252466.001462924323278, 2548485.154135382734239, 0.0 ], [ 252419.986072450265056, 2548480.816683178301901, 0.0 ], [ 252365.574396253708983, 2548483.48749957839027, 0.0 ], [ 252305.137499428063165, 2548487.698380202520639, 0.0 ], [ 252304.650587522250134, 2548483.052856064401567, 0.0 ], [ 252300.960787871124921, 2548421.066267823334783, 0.0 ], [ 252294.740414680534741, 2548379.730097115039825, 0.0 ], [ 252290.728278267866699, 2548323.06719133304432, 0.0 ], [ 252290.611349459359189, 2548309.773228482343256, 0.0 ], [ 252374.554964557813946, 2548306.836372070945799, 0.0 ], [ 252374.657491054473212, 2548306.834679939318448, 0.0 ], [ 252373.980174314492615, 2548303.07869114773348, 0.0 ], [ 252369.975068470957922, 2548271.677864880301058, 0.0 ], [ 252366.045058311836328, 2548238.61381409317255, 0.0 ], [ 252393.210349856206449, 2548194.399880406912416, 0.0 ], [ 252401.205980167986127, 2548181.747648786287755, 0.0 ], [ 252404.506554104416864, 2548064.8002460594289, 0.0 ], [ 252400.189260170503985, 2547939.890235065948218, 0.0 ], [ 252400.464487095916411, 2547919.277085459325463, 0.0 ], [ 252399.442851144151064, 2547919.515540238004178, 0.0 ], [ 252399.56419677141821, 2547902.00730113312602, 0.0 ], [ 252380.942170582362451, 2547842.48312375228852, 0.0 ], [ 252351.393675579456612, 2547767.184209446888417, 0.0 ], [ 252331.568050355941523, 2547653.388420777395368, 0.0 ], [ 252328.417002731701359, 2547586.739432820584625, 0.0 ], [ 252329.156070675991941, 2547476.149863414932042, 0.0 ], [ 252327.105164433829486, 2547420.230230927467346, 0.0 ], [ 252311.488670748571167, 2547368.855610123369843, 0.0 ], [ 252303.594649530830793, 2547331.757424829062074, 0.0 ], [ 252324.1837175815308, 2547330.198889249935746, 0.0 ], [ 252344.514158916397719, 2547344.045700953342021, 0.0 ], [ 252357.317811203189194, 2547349.263601197861135, 0.0 ], [ 252365.243534269859083, 2547363.42590057104826, 0.0 ], [ 252371.010375841375208, 2547383.496162126306444, 0.0 ], [ 252401.966146014019614, 2547382.431494087446481, 0.0 ], [ 252434.166922983742552, 2547382.232746312860399, 0.0 ], [ 252466.508587797288783, 2547384.358519720844924, 0.0 ], [ 252478.112575777864549, 2547397.684613937046379, 0.0 ], [ 252485.360857633088017, 2547408.090973833575845, 0.0 ], [ 252505.894518234854331, 2547415.619093792047352, 0.0 ], [ 252526.822106361214537, 2547415.938822730910033, 0.0 ], [ 252571.724305119743804, 2547408.550626975484192, 0.0 ], [ 252579.066626222163904, 2547443.331201094202697, 0.0 ], [ 252586.458782678091666, 2547468.693060719408095, 0.0 ], [ 252596.44890869865776, 2547496.117274012882262, 0.0 ], [ 252600.791197340062354, 2547510.671132671181113, 0.0 ], [ 252601.404972359014209, 2547541.684666447807103, 0.0 ], [ 252605.350881269871024, 2547575.745640188921243, 0.0 ], [ 252612.075102248141775, 2547591.700620826333761, 0.0 ], [ 252617.523006396513665, 2547611.111402190756053, 0.0 ], [ 252618.827666929370025, 2547628.042106472887099, 0.0 ], [ 252625.481903006060747, 2547652.197351244743913, 0.0 ], [ 252628.2128575660754, 2547668.55055251903832, 0.0 ], [ 252627.466897370351944, 2547685.515057391487062, 0.0 ], [ 252625.655184321949491, 2547706.264287692029029, 0.0 ], [ 252619.394507060642354, 2547724.649281847290695, 0.0 ], [ 252618.326648754999042, 2547734.527974661905318, 0.0 ], [ 252665.52491895123967, 2547704.720766511745751, 0.0 ], [ 252704.950801070546731, 2547682.465309834573418, 0.0 ], [ 252791.646323397813831, 2547640.92790488852188, 0.0 ], [ 252862.793662896176102, 2547608.067763292696327, 0.0 ], [ 252930.874052498053061, 2547582.017189285717905, 0.0 ], [ 252942.317842289339751, 2547573.186522950418293, 0.0 ], [ 252947.575129116652533, 2547562.352529442869127, 0.0 ], [ 252963.613133330887649, 2547521.093106397427619, 0.0 ], [ 252973.263344749197131, 2547502.984922469593585, 0.0 ], [ 252987.837372571928427, 2547478.701798535417765, 0.0 ], [ 253011.011373290530173, 2547453.501583516132087, 0.0 ], [ 253031.909232647740282, 2547433.324793261475861, 0.0 ], [ 253057.393283143028384, 2547417.615317228715867, 0.0 ], [ 253079.500622612133157, 2547408.60934127913788, 0.0 ], [ 253108.20284560212167, 2547401.489290322177112, 0.0 ], [ 253096.630291452311212, 2547277.807114803697914, 0.0 ], [ 253132.499152637756197, 2547095.286374648567289, 0.0 ], [ 253171.254708887601737, 2547038.363579762168229, 0.0 ], [ 253193.639568973419955, 2546983.815216002054513, 0.0 ], [ 253238.068064295570366, 2546828.964623479172587, 0.0 ], [ 253427.292164587241132, 2546866.075363867450505, 0.0 ], [ 253696.434743431862444, 2546910.851630964782089, 0.0 ], [ 253753.811504107317887, 2546844.761324970517308, 0.0 ], [ 253797.03287656098837, 2546866.101214178372175, 0.0 ], [ 253940.817524695012253, 2546871.832162409089506, 0.0 ], [ 254024.681432325538481, 2546888.6286830175668, 0.0 ], [ 254084.388576919591287, 2546908.369672449305654, 0.0 ], [ 254162.419396074779797, 2546919.722601010464132, 0.0 ], [ 254511.640268007904524, 2547026.134776064194739, 0.0 ], [ 254368.317221702833194, 2547430.784236121922731, 0.0 ], [ 254253.365587126492755, 2547807.604483298491687, 0.0 ], [ 254222.836193096183706, 2547878.46087232651189, 0.0 ], [ 254186.041954491811339, 2548036.39606922538951, 0.0 ], [ 254168.265969229571056, 2548215.846989405807108, 0.0 ], [ 254172.028358618437778, 2548457.98894101427868, 0.0 ], [ 254167.904564110242063, 2548619.377891878597438, 0.0 ], [ 254171.853016022709198, 2548897.858550467994064, 0.0 ], [ 254187.200460505788215, 2549039.649675433058292, 0.0 ], [ 254215.378351890540216, 2549213.472670933697373, 0.0 ], [ 254173.930717432434903, 2549218.583892622031271, 0.0 ], [ 254133.258682923071319, 2549214.707896974403411, 0.0 ], [ 254091.709967631206382, 2549194.891499894205481, 0.0 ], [ 254006.792022318317322, 2549100.554732946213335, 0.0 ], [ 253926.766461011749925, 2548991.955944935791194, 0.0 ], [ 253840.902648949559079, 2548952.591211091727018, 0.0 ], [ 253823.780510348617099, 2548946.556733177043498, 0.0 ], [ 253773.81405728374375, 2548932.529953080695122, 0.0 ], [ 253748.684966427099425, 2548919.757518433965743, 0.0 ], [ 253716.081522456806852, 2548901.457142316736281, 0.0 ], [ 253680.048643730522599, 2548886.647885637823492, 0.0 ], [ 253635.512472424306907, 2548866.106067027430981, 0.0 ], [ 253584.772075301996665, 2548842.453140642959625, 0.0 ], [ 253540.353305865224684, 2548816.591335234232247, 0.0 ], [ 253529.396161783486605, 2548817.546956614591181, 0.0 ] ] ] } },
{ "type": "Feature", "properties": { "Name": "27 SARASPUR-RAKHIYAL", "ward_id": "27", "ward_name": "SARASPUR-RAKHIYAL" }, "geometry": { "type": "Polygon", "coordinates": [ [ [ 256433.702507521404186, 2549882.864557059016079, 0.0 ], [ 256452.349398028978612, 2549919.789114572573453, 0.0 ], [ 256393.927600153489038, 2549902.456893528811634, 0.0 ], [ 256268.366294605104486, 2549867.713212231639773, 0.0 ], [ 256101.249371341866208, 2549862.896674304734915, 0.0 ], [ 255859.975160730798962, 2549781.288593789562583, 0.0 ], [ 255626.629529530328, 2549701.881624149158597, 0.0 ], [ 255364.524012996669626, 2549569.432320510037243, 0.0 ], [ 255287.48592528415611, 2549548.862346719950438, 0.0 ], [ 255223.780140289280098, 2549528.407502879854292, 0.0 ], [ 255136.92183411505539, 2549471.657137528061867, 0.0 ], [ 255041.357308848149842, 2549409.287970335222781, 0.0 ], [ 255000.87610142302583, 2549379.369268393609673, 0.0 ], [ 254991.290031002718024, 2549363.792689900379628, 0.0 ], [ 254985.393757148674922, 2549304.169377422891557, 0.0 ], [ 254988.695725202414906, 2549230.102966721169651, 0.0 ], [ 254781.395146262890194, 2549226.732410288415849, 0.0 ], [ 254764.918259796162602, 2549209.939047218300402, 0.0 ], [ 254757.031201312231133, 2549160.320039353333414, 0.0 ], [ 254759.805022583401296, 2549148.086983156390488, 0.0 ], [ 254615.829079376562731, 2549097.923944937530905, 0.0 ], [ 254485.564206508483039, 2549058.506690893322229, 0.0 ], [ 254408.915654852462467, 2549036.93726780032739, 0.0 ], [ 254342.853360262699425, 2549142.058060268871486, 0.0 ], [ 254278.985646483139135, 2549205.815772740636021, 0.0 ], [ 254217.546752560971072, 2549211.254419983364642, 0.0 ], [ 254189.368885734234937, 2549037.431422748137265, 0.0 ], [ 254174.021462293108925, 2548895.64029757399112, 0.0 ], [ 254170.073055167886196, 2548617.159642710816115, 0.0 ], [ 254174.196876472880831, 2548455.770695017185062, 0.0 ], [ 254367.738956830085954, 2548476.200509277172387, 0.0 ], [ 254423.470707029831829, 2548516.615572004113346, 0.0 ], [ 254446.22291422195849, 2548509.484505955595523, 0.0 ], [ 254503.317451767623425, 2548476.529657585080713, 0.0 ], [ 254532.232315165165346, 2548457.442572990432382, 0.0 ], [ 254550.609269458596827, 2548427.33742227172479, 0.0 ], [ 254576.640752036997583, 2548376.166394752450287, 0.0 ], [ 254626.863670641265344, 2548361.938452963251621, 0.0 ], [ 254654.113870626344578, 2548347.643152137752622, 0.0 ], [ 254714.048533942346694, 2548256.252666283864528, 0.0 ], [ 254863.552643057511887, 2548349.316360387485474, 0.0 ], [ 254918.288193389802473, 2548385.317553011700511, 0.0 ], [ 254975.528058281488484, 2548430.252574435900897, 0.0 ], [ 255051.270187578338664, 2548371.068946773186326, 0.0 ], [ 255429.725453873514198, 2548398.687820778228343, 0.0 ], [ 255484.718181222764542, 2548312.145693885628134, 0.0 ], [ 255540.902707791072316, 2548065.815857189707458, 0.0 ], [ 255524.435451394645497, 2548030.74006024422124, 0.0 ], [ 255483.849116960453102, 2547963.03991082822904, 0.0 ], [ 255572.45038946904242, 2547962.704392273444682, 0.0 ], [ 255667.473200614185771, 2547966.253504916559905, 0.0 ], [ 255749.361425137816695, 2547963.036833461839706, 0.0 ], [ 255824.022510352631798, 2547963.151302678510547, 0.0 ], [ 255902.834894052066375, 2547959.985522813629359, 0.0 ], [ 256047.475116285146214, 2547975.028352615889162, 0.0 ], [ 256097.045713598898146, 2547971.009459246415645, 0.0 ], [ 256182.570651894726325, 2547958.096791181247681, 0.0 ], [ 256257.693725822988199, 2547942.472887244541198, 0.0 ], [ 256346.352251914679073, 2547914.109660952351987, 0.0 ], [ 256422.891319606656907, 2547884.614159901160747, 0.0 ], [ 256460.668062215176178, 2547874.250997519586235, 0.0 ], [ 256509.632703922543442, 2547877.112679429352283, 0.0 ], [ 256581.627776724984869, 2547896.22026907838881, 0.0 ], [ 256689.112658225785708, 2547928.380557041615248, 0.0 ], [ 256710.033267951745074, 2547934.68909101607278, 0.0 ], [ 256821.27645522588864, 2547977.314903216902167, 0.0 ], [ 256809.096802231651964, 2548054.736752674449235, 0.0 ], [ 256804.143764182605082, 2548154.089809395372868, 0.0 ], [ 256790.947484709991841, 2548194.079301333986223, 0.0 ], [ 256791.65436211344786, 2548256.667323736939579, 0.0 ], [ 256798.392519157991046, 2548501.527076638303697, 0.0 ], [ 256779.744880845828447, 2548546.812398159876466, 0.0 ], [ 256783.170622135425219, 2548644.25698488811031, 0.0 ], [ 256623.087676102499245, 2548656.603317783679813, 0.0 ], [ 256550.898172429297119, 2548656.888322682585567, 0.0 ], [ 256377.185308139334666, 2548663.475531419273466, 0.0 ], [ 256308.598411965067498, 2548670.904934736900032, 0.0 ], [ 256308.944871560204774, 2548818.479566934052855, 0.0 ], [ 256319.083046324638417, 2548969.108227103017271, 0.0 ], [ 256342.439495433092816, 2549188.548073897138238, 0.0 ], [ 256350.450001485063694, 2549353.393225632142276, 0.0 ], [ 256284.323101944610244, 2549360.561522865667939, 0.0 ], [ 256359.94837262769579, 2549559.319561624899507, 0.0 ], [ 256413.748479132831562, 2549696.054192764684558, 0.0 ], [ 256416.678476942732232, 2549724.924361204262823, 0.0 ], [ 256315.84638348891167, 2549767.003329922445118, 0.0 ], [ 256433.702507521404186, 2549882.864557059016079, 0.0 ] ] ] } },
{ "type": "Feature", "properties": { "Name": "26 BAPUNAGAR", "ward_id": "26", "ward_name": "BAPUNAGAR" }, "geometry": { "type": "Polygon", "coordinates": [ [ [ 257136.30986355850473, 2549786.232027815189213, 0.0 ], [ 257008.427766697132029, 2549823.315382123459131, 0.0 ], [ 256920.790882209606934, 2549850.772909279447049, 0.0 ], [ 256728.870837033406133, 2549947.729716589208692, 0.0 ], [ 256652.541975767788244, 2549976.888990826904774, 0.0 ], [ 256546.900263475021347, 2550006.857043632306159, 0.0 ], [ 256507.048023193114204, 2549977.478522150311619, 0.0 ], [ 256439.333587088593049, 2549930.936122998595238, 0.0 ], [ 256420.686673321324633, 2549894.01157955871895, 0.0 ], [ 256302.830514863628196, 2549778.150452021043748, 0.0 ], [ 256403.662502467865124, 2549736.071385298389941, 0.0 ], [ 256400.732478896999964, 2549707.201216982211918, 0.0 ], [ 256346.932276341103716, 2549570.466623708605766, 0.0 ], [ 256271.306864365149522, 2549371.708637575153261, 0.0 ], [ 256337.433714069979033, 2549364.540277928113937, 0.0 ], [ 256329.423055293795187, 2549199.695118737407029, 0.0 ], [ 256306.066411137464456, 2548980.255273870658129, 0.0 ], [ 256295.928098666277947, 2548829.626609519124031, 0.0 ], [ 256295.581497934937943, 2548682.05196427134797, 0.0 ], [ 256364.168342444376322, 2548674.62249623471871, 0.0 ], [ 256537.881087585119531, 2548668.035124693531543, 0.0 ], [ 256610.070544087357121, 2548667.750052361749113, 0.0 ], [ 256770.153374298970448, 2548655.403568878304213, 0.0 ], [ 256766.727541915315669, 2548557.958976531866938, 0.0 ], [ 256785.375124742771732, 2548512.673633502330631, 0.0 ], [ 256778.636737598688342, 2548267.813864739146084, 0.0 ], [ 256777.929800724115921, 2548205.225837332196534, 0.0 ], [ 256791.126033332722727, 2548165.236329457256943, 0.0 ], [ 256796.078973031806527, 2548065.883259123191237, 0.0 ], [ 256808.258543987234589, 2547988.461391292512417, 0.0 ], [ 257153.795656845730264, 2548117.48150889063254, 0.0 ], [ 257178.404848141944967, 2548123.620153200346977, 0.0 ], [ 257204.595262842718512, 2548126.077007339335978, 0.0 ], [ 257318.58261823648354, 2548129.329535541590303, 0.0 ], [ 257398.453320799802896, 2548121.944201204460114, 0.0 ], [ 257404.336220136319753, 2548181.346027138642967, 0.0 ], [ 257866.210867801419226, 2548409.213267672341317, 0.0 ], [ 257996.124505032377783, 2548459.079784057568759, 0.0 ], [ 258028.719528901972808, 2548477.832287886179984, 0.0 ], [ 258028.834556555375457, 2548478.60599486483261, 0.0 ], [ 258033.681378242123174, 2548582.009989304002374, 0.0 ], [ 258066.404920962377219, 2548881.51402983861044, 0.0 ], [ 258097.652758096839534, 2549134.064986732322723, 0.0 ], [ 258121.879611180047505, 2549294.658859553746879, 0.0 ], [ 258157.617756074585486, 2549526.862030725926161, 0.0 ], [ 258188.973402923293179, 2549798.91120022861287, 0.0 ], [ 258058.047938527073711, 2549806.341447454411536, 0.0 ], [ 257946.319296559027862, 2549808.144770264625549, 0.0 ], [ 257843.135961895110086, 2549806.376267048064619, 0.0 ], [ 257451.212175317778019, 2549792.657334161922336, 0.0 ], [ 257243.53858315164689, 2549790.810885841026902, 0.0 ], [ 257186.933549522713292, 2549784.304169178474694, 0.0 ], [ 257136.30986355850473, 2549786.232027815189213, 0.0 ] ] ] } },
{ "type": "Feature", "properties": { "Name": "25 VIRATNAGAR", "ward_id": "25", "ward_name": "VIRATNAGAR" }, "geometry": { "type": "Polygon", "coordinates": [ [ [ 259848.353564919496421, 2549949.798597719054669, 0.0 ], [ 259802.465642149851192, 2549946.434352065902203, 0.0 ], [ 259636.336413523938973, 2549926.05180472554639, 0.0 ], [ 259501.566077372204745, 2549904.614018079359084, 0.0 ], [ 259489.671911308192648, 2549891.8419572962448, 0.0 ], [ 259433.239237287663855, 2549870.367008485365659, 0.0 ], [ 259302.021427097526612, 2549840.342805685009807, 0.0 ], [ 259172.959713147603907, 2549797.765351303387433, 0.0 ], [ 259051.947991446679225, 2549771.235488474369049, 0.0 ], [ 258908.911191415740177, 2549714.14913489529863, 0.0 ], [ 258771.852525782218436, 2549697.296943176537752, 0.0 ], [ 258648.56407892666175, 2549695.070749396458268, 0.0 ], [ 258420.736387638840824, 2549715.137256352230906, 0.0 ], [ 258365.181916595291113, 2549741.958352216053754, 0.0 ], [ 258281.809881175518967, 2549760.586126640439034, 0.0 ], [ 258195.081475830986165, 2549768.189048032741994, 0.0 ], [ 258163.725944878882729, 2549496.139879304915667, 0.0 ], [ 258127.987880937347654, 2549263.936703499406576, 0.0 ], [ 258103.76108482471318, 2549103.342827763874084, 0.0 ], [ 258072.513351002970012, 2548850.791870331391692, 0.0 ], [ 258039.789939483685885, 2548551.287831713445485, 0.0 ], [ 258034.943176004569978, 2548447.883841742295772, 0.0 ], [ 258034.828148631640943, 2548447.110134751070291, 0.0 ], [ 258002.222819614660693, 2548428.357778395526111, 0.0 ], [ 257872.308955049113138, 2548378.491188988555223, 0.0 ], [ 257410.443784925475484, 2548150.623526598792523, 0.0 ], [ 257404.560912857705262, 2548091.221701406408101, 0.0 ], [ 257324.690045591298258, 2548098.606988075654954, 0.0 ], [ 257210.702464216738008, 2548095.354392814915627, 0.0 ], [ 257184.511998714122456, 2548092.897523389197886, 0.0 ], [ 257159.902762202837039, 2548086.758864986244589, 0.0 ], [ 256814.365042708232068, 2547957.738552515394986, 0.0 ], [ 256703.121692299639108, 2547915.112777626607567, 0.0 ], [ 256682.201052406686358, 2547908.804250701330602, 0.0 ], [ 256688.179805111896712, 2547771.542394794058055, 0.0 ], [ 256794.46769720496377, 2547736.137668434530497, 0.0 ], [ 256938.888921732344897, 2547705.988240765407681, 0.0 ], [ 257158.401116040768102, 2547696.119266940746456, 0.0 ], [ 257329.792891740216874, 2547697.557085603941232, 0.0 ], [ 257386.87255690456368, 2547688.546176388859749, 0.0 ], [ 257493.062496112979716, 2547685.057144118938595, 0.0 ], [ 257703.321999421023065, 2547692.851279051043093, 0.0 ], [ 257981.560568838787731, 2547732.23628587089479, 0.0 ], [ 257980.943460076727206, 2547089.748941069468856, 0.0 ], [ 257986.107970051059965, 2547072.935715666506439, 0.0 ], [ 258022.103648013930069, 2547072.798614817671478, 0.0 ], [ 258202.653800178930396, 2547113.985431655310094, 0.0 ], [ 258311.391050294070737, 2547109.242857905104756, 0.0 ], [ 258328.631422637787182, 2547116.277703937608749, 0.0 ], [ 258347.894045223190915, 2547350.85127670597285, 0.0 ], [ 258357.424029356392566, 2547426.813465256243944, 0.0 ], [ 258375.897080033144448, 2547478.58933735685423, 0.0 ], [ 258472.720076676370809, 2547549.379473097156733, 0.0 ], [ 258674.921295026579173, 2547681.073897402733564, 0.0 ], [ 258754.923429534130264, 2547720.00584192853421, 0.0 ], [ 258943.1590214689204, 2547806.170075279660523, 0.0 ], [ 258969.632243051019032, 2547826.241697999183089, 0.0 ], [ 258979.701304079062538, 2547846.576823387295008, 0.0 ], [ 258993.182325841742568, 2547887.797178519889712, 0.0 ], [ 259004.759132562292507, 2547925.391927490010858, 0.0 ], [ 259021.717713040736271, 2548112.915025364607573, 0.0 ], [ 259033.704610807209974, 2548169.670519710052758, 0.0 ], [ 259066.642332334740786, 2548234.731485513504595, 0.0 ], [ 259088.391134962206706, 2548286.3445252366364, 0.0 ], [ 259105.343239192588953, 2548345.790163588710129, 0.0 ], [ 259126.979942409554496, 2548428.759665591176599, 0.0 ], [ 259134.418581383186392, 2548470.520271721296012, 0.0 ], [ 259135.794333694124362, 2548530.659190785139799, 0.0 ], [ 259135.086652240017429, 2548614.319843661505729, 0.0 ], [ 259119.37075185746653, 2548682.931957078166306, 0.0 ], [ 259105.560341888602125, 2548697.778510950505733, 0.0 ], [ 259084.91363193912548, 2548701.987872061319649, 0.0 ], [ 259080.529073649522616, 2548709.924651441164315, 0.0 ], [ 259041.764259804273024, 2548843.832306657452136, 0.0 ], [ 259075.791129404475214, 2548855.473055201116949, 0.0 ], [ 259137.279309871781152, 2548872.212567579932511, 0.0 ], [ 259246.458485984330764, 2548895.831527492497116, 0.0 ], [ 259346.002325435838429, 2548919.716628678608686, 0.0 ], [ 259363.094947537058033, 2548924.095729626249522, 0.0 ], [ 259492.633900932880351, 2548951.267547308467329, 0.0 ], [ 259645.695823658170411, 2548968.202846738044173, 0.0 ], [ 259836.598173536505783, 2548978.883254528976977, 0.0 ], [ 260085.445430302235764, 2548996.505387257784605, 0.0 ], [ 260087.790081246173941, 2549066.156735640950501, 0.0 ], [ 260078.559293592959875, 2549136.547223305795342, 0.0 ], [ 260078.428192780469544, 2549173.221840854734182, 0.0 ], [ 260028.361866724153515, 2549261.327866732142866, 0.0 ], [ 260062.364061523490818, 2549277.956760385073721, 0.0 ], [ 260064.173353947029682, 2549262.85994621552527, 0.0 ], [ 260127.419673793570837, 2549255.089823535643518, 0.0 ], [ 260182.431809833447915, 2549264.624566671438515, 0.0 ], [ 260208.373040657956153, 2549360.71049225423485, 0.0 ], [ 260184.182948973117163, 2549354.892901848070323, 0.0 ], [ 260177.059204322024016, 2549383.923814237583429, 0.0 ], [ 260125.692439218430081, 2549384.302203770261258, 0.0 ], [ 260087.485707368876319, 2549579.1337915584445, 0.0 ], [ 260095.783455739001511, 2549732.44957142835483, 0.0 ], [ 259987.02352027624147, 2549664.058011444751173, 0.0 ], [ 259905.974056209641276, 2549648.515000927262008, 0.0 ], [ 259826.240864166175015, 2549657.547456114552915, 0.0 ], [ 259824.523566729068989, 2549697.571373932994902, 0.0 ], [ 259820.817152538365917, 2549696.633603272028267, 0.0 ], [ 259818.536057633173186, 2549707.860274930484593, 0.0 ], [ 259816.210253025463317, 2549767.504378143232316, 0.0 ], [ 259811.148624819586985, 2549829.186596645507962, 0.0 ], [ 259808.351730377704371, 2549872.219248835928738, 0.0 ], [ 259811.856080430006841, 2549892.549097704701126, 0.0 ], [ 259817.987077388796024, 2549916.825431033503264, 0.0 ], [ 259820.317657166480785, 2549934.293455603066832, 0.0 ], [ 259848.353564919496421, 2549949.798597719054669, 0.0 ] ] ] } },
{ "type": "Feature", "properties": { "Name": "24 NIKOL", "ward_id": "24", "ward_name": "NIKOL" }, "geometry": { "type": "Polygon", "coordinates": [ [ [ 261965.466046855639433, 2552948.523057520855218, 0.0 ], [ 261923.779504438687582, 2552950.847728130873293, 0.0 ], [ 261899.478751077433117, 2552956.995343589223921, 0.0 ], [ 261928.450380790687632, 2553109.206340989097953, 0.0 ], [ 261748.263218042731751, 2553143.426915839780122, 0.0 ], [ 261550.359169868635945, 2553159.429557433351874, 0.0 ], [ 261293.367408629652346, 2553198.646190972998738, 0.0 ], [ 260997.224880026566098, 2553264.085516042076051, 0.0 ], [ 260847.404797819210216, 2553286.753238429315388, 0.0 ], [ 260633.892317035002634, 2553345.894609262701124, 0.0 ], [ 260594.994606060790829, 2553336.656013286206871, 0.0 ], [ 260586.368734107352793, 2553265.221492452546954, 0.0 ], [ 260579.139234204718377, 2553114.436654346529394, 0.0 ], [ 260565.756007515563397, 2553078.864448854699731, 0.0 ], [ 260544.589650136593264, 2553063.027139808516949, 0.0 ], [ 260537.554855823662365, 2553059.040300546679646, 0.0 ], [ 260402.304898596834391, 2552992.955361465923488, 0.0 ], [ 260421.12011618775432, 2552983.56922502676025, 0.0 ], [ 260425.589442086755298, 2552955.356194167863578, 0.0 ], [ 260461.752979835378937, 2552928.187193321995437, 0.0 ], [ 260466.41258267237572, 2552924.678055772092193, 0.0 ], [ 260466.970818495581625, 2552921.123738522641361, 0.0 ], [ 260478.460801194043597, 2552851.140137081965804, 0.0 ], [ 260482.203060333733447, 2552841.5520497453399, 0.0 ], [ 260493.189889010856859, 2552778.556506182532758, 0.0 ], [ 260496.468539080320625, 2552752.800021204166114, 0.0 ], [ 260501.05176822951762, 2552738.102001592516899, 0.0 ], [ 260502.55823889398016, 2552716.916390329133719, 0.0 ], [ 260500.132580215635244, 2552687.041000984609127, 0.0 ], [ 260507.954824641725281, 2552624.871665824204683, 0.0 ], [ 260502.29903684972669, 2552598.150149340275675, 0.0 ], [ 260504.983831901568919, 2552567.306685467716306, 0.0 ], [ 260509.122829387051752, 2552486.361421422567219, 0.0 ], [ 260505.697379115590593, 2552419.607877360191196, 0.0 ], [ 260437.007338936033193, 2552419.487774464301765, 0.0 ], [ 260439.22707191601512, 2552340.345864473376423, 0.0 ], [ 260440.717804310144857, 2552279.718100591097027, 0.0 ], [ 260441.109801950660767, 2552272.177888551261276, 0.0 ], [ 260441.379293983132811, 2552250.568891732953489, 0.0 ], [ 260446.01657082643942, 2552213.600566327106208, 0.0 ], [ 260457.865263347834116, 2552121.120294244028628, 0.0 ], [ 260459.626677589025348, 2552109.45883548958227, 0.0 ], [ 260466.678736598143587, 2552043.978058205917478, 0.0 ], [ 260396.300954301608726, 2552041.004326649010181, 0.0 ], [ 260393.163840320718009, 2551947.434201605618, 0.0 ], [ 260337.207464441569755, 2551942.346537050791085, 0.0 ], [ 260278.632831650524167, 2551953.033632826060057, 0.0 ], [ 260246.116774588823318, 2551990.448232813272625, 0.0 ], [ 260219.382880801975261, 2552024.003384330775589, 0.0 ], [ 260172.886832834978122, 2552027.074425735045224, 0.0 ], [ 260118.132327925501158, 2551904.970451080705971, 0.0 ], [ 260090.945174791326281, 2551871.170661689713597, 0.0 ], [ 260064.209204224986024, 2551699.758173712063581, 0.0 ], [ 260022.401733378617791, 2551413.14030513074249, 0.0 ], [ 259997.04615609080065, 2551174.343335899524391, 0.0 ], [ 259973.59739039815031, 2550939.393625759519637, 0.0 ], [ 259508.253938512702007, 2550999.481210236437619, 0.0 ], [ 259537.897261164034717, 2550885.220306565985084, 0.0 ], [ 259566.943119808944175, 2550803.985642983112484, 0.0 ], [ 259523.057966827560449, 2550797.488158407155424, 0.0 ], [ 259514.86778698611306, 2550715.189013168681413, 0.0 ], [ 259539.9331864703272, 2550686.202054548077285, 0.0 ], [ 259545.387404496141244, 2550668.27675708476454, 0.0 ], [ 259653.832043044327293, 2550672.520185018889606, 0.0 ], [ 259663.646952075854642, 2550638.792320863809437, 0.0 ], [ 259636.76813512071385, 2550561.113828834611923, 0.0 ], [ 259665.623001083207782, 2550506.251454635988921, 0.0 ], [ 259588.958967406593729, 2550450.643746650312096, 0.0 ], [ 259609.09587188725709, 2550357.254119659774005, 0.0 ], [ 259559.607535272109089, 2550295.560211467090994, 0.0 ], [ 259571.971279498684453, 2550241.737773049622774, 0.0 ], [ 259573.499500461941352, 2550234.733262356370687, 0.0 ], [ 259572.368349947792012, 2550234.529817046131939, 0.0 ], [ 259520.239982520404737, 2550225.616127237211913, 0.0 ], [ 259490.93644707617932, 2550143.877309815958142, 0.0 ], [ 259490.353129511233419, 2550081.952989589888602, 0.0 ], [ 259473.738281319761882, 2550068.924305279739201, 0.0 ], [ 259488.911332655930892, 2550004.863710701465607, 0.0 ], [ 259535.670501506334404, 2549985.83269654167816, 0.0 ], [ 259520.495879581256304, 2549928.352599563077092, 0.0 ], [ 259498.275468983483734, 2549904.666803012602031, 0.0 ], [ 259633.04581247549504, 2549926.104560483712703, 0.0 ], [ 259799.175048821110977, 2549946.487071742303669, 0.0 ], [ 259845.062973227875773, 2549949.851307385135442, 0.0 ], [ 259817.027061520260759, 2549934.346171122044325, 0.0 ], [ 259814.696477862511529, 2549916.87814672337845, 0.0 ], [ 259808.565475454437546, 2549892.601814267225564, 0.0 ], [ 259805.061120869766455, 2549872.271965770982206, 0.0 ], [ 259807.858005917019909, 2549829.239312125835568, 0.0 ], [ 259812.919620677654166, 2549767.557091308292001, 0.0 ], [ 259815.245412234566174, 2549707.912986419163644, 0.0 ], [ 259817.526504717825446, 2549696.68631404126063, 0.0 ], [ 259821.23291918830364, 2549697.624083906412125, 0.0 ], [ 259822.950207870890154, 2549657.600164929870516, 0.0 ], [ 259902.683399487548741, 2549648.567692059557885, 0.0 ], [ 259983.732868548773695, 2549664.110685084015131, 0.0 ], [ 260092.482569950429024, 2549732.502386545296758, 0.0 ], [ 260084.184787650243379, 2549579.186605503316969, 0.0 ], [ 260122.391477339639096, 2549384.35500548966229, 0.0 ], [ 260173.75824336471851, 2549383.976604636292905, 0.0 ], [ 260180.881981760379858, 2549354.945690110791475, 0.0 ], [ 260205.072075200732797, 2549360.763275303412229, 0.0 ], [ 260179.130822710081702, 2549264.677353553939611, 0.0 ], [ 260124.118683493201388, 2549255.14262234698981, 0.0 ], [ 260060.882615641428856, 2549262.912595090456307, 0.0 ], [ 260059.073326494341018, 2549278.009409951046109, 0.0 ], [ 260025.071127383649582, 2549261.380523438565433, 0.0 ], [ 260075.127183493110351, 2549173.274648851715028, 0.0 ], [ 260075.258276230742922, 2549136.600030557252467, 0.0 ], [ 260084.489048564399127, 2549066.209539481904358, 0.0 ], [ 260082.144382238708204, 2548996.558190253097564, 0.0 ], [ 260203.21636644899263, 2548975.344038635492325, 0.0 ], [ 260249.536381936486578, 2548973.495629005599767, 0.0 ], [ 260314.099119927239371, 2548971.023449053987861, 0.0 ], [ 260441.630944649572484, 2549013.967874442692846, 0.0 ], [ 260511.817847809521481, 2549023.372317717410624, 0.0 ], [ 260564.497257500624983, 2549028.070887587498873, 0.0 ], [ 260752.111111366277328, 2549044.908860242459923, 0.0 ], [ 260950.893621672468726, 2549041.960854718461633, 0.0 ], [ 261092.694155901757767, 2548995.938490756321698, 0.0 ], [ 261128.748177145083901, 2548993.369982265867293, 0.0 ], [ 261150.501268242223887, 2548987.816317582502961, 0.0 ], [ 261178.790734177222475, 2548980.607515973970294, 0.0 ], [ 261206.468650053779129, 2548973.630091323517263, 0.0 ], [ 261237.51728948976961, 2548965.823516857344657, 0.0 ], [ 261268.769225122610806, 2548957.902981978841126, 0.0 ], [ 261294.81223138817586, 2548951.284127539023757, 0.0 ], [ 261444.332738700642949, 2548913.451828133314848, 0.0 ], [ 261509.694763490348123, 2548903.2166782701388, 0.0 ], [ 261524.878190544201061, 2548897.214084374252707, 0.0 ], [ 261546.51779534626985, 2548813.554509677924216, 0.0 ], [ 261551.784334539377596, 2548796.519622603431344, 0.0 ], [ 261571.59536422448582, 2548733.274902596138418, 0.0 ], [ 261593.005978338420391, 2548673.882524497341365, 0.0 ], [ 261598.210605690692319, 2548659.396864288020879, 0.0 ], [ 261620.213692848279607, 2548598.554842609446496, 0.0 ], [ 261632.176266027265228, 2548576.981928850524127, 0.0 ], [ 261617.567043689079583, 2548528.798037418629974, 0.0 ], [ 261608.432662636827445, 2548496.038011222146451, 0.0 ], [ 261649.296611516503617, 2548479.877852933946997, 0.0 ], [ 261653.059920567902736, 2548477.934601400047541, 0.0 ], [ 261654.493435417534783, 2548477.801034417934716, 0.0 ], [ 261684.49297073870548, 2548474.887024679686874, 0.0 ], [ 261729.55537309369538, 2548477.716585932765156, 0.0 ], [ 261790.401722424634499, 2548486.499981003347784, 0.0 ], [ 261860.499335040163714, 2548496.687840615399182, 0.0 ], [ 261898.825421391549753, 2548417.528246055822819, 0.0 ], [ 262096.082009810081217, 2548453.729871105868369, 0.0 ], [ 262147.318931274814531, 2548451.477153889834881, 0.0 ], [ 262153.529175627278164, 2548325.741235161200166, 0.0 ], [ 262155.171800444368273, 2548287.048996477853507, 0.0 ], [ 262172.603841798205394, 2548138.20142890047282, 0.0 ], [ 262174.23152850009501, 2548124.437500473111868, 0.0 ], [ 262222.850350663415156, 2548118.681335532106459, 0.0 ], [ 262449.918319386662915, 2548113.976738756988198, 0.0 ], [ 262467.905193475191481, 2548116.572548872325569, 0.0 ], [ 262546.425350568839349, 2548121.090843398589641, 0.0 ], [ 262612.423782544909045, 2548124.921320316847414, 0.0 ], [ 262722.042780612653587, 2548131.164346892852336, 0.0 ], [ 262736.931806301232427, 2548262.10536740347743, 0.0 ], [ 262786.597885038529057, 2548283.699793127831072, 0.0 ], [ 262771.894695768016391, 2548359.048519507050514, 0.0 ], [ 262795.525850321748294, 2548537.048266686499119, 0.0 ], [ 262791.637048196978867, 2548647.789916297886521, 0.0 ], [ 262781.644119584583677, 2548716.195175932254642, 0.0 ], [ 262784.444073042599484, 2548776.531979699619114, 0.0 ], [ 262820.960044120030943, 2548796.672454063314945, 0.0 ], [ 262859.41082013520645, 2548796.507678811904043, 0.0 ], [ 262919.155264622182585, 2548852.509779476560652, 0.0 ], [ 262961.918159042485058, 2548924.069573079235852, 0.0 ], [ 262993.214734549634159, 2549042.232007534243166, 0.0 ], [ 263009.645876135095023, 2549050.281679493375123, 0.0 ], [ 263128.540706557687372, 2549066.462351154070348, 0.0 ], [ 263129.739719107514247, 2549148.871742571238428, 0.0 ], [ 263152.136340945726261, 2549229.506071174517274, 0.0 ], [ 262975.50460520433262, 2549225.760002933908254, 0.0 ], [ 262958.788646036176942, 2549232.117704584728926, 0.0 ], [ 262961.019483325537294, 2549347.304998281877488, 0.0 ], [ 262868.255410024547018, 2549401.286503618583083, 0.0 ], [ 262849.767116250121035, 2549418.751481113024056, 0.0 ], [ 262827.010077932442073, 2549451.573164287023246, 0.0 ], [ 262796.603287376812659, 2549486.953302737791091, 0.0 ], [ 262773.337419411051087, 2549545.929840000811964, 0.0 ], [ 262767.089471838087775, 2549559.323619012255222, 0.0 ], [ 262759.13652691693278, 2549581.607666601892561, 0.0 ], [ 262744.062982995063066, 2549588.050465707667172, 0.0 ], [ 262699.254289586329833, 2549620.445799916982651, 0.0 ], [ 262651.238137349719182, 2549651.008610199671239, 0.0 ], [ 262593.898156599141657, 2549688.477486393880099, 0.0 ], [ 262600.886589671252295, 2549702.437325830571353, 0.0 ], [ 262566.576317178143654, 2549769.676952143665403, 0.0 ], [ 262557.632034964044578, 2549794.081887981854379, 0.0 ], [ 262537.358247097232379, 2549867.082072081975639, 0.0 ], [ 262533.515513371443376, 2549870.466675128322095, 0.0 ], [ 262538.835438934387639, 2549915.031318696215749, 0.0 ], [ 262540.896629040013067, 2549941.588590778410435, 0.0 ], [ 262539.899850643065292, 2549956.339625423308462, 0.0 ], [ 262540.172016710508615, 2550031.784214703831822, 0.0 ], [ 262541.742488204035908, 2550098.566520556807518, 0.0 ], [ 262542.780661775032058, 2550183.527045287191868, 0.0 ], [ 262542.921023809409235, 2550192.388130808249116, 0.0 ], [ 262569.284197921981104, 2550212.577743172179908, 0.0 ], [ 262627.297642006364185, 2550301.953913389705122, 0.0 ], [ 262678.550932219368406, 2550372.381174626760185, 0.0 ], [ 262690.971855291165411, 2550386.255017266608775, 0.0 ], [ 262697.106092918780632, 2550430.474412139970809, 0.0 ], [ 262703.13318809348857, 2550454.974657155107707, 0.0 ], [ 262690.802597183734179, 2550511.562639315612614, 0.0 ], [ 262680.710473840706982, 2550560.58139285678044, 0.0 ], [ 262662.542001114226878, 2550578.706480326130986, 0.0 ], [ 262637.306022584089078, 2550597.275893840007484, 0.0 ], [ 262630.094804359832779, 2550646.913833778817207, 0.0 ], [ 262558.843849871191196, 2550647.377701566088945, 0.0 ], [ 262556.846709762350656, 2550663.695679206866771, 0.0 ], [ 262560.812356372131035, 2550681.02710550930351, 0.0 ], [ 262601.557456207519863, 2550774.221965142991394, 0.0 ], [ 262601.675010691629723, 2550781.643126687500626, 0.0 ], [ 262657.498017950565554, 2550920.577671297825873, 0.0 ], [ 262662.512097605504096, 2550932.906894281040877, 0.0 ], [ 262702.471538927522488, 2551054.255368722602725, 0.0 ], [ 262709.735314695164561, 2551066.216601628810167, 0.0 ], [ 262706.971718851942569, 2551092.407124800141901, 0.0 ], [ 262713.795096767018549, 2551121.880366608500481, 0.0 ], [ 262714.396499416790903, 2551146.909690792672336, 0.0 ], [ 262715.594051634659991, 2551196.636050038505346, 0.0 ], [ 262720.466275140177459, 2551271.232279042713344, 0.0 ], [ 262721.987131897942163, 2551321.950645906850696, 0.0 ], [ 262764.841083884704858, 2551406.027450198307633, 0.0 ], [ 262762.841028505354188, 2551461.011636261362582, 0.0 ], [ 262762.079899279633537, 2551471.216494406107813, 0.0 ], [ 262699.483811401529238, 2551590.643841504119337, 0.0 ], [ 262667.301786212599836, 2551649.540726331993937, 0.0 ], [ 262563.716128053027205, 2551698.933257184457034, 0.0 ], [ 262552.739495928748511, 2551704.979186502750963, 0.0 ], [ 262516.233241047360934, 2551736.801088994834572, 0.0 ], [ 262469.248039552243426, 2551747.849630408454686, 0.0 ], [ 262459.468066554283723, 2551751.771620511077344, 0.0 ], [ 262303.438331061217468, 2551810.52876155776903, 0.0 ], [ 262310.943006101762876, 2551857.053016888909042, 0.0 ], [ 262315.501636814209633, 2551905.285895976237953, 0.0 ], [ 262301.817059957422316, 2552024.936591430567205, 0.0 ], [ 262299.754976887023076, 2552043.582337803672999, 0.0 ], [ 262292.942314895859454, 2552047.124997896607965, 0.0 ], [ 262307.597545035823714, 2552085.558767892420292, 0.0 ], [ 262418.298541274736635, 2552239.35403990605846, 0.0 ], [ 262413.318563963402994, 2552300.257707026321441, 0.0 ], [ 262408.199869744363241, 2552371.799594797659665, 0.0 ], [ 262406.823651902843267, 2552427.21731345448643, 0.0 ], [ 262424.267870957963169, 2552473.473114972934127, 0.0 ], [ 262432.588475340162404, 2552500.374309500213712, 0.0 ], [ 262443.407504952978343, 2552529.673292200546712, 0.0 ], [ 262436.114221541152801, 2552535.217784853186458, 0.0 ], [ 262436.979259086539969, 2552544.510570725891739, 0.0 ], [ 262429.998190662707202, 2552576.196973802056164, 0.0 ], [ 262437.396906959475018, 2552596.686869826167822, 0.0 ], [ 262460.513597561337519, 2552619.254058888647705, 0.0 ], [ 262447.923642957524862, 2552633.413536862004548, 0.0 ], [ 262447.652492122841068, 2552642.170388364233077, 0.0 ], [ 262425.215432483004406, 2552707.671914018690586, 0.0 ], [ 262411.373035186552443, 2552759.188147992826998, 0.0 ], [ 262356.937867099186406, 2552810.905427003279328, 0.0 ], [ 262317.80312319699442, 2552851.300871489103884, 0.0 ], [ 262265.518531916546635, 2552864.096444431226701, 0.0 ], [ 262230.842802248778753, 2552875.393863217439502, 0.0 ], [ 262178.772114857973065, 2552888.74031840171665, 0.0 ], [ 262070.039279360731598, 2552929.688150065485388, 0.0 ], [ 262006.480678533291211, 2552923.275208592414856, 0.0 ], [ 261965.466046855639433, 2552948.523057520855218, 0.0 ] ] ] } },
{ "type": "Feature", "properties": { "Name": "23 THAKKARBAPANAGAR", "ward_id": "23", "ward_name": "THAKKARBAPANAGAR" }, "geometry": { "type": "Polygon", "coordinates": [ [ [ 259504.461151415569475, 2552359.238142883405089, 0.0 ], [ 259463.689738508895971, 2552361.222434075083584, 0.0 ], [ 259456.41659699799493, 2552348.819521519355476, 0.0 ], [ 259437.073609034094261, 2552350.902909092139453, 0.0 ], [ 259346.110113393893698, 2552247.109870685730129, 0.0 ], [ 259307.901325029728469, 2552223.570727861020714, 0.0 ], [ 259249.826526835386176, 2552131.326211691368371, 0.0 ], [ 259263.213089855998987, 2552103.080129161477089, 0.0 ], [ 259221.282520912092878, 2551994.732637230772525, 0.0 ], [ 259214.657838375220308, 2551984.42447359347716, 0.0 ], [ 259305.846968863043003, 2551783.086376736871898, 0.0 ], [ 259338.603409169212682, 2551760.733680695295334, 0.0 ], [ 259371.80848510240321, 2551702.476599734276533, 0.0 ], [ 259374.100133202242432, 2551698.340412508696318, 0.0 ], [ 258993.560099725582404, 2551477.440002327319235, 0.0 ], [ 258954.191242755943676, 2551598.617550734430552, 0.0 ], [ 258919.211920416011708, 2551673.966576093342155, 0.0 ], [ 258911.95851416097139, 2551694.691053583752364, 0.0 ], [ 258887.833792267483659, 2551730.976690916344523, 0.0 ], [ 258863.326733282883652, 2551737.132454496342689, 0.0 ], [ 258838.119106954865856, 2551737.981405261904001, 0.0 ], [ 258776.929912908672122, 2551745.503433085046709, 0.0 ], [ 258620.407222840643954, 2551773.064193510450423, 0.0 ], [ 258529.354569118353538, 2551785.167876733466983, 0.0 ], [ 258502.665558256354416, 2551814.95869666012004, 0.0 ], [ 258454.308501713705482, 2551454.658358036074787, 0.0 ], [ 258388.783873060310725, 2551123.441505252383649, 0.0 ], [ 258301.086119260638952, 2550555.48168301070109, 0.0 ], [ 258227.591885616711807, 2549869.629093234427273, 0.0 ], [ 258211.833490531309508, 2549839.857863169629127, 0.0 ], [ 258196.132776487967931, 2549775.517779528629035, 0.0 ], [ 258195.056536455289461, 2549766.006795455235988, 0.0 ], [ 258281.774703251023311, 2549758.404040327295661, 0.0 ], [ 258365.146751093940111, 2549739.776266830973327, 0.0 ], [ 258420.701230637409026, 2549712.95517161861062, 0.0 ], [ 258648.528955397428945, 2549692.888667131308466, 0.0 ], [ 258771.817420164705254, 2549695.114862216636539, 0.0 ], [ 258908.876105489704059, 2549711.967055354267359, 0.0 ], [ 259051.912925464421278, 2549769.053410322405398, 0.0 ], [ 259172.924664372985717, 2549795.583274377509952, 0.0 ], [ 259301.986396456777584, 2549838.160730031318963, 0.0 ], [ 259433.204225287714507, 2549868.184934155549854, 0.0 ], [ 259489.636907194071682, 2549889.659883515443653, 0.0 ], [ 259501.531074793543667, 2549902.431944396812469, 0.0 ], [ 259523.751482627354562, 2549926.117745545692742, 0.0 ], [ 259538.926092961191898, 2549983.597844765055925, 0.0 ], [ 259492.166913746972568, 2550002.628847746644169, 0.0 ], [ 259476.993845449702349, 2550066.689437435008585, 0.0 ], [ 259493.608692672947655, 2550079.718125286046416, 0.0 ], [ 259494.191995762841543, 2550141.642444297671318, 0.0 ], [ 259523.495515694929054, 2550223.381266683340073, 0.0 ], [ 259575.623887600086164, 2550232.294968297239393, 0.0 ], [ 259576.755038207804319, 2550232.498413864057511, 0.0 ], [ 259575.226815407455433, 2550239.502924052998424, 0.0 ], [ 259562.863056976930238, 2550293.325358451344073, 0.0 ], [ 259612.351385335321538, 2550355.019276692997664, 0.0 ], [ 259592.214456374698784, 2550448.408897014800459, 0.0 ], [ 259668.878486649482511, 2550504.016621436923742, 0.0 ], [ 259640.023604158253875, 2550558.878987798467278, 0.0 ], [ 259666.902406250039348, 2550636.557484324555844, 0.0 ], [ 259657.087488055840367, 2550670.285345484968275, 0.0 ], [ 259548.642836830607848, 2550666.04189267475158, 0.0 ], [ 259543.188613906211685, 2550683.967188492417336, 0.0 ], [ 259518.123204448958859, 2550712.954140710644424, 0.0 ], [ 259526.313365984562552, 2550795.253286041785032, 0.0 ], [ 259570.198522972379578, 2550801.750780580565333, 0.0 ], [ 259541.152641575201415, 2550882.98543570516631, 0.0 ], [ 259511.509288334986195, 2550997.246330059599131, 0.0 ], [ 259976.852813026489457, 2550937.158854037988931, 0.0 ], [ 260000.301526463998016, 2551172.108564466238022, 0.0 ], [ 260025.657050833222456, 2551410.905534342397004, 0.0 ], [ 260067.464459590759361, 2551697.523406317923218, 0.0 ], [ 260094.200393243227154, 2551868.935896726325154, 0.0 ], [ 260121.397791573603172, 2551902.735527507495135, 0.0 ], [ 260176.152274608437438, 2552024.839512147940695, 0.0 ], [ 260159.867786084505497, 2552025.875803673174232, 0.0 ], [ 260081.0335598224774, 2552019.825929025188088, 0.0 ], [ 260060.327524558873847, 2552020.046801721677184, 0.0 ], [ 260040.215171729709255, 2552018.928669819608331, 0.0 ], [ 259970.466607715119608, 2552023.259209977462888, 0.0 ], [ 259950.661729019426275, 2552022.136270618066192, 0.0 ], [ 259950.654628586606123, 2552021.69320997223258, 0.0 ], [ 259950.545031748741167, 2552021.251791920512915, 0.0 ], [ 259950.435434907180024, 2552020.810373869724572, 0.0 ], [ 259950.325838057993678, 2552020.368955818936229, 0.0 ], [ 259950.115519901795778, 2552020.039945526514202, 0.0 ], [ 259950.00592304271413, 2552019.598527478054166, 0.0 ], [ 259949.793829757603817, 2552019.158752026967704, 0.0 ], [ 259949.684232882951619, 2552018.71733397943899, 0.0 ], [ 259949.473914692993276, 2552018.388323694001883, 0.0 ], [ 259949.261821378779132, 2552017.948548247572035, 0.0 ], [ 259949.051503168913769, 2552017.619537966325879, 0.0 ], [ 259948.736913399741752, 2552017.181405129376799, 0.0 ], [ 259948.526595168747008, 2552016.852394853718579, 0.0 ], [ 259948.213780490477802, 2552016.525027187075466, 0.0 ], [ 259948.003462241176749, 2552016.196016916073859, 0.0 ], [ 259947.68887241295306, 2552015.75788409775123, 0.0 ], [ 259947.376057694636984, 2552015.430516444146633, 0.0 ], [ 259947.065018092456739, 2552015.213913960382342, 0.0 ], [ 259946.752203348005423, 2552014.886546319816262, 0.0 ], [ 259946.439388593891636, 2552014.559178683441132, 0.0 ], [ 259946.126573821209604, 2552014.2318110531196, 0.0 ], [ 259945.713037718145642, 2552014.016851214226335, 0.0 ], [ 259945.400222919415683, 2552013.689483597874641, 0.0 ], [ 259944.986686788470251, 2552013.474523775745183, 0.0 ], [ 259944.675647110707359, 2552013.257921335287392, 0.0 ], [ 259944.262110956158722, 2552013.042961533647031, 0.0 ], [ 259943.848574789066333, 2552012.828001740388572, 0.0 ], [ 259943.435038610477932, 2552012.613041958305985, 0.0 ], [ 259943.021502417919692, 2552012.398082186933607, 0.0 ], [ 259942.609741374209989, 2552012.293887590058148, 0.0 ], [ 259942.196205159212695, 2552012.078927839174867, 0.0 ], [ 259941.784444096265361, 2552011.97473326465115, 0.0 ], [ 259941.372683028021129, 2552011.870538700371981, 0.0 ], [ 259940.960921952704666, 2552011.76634414633736, 0.0 ], [ 259940.549160871974891, 2552011.662149603944272, 0.0 ], [ 259940.034903305582702, 2552011.559597732499242, 0.0 ], [ 259939.624917390698101, 2552011.566168380435556, 0.0 ], [ 259939.213156290148618, 2552011.461973872967064, 0.0 ], [ 259938.803170371975284, 2552011.468544543255121, 0.0 ], [ 259938.290687970933504, 2552011.47675789706409, 0.0 ], [ 259937.880702049587853, 2552011.483328592032194, 0.0 ], [ 259937.470716127369087, 2552011.489899299107492, 0.0 ], [ 259936.958233724493766, 2552011.498112698085606, 0.0 ], [ 259936.548247800412355, 2552011.504683430306613, 0.0 ], [ 259936.140037083183415, 2552011.622019341681153, 0.0 ], [ 259935.627554680628236, 2552011.630232787225395, 0.0 ], [ 259935.21934397277073, 2552011.747568724211305, 0.0 ], [ 259934.811133268871345, 2552011.864904672838748, 0.0 ], [ 259934.40292257029796, 2552011.982240633573383, 0.0 ], [ 259888.897228779824218, 2552025.674482185393572, 0.0 ], [ 259854.003277333482401, 2552036.205305159557611, 0.0 ], [ 259845.736589762265794, 2552038.553716282360256, 0.0 ], [ 259820.424058390053688, 2552045.607195907272398, 0.0 ], [ 259810.093873462232295, 2552098.289066693279892, 0.0 ], [ 259778.131118277058704, 2552099.798792366404086, 0.0 ], [ 259760.640929249057081, 2552115.147261362057179, 0.0 ], [ 259773.76950121394475, 2552243.34667221782729, 0.0 ], [ 259764.943477098742733, 2552274.732084943912923, 0.0 ], [ 259766.748623911233153, 2552285.00695265410468, 0.0 ], [ 259763.350083092780551, 2552322.398973859380931, 0.0 ], [ 259715.317495518160285, 2552325.496186702977866, 0.0 ], [ 259649.35548828804167, 2552329.32445354713127, 0.0 ], [ 259638.908161699451739, 2552329.935292742680758, 0.0 ], [ 259567.800735472439555, 2552338.943022586870939, 0.0 ], [ 259500.167498812224949, 2552347.23054454382509, 0.0 ], [ 259504.461151415569475, 2552359.238142883405089, 0.0 ] ] ] } },
{ "type": "Feature", "properties": { "Name": "22 INDIA COLONY", "ward_id": "22", "ward_name": "INDIA COLONY" }, "geometry": { "type": "Polygon", "coordinates": [ [ [ 256891.429088852222776, 2551778.996562412939966, 0.0 ], [ 256852.583407396945404, 2551779.73780391132459, 0.0 ], [ 256684.266494916548254, 2551617.606057588011026, 0.0 ], [ 256368.009675937180873, 2551311.297215747181326, 0.0 ], [ 256120.725466028001392, 2551073.118938413914293, 0.0 ], [ 256069.992235843878007, 2551023.975464506074786, 0.0 ], [ 255995.71538629810675, 2550952.058974989689887, 0.0 ], [ 255916.114372759766411, 2550874.357276547700167, 0.0 ], [ 255568.012421023770003, 2550541.214028391055763, 0.0 ], [ 255309.080665877641877, 2550294.594396098516881, 0.0 ], [ 255224.157733812695369, 2550211.6642857757397, 0.0 ], [ 255138.756879277090775, 2550124.642876816447824, 0.0 ], [ 254966.743093687138753, 2550046.017443135380745, 0.0 ], [ 254787.110231027269037, 2549978.154951787088066, 0.0 ], [ 254568.153770025586709, 2549901.077125264331698, 0.0 ], [ 254316.691965441947104, 2549799.162172494921833, 0.0 ], [ 254120.124940333800623, 2549743.329092942643911, 0.0 ], [ 254153.924244389083469, 2549684.606018202379346, 0.0 ], [ 254189.972608022508211, 2549606.678166904021055, 0.0 ], [ 254206.213951409066794, 2549540.265669902320951, 0.0 ], [ 254224.784004480170552, 2549434.481849699746817, 0.0 ], [ 254231.125953735841904, 2549364.686145479325205, 0.0 ], [ 254228.295446196920238, 2549248.28414036007598, 0.0 ], [ 254221.837362161197234, 2549204.624881755560637, 0.0 ], [ 254283.276283164013876, 2549199.186254719737917, 0.0 ], [ 254347.144044877699343, 2549135.428565192501992, 0.0 ], [ 254413.206402382726083, 2549030.307797763962299, 0.0 ], [ 254489.854978172166739, 2549051.8772451155819, 0.0 ], [ 254620.119891111680772, 2549091.294540295843035, 0.0 ], [ 254764.095876369363395, 2549141.45762375742197, 0.0 ], [ 254761.322049795184284, 2549153.690678642131388, 0.0 ], [ 254769.209094629768515, 2549203.30968742351979, 0.0 ], [ 254785.685982145951129, 2549220.10305530205369, 0.0 ], [ 254992.98664507799549, 2549223.473679171875119, 0.0 ], [ 254989.684650461975252, 2549297.540086329448968, 0.0 ], [ 254995.580906441871775, 2549357.163398741278797, 0.0 ], [ 255005.166975497879321, 2549372.739979839418083, 0.0 ], [ 255045.648189369123429, 2549402.658693974837661, 0.0 ], [ 255141.212732662301278, 2549465.027890227269381, 0.0 ], [ 255228.071055203909054, 2549521.778281990904361, 0.0 ], [ 255291.776859406818403, 2549542.233145907986909, 0.0 ], [ 255368.814971767598763, 2549562.803144113626331, 0.0 ], [ 255630.920550915820058, 2549695.252528741955757, 0.0 ], [ 255864.266250978573225, 2549774.659571764059365, 0.0 ], [ 256105.540532973827794, 2549856.267728166189045, 0.0 ], [ 256272.657523279893212, 2549861.084320369176567, 0.0 ], [ 256398.218868614087114, 2549895.828041411936283, 0.0 ], [ 256456.640684604382841, 2549913.160280908923596, 0.0 ], [ 256524.355132125609089, 2549959.702759614214301, 0.0 ], [ 256564.207376548933098, 2549989.081327670253813, 0.0 ], [ 256669.849239845672855, 2549959.113411664031446, 0.0 ], [ 256746.178219961526338, 2549929.95423719054088, 0.0 ], [ 256938.098594658134971, 2549832.9976836303249, 0.0 ], [ 257025.735607783717569, 2549805.540270259138197, 0.0 ], [ 257153.617888484732248, 2549768.457081610802561, 0.0 ], [ 257204.241630678385263, 2549766.529286974109709, 0.0 ], [ 257260.84671593431267, 2549773.036074131261557, 0.0 ], [ 257468.520526110281935, 2549774.882783787325025, 0.0 ], [ 257860.444710889569251, 2549788.602208567783237, 0.0 ], [ 257963.628152793593472, 2549790.370841504074633, 0.0 ], [ 258075.367166995449224, 2549788.567494206130505, 0.0 ], [ 258206.292780026327819, 2549781.137412848882377, 0.0 ], [ 258207.369012944982387, 2549790.648397155571729, 0.0 ], [ 258223.069669702439569, 2549854.988487924914807, 0.0 ], [ 258238.817777839460177, 2549884.759892181959003, 0.0 ], [ 258312.321753959637135, 2550570.61233083344996, 0.0 ], [ 258283.576827295153635, 2550568.41679510846734, 0.0 ], [ 258236.745468526147306, 2550613.933184296824038, 0.0 ], [ 258183.669100681989221, 2550660.658456315286458, 0.0 ], [ 258104.077840684796683, 2550709.916976376436651, 0.0 ], [ 257864.975095930945827, 2550780.033391583710909, 0.0 ], [ 257748.169474000867922, 2550842.193546305410564, 0.0 ], [ 257595.052243061101763, 2550941.39366504503414, 0.0 ], [ 257434.764904547831975, 2551047.248559740372002, 0.0 ], [ 257406.64655864724773, 2551197.720787330996245, 0.0 ], [ 257206.512303342489759, 2551444.823459959123284, 0.0 ], [ 257092.22293017746415, 2551592.150770992971957, 0.0 ], [ 257025.802759535086807, 2551669.122964200563729, 0.0 ], [ 256891.429088852222776, 2551778.996562412939966, 0.0 ] ] ] } },
{ "type": "Feature", "properties": { "Name": "21 DARIYAPUR", "ward_id": "21", "ward_name": "DARIYAPUR" }, "geometry": { "type": "Polygon", "coordinates": [ [ [ 253536.83144190206076, 2550023.042960689403117, 0.0 ], [ 253404.653284273546888, 2550060.339570984710008, 0.0 ], [ 253380.388151931198081, 2549900.524116346612573, 0.0 ], [ 253360.316655208880547, 2549765.015356813091785, 0.0 ], [ 253360.223463393194834, 2549715.71157583873719, 0.0 ], [ 253360.114142754260683, 2549709.065466772764921, 0.0 ], [ 253233.309175156377023, 2549705.390267814509571, 0.0 ], [ 253094.215191967203282, 2549696.489348627161235, 0.0 ], [ 252995.829973422194598, 2549706.198032481595874, 0.0 ], [ 252882.127004896028666, 2549732.225644509773701, 0.0 ], [ 252837.927278304996435, 2549744.47723986255005, 0.0 ], [ 252694.789381634385791, 2549782.625460429582745, 0.0 ], [ 252334.745909643737832, 2549875.102463053539395, 0.0 ], [ 252006.62432160123717, 2549925.843090736772865, 0.0 ], [ 252003.706882064579986, 2549836.254504274576902, 0.0 ], [ 252003.55041917914059, 2549770.996158554684371, 0.0 ], [ 251994.01053526927717, 2549746.002450064290315, 0.0 ], [ 251986.269709846266778, 2549687.185125648509711, 0.0 ], [ 251976.414205920125823, 2549612.11524754576385, 0.0 ], [ 251967.852912932721665, 2549534.697175300680101, 0.0 ], [ 251966.684820854716236, 2549526.074131885543466, 0.0 ], [ 251981.055718887422699, 2549526.944434914272279, 0.0 ], [ 251994.306239355209982, 2549528.276478868443519, 0.0 ], [ 252013.585189693898428, 2549528.290045093279332, 0.0 ], [ 252033.946047714794986, 2549525.515758611261845, 0.0 ], [ 252106.186698370089289, 2549522.216184757184237, 0.0 ], [ 252161.023025522968965, 2549520.644990005996078, 0.0 ], [ 252187.859029336192179, 2549518.761094963178039, 0.0 ], [ 252207.590190100483596, 2549502.70153332920745, 0.0 ], [ 252226.047218394262018, 2549490.20863302750513, 0.0 ], [ 252248.097880128625548, 2549484.193546421825886, 0.0 ], [ 252263.426335735945031, 2549468.539206880144775, 0.0 ], [ 252284.362247356970329, 2549450.908670581877232, 0.0 ], [ 252297.42255337946699, 2549434.516245859675109, 0.0 ], [ 252309.287422944616992, 2549420.248766279779375, 0.0 ], [ 252310.212053381750593, 2549407.934777844231576, 0.0 ], [ 252313.12351767430664, 2549348.276698898058385, 0.0 ], [ 252305.407802906964207, 2549284.69457088271156, 0.0 ], [ 252341.126864891906735, 2549280.448303520679474, 0.0 ], [ 252341.538773522304837, 2549280.552300640381873, 0.0 ], [ 252363.966749606188387, 2549284.946316604036838, 0.0 ], [ 252426.014760140387807, 2549297.771794219501317, 0.0 ], [ 252457.790243615192594, 2549303.119629299268126, 0.0 ], [ 252508.680189695063746, 2549304.717306634876877, 0.0 ], [ 252532.565424572967459, 2549304.212357962504029, 0.0 ], [ 252544.822080751619069, 2549301.240139585919678, 0.0 ], [ 252555.281078781146789, 2549294.973620903212577, 0.0 ], [ 252497.246260488638654, 2549202.195256166160107, 0.0 ], [ 252439.707327826763503, 2549089.797422767151147, 0.0 ], [ 252372.981103493570117, 2548967.579482779372483, 0.0 ], [ 252362.62671488506021, 2548949.136173086706549, 0.0 ], [ 252352.905724651471246, 2548931.790402074810117, 0.0 ], [ 252337.473553098912816, 2548866.67369814729318, 0.0 ], [ 252316.589264643524075, 2548800.53903245087713, 0.0 ], [ 252313.667901064647594, 2548766.461128943599761, 0.0 ], [ 252311.435036987008061, 2548724.394318828824908, 0.0 ], [ 252316.436080526909791, 2548654.619083925150335, 0.0 ], [ 252313.251157073071226, 2548616.999962819274515, 0.0 ], [ 252310.332286992983427, 2548545.804313404019922, 0.0 ], [ 252304.022556124109542, 2548486.63095683651045, 0.0 ], [ 252364.459457454300718, 2548482.420072095002979, 0.0 ], [ 252418.871137779700803, 2548479.749251995235682, 0.0 ], [ 252464.886532174685271, 2548484.086701107211411, 0.0 ], [ 252505.658288662874838, 2548493.829141351860017, 0.0 ], [ 252553.459935552615207, 2548513.206040631048381, 0.0 ], [ 252613.783613149920711, 2548545.672451131977141, 0.0 ], [ 252664.508319746470079, 2548574.419372015167028, 0.0 ], [ 252715.441520863940241, 2548603.384604854043573, 0.0 ], [ 252749.629561388661386, 2548605.701864171773195, 0.0 ], [ 252803.720049691619352, 2548608.466826882213354, 0.0 ], [ 252887.847200297110248, 2548629.240556591656059, 0.0 ], [ 252928.006681552767986, 2548639.215754155535251, 0.0 ], [ 252935.702542616229039, 2548651.941648820415139, 0.0 ], [ 252944.240472068137024, 2548665.983261855319142, 0.0 ], [ 252981.245210230146768, 2548708.585335714742541, 0.0 ], [ 253003.824333802913316, 2548734.583612699992955, 0.0 ], [ 253024.184744171157945, 2548756.629696318414062, 0.0 ], [ 253043.084245438221842, 2548777.148672794923186, 0.0 ], [ 253062.605718439095654, 2548804.305342865176499, 0.0 ], [ 253088.951536151609616, 2548841.099969802424312, 0.0 ], [ 253102.536521890171571, 2548856.498952685389668, 0.0 ], [ 253105.391715515841497, 2548867.975004971027374, 0.0 ], [ 253105.463103651301935, 2548922.154317427892238, 0.0 ], [ 253105.598747774056392, 2548974.005806202534586, 0.0 ], [ 253103.629122466081753, 2548997.638319924939424, 0.0 ], [ 253096.873014645214425, 2549035.75344053376466, 0.0 ], [ 253089.201559634471778, 2549074.326832692138851, 0.0 ], [ 253082.154397142934613, 2549113.44395008450374, 0.0 ], [ 253082.260564850730589, 2549113.663799426052719, 0.0 ], [ 253082.890276716585504, 2549114.539821209385991, 0.0 ], [ 253096.400293802464148, 2549125.397270187735558, 0.0 ], [ 253106.355308506084839, 2549132.102904018480331, 0.0 ], [ 253117.447567589202663, 2549133.139096556697041, 0.0 ], [ 253143.443987073405879, 2549130.05203161528334, 0.0 ], [ 253173.698872911016224, 2549124.014168925583363, 0.0 ], [ 253192.233192537445575, 2549122.379578872583807, 0.0 ], [ 253206.884496933140326, 2549121.584495190996677, 0.0 ], [ 253217.286900074774167, 2549118.089374986011535, 0.0 ], [ 253230.713890846032882, 2549111.442140973173082, 0.0 ], [ 253294.600166494259611, 2549092.663401178549975, 0.0 ], [ 253309.112536332337186, 2549089.654737951233983, 0.0 ], [ 253329.852657602663385, 2549091.197196815162897, 0.0 ], [ 253349.42132765398128, 2549090.099787353072315, 0.0 ], [ 253365.649232441763161, 2549085.400992759969085, 0.0 ], [ 253379.787188868096564, 2549072.094310296699405, 0.0 ], [ 253393.674597940407693, 2549056.021805099211633, 0.0 ], [ 253412.081318771495717, 2549027.908797303214669, 0.0 ], [ 253432.386129480786622, 2548984.252856316976249, 0.0 ], [ 253451.149607292230939, 2548940.400696426164359, 0.0 ], [ 253474.047421335213585, 2548892.270290751475841, 0.0 ], [ 253493.540394646755885, 2548861.591214270796627, 0.0 ], [ 253506.867611224966822, 2548848.852004459593445, 0.0 ], [ 253528.281336835498223, 2548816.479452149476856, 0.0 ], [ 253539.238481721025892, 2548815.523830021731555, 0.0 ], [ 253583.657256361213513, 2548841.385632563382387, 0.0 ], [ 253634.397659041045699, 2548865.03855564026162, 0.0 ], [ 253678.933835209638346, 2548885.580371347256005, 0.0 ], [ 253714.966717753821285, 2548900.389625667128712, 0.0 ], [ 253747.570165497978451, 2548918.689999676775187, 0.0 ], [ 253772.699259174842155, 2548931.462432690896094, 0.0 ], [ 253822.665717107011005, 2548945.489209478721023, 0.0 ], [ 253839.787857457296923, 2548951.523686266969889, 0.0 ], [ 253810.438686663168482, 2549118.977966157253832, 0.0 ], [ 253741.969840900012059, 2549377.042771521955729, 0.0 ], [ 253798.22852540796157, 2549393.403552324976772, 0.0 ], [ 253822.544642391207162, 2549400.427834944799542, 0.0 ], [ 253800.762001180235529, 2549528.97879687231034, 0.0 ], [ 253764.988628407969372, 2549723.462883925996721, 0.0 ], [ 253721.630357415007893, 2549936.796687832567841, 0.0 ], [ 253714.494253417913569, 2550014.251060050912201, 0.0 ], [ 253562.939659301366191, 2549939.515035064425319, 0.0 ], [ 253546.96139160200255, 2550009.248238190542907, 0.0 ], [ 253536.83144190206076, 2550023.042960689403117, 0.0 ] ] ] } },
{ "type": "Feature", "properties": { "Name": "20 JODHPUR", "ward_id": "20", "ward_name": "JODHPUR" }, "geometry": { "type": "Polygon", "coordinates": [ [ [ 243047.018487034714781, 2548846.409198192413896, 0.0 ], [ 242851.689766579045681, 2548879.009347734972835, 0.0 ], [ 242852.542233874875819, 2548862.927739294245839, 0.0 ], [ 242832.457667839655187, 2548768.199757350608706, 0.0 ], [ 242831.52144755909103, 2548707.604454602114856, 0.0 ], [ 242831.325853792921407, 2548696.194701520726085, 0.0 ], [ 242831.31635897103115, 2548695.640830014366657, 0.0 ], [ 242825.728309617581544, 2548626.925568527076393, 0.0 ], [ 242875.066322878876235, 2548621.315180137753487, 0.0 ], [ 242876.437302905513206, 2548551.705011271405965, 0.0 ], [ 242934.103381265507778, 2548541.29823511838913, 0.0 ], [ 242944.430534621176776, 2548539.459185524843633, 0.0 ], [ 242944.081224958237726, 2548531.043858453631401, 0.0 ], [ 242943.293361091840779, 2548514.990380727220327, 0.0 ], [ 242942.575763354427181, 2548497.051984769757837, 0.0 ], [ 242935.512496946466854, 2548497.837847085203975, 0.0 ], [ 242912.685996801883448, 2548500.445113968104124, 0.0 ], [ 242899.385657537699444, 2548442.499478857498616, 0.0 ], [ 242769.662268444022629, 2548455.471274178475142, 0.0 ], [ 242737.754076735291164, 2548460.78306901967153, 0.0 ], [ 242680.964796317159198, 2548456.549022227991372, 0.0 ], [ 242689.666234652337153, 2548407.755543254781514, 0.0 ], [ 242661.266569238854572, 2548390.402702460996807, 0.0 ], [ 242599.664584233833011, 2548320.87534814234823, 0.0 ], [ 242517.258522352902219, 2548216.468534328974783, 0.0 ], [ 242482.492970843246439, 2548168.86407333239913, 0.0 ], [ 242433.617288378474768, 2548117.845227463170886, 0.0 ], [ 242403.385599757108139, 2548071.492764639668167, 0.0 ], [ 242264.068137579073664, 2547973.936876431573182, 0.0 ], [ 242224.159687647683313, 2547937.501926762983203, 0.0 ], [ 242167.99900139705278, 2547898.354484183248132, 0.0 ], [ 242151.235446404258255, 2547877.810731816571206, 0.0 ], [ 242100.225466726755258, 2547786.273939689155668, 0.0 ], [ 242048.21269150817534, 2547743.842159819789231, 0.0 ], [ 241981.787970265490003, 2547674.510470968671143, 0.0 ], [ 241900.925413841556292, 2547600.662562641315162, 0.0 ], [ 241846.740624432364712, 2547551.287830070126802, 0.0 ], [ 241705.119091877713799, 2547457.432507799938321, 0.0 ], [ 241714.275179425720125, 2547453.064260723534971, 0.0 ], [ 241527.909635381220141, 2547352.002237514127046, 0.0 ], [ 241423.988367035402916, 2547434.349349892698228, 0.0 ], [ 241381.107773000345333, 2547433.98002975480631, 0.0 ], [ 241344.411986583087128, 2547435.387987300753593, 0.0 ], [ 241219.920728118740954, 2547353.76290005305782, 0.0 ], [ 241116.970514645392541, 2547284.177689267788082, 0.0 ], [ 241022.445019929931732, 2547251.125234283041209, 0.0 ], [ 240700.08182648132788, 2547121.614710214082152, 0.0 ], [ 240706.846441825065995, 2547067.866605146788061, 0.0 ], [ 240627.042202393145999, 2547043.980852144304663, 0.0 ], [ 240600.426205301715527, 2547082.669644304085523, 0.0 ], [ 240531.255835439282237, 2547044.971201221458614, 0.0 ], [ 240542.136965544632403, 2546992.038286291528493, 0.0 ], [ 240501.524151113146218, 2546938.99807305727154, 0.0 ], [ 240465.05178768170299, 2546905.942717088852078, 0.0 ], [ 241033.499194574833382, 2546887.040663834195584, 0.0 ], [ 241546.737712353176903, 2546872.767170052044094, 0.0 ], [ 241971.163444328994956, 2546859.483325291890651, 0.0 ], [ 242903.437409552570898, 2546822.880117813590914, 0.0 ], [ 243406.183231468399754, 2546951.125183614436537, 0.0 ], [ 243845.186402373132296, 2547029.170524972956628, 0.0 ], [ 244026.57425205007894, 2547055.772567328065634, 0.0 ], [ 244110.549424723838456, 2547011.90242584887892, 0.0 ], [ 244476.83213486240129, 2547018.184639028273523, 0.0 ], [ 244892.777697067736881, 2547019.642751081380993, 0.0 ], [ 245157.688802095944993, 2547066.446057606022805, 0.0 ], [ 245318.713201064994792, 2547078.007221424486488, 0.0 ], [ 245587.907313850213541, 2547093.276738223154098, 0.0 ], [ 245928.568594916578149, 2547113.324701748322695, 0.0 ], [ 246109.779839673195966, 2547123.887737610377371, 0.0 ], [ 246489.439525875641266, 2547163.676584364846349, 0.0 ], [ 246711.546894330327632, 2547221.31245281919837, 0.0 ], [ 246727.473774066689657, 2547040.65573217254132, 0.0 ], [ 246753.261801550921518, 2546806.093136943876743, 0.0 ], [ 246799.68100873180083, 2546809.520757579710335, 0.0 ], [ 246810.452723347814754, 2546675.82111242134124, 0.0 ], [ 247047.787368430406787, 2546699.410844434518367, 0.0 ], [ 247248.085070321714738, 2546722.519640385173261, 0.0 ], [ 247252.94188250019215, 2546761.218914273194969, 0.0 ], [ 247272.230962256202474, 2546889.536435903050005, 0.0 ], [ 247298.721563293627696, 2546897.289943696465343, 0.0 ], [ 247327.460540432744892, 2547032.539817418903112, 0.0 ], [ 247338.046231258718763, 2547039.896252121310681, 0.0 ], [ 247365.442485093837604, 2547119.767295605503023, 0.0 ], [ 247384.739967305300524, 2547175.508815875742584, 0.0 ], [ 247399.602174743398791, 2547217.585424229037017, 0.0 ], [ 247407.599956369173015, 2547254.015798131469637, 0.0 ], [ 247418.345735528710065, 2547276.992783392779529, 0.0 ], [ 247434.311528388323495, 2547299.327926850412041, 0.0 ], [ 247499.321271426917519, 2547328.815804454963654, 0.0 ], [ 247558.35333248891402, 2547399.290697363670915, 0.0 ], [ 247562.949958911718568, 2547459.157702279277146, 0.0 ], [ 247560.113118048146134, 2547577.099602866452187, 0.0 ], [ 247541.549550269497558, 2547705.167521011549979, 0.0 ], [ 247522.410844159487169, 2547756.347995994146913, 0.0 ], [ 247508.935984444222413, 2547778.402862848248333, 0.0 ], [ 247482.892340558872093, 2547845.876816909760237, 0.0 ], [ 247456.839647023443831, 2547906.702822992578149, 0.0 ], [ 247418.602747542259749, 2547999.202028480824083, 0.0 ], [ 247409.893204836844234, 2548017.963534466456622, 0.0 ], [ 247382.666646051307907, 2548063.851098475046456, 0.0 ], [ 247362.373165337543469, 2548101.200969668570906, 0.0 ], [ 247355.408607678691624, 2548113.949779000133276, 0.0 ], [ 247352.681352340092417, 2548122.527534087188542, 0.0 ], [ 247323.662320481380448, 2548214.207110806368291, 0.0 ], [ 247316.632707023643889, 2548235.267277870792896, 0.0 ], [ 247309.998913211136824, 2548304.187732390128076, 0.0 ], [ 247253.384237553051207, 2548328.409982646349818, 0.0 ], [ 247191.167934809258441, 2548354.942916551139206, 0.0 ], [ 247152.005988451885059, 2548380.201162894256413, 0.0 ], [ 247115.231891183124389, 2548395.003768854774535, 0.0 ], [ 247104.077073737658793, 2548408.598989047575742, 0.0 ], [ 247021.005730120523367, 2548512.049383149016649, 0.0 ], [ 247003.720359322207514, 2548539.155287750065327, 0.0 ], [ 246991.674979838280706, 2548560.743480992969126, 0.0 ], [ 246984.179658084816765, 2548572.39344472438097, 0.0 ], [ 246960.385662235697964, 2548620.99425403540954, 0.0 ], [ 246923.003921097784769, 2548709.159579476807266, 0.0 ], [ 246880.373532381781843, 2548802.288975498639047, 0.0 ], [ 246761.822127677529352, 2548893.597595935221761, 0.0 ], [ 246735.058239104953827, 2548911.999653146602213, 0.0 ], [ 246721.745523908350151, 2548925.299270011018962, 0.0 ], [ 246695.905187406431651, 2548955.87422321876511, 0.0 ], [ 246665.050939041218953, 2548993.182139926124364, 0.0 ], [ 246641.39865295169875, 2549013.637116690166295, 0.0 ], [ 246617.926864994980861, 2549056.914669945836067, 0.0 ], [ 246579.615970214857953, 2549083.822417690884322, 0.0 ], [ 246516.905648742453195, 2549129.425257435534149, 0.0 ], [ 246430.17273138629389, 2549191.722705767024308, 0.0 ], [ 246285.263966701168101, 2549034.061446904670447, 0.0 ], [ 246259.878894683643011, 2549036.928550508338958, 0.0 ], [ 246235.11030374513939, 2549033.801846571732312, 0.0 ], [ 246211.794120097125415, 2549013.475969056133181, 0.0 ], [ 246008.816730895079672, 2548739.67942903097719, 0.0 ], [ 245906.03662174710189, 2548750.727554484270513, 0.0 ], [ 245793.480802333535394, 2548759.836769829504192, 0.0 ], [ 245739.700350353261456, 2548775.596021826379001, 0.0 ], [ 245586.241075885685859, 2548737.310980993788689, 0.0 ], [ 245428.670407095603878, 2548765.025996901094913, 0.0 ], [ 245050.305147358798422, 2548714.94114194624126, 0.0 ], [ 244860.318898149445886, 2548712.07688229996711, 0.0 ], [ 244601.766525202809134, 2548699.855672992765903, 0.0 ], [ 244530.251611665356904, 2548728.109900363255292, 0.0 ], [ 244143.030746615520911, 2548760.526924833189696, 0.0 ], [ 243943.04746399805299, 2548778.897932893130928, 0.0 ], [ 243574.247228669963079, 2548796.943071160465479, 0.0 ], [ 243272.18003922700882, 2548807.09592287382111, 0.0 ], [ 243047.018487034714781, 2548846.409198192413896, 0.0 ] ] ] } },
{ "type": "Feature", "properties": { "Name": "19 BODAKDEV", "ward_id": "19", "ward_name": "BODAKDEV" }, "geometry": { "type": "Polygon", "coordinates": [ [ [ 247558.552203323954018, 2551425.871117216534913, 0.0 ], [ 247350.830482563498663, 2551457.405536746606231, 0.0 ], [ 247338.282516018371098, 2551278.780231310985982, 0.0 ], [ 247330.126685141789494, 2551074.817691226955503, 0.0 ], [ 247315.174475363950478, 2550844.820149433333427, 0.0 ], [ 247312.363346807542257, 2550720.656857886351645, 0.0 ], [ 247132.175521502067568, 2550737.657013578340411, 0.0 ], [ 246992.015088430518517, 2550762.847926057875156, 0.0 ], [ 246978.712876475678058, 2550734.152709657792002, 0.0 ], [ 246950.428479172900552, 2550668.369576520752162, 0.0 ], [ 246881.687884860322811, 2550508.310759025160223, 0.0 ], [ 246846.049320848716889, 2550438.219778097234666, 0.0 ], [ 246832.506030582124367, 2550407.423439261037856, 0.0 ], [ 246800.938143177656457, 2550341.585125076118857, 0.0 ], [ 246757.114659508719342, 2550248.363721595145762, 0.0 ], [ 246727.295637988427188, 2550170.750750562176108, 0.0 ], [ 246718.214674392685993, 2550118.826352714560926, 0.0 ], [ 246511.424863232154166, 2550255.064591218717396, 0.0 ], [ 246345.00461404651287, 2550358.822151380125433, 0.0 ], [ 245970.29398390071583, 2550503.562143280170858, 0.0 ], [ 245710.02681885290076, 2550611.910005674697459, 0.0 ], [ 245670.091641744103981, 2550645.496587330941111, 0.0 ], [ 245492.899961443094071, 2550832.994474801700562, 0.0 ], [ 245560.234000804426614, 2550975.786794249899685, 0.0 ], [ 245519.782912495429628, 2550978.911330144386739, 0.0 ], [ 245508.690841960837133, 2550953.725346437655389, 0.0 ], [ 245445.561730005778372, 2550943.827785504981875, 0.0 ], [ 245391.685019979893696, 2550935.32456166902557, 0.0 ], [ 245393.348701092385454, 2550930.642485475633293, 0.0 ], [ 245385.184306900162483, 2550926.903012376278639, 0.0 ], [ 245357.519842112291371, 2550922.165194581262767, 0.0 ], [ 245305.85034024057677, 2550916.838110824115574, 0.0 ], [ 245217.604277943464695, 2550913.351822230964899, 0.0 ], [ 245195.068318278994411, 2550914.732202314771712, 0.0 ], [ 245192.382517319783801, 2550925.636777351144701, 0.0 ], [ 245139.840054582949961, 2550917.222553752362728, 0.0 ], [ 245026.130572671478149, 2550899.765726770740002, 0.0 ], [ 245014.041814830794465, 2550852.21428602701053, 0.0 ], [ 244993.915434459340759, 2550802.361883795354515, 0.0 ], [ 244986.080275246698875, 2550805.930162156466395, 0.0 ], [ 244975.081730191101087, 2550768.221864965744317, 0.0 ], [ 244946.69511549724848, 2550781.336714413948357, 0.0 ], [ 244910.601125331071671, 2550793.474744840525091, 0.0 ], [ 244851.88549439914641, 2550807.992456377018243, 0.0 ], [ 244830.292720745404949, 2550810.576173219364136, 0.0 ], [ 244712.603275662433589, 2550824.436529049184173, 0.0 ], [ 244654.960641408659285, 2550799.60076373256743, 0.0 ], [ 244641.531858081667451, 2550793.846048826351762, 0.0 ], [ 244634.963386232178891, 2550793.514739432372153, 0.0 ], [ 244592.365155738138128, 2550791.027230270206928, 0.0 ], [ 244572.470369411050342, 2550784.939538903068751, 0.0 ], [ 244500.590427358547458, 2550767.106115920934826, 0.0 ], [ 244461.970944506756496, 2550745.381737824063748, 0.0 ], [ 244451.99542123376159, 2550737.684605095069855, 0.0 ], [ 244435.652174775255844, 2550669.263662227895111, 0.0 ], [ 244430.411710635351483, 2550656.610347607173026, 0.0 ], [ 244416.065903085866012, 2550627.159002088010311, 0.0 ], [ 244414.064879322919296, 2550606.029211641754955, 0.0 ], [ 244429.68276046065148, 2550547.700673272367567, 0.0 ], [ 244415.683565857965732, 2550526.553845924325287, 0.0 ], [ 244403.021679445781047, 2550517.683669711928815, 0.0 ], [ 244368.05701741669327, 2550505.869658514857292, 0.0 ], [ 244352.175005587429041, 2550500.600223045796156, 0.0 ], [ 244349.492570672882721, 2550499.648719053715467, 0.0 ], [ 244343.222548780642683, 2550492.774886471685022, 0.0 ], [ 244330.156678700906923, 2550478.260554895270616, 0.0 ], [ 244334.32315152612864, 2550439.961469693109393, 0.0 ], [ 244338.489658101141686, 2550401.662389300297946, 0.0 ], [ 244330.522237714729272, 2550373.431977208238095, 0.0 ], [ 244274.970038328698138, 2550363.07733918260783, 0.0 ], [ 244219.417740247648908, 2550352.722899678628892, 0.0 ], [ 244172.895927491539624, 2550348.752096416894346, 0.0 ], [ 244119.325753186334623, 2550334.375170465558767, 0.0 ], [ 244095.438001920265378, 2550322.705073669552803, 0.0 ], [ 244081.228113547636895, 2550319.291052158921957, 0.0 ], [ 244008.880238020501565, 2550298.254287887364626, 0.0 ], [ 243984.323013820743654, 2550241.386886517517269, 0.0 ], [ 243896.169992268929491, 2550213.639736532233655, 0.0 ], [ 243787.222541077062488, 2550181.262150571215898, 0.0 ], [ 243767.201576717954595, 2550167.864344220142812, 0.0 ], [ 243759.390342497878009, 2550184.840407395735383, 0.0 ], [ 243659.463514611416031, 2550164.276604990940541, 0.0 ], [ 243552.369645285856677, 2550138.406513764988631, 0.0 ], [ 243485.067668675357709, 2550130.693371921777725, 0.0 ], [ 243409.530596139113186, 2550091.209170173853636, 0.0 ], [ 243361.039249194989679, 2550062.121372934896499, 0.0 ], [ 243349.546895682316972, 2550091.681852941866964, 0.0 ], [ 243317.832595349260373, 2550066.185228449292481, 0.0 ], [ 243298.604206802294357, 2550075.157359984703362, 0.0 ], [ 243280.391743114509154, 2550071.590968454722315, 0.0 ], [ 243251.473283344181255, 2550083.610065087676048, 0.0 ], [ 243152.75250665229396, 2550019.814182635396719, 0.0 ], [ 243115.893525120802224, 2549849.692397048231214, 0.0 ], [ 243103.165665368374903, 2549843.040439371019602, 0.0 ], [ 243058.722385548200691, 2549852.777310980018228, 0.0 ], [ 242963.880242606886895, 2549883.766672953031957, 0.0 ], [ 242906.113017450814368, 2549881.986897565424442, 0.0 ], [ 242774.3248835260747, 2549875.493431044276804, 0.0 ], [ 242677.585731356841279, 2549867.623916364274919, 0.0 ], [ 242672.663991398905637, 2550076.801503069698811, 0.0 ], [ 242711.46069504134357, 2550251.986626299098134, 0.0 ], [ 242764.087454527470982, 2550438.347592192701995, 0.0 ], [ 242754.435707221535267, 2550527.269763552118093, 0.0 ], [ 242722.51532347171451, 2550621.228075861930847, 0.0 ], [ 242666.933358857757412, 2550597.250572767108679, 0.0 ], [ 242609.798222649842501, 2550572.413467712234706, 0.0 ], [ 242542.941746446595062, 2550572.675182375125587, 0.0 ], [ 242545.507263316307217, 2550489.193183607421815, 0.0 ], [ 242525.248415207519429, 2550384.384968074504286, 0.0 ], [ 242462.928274978039553, 2550380.136734579224139, 0.0 ], [ 242380.483443908335175, 2550404.268879384733737, 0.0 ], [ 242325.049465287767816, 2550406.883754978887737, 0.0 ], [ 242282.893684455717448, 2550376.582325473427773, 0.0 ], [ 242174.300014067004668, 2550508.094583029393107, 0.0 ], [ 242093.132962359493831, 2550546.833080411888659, 0.0 ], [ 242031.376799662859412, 2550539.585183274466544, 0.0 ], [ 241917.933863934857072, 2550526.246454149484634, 0.0 ], [ 241803.506037326413207, 2550521.23612022260204, 0.0 ], [ 241654.653486191033153, 2550524.022434811107814, 0.0 ], [ 241516.206744995579356, 2550529.62260933406651, 0.0 ], [ 241402.702240943297511, 2550500.886416362132877, 0.0 ], [ 241322.633009993471205, 2550418.940051425248384, 0.0 ], [ 241324.351293133862782, 2550387.773255360778421, 0.0 ], [ 241195.013212890131399, 2550356.763103916309774, 0.0 ], [ 241012.340315136330901, 2550319.361959960311651, 0.0 ], [ 241005.154344505543122, 2550318.9320636568591, 0.0 ], [ 241004.72512623493094, 2550317.831393042113632, 0.0 ], [ 240999.276511633041082, 2550305.182537605520338, 0.0 ], [ 241004.15396796548157, 2550237.283411707729101, 0.0 ], [ 240969.327399067755323, 2550156.551591955125332, 0.0 ], [ 241005.754552166414214, 2550015.306188588030636, 0.0 ], [ 241011.112082617793931, 2549957.371580226812512, 0.0 ], [ 241389.907078780583106, 2549699.63109061634168, 0.0 ], [ 241427.089656488707988, 2549447.233775946777314, 0.0 ], [ 241418.183960188063793, 2549287.602016353048384, 0.0 ], [ 241386.632569190114737, 2548956.608155538327992, 0.0 ], [ 241264.447910242073704, 2549008.024863060563803, 0.0 ], [ 241219.905454365478363, 2548810.003304323647171, 0.0 ], [ 241189.702479276224039, 2548723.872325715608895, 0.0 ], [ 241161.52364674033015, 2548624.298658384010196, 0.0 ], [ 241152.545027534884866, 2548561.625302602536976, 0.0 ], [ 241144.843419315089704, 2548525.413082748185843, 0.0 ], [ 241167.790593544603325, 2548464.405087725259364, 0.0 ], [ 241228.854156661720481, 2548353.651699994690716, 0.0 ], [ 241238.655374229012523, 2548059.619559362530708, 0.0 ], [ 241340.036492566607194, 2547901.63242739578709, 0.0 ], [ 241418.446095162071288, 2547833.020765871275216, 0.0 ], [ 241470.844674630759982, 2547725.077630239073187, 0.0 ], [ 241522.42616901898873, 2547623.243276760913432, 0.0 ], [ 241565.805710655637085, 2547551.357694240286946, 0.0 ], [ 241611.831302471866366, 2547537.822396849747747, 0.0 ], [ 241640.424728412530385, 2547488.796422284562141, 0.0 ], [ 241705.119091877713799, 2547457.432507799938321, 0.0 ], [ 241846.740624432364712, 2547551.287830070126802, 0.0 ], [ 241900.925413841556292, 2547600.662562641315162, 0.0 ], [ 241981.787970265490003, 2547674.510470968671143, 0.0 ], [ 242048.21269150817534, 2547743.842159819789231, 0.0 ], [ 242100.225466726755258, 2547786.273939689155668, 0.0 ], [ 242151.235446404258255, 2547877.810731816571206, 0.0 ], [ 242167.99900139705278, 2547898.354484183248132, 0.0 ], [ 242224.159687647683313, 2547937.501926762983203, 0.0 ], [ 242264.068137579073664, 2547973.936876431573182, 0.0 ], [ 242403.385599757108139, 2548071.492764639668167, 0.0 ], [ 242433.617288378474768, 2548117.845227463170886, 0.0 ], [ 242482.492970843246439, 2548168.86407333239913, 0.0 ], [ 242517.258522352902219, 2548216.468534328974783, 0.0 ], [ 242599.664584233833011, 2548320.87534814234823, 0.0 ], [ 242661.266569238854572, 2548390.402702460996807, 0.0 ], [ 242689.666234652337153, 2548407.755543254781514, 0.0 ], [ 242680.964796317159198, 2548456.549022227991372, 0.0 ], [ 242737.754076735291164, 2548460.78306901967153, 0.0 ], [ 242769.662268444022629, 2548455.471274178475142, 0.0 ], [ 242899.385657537699444, 2548442.499478857498616, 0.0 ], [ 242912.685996801883448, 2548500.445113968104124, 0.0 ], [ 242935.512496946466854, 2548497.837847085203975, 0.0 ], [ 242942.575763354427181, 2548497.051984769757837, 0.0 ], [ 242943.293361091840779, 2548514.990380727220327, 0.0 ], [ 242944.081224958237726, 2548531.043858453631401, 0.0 ], [ 242944.430534621176776, 2548539.459185524843633, 0.0 ], [ 242934.103381265507778, 2548541.29823511838913, 0.0 ], [ 242876.437302905513206, 2548551.705011271405965, 0.0 ], [ 242875.066322878876235, 2548621.315180137753487, 0.0 ], [ 242825.728309617581544, 2548626.925568527076393, 0.0 ], [ 242831.31635897103115, 2548695.640830014366657, 0.0 ], [ 242831.325853792921407, 2548696.194701520726085, 0.0 ], [ 242831.52144755909103, 2548707.604454602114856, 0.0 ], [ 242832.457667839655187, 2548768.199757350608706, 0.0 ], [ 242852.542233874875819, 2548862.927739294245839, 0.0 ], [ 242851.689766579045681, 2548879.009347734972835, 0.0 ], [ 243047.018487034714781, 2548846.409198192413896, 0.0 ], [ 243272.18003922700882, 2548807.09592287382111, 0.0 ], [ 243574.247228669963079, 2548796.943071160465479, 0.0 ], [ 243943.04746399805299, 2548778.897932893130928, 0.0 ], [ 244143.030746615520911, 2548760.526924833189696, 0.0 ], [ 244530.251611665356904, 2548728.109900363255292, 0.0 ], [ 244601.766525202809134, 2548699.855672992765903, 0.0 ], [ 244860.318898149445886, 2548712.07688229996711, 0.0 ], [ 245050.305147358798422, 2548714.94114194624126, 0.0 ], [ 245428.670407095603878, 2548765.025996901094913, 0.0 ], [ 245586.241075885685859, 2548737.310980993788689, 0.0 ], [ 245739.700350353261456, 2548775.596021826379001, 0.0 ], [ 245793.480802333535394, 2548759.836769829504192, 0.0 ], [ 245906.03662174710189, 2548750.727554484270513, 0.0 ], [ 246008.816730895079672, 2548739.67942903097719, 0.0 ], [ 246211.794120097125415, 2549013.475969056133181, 0.0 ], [ 246235.11030374513939, 2549033.801846571732312, 0.0 ], [ 246259.878894683643011, 2549036.928550508338958, 0.0 ], [ 246285.263966701168101, 2549034.061446904670447, 0.0 ], [ 246430.17273138629389, 2549191.722705767024308, 0.0 ], [ 246516.905648742453195, 2549129.425257435534149, 0.0 ], [ 246579.615970214857953, 2549083.822417690884322, 0.0 ], [ 246617.926864994980861, 2549056.914669945836067, 0.0 ], [ 246641.39865295169875, 2549013.637116690166295, 0.0 ], [ 246665.050939041218953, 2548993.182139926124364, 0.0 ], [ 246695.905187406431651, 2548955.87422321876511, 0.0 ], [ 246721.745523908350151, 2548925.299270011018962, 0.0 ], [ 246735.058239104953827, 2548911.999653146602213, 0.0 ], [ 246761.822127677529352, 2548893.597595935221761, 0.0 ], [ 246880.373532381781843, 2548802.288975498639047, 0.0 ], [ 246923.003921097784769, 2548709.159579476807266, 0.0 ], [ 246960.385662235697964, 2548620.99425403540954, 0.0 ], [ 246984.179658084816765, 2548572.39344472438097, 0.0 ], [ 246991.674979838280706, 2548560.743480992969126, 0.0 ], [ 247003.720359322207514, 2548539.155287750065327, 0.0 ], [ 247058.965951341786422, 2548701.437112833373249, 0.0 ], [ 247119.321730880823452, 2548856.652280639391392, 0.0 ], [ 247235.518228326720418, 2549057.574651789851487, 0.0 ], [ 247305.831854914344149, 2549170.960438314825296, 0.0 ], [ 247514.603779612429207, 2549425.283265739213675, 0.0 ], [ 247603.02485274488572, 2549603.295802311040461, 0.0 ], [ 247665.778725740179652, 2549736.976164735388011, 0.0 ], [ 247763.797774298058357, 2549937.099188412074, 0.0 ], [ 247850.731629040878033, 2550118.461749301757663, 0.0 ], [ 247876.170273483672645, 2550167.673629862256348, 0.0 ], [ 247987.672154436615529, 2550328.346630541607738, 0.0 ], [ 248142.509500518935965, 2550553.88726903218776, 0.0 ], [ 248223.546197840536479, 2550665.433814004529268, 0.0 ], [ 248333.057368988636881, 2550842.319291024468839, 0.0 ], [ 248389.403538744692924, 2550936.995880646631122, 0.0 ], [ 248488.258451594447251, 2551047.357904330361634, 0.0 ], [ 248556.496218810498249, 2551135.85203513642773, 0.0 ], [ 248625.653323049511528, 2551236.408443735446781, 0.0 ], [ 248687.477182284841547, 2551376.64454142563045, 0.0 ], [ 248684.749700613698224, 2551391.316209644079208, 0.0 ], [ 248611.487672918854514, 2551406.617102016229182, 0.0 ], [ 248586.337696808506735, 2551411.027970403898507, 0.0 ], [ 248542.861697036161786, 2551404.887772779446095, 0.0 ], [ 248497.462416719819885, 2551394.126270703971386, 0.0 ], [ 248452.108144565019757, 2551373.83511741599068, 0.0 ], [ 248434.511131271923659, 2551351.748413613066077, 0.0 ], [ 248424.080351260869065, 2551328.987392663955688, 0.0 ], [ 248396.777796388225397, 2551327.340564189944416, 0.0 ], [ 248367.223766220180551, 2551325.953199577517807, 0.0 ], [ 248338.267478008900071, 2551341.841076215263456, 0.0 ], [ 248240.369748862576671, 2551361.657281150110066, 0.0 ], [ 248227.69195827859221, 2551376.053058206569403, 0.0 ], [ 248123.701765986916143, 2551399.407328046858311, 0.0 ], [ 248075.017748987738742, 2551412.857323970180005, 0.0 ], [ 247999.210447858611587, 2551392.636314927600324, 0.0 ], [ 247918.210363812133437, 2551386.796621225308627, 0.0 ], [ 247808.397933612257475, 2551393.187402985058725, 0.0 ], [ 247784.943961494165706, 2551382.612662816420197, 0.0 ], [ 247558.552203323954018, 2551425.871117216534913, 0.0 ] ] ] } },
{ "type": "Feature", "properties": { "Name": "18 NAVRANGPURA", "ward_id": "18", "ward_name": "NAVRANGPURA" }, "geometry": { "type": "Polygon", "coordinates": [ [ [ 249390.482592012092937, 2550813.520126349758357, 0.0 ], [ 249354.121347593056271, 2550828.200010071508586, 0.0 ], [ 249201.174818032479379, 2550849.151771833654493, 0.0 ], [ 249081.252454075671267, 2550864.344502246472985, 0.0 ], [ 249021.730606941448059, 2550867.557196412235498, 0.0 ], [ 248844.973551360890269, 2550868.856235299259424, 0.0 ], [ 248766.237505922821583, 2550869.73270008014515, 0.0 ], [ 248660.361938414745964, 2550872.615928526502103, 0.0 ], [ 248607.788185790093848, 2550880.478258741088212, 0.0 ], [ 248488.279383990506176, 2550908.078760404139757, 0.0 ], [ 248428.468156182643725, 2550924.595003169495612, 0.0 ], [ 248398.711585385666694, 2550935.620782331563532, 0.0 ], [ 248389.403538744692924, 2550936.995880646631122, 0.0 ], [ 248333.057368988636881, 2550842.319291024468839, 0.0 ], [ 248223.546197840536479, 2550665.433814004529268, 0.0 ], [ 248142.509500518935965, 2550553.88726903218776, 0.0 ], [ 247987.672154436615529, 2550328.346630541607738, 0.0 ], [ 247876.170273483672645, 2550167.673629862256348, 0.0 ], [ 247850.731629040878033, 2550118.461749301757663, 0.0 ], [ 247763.797774298058357, 2549937.099188412074, 0.0 ], [ 247665.778725740179652, 2549736.976164735388011, 0.0 ], [ 247603.02485274488572, 2549603.295802311040461, 0.0 ], [ 247514.603779612429207, 2549425.283265739213675, 0.0 ], [ 247305.831854914344149, 2549170.960438314825296, 0.0 ], [ 247235.518228326720418, 2549057.574651789851487, 0.0 ], [ 247119.321730880823452, 2548856.652280639391392, 0.0 ], [ 247058.965951341786422, 2548701.437112833373249, 0.0 ], [ 247003.720359322207514, 2548539.155287750065327, 0.0 ], [ 247021.005730120523367, 2548512.049383149016649, 0.0 ], [ 247104.077073737658793, 2548408.598989047575742, 0.0 ], [ 247115.231891183124389, 2548395.003768854774535, 0.0 ], [ 247152.005988451885059, 2548380.201162894256413, 0.0 ], [ 247191.167934809258441, 2548354.942916551139206, 0.0 ], [ 247253.384237553051207, 2548328.409982646349818, 0.0 ], [ 247309.998913211136824, 2548304.187732390128076, 0.0 ], [ 247316.632707023643889, 2548235.267277870792896, 0.0 ], [ 247323.662320481380448, 2548214.207110806368291, 0.0 ], [ 247352.681352340092417, 2548122.527534087188542, 0.0 ], [ 247355.408607678691624, 2548113.949779000133276, 0.0 ], [ 247362.373165337543469, 2548101.200969668570906, 0.0 ], [ 247382.666646051307907, 2548063.851098475046456, 0.0 ], [ 247409.893204836844234, 2548017.963534466456622, 0.0 ], [ 247418.602747542259749, 2547999.202028480824083, 0.0 ], [ 247456.839647023443831, 2547906.702822992578149, 0.0 ], [ 247482.892340558872093, 2547845.876816909760237, 0.0 ], [ 247508.935984444222413, 2547778.402862848248333, 0.0 ], [ 247522.410844159487169, 2547756.347995994146913, 0.0 ], [ 247541.549550269497558, 2547705.167521011549979, 0.0 ], [ 247560.113118048146134, 2547577.099602866452187, 0.0 ], [ 247562.949958911718568, 2547459.157702279277146, 0.0 ], [ 247558.35333248891402, 2547399.290697363670915, 0.0 ], [ 247499.321271426917519, 2547328.815804454963654, 0.0 ], [ 247434.311528388323495, 2547299.327926850412041, 0.0 ], [ 247418.345735528710065, 2547276.992783392779529, 0.0 ], [ 247407.599956369173015, 2547254.015798131469637, 0.0 ], [ 247399.602174743398791, 2547217.585424229037017, 0.0 ], [ 247384.739967305300524, 2547175.508815875742584, 0.0 ], [ 247365.442485093837604, 2547119.767295605503023, 0.0 ], [ 247338.046231258718763, 2547039.896252121310681, 0.0 ], [ 247327.460540432744892, 2547032.539817418903112, 0.0 ], [ 247298.721563293627696, 2546897.289943696465343, 0.0 ], [ 247272.230962256202474, 2546889.536435903050005, 0.0 ], [ 247252.94188250019215, 2546761.218914273194969, 0.0 ], [ 247248.085070321714738, 2546722.519640385173261, 0.0 ], [ 247269.381790017388994, 2546708.089174036402255, 0.0 ], [ 247278.103332897706423, 2546702.180619331542403, 0.0 ], [ 247277.601823047356447, 2546708.948039124719799, 0.0 ], [ 247390.420653450360987, 2546720.678252921905369, 0.0 ], [ 247675.741475460847141, 2546743.470430647023022, 0.0 ], [ 247839.838270361477043, 2546767.084556014742702, 0.0 ], [ 248191.480607098928886, 2546891.597049934323877, 0.0 ], [ 248411.217825629748404, 2546985.640520204789937, 0.0 ], [ 248482.579629726911662, 2547020.898624673485756, 0.0 ], [ 248437.388924341154052, 2547194.728606593329459, 0.0 ], [ 248576.496028560795821, 2547233.173163536936045, 0.0 ], [ 248668.35046369113843, 2547267.313145339023322, 0.0 ], [ 248711.007392225234071, 2547327.983202177565545, 0.0 ], [ 248830.340101115289144, 2547441.330549107398838, 0.0 ], [ 248902.884630995657062, 2547492.304372475948185, 0.0 ], [ 248988.010599877190543, 2547559.688323023729026, 0.0 ], [ 249129.355928141972981, 2547689.400529715232551, 0.0 ], [ 249204.68621057580458, 2547747.641913630999625, 0.0 ], [ 249269.749031339626526, 2547780.681619088165462, 0.0 ], [ 249384.385917130479356, 2547803.697101858910173, 0.0 ], [ 249414.244068189349491, 2547810.62219803314656, 0.0 ], [ 249434.963338226778433, 2547835.317347061820328, 0.0 ], [ 249460.934025669528637, 2547818.263549877330661, 0.0 ], [ 249503.351368988165632, 2547797.278828652575612, 0.0 ], [ 249574.835146633908153, 2547766.501882423181087, 0.0 ], [ 249596.805586392583791, 2547761.703234226908535, 0.0 ], [ 249644.306553335656645, 2547768.777623201720417, 0.0 ], [ 249669.442587942408863, 2547775.449592695105821, 0.0 ], [ 249700.816406707715942, 2547781.020353368949145, 0.0 ], [ 249732.689008775021648, 2547779.602390468120575, 0.0 ], [ 249734.105943334870972, 2547803.068591788876802, 0.0 ], [ 250055.248315151227871, 2547847.798485510516912, 0.0 ], [ 250237.493785100523382, 2547878.447628495283425, 0.0 ], [ 250404.038312581484206, 2547927.088129242416471, 0.0 ], [ 250533.052606048848247, 2547963.83378171781078, 0.0 ], [ 250731.195280249638017, 2548025.580860756803304, 0.0 ], [ 250848.661388306849403, 2548052.548866332508624, 0.0 ], [ 251120.068072038906394, 2548067.324063451495022, 0.0 ], [ 251138.084116940124659, 2548071.457257759291679, 0.0 ], [ 251151.471196451137075, 2548099.489236962981522, 0.0 ], [ 251169.035165889770724, 2548107.286360018886626, 0.0 ], [ 251310.43988005144638, 2548093.64050380885601, 0.0 ], [ 251576.826896325859707, 2548071.72152176965028, 0.0 ], [ 251527.533531953464262, 2548606.481562062632293, 0.0 ], [ 251461.162090181082021, 2548939.537326988298446, 0.0 ], [ 251446.95843567661359, 2549010.684606033377349, 0.0 ], [ 251393.171096287376713, 2549428.294652173295617, 0.0 ], [ 251389.721591501467628, 2549455.276234937366098, 0.0 ], [ 251383.723563150357222, 2549755.311315697617829, 0.0 ], [ 251381.948802121856716, 2550037.880890394560993, 0.0 ], [ 251255.291736766783288, 2550049.288992010988295, 0.0 ], [ 251035.428594021621393, 2550067.231710631866008, 0.0 ], [ 250981.284467872144887, 2550073.338559887371957, 0.0 ], [ 250905.536146788304904, 2550069.056902570649981, 0.0 ], [ 250818.487107737309998, 2550063.523037078324705, 0.0 ], [ 250713.806488034228096, 2550052.18879606667906, 0.0 ], [ 250649.212969835964032, 2550040.410093219485134, 0.0 ], [ 250590.969775390753057, 2550028.19361201999709, 0.0 ], [ 250533.66938102550921, 2550017.18046702304855, 0.0 ], [ 250469.085825532994932, 2549999.862300760578364, 0.0 ], [ 250438.488819168502232, 2550003.695598973426968, 0.0 ], [ 250420.028589888563147, 2550034.362323832232505, 0.0 ], [ 250358.236957697023172, 2550209.348529532551765, 0.0 ], [ 250291.455613685480785, 2550361.704098424874246, 0.0 ], [ 250270.106619725993369, 2550440.506867787800729, 0.0 ], [ 250261.644472671410767, 2550486.519478496164083, 0.0 ], [ 250239.160471583658364, 2550681.79318314185366, 0.0 ], [ 250228.929413086734712, 2550800.07764909369871, 0.0 ], [ 250227.980533855210524, 2550847.737941414583474, 0.0 ], [ 250230.143245555984322, 2550866.759690376929939, 0.0 ], [ 250235.251928627490997, 2550890.275188750121742, 0.0 ], [ 250229.837350362999132, 2550891.473438092041761, 0.0 ], [ 250141.264852324064123, 2550892.728243433404714, 0.0 ], [ 250059.018390402750811, 2550892.105249276850373, 0.0 ], [ 249803.26490106197889, 2550878.533688393421471, 0.0 ], [ 249747.641300084767863, 2550875.695137541275471, 0.0 ], [ 249695.393106390925823, 2550872.357209488749504, 0.0 ], [ 249661.459127507434459, 2550866.608304592315108, 0.0 ], [ 249584.870244229823584, 2550854.813222391530871, 0.0 ], [ 249530.358771382190753, 2550838.771479733288288, 0.0 ], [ 249463.371100700256648, 2550818.617208718322217, 0.0 ], [ 249414.716634850687115, 2550809.458461962640285, 0.0 ], [ 249390.482592012092937, 2550813.520126349758357, 0.0 ] ] ] } },
{ "type": "Feature", "properties": { "Name": "17 SHAHPUR", "ward_id": "17", "ward_name": "SHAHPUR" }, "geometry": { "type": "Polygon", "coordinates": [ [ [ 253061.103441433893749, 2552557.42982397088781, 0.0 ], [ 252675.661675318988273, 2552337.094892781227827, 0.0 ], [ 252306.167868255026406, 2552046.479600290302187, 0.0 ], [ 252040.165476512309397, 2551746.624272084329277, 0.0 ], [ 251873.122347394761164, 2551516.377808713819832, 0.0 ], [ 251566.737120972946286, 2550915.489255931228399, 0.0 ], [ 251431.825566368817817, 2550540.008638007566333, 0.0 ], [ 251319.775391161412699, 2550028.530067706480622, 0.0 ], [ 251319.885967479291139, 2550010.467813239898533, 0.0 ], [ 251321.659629543952178, 2549727.898132786620408, 0.0 ], [ 251327.656500492390478, 2549427.862923416309059, 0.0 ], [ 251331.105907821911387, 2549400.881317542400211, 0.0 ], [ 251590.293583218968706, 2549391.488983221817762, 0.0 ], [ 251685.105823119607521, 2549388.810776732396334, 0.0 ], [ 251688.679447990754852, 2549270.19589018356055, 0.0 ], [ 251703.553727712947875, 2549128.015204622875899, 0.0 ], [ 251750.691520055203, 2549125.905318626202643, 0.0 ], [ 251742.621059304918163, 2549102.992572175338864, 0.0 ], [ 251773.85696059698239, 2549094.27640973078087, 0.0 ], [ 251879.030394574219827, 2549042.122362185735255, 0.0 ], [ 251902.523306546790991, 2549098.463102960959077, 0.0 ], [ 251923.416315958427731, 2549146.426105250604451, 0.0 ], [ 251931.294258541107411, 2549170.117698442190886, 0.0 ], [ 251938.037592231587041, 2549230.613499803002924, 0.0 ], [ 251950.731116193172056, 2549322.256352338008583, 0.0 ], [ 251954.103588299563853, 2549346.354868115857244, 0.0 ], [ 251955.548575905791949, 2549390.318379888311028, 0.0 ], [ 251958.918188680487219, 2549476.243083272594959, 0.0 ], [ 251965.569735380238853, 2549524.995660349261016, 0.0 ], [ 251966.737828112818534, 2549533.618703734129667, 0.0 ], [ 251975.299126833531773, 2549611.036775832995772, 0.0 ], [ 251985.154636444785865, 2549686.10665368847549, 0.0 ], [ 251992.895466323796427, 2549744.923977910540998, 0.0 ], [ 252002.435352627595421, 2549769.917685894295573, 0.0 ], [ 252002.591819784924155, 2549835.176031969487667, 0.0 ], [ 252005.509265397879062, 2549924.764618737623096, 0.0 ], [ 252333.630876337556401, 2549874.023968551773578, 0.0 ], [ 252693.674371049099136, 2549781.546941029373556, 0.0 ], [ 252836.812276659737108, 2549743.398710554, 0.0 ], [ 252852.821401125082048, 2549825.015189444180578, 0.0 ], [ 252898.041217402846087, 2549999.110464597120881, 0.0 ], [ 252935.456027919746703, 2550141.424358673859388, 0.0 ], [ 252998.448244050028734, 2550298.939467344898731, 0.0 ], [ 253031.223526432586368, 2550358.895605978090316, 0.0 ], [ 253007.276771873177495, 2550380.452733094803989, 0.0 ], [ 253015.299156172957737, 2550437.935938620008528, 0.0 ], [ 253020.461885791242821, 2550577.014210158959031, 0.0 ], [ 253026.982271565968404, 2550730.030782020185143, 0.0 ], [ 253032.974325095565291, 2550869.649414163082838, 0.0 ], [ 253251.594326865306357, 2550857.960076601244509, 0.0 ], [ 253331.964618715021061, 2550856.858649471774697, 0.0 ], [ 253402.14460421790136, 2551009.159775164444, 0.0 ], [ 253371.255113307444844, 2551063.627037119586021, 0.0 ], [ 253280.813297458662419, 2551237.629387088585645, 0.0 ], [ 253226.306757629208732, 2551352.206490371376276, 0.0 ], [ 253168.430326819157926, 2551486.229212686885148, 0.0 ], [ 253147.913371090748115, 2551554.04374535754323, 0.0 ], [ 253131.780261245468864, 2551626.550447926390916, 0.0 ], [ 253125.233738580194768, 2551727.042138663586229, 0.0 ], [ 253125.387767826381605, 2551761.276467997580767, 0.0 ], [ 253100.987085020024097, 2551966.656668474897742, 0.0 ], [ 253071.837164178286912, 2552281.917170418426394, 0.0 ], [ 253064.20524500272586, 2552366.250277081038803, 0.0 ], [ 253101.520097033557249, 2552365.967486628796905, 0.0 ], [ 253061.103441433893749, 2552557.42982397088781, 0.0 ] ] ] } },
{ "type": "Feature", "properties": { "Name": "16 SHAHIBAG", "ward_id": "16", "ward_name": "SHAHIBAG" }, "geometry": { "type": "Polygon", "coordinates": [ [ [ 253805.875081485632109, 2552522.044001709204167, 0.0 ], [ 253792.687352308566915, 2552549.295639562886208, 0.0 ], [ 253784.782367452280596, 2552548.650012923870236, 0.0 ], [ 253744.418767044262495, 2552619.116767136380076, 0.0 ], [ 253733.285787401109701, 2552634.146850611548871, 0.0 ], [ 253721.613403683179058, 2552666.248796956147999, 0.0 ], [ 253689.524034196336288, 2552653.813134878873825, 0.0 ], [ 253682.186697855911916, 2552650.27746711531654, 0.0 ], [ 253665.788261655397946, 2552638.137759726494551, 0.0 ], [ 253588.101488355139736, 2552589.888858765829355, 0.0 ], [ 253539.214969549124362, 2552553.5757643324323, 0.0 ], [ 253511.2856142737146, 2552538.523610284086317, 0.0 ], [ 253441.482024542172439, 2552502.111887906678021, 0.0 ], [ 253418.358525253541302, 2552492.520706843584776, 0.0 ], [ 253385.08046580888913, 2552482.653575576841831, 0.0 ], [ 253369.179136433784151, 2552475.824307177215815, 0.0 ], [ 253366.318331511662109, 2552476.425413620658219, 0.0 ], [ 253306.300265829690034, 2552449.049415237270296, 0.0 ], [ 253233.863885878730798, 2552408.471571418456733, 0.0 ], [ 253196.626115424995078, 2552407.201588501688093, 0.0 ], [ 253160.74818671803223, 2552407.571269784122705, 0.0 ], [ 253156.70512510772096, 2552404.867931274231523, 0.0 ], [ 253156.119352702022297, 2552363.106366993393749, 0.0 ], [ 253127.619358635769458, 2552363.243719535414129, 0.0 ], [ 253101.484124002832687, 2552363.785338762681931, 0.0 ], [ 253064.169266529468587, 2552364.068128808867186, 0.0 ], [ 253071.801188145647757, 2552279.735022417269647, 0.0 ], [ 253100.951118200406199, 2551964.474521493539214, 0.0 ], [ 253125.351807796309004, 2551759.094321739394218, 0.0 ], [ 253125.197779066715157, 2551724.859992480836809, 0.0 ], [ 253131.744304268213455, 2551624.368302037008107, 0.0 ], [ 253147.877417605486698, 2551551.861599805764854, 0.0 ], [ 253168.394377390475711, 2551484.047067509032786, 0.0 ], [ 253226.270818741235416, 2551350.024346121121198, 0.0 ], [ 253280.777368313749321, 2551235.447243686299771, 0.0 ], [ 253371.219200073304819, 2551061.444895088206977, 0.0 ], [ 253402.108696339593735, 2551006.977633588947356, 0.0 ], [ 253331.928703011246398, 2550854.676507473923266, 0.0 ], [ 253251.558399439032655, 2550855.777933727484196, 0.0 ], [ 253032.938365645939484, 2550867.467268886975944, 0.0 ], [ 253026.94631344274967, 2550727.848636989481747, 0.0 ], [ 253020.42592912868713, 2550574.832065398339182, 0.0 ], [ 253015.263200949179009, 2550435.753794113174081, 0.0 ], [ 253007.240816386678489, 2550378.270588630344719, 0.0 ], [ 253031.187574772513472, 2550356.713461820501834, 0.0 ], [ 252998.412288562045433, 2550296.757322964724153, 0.0 ], [ 252935.420065741665894, 2550139.242213959805667, 0.0 ], [ 252898.005252020026091, 2549996.928319792728871, 0.0 ], [ 252852.785431902681012, 2549822.833044534083456, 0.0 ], [ 252836.776306393323466, 2549741.216565652750432, 0.0 ], [ 252880.976042340975255, 2549728.964967746287584, 0.0 ], [ 252994.679035207052948, 2549702.937349167652428, 0.0 ], [ 253093.064275447948603, 2549693.228659688960761, 0.0 ], [ 253232.158290430525085, 2549702.129570996388793, 0.0 ], [ 253358.963286792568397, 2549705.804762756917626, 0.0 ], [ 253359.07260778566706, 2549712.450871839188039, 0.0 ], [ 253359.165802064700983, 2549761.754652972333133, 0.0 ], [ 253379.237310027878266, 2549897.263411816675216, 0.0 ], [ 253403.502455763809849, 2550057.07886560773477, 0.0 ], [ 253535.680641341285082, 2550019.782247669063509, 0.0 ], [ 253545.81059264196665, 2550005.987524546217173, 0.0 ], [ 253561.788860482629389, 2549936.254320279695094, 0.0 ], [ 253713.343492470157798, 2550010.990336892195046, 0.0 ], [ 253720.479594232630916, 2549933.535964010749012, 0.0 ], [ 253763.837864418252138, 2549720.202156927902251, 0.0 ], [ 253799.611235605436377, 2549525.718067192938179, 0.0 ], [ 253821.39387534945854, 2549397.167103596962988, 0.0 ], [ 253797.077752537967172, 2549390.142822339665145, 0.0 ], [ 253740.819054540450452, 2549373.782044681254774, 0.0 ], [ 253809.287902934971498, 2549115.717234563548118, 0.0 ], [ 253838.637072038109181, 2548948.262952448334545, 0.0 ], [ 253924.500914760428714, 2548987.627675937488675, 0.0 ], [ 254004.526512909913436, 2549096.2264549350366, 0.0 ], [ 254089.444494919938734, 2549190.563212133012712, 0.0 ], [ 254130.993225136451656, 2549210.379604207817465, 0.0 ], [ 254171.665272471902426, 2549214.255594818387181, 0.0 ], [ 254213.112918958242517, 2549209.144367916043848, 0.0 ], [ 254219.571028445760021, 2549252.80362511659041, 0.0 ], [ 254222.401607277482981, 2549369.205635251011699, 0.0 ], [ 254216.059702684782678, 2549439.00134737091139, 0.0 ], [ 254197.489719446224626, 2549544.785184996202588, 0.0 ], [ 254181.248420996969799, 2549611.197695726994425, 0.0 ], [ 254145.200114141218364, 2549689.125573476776481, 0.0 ], [ 254111.400854457868263, 2549747.848672187421471, 0.0 ], [ 254061.845991062145913, 2549833.754199259914458, 0.0 ], [ 254091.317445036576828, 2549992.59819332882762, 0.0 ], [ 254152.792058479884872, 2550083.330643031746149, 0.0 ], [ 254222.375729435472749, 2550199.635425247717649, 0.0 ], [ 254226.183585075981682, 2550225.499690369702876, 0.0 ], [ 254228.96105137350969, 2550263.568611420691013, 0.0 ], [ 254231.998593473021174, 2550342.517675234936178, 0.0 ], [ 254231.759847915032879, 2550390.497060428839177, 0.0 ], [ 254232.215363813302247, 2550562.115491368807852, 0.0 ], [ 254252.56680778687587, 2550565.105742475483567, 0.0 ], [ 254394.957554119901033, 2550569.308923429809511, 0.0 ], [ 254522.842500922561157, 2550576.853341111913323, 0.0 ], [ 254553.716638910962502, 2550658.891968197654933, 0.0 ], [ 254573.091504014708335, 2550714.970689656678587, 0.0 ], [ 254587.589692535082577, 2550711.187762354966253, 0.0 ], [ 254685.07948527726694, 2550672.252992340363562, 0.0 ], [ 254807.453287334821653, 2550625.045195363927633, 0.0 ], [ 254827.640335753996624, 2550624.271781074348837, 0.0 ], [ 254833.292424904590007, 2550769.213156535755843, 0.0 ], [ 254853.435359731753124, 2550909.928794011939317, 0.0 ], [ 254868.101894740218995, 2550916.447530733887106, 0.0 ], [ 254930.998506018921034, 2550919.075179205276072, 0.0 ], [ 254947.156237167189829, 2550929.004321772139519, 0.0 ], [ 254982.802787340449868, 2551027.806698936969042, 0.0 ], [ 254988.76335374856717, 2551066.266722252592444, 0.0 ], [ 254998.993290481943404, 2551089.920896034222096, 0.0 ], [ 255071.833075087342877, 2551199.084290715865791, 0.0 ], [ 255141.064509192743571, 2551325.923671481199563, 0.0 ], [ 255203.413834556151414, 2551445.784684533253312, 0.0 ], [ 255287.750925041938899, 2551593.650792607106268, 0.0 ], [ 255373.188095527468249, 2551714.797149427235126, 0.0 ], [ 255373.923691884730943, 2551715.893109305296093, 0.0 ], [ 255364.541200004838174, 2551725.242481674067676, 0.0 ], [ 255364.431463578250259, 2551724.801085035316646, 0.0 ], [ 255016.310982653492829, 2552054.904737379867584, 0.0 ], [ 254633.330527170444839, 2552126.765646717511117, 0.0 ], [ 254623.652907883282751, 2552105.540208429098129, 0.0 ], [ 254526.995519302552566, 2552125.848777746316046, 0.0 ], [ 254500.6729341041937, 2552102.458639418240637, 0.0 ], [ 254405.806896967987996, 2552113.210019338410348, 0.0 ], [ 254269.186686009459663, 2552128.635685126297176, 0.0 ], [ 254245.269123627018416, 2552133.127614712808281, 0.0 ], [ 254222.065430426358944, 2552137.386273995507509, 0.0 ], [ 254088.921988276415505, 2552145.99788311496377, 0.0 ], [ 254020.138396370020928, 2552140.479414369445294, 0.0 ], [ 254018.425573036132846, 2552154.800519913900644, 0.0 ], [ 253973.959746463020565, 2552150.434102951548994, 0.0 ], [ 253936.627601825719466, 2552155.922472269739956, 0.0 ], [ 253936.766527943138499, 2552176.861076023429632, 0.0 ], [ 253912.273760185547872, 2552246.180048029404134, 0.0 ], [ 253906.81229919299949, 2552263.221933352760971, 0.0 ], [ 253894.842025704536354, 2552302.198054013773799, 0.0 ], [ 253882.442375869170064, 2552333.757755510509014, 0.0 ], [ 253876.626170509611256, 2552347.924731542821974, 0.0 ], [ 253873.274125198338879, 2552356.06810145592317, 0.0 ], [ 253856.718955451564398, 2552396.781599245965481, 0.0 ], [ 253836.497652517864481, 2552438.995765425264835, 0.0 ], [ 253821.775656327110482, 2552491.423833152744919, 0.0 ], [ 253805.875081485632109, 2552522.044001709204167, 0.0 ] ] ] } },
{ "type": "Feature", "properties": { "Name": "15 ASARWA", "ward_id": "15", "ward_name": "ASARWA" }, "geometry": { "type": "Polygon", "coordinates": [ [ [ 255773.640620310732629, 2552177.43281416175887, 0.0 ], [ 255699.595213298132876, 2552194.927501499187201, 0.0 ], [ 255663.073414516722551, 2552124.391582456417382, 0.0 ], [ 255646.665754208137514, 2552092.749712342396379, 0.0 ], [ 255623.903897551528644, 2552048.691459785681218, 0.0 ], [ 255595.51427388220327, 2551992.758976227603853, 0.0 ], [ 255504.833445033000316, 2551813.971990114077926, 0.0 ], [ 255479.507751479308354, 2551763.640293215867132, 0.0 ], [ 255447.079257076227805, 2551699.020948288962245, 0.0 ], [ 255428.557439947588136, 2551663.535848039668053, 0.0 ], [ 255387.459031225327635, 2551695.894810358062387, 0.0 ], [ 255368.729593551863218, 2551710.493465710896999, 0.0 ], [ 255283.292364143388113, 2551589.347129407338798, 0.0 ], [ 255198.955208093189867, 2551441.481040959246457, 0.0 ], [ 255136.605831503635272, 2551321.620042179711163, 0.0 ], [ 255067.374342158436775, 2551194.780677399598062, 0.0 ], [ 254994.53450578803313, 2551085.617300069890916, 0.0 ], [ 254984.304559606418479, 2551061.963128539733589, 0.0 ], [ 254978.343981240177527, 2551023.50310599245131, 0.0 ], [ 254942.687143168208422, 2550924.70090393582359, 0.0 ], [ 254926.529404267319478, 2550914.771765543147922, 0.0 ], [ 254863.632772256387398, 2550912.144134117290378, 0.0 ], [ 254848.966230864753015, 2550905.625401239376515, 0.0 ], [ 254828.823252719885204, 2550764.909766123164445, 0.0 ], [ 254823.171123763429932, 2550619.968388986773789, 0.0 ], [ 254802.984069116326282, 2550620.741808781400323, 0.0 ], [ 254680.610240440233611, 2550667.949640078470111, 0.0 ], [ 254583.120426843728637, 2550706.88443746464327, 0.0 ], [ 254568.622234696522355, 2550710.66736879106611, 0.0 ], [ 254549.247348716424312, 2550654.588651355355978, 0.0 ], [ 254518.373179382266244, 2550572.550030843354762, 0.0 ], [ 254390.488189848110778, 2550565.005647760815918, 0.0 ], [ 254248.097397040604847, 2550560.802505422849208, 0.0 ], [ 254227.745945797738386, 2550557.812259782105684, 0.0 ], [ 254227.290384771244135, 2550386.193825150374323, 0.0 ], [ 254227.52911782998126, 2550338.214438825380057, 0.0 ], [ 254224.491554070496932, 2550259.265374082140625, 0.0 ], [ 254221.71407690923661, 2550221.196452938951552, 0.0 ], [ 254217.906213276874041, 2550195.332188277039677, 0.0 ], [ 254148.322489671205403, 2550079.02742238715291, 0.0 ], [ 254086.847832863975782, 2549988.294987374451011, 0.0 ], [ 254057.376327876001596, 2549829.450997780542821, 0.0 ], [ 254106.931184551853221, 2549743.545455330982804, 0.0 ], [ 254303.498274561861763, 2549799.378366300836205, 0.0 ], [ 254554.960188997618388, 2549901.293105838354677, 0.0 ], [ 254773.916735370847164, 2549978.370745747350156, 0.0 ], [ 254953.54967213285272, 2550046.233084357809275, 0.0 ], [ 255125.563540684262989, 2550124.858372861053795, 0.0 ], [ 255210.964478656387655, 2550211.879713567905128, 0.0 ], [ 255295.887490518303821, 2550294.809755727648735, 0.0 ], [ 255554.819483475846937, 2550541.429179665632546, 0.0 ], [ 255902.921756316092797, 2550874.572147777304053, 0.0 ], [ 255982.522844621300464, 2550952.273782290983945, 0.0 ], [ 256056.799763415183406, 2551024.190212104935199, 0.0 ], [ 256107.533040917362086, 2551073.333645232953131, 0.0 ], [ 256354.817480267927749, 2551311.511723670642823, 0.0 ], [ 256671.064344061305746, 2551617.820477699395269, 0.0 ], [ 256839.381412842223654, 2551779.952088482677937, 0.0 ], [ 256428.652999907964841, 2551955.588936982210726, 0.0 ], [ 256229.682895207282854, 2552058.431634486187249, 0.0 ], [ 256106.823651182086905, 2552106.744572659023106, 0.0 ], [ 255954.145432359422557, 2552155.987612018827349, 0.0 ], [ 255802.278628546686377, 2552173.198789010290056, 0.0 ], [ 255773.640620310732629, 2552177.43281416175887, 0.0 ] ] ] } },
{ "type": "Feature", "properties": { "Name": "14 KUBERNAGR", "ward_id": "14", "ward_name": "KUBERNAGR" }, "geometry": { "type": "Polygon", "coordinates": [ [ [ 258474.672627330379328, 2554517.387703642249107, 0.0 ], [ 258358.090503848216031, 2554509.076857113745064, 0.0 ], [ 258226.958543249289505, 2554367.936862743459642, 0.0 ], [ 258165.316654880007263, 2554372.146025665104389, 0.0 ], [ 257958.252521531598177, 2554302.590507126413286, 0.0 ], [ 257984.925966763927136, 2554221.500006213318557, 0.0 ], [ 257908.68569265329279, 2554197.804209618363529, 0.0 ], [ 257907.016703232220607, 2554075.623783743008971, 0.0 ], [ 257834.639464254491031, 2554049.982262337580323, 0.0 ], [ 257830.410677505744388, 2553978.698366958647966, 0.0 ], [ 257828.303131273336476, 2553949.814836769364774, 0.0 ], [ 257815.937833729258273, 2553926.858658721204847, 0.0 ], [ 257787.697240431938553, 2553885.767334587406367, 0.0 ], [ 257774.770705008122604, 2553866.144129435066134, 0.0 ], [ 257771.435608968342422, 2553862.763442780822515, 0.0 ], [ 257752.018695507838856, 2553834.82483238959685, 0.0 ], [ 257747.716399001015816, 2553828.689915019553155, 0.0 ], [ 257706.992764811380766, 2553770.073459780775011, 0.0 ], [ 257696.182100181962596, 2553754.515489725861698, 0.0 ], [ 257687.570243880472844, 2553741.802614606451243, 0.0 ], [ 257677.072378953394946, 2553726.571977557148784, 0.0 ], [ 257657.547264843247831, 2553698.302821783814579, 0.0 ], [ 257656.495500751276268, 2553696.657916206400841, 0.0 ], [ 257652.714528474083636, 2553691.068556366022676, 0.0 ], [ 257632.863931888423394, 2553661.696737645193934, 0.0 ], [ 257612.925124285800848, 2553633.2127316580154, 0.0 ], [ 257587.529558909038315, 2553596.950622366275638, 0.0 ], [ 257567.90343135749572, 2553568.793983657844365, 0.0 ], [ 257564.01632202003384, 2553562.984767767135054, 0.0 ], [ 257549.197826987685403, 2553540.511658587027341, 0.0 ], [ 257540.49580762675032, 2553528.575875295326114, 0.0 ], [ 257516.984162347973324, 2553494.720844616182148, 0.0 ], [ 257507.205178872449324, 2553479.589445426128805, 0.0 ], [ 257491.881262913142564, 2553457.567747667431831, 0.0 ], [ 257476.859385388088413, 2553435.208780928514898, 0.0 ], [ 257467.22428837485495, 2553416.30801450740546, 0.0 ], [ 257461.081558667152422, 2553264.9497763318941, 0.0 ], [ 257406.965554579161108, 2553196.136062129866332, 0.0 ], [ 257415.762027029355522, 2553125.305847064591944, 0.0 ], [ 257431.895887044607662, 2553077.069897247478366, 0.0 ], [ 257450.596578327473253, 2553003.752570278476924, 0.0 ], [ 257443.697577265120344, 2552995.554655619431287, 0.0 ], [ 257466.338910342397867, 2552899.682017120532691, 0.0 ], [ 257368.34460743170348, 2552881.547986566089094, 0.0 ], [ 257380.955028508033138, 2552811.985528365708888, 0.0 ], [ 257271.518668875272851, 2552790.048808433115482, 0.0 ], [ 257212.533229327469599, 2552787.791999140754342, 0.0 ], [ 257164.757296970899915, 2552781.364978170022368, 0.0 ], [ 257063.827102946845116, 2552765.607144016772509, 0.0 ], [ 257017.802662247035187, 2552715.498540761414915, 0.0 ], [ 257065.534515965206083, 2552668.632986811921, 0.0 ], [ 257084.304057908128016, 2552618.581131888087839, 0.0 ], [ 257102.436044843692798, 2552522.891747863963246, 0.0 ], [ 257105.165766278427327, 2552514.205394128803164, 0.0 ], [ 257073.04021800548071, 2552493.010478167794645, 0.0 ], [ 257058.912310024083126, 2552475.290715982671827, 0.0 ], [ 256986.992013323731953, 2552383.610551903024316, 0.0 ], [ 256965.070667621999746, 2552359.48035410605371, 0.0 ], [ 256962.776213060686132, 2552357.080075714271516, 0.0 ], [ 256950.458795460464898, 2552343.541259319055825, 0.0 ], [ 256926.534232114005135, 2552303.37819463852793, 0.0 ], [ 256915.160805137013085, 2552284.838259139563888, 0.0 ], [ 256896.049749785539461, 2552269.637004368472844, 0.0 ], [ 256866.343740561773302, 2552245.965665483381599, 0.0 ], [ 256852.9544272266794, 2552229.563614966347814, 0.0 ], [ 256821.921180529345293, 2552193.615531953051686, 0.0 ], [ 256806.891851760039572, 2552189.87089328141883, 0.0 ], [ 256743.778638325282373, 2552173.50078718457371, 0.0 ], [ 256645.064356833288912, 2552149.2887998749502, 0.0 ], [ 256615.865056302485755, 2552144.223425453528762, 0.0 ], [ 256578.102619982411852, 2552135.862584507558495, 0.0 ], [ 256566.950289848842658, 2552143.577977827284485, 0.0 ], [ 256412.356099967058981, 2552245.254074634052813, 0.0 ], [ 256318.870235809736187, 2552309.263981220312417, 0.0 ], [ 256238.157247209310299, 2552364.313735693693161, 0.0 ], [ 256184.623430528939934, 2552401.083240152802318, 0.0 ], [ 256215.216784525720868, 2552422.522941111586988, 0.0 ], [ 256204.851117388112471, 2552440.751519076526165, 0.0 ], [ 256193.350811623735353, 2552458.555392294656485, 0.0 ], [ 256144.104116518166848, 2552418.584027122240514, 0.0 ], [ 256043.48120638114051, 2552484.263267197646201, 0.0 ], [ 255946.806492773757782, 2552547.441408022772521, 0.0 ], [ 255904.707878489978611, 2552574.940369059797376, 0.0 ], [ 255871.639368493226357, 2552596.641613057348877, 0.0 ], [ 255826.425132917938754, 2552502.204227850306779, 0.0 ], [ 255779.210575043485733, 2552404.586437558289617, 0.0 ], [ 255729.445208570134128, 2552301.470497170928866, 0.0 ], [ 255700.16411311289994, 2552241.120551757514477, 0.0 ], [ 255680.019244217633968, 2552200.343471218366176, 0.0 ], [ 255690.800899848080007, 2552195.070944917853922, 0.0 ], [ 255764.846300511853769, 2552177.576213154476136, 0.0 ], [ 255793.484307782578981, 2552173.342170955147594, 0.0 ], [ 255945.351109539507888, 2552156.130903838668019, 0.0 ], [ 256098.019057708996115, 2552106.887939083855599, 0.0 ], [ 256220.878279838594608, 2552058.574926094152033, 0.0 ], [ 256419.848334603477269, 2551955.732106127776206, 0.0 ], [ 256830.586915994877927, 2551780.094840419478714, 0.0 ], [ 256884.711997438251274, 2551830.071714186575264, 0.0 ], [ 257023.45678368199151, 2551958.116609865333885, 0.0 ], [ 257256.639980955224019, 2552182.021227835211903, 0.0 ], [ 257448.602038158162031, 2552367.928665070328861, 0.0 ], [ 257567.964348482084461, 2552483.550088328309357, 0.0 ], [ 257779.492049751977902, 2552687.979483135044575, 0.0 ], [ 258079.22882017865777, 2552984.275412343908101, 0.0 ], [ 258329.496867876732722, 2553239.715737326536328, 0.0 ], [ 258399.476000700960867, 2553307.16835373127833, 0.0 ], [ 258519.753124265291262, 2553423.224332835525274, 0.0 ], [ 258814.888664581609191, 2553702.987158466596156, 0.0 ], [ 258989.511612055444857, 2553864.925967660732567, 0.0 ], [ 258947.17167118168436, 2553890.204235948622227, 0.0 ], [ 258909.60557020799024, 2553900.005278524942696, 0.0 ], [ 258858.516957721003564, 2553910.35667309910059, 0.0 ], [ 258832.708055612718454, 2553918.195775810163468, 0.0 ], [ 258753.544614846614422, 2553942.073746893089265, 0.0 ], [ 258735.386388713610359, 2553947.573810962960124, 0.0 ], [ 258731.841035062534502, 2554026.516881125047803, 0.0 ], [ 258755.6425511687994, 2554040.425720535684377, 0.0 ], [ 258777.035834041947965, 2554108.441274999640882, 0.0 ], [ 258789.621911417460069, 2554151.559175077360123, 0.0 ], [ 258799.264164058957249, 2554183.755843085236847, 0.0 ], [ 258793.643705864116782, 2554184.843587248586118, 0.0 ], [ 258806.557473269407637, 2554254.65775986853987, 0.0 ], [ 258793.500505674805027, 2554258.635240076575428, 0.0 ], [ 258729.22491569261183, 2554290.250806699506938, 0.0 ], [ 258740.158432501630159, 2554319.878344966564327, 0.0 ], [ 258696.811030232376652, 2554333.429497011005878, 0.0 ], [ 258595.73984122031834, 2554365.306719765998423, 0.0 ], [ 258514.674856256810017, 2554391.876011517364532, 0.0 ], [ 258454.429171425261302, 2554406.365400546696037, 0.0 ], [ 258493.08566870802315, 2554508.670067039318383, 0.0 ], [ 258474.672627330379328, 2554517.387703642249107, 0.0 ] ] ] } },
{ "type": "Feature", "properties": { "Name": "13 SAIJPUR BOGHA", "ward_id": "13", "ward_name": "SAIJPUR BOGHA" }, "geometry": { "type": "Polygon", "coordinates": [ [ [ 259512.290606643247884, 2554239.698673060163856, 0.0 ], [ 259488.665628137998283, 2554332.369997093919665, 0.0 ], [ 259225.56172414048342, 2554079.557972403243184, 0.0 ], [ 258989.441157712310087, 2553860.550715099088848, 0.0 ], [ 258814.818164176191203, 2553698.61190291820094, 0.0 ], [ 258519.682546212017769, 2553418.849072257988155, 0.0 ], [ 258399.405391072708881, 2553302.793091110885143, 0.0 ], [ 258329.426239877095213, 2553235.340473517309874, 0.0 ], [ 258079.158126926544355, 2552979.900144341867417, 0.0 ], [ 257779.421278071997222, 2552683.604210058692843, 0.0 ], [ 257567.903770795586752, 2552479.174645727034658, 0.0 ], [ 257448.541429266420892, 2552363.553220358211547, 0.0 ], [ 257256.579321881057695, 2552177.645779725629836, 0.0 ], [ 257023.396063601743663, 2551953.74115761462599, 0.0 ], [ 256884.651240902079735, 2551825.696259445510805, 0.0 ], [ 256830.52614523738157, 2551775.719384707976133, 0.0 ], [ 256869.371842105290852, 2551774.978086907416582, 0.0 ], [ 257003.74541186427814, 2551665.104280259925872, 0.0 ], [ 257070.165500048809918, 2551588.131981140933931, 0.0 ], [ 257184.454709937795997, 2551440.804485980886966, 0.0 ], [ 257384.588694972335361, 2551193.701492352411151, 0.0 ], [ 257412.706836562923854, 2551043.229204934556037, 0.0 ], [ 257572.994090891384985, 2550937.374064909759909, 0.0 ], [ 257726.100993571890285, 2550838.173877785447985, 0.0 ], [ 257842.906575625762343, 2550776.013546126894653, 0.0 ], [ 258082.009320850658696, 2550705.896776003297418, 0.0 ], [ 258161.600543740059948, 2550656.638134512118995, 0.0 ], [ 258214.676866886962671, 2550609.912779758218676, 0.0 ], [ 258261.518430793541484, 2550564.396151699591428, 0.0 ], [ 258290.263372779503698, 2550566.591646127402782, 0.0 ], [ 258377.961529239662923, 2551134.551442965399474, 0.0 ], [ 258443.486383187846513, 2551465.768269594293088, 0.0 ], [ 258491.843700050900225, 2551826.068597811739892, 0.0 ], [ 258536.12328220641939, 2552346.865521910600364, 0.0 ], [ 258536.272200518928003, 2552495.99287027399987, 0.0 ], [ 258527.881942883745069, 2552579.667420801706612, 0.0 ], [ 258516.174803153029643, 2552642.012084315996617, 0.0 ], [ 258554.395282078767195, 2552710.753327096346766, 0.0 ], [ 258837.556456821825122, 2553048.324054610915482, 0.0 ], [ 258887.171181493351469, 2553099.044455490075052, 0.0 ], [ 258965.861777025012998, 2553204.694119989871979, 0.0 ], [ 259066.231597449310357, 2553326.171168454457074, 0.0 ], [ 259164.049080168013461, 2553505.74607474077493, 0.0 ], [ 259302.726639829401392, 2553689.20686399936676, 0.0 ], [ 259630.157146710524103, 2554098.204308306332678, 0.0 ], [ 259616.600293187948409, 2554122.132011717185378, 0.0 ], [ 259537.590404309768928, 2554187.440408746246248, 0.0 ], [ 259512.290606643247884, 2554239.698673060163856, 0.0 ] ] ] } },
{ "type": "Feature", "properties": { "Name": "12 NARODA", "ward_id": "12", "ward_name": "NARODA" }, "geometry": { "type": "Polygon", "coordinates": [ [ [ 262664.642639829544351, 2556766.181986263487488, 0.0 ], [ 262627.056570689426735, 2556793.701320931781083, 0.0 ], [ 262574.659401141863782, 2556824.336617374792695, 0.0 ], [ 262523.310322810313664, 2556849.969815037678927, 0.0 ], [ 262516.295810327166691, 2556898.71908455947414, 0.0 ], [ 262527.83621033153031, 2556909.060997799504548, 0.0 ], [ 262545.165456707705744, 2556922.523927834816277, 0.0 ], [ 262555.848370300955139, 2556943.404748991597444, 0.0 ], [ 262561.927147966751363, 2556971.227837270591408, 0.0 ], [ 262564.366995865479112, 2556995.784965650644153, 0.0 ], [ 262538.38204946089536, 2557005.171961919404566, 0.0 ], [ 262536.112273218226619, 2557030.025501878466457, 0.0 ], [ 262537.860563017427921, 2557069.107412423938513, 0.0 ], [ 262528.204073871835135, 2557196.672025460284203, 0.0 ], [ 262512.718448579311371, 2557260.512911597732455, 0.0 ], [ 262211.530203787668142, 2556926.498529611155391, 0.0 ], [ 261935.141004136938136, 2556663.887679337523878, 0.0 ], [ 261528.441344804334221, 2556277.055025313049555, 0.0 ], [ 260976.966853295540204, 2555740.204001212958246, 0.0 ], [ 260391.761129269580124, 2555186.736771718598902, 0.0 ], [ 259942.282298490492394, 2554745.227737860754132, 0.0 ], [ 259498.42481716236216, 2554323.471473225392401, 0.0 ], [ 259522.049875114404131, 2554230.800172112882137, 0.0 ], [ 259547.349723870924208, 2554178.541929158847779, 0.0 ], [ 259626.359701491775922, 2554113.233592199161649, 0.0 ], [ 259639.916579442127841, 2554089.305899957194924, 0.0 ], [ 259312.486196393379942, 2553680.308252813760191, 0.0 ], [ 259173.808696600259282, 2553496.847378354519606, 0.0 ], [ 259075.991292396647623, 2553317.272415384184569, 0.0 ], [ 258975.621507137431763, 2553195.79530449770391, 0.0 ], [ 258896.930946705688257, 2553090.145591768901795, 0.0 ], [ 258847.316232672746992, 2553039.425159403122962, 0.0 ], [ 258564.155153463681927, 2552701.854255472775549, 0.0 ], [ 258525.934704195620725, 2552633.112990459892899, 0.0 ], [ 258537.641895155975362, 2552570.768339429982007, 0.0 ], [ 258546.032217701140326, 2552487.093800500500947, 0.0 ], [ 258545.883407148910919, 2552337.966462180018425, 0.0 ], [ 258501.604178325622343, 2551817.169542345684022, 0.0 ], [ 258528.293182811990846, 2551787.378719917032868, 0.0 ], [ 258619.345822721457807, 2551775.275028945412487, 0.0 ], [ 258775.868488447682466, 2551747.714255142491311, 0.0 ], [ 258837.057673266419442, 2551740.192222117446363, 0.0 ], [ 258862.265295992721803, 2551739.343269229400903, 0.0 ], [ 258886.772351005347446, 2551733.187503538560122, 0.0 ], [ 258910.89706630265573, 2551696.901863862760365, 0.0 ], [ 258918.150469707354205, 2551676.17738558165729, 0.0 ], [ 258953.12978046934586, 2551600.828356625512242, 0.0 ], [ 258992.498621184320655, 2551479.650803851429373, 0.0 ], [ 259373.038621013896773, 2551700.551184043288231, 0.0 ], [ 259370.746973601490026, 2551704.6873714979738, 0.0 ], [ 259337.541907479870133, 2551762.944455756340176, 0.0 ], [ 259304.785473738826113, 2551785.29715474229306, 0.0 ], [ 259213.596373863954796, 2551986.635261016897857, 0.0 ], [ 259220.221056389535079, 2551996.943424188997597, 0.0 ], [ 259262.151629076717654, 2552105.290913552045822, 0.0 ], [ 259248.765070434543304, 2552133.536997453775257, 0.0 ], [ 259306.839868680574, 2552225.781509559601545, 0.0 ], [ 259345.048653786681825, 2552249.320649384055287, 0.0 ], [ 259436.012145901593613, 2552353.113681069109589, 0.0 ], [ 259455.355130973650375, 2552351.030291854403913, 0.0 ], [ 259462.628272566740634, 2552363.433203907683492, 0.0 ], [ 259503.399679591297172, 2552361.448909279424697, 0.0 ], [ 259499.106026525259949, 2552349.441311194095761, 0.0 ], [ 259566.739252983679762, 2552341.153783490415663, 0.0 ], [ 259637.846668459940702, 2552332.14604760101065, 0.0 ], [ 259648.293993533501634, 2552331.535207523033023, 0.0 ], [ 259714.255991190962959, 2552327.706935112830251, 0.0 ], [ 259762.288571768440306, 2552324.609718212392181, 0.0 ], [ 259765.687108795944368, 2552287.217696394305676, 0.0 ], [ 259763.881961324921576, 2552276.942828744649887, 0.0 ], [ 259772.707981422281591, 2552245.557415003888309, 0.0 ], [ 259759.579399928858038, 2552117.358004126232117, 0.0 ], [ 259777.069585146935424, 2552102.009533528704196, 0.0 ], [ 259809.032335727912141, 2552100.499805160332471, 0.0 ], [ 259819.36251453839941, 2552047.817933046724647, 0.0 ], [ 259844.675041742972098, 2552040.764451236929744, 0.0 ], [ 259852.94172794642509, 2552038.416039399802685, 0.0 ], [ 259887.835673576017143, 2552027.885213407222182, 0.0 ], [ 259933.341359785874374, 2552014.19296791870147, 0.0 ], [ 259933.749570417014183, 2552014.075631922110915, 0.0 ], [ 259934.157781053218059, 2552013.958295938093215, 0.0 ], [ 259934.56599169500987, 2552013.840959965717047, 0.0 ], [ 259935.0784740250092, 2552013.832746477331966, 0.0 ], [ 259935.486684674688149, 2552013.715410530567169, 0.0 ], [ 259935.89667054079473, 2552013.708839764352888, 0.0 ], [ 259936.409152872656705, 2552013.700626322068274, 0.0 ], [ 259936.819138735620072, 2552013.694055580999702, 0.0 ], [ 259937.229124598990893, 2552013.687484851107001, 0.0 ], [ 259937.741606926108943, 2552013.679271454457194, 0.0 ], [ 259938.151592787762638, 2552013.672700750175864, 0.0 ], [ 259938.563353838573676, 2552013.776895223651081, 0.0 ], [ 259938.973339695541654, 2552013.770324541255832, 0.0 ], [ 259939.487597200408345, 2552013.872876370325685, 0.0 ], [ 259939.899358233989915, 2552013.977070879656821, 0.0 ], [ 259940.311119259538827, 2552014.081265399698168, 0.0 ], [ 259940.722880279528908, 2552014.185459930449724, 0.0 ], [ 259941.134641292854212, 2552014.289654471445829, 0.0 ], [ 259941.548177468968788, 2552014.504614189267159, 0.0 ], [ 259941.959938464249717, 2552014.608808751683682, 0.0 ], [ 259942.373474618012551, 2552014.823768490925431, 0.0 ], [ 259942.787010759144323, 2552015.038728239946067, 0.0 ], [ 259943.200546886073425, 2552015.253688000142574, 0.0 ], [ 259943.614083001797553, 2552015.468647769652307, 0.0 ], [ 259943.925122657761676, 2552015.685250186361372, 0.0 ], [ 259944.338658748543821, 2552015.900209973566234, 0.0 ], [ 259944.651473532576347, 2552016.227577568497509, 0.0 ], [ 259945.065009598154575, 2552016.442537373863161, 0.0 ], [ 259945.377824352210155, 2552016.769904981832951, 0.0 ], [ 259945.690639095351798, 2552017.097272593528032, 0.0 ], [ 259946.003453822486335, 2552017.424640211742371, 0.0 ], [ 259946.314493401761865, 2552017.641242671757936, 0.0 ], [ 259946.627308103925316, 2552017.968610300682485, 0.0 ], [ 259946.941897928278195, 2552018.406743097584695, 0.0 ], [ 259947.15221617728821, 2552018.735753352753818, 0.0 ], [ 259947.465030840801774, 2552019.063120996113867, 0.0 ], [ 259947.675349070166703, 2552019.392131257336587, 0.0 ], [ 259947.989938836632064, 2552019.830264071933925, 0.0 ], [ 259948.200257045129547, 2552020.159274338744581, 0.0 ], [ 259948.412350368715124, 2552020.599049769807607, 0.0 ], [ 259948.622668559633894, 2552020.928060041740537, 0.0 ], [ 259948.732265455502784, 2552021.369478083215654, 0.0 ], [ 259948.944358749809908, 2552021.809253519866616, 0.0 ], [ 259949.053955633979058, 2552022.2506715641357, 0.0 ], [ 259949.264273791282903, 2552022.579681842122227, 0.0 ], [ 259949.373870662937406, 2552023.021099886856973, 0.0 ], [ 259949.483467528247274, 2552023.462517932988703, 0.0 ], [ 259949.593064389977371, 2552023.903935979120433, 0.0 ], [ 259949.600164861156372, 2552024.346996628679335, 0.0 ], [ 259969.405040884739719, 2552025.469934335444123, 0.0 ], [ 260039.153594755625818, 2552021.139388291165233, 0.0 ], [ 260059.265944868006045, 2552022.257518515922129, 0.0 ], [ 260079.971977212873753, 2552022.036644080188125, 0.0 ], [ 260158.806192980729975, 2552028.086512169800699, 0.0 ], [ 260175.09067913130275, 2552027.050219270400703, 0.0 ], [ 260221.586726909969002, 2552023.97918474720791, 0.0 ], [ 260248.32062526451773, 2551990.42403760086745, 0.0 ], [ 260280.836687381757656, 2551953.009442885871977, 0.0 ], [ 260339.411320936051197, 2551942.322355868760496, 0.0 ], [ 260395.36769529664889, 2551947.410028590355068, 0.0 ], [ 260398.504795467742952, 2552040.980152875185013, 0.0 ], [ 260468.882576355565106, 2552043.953894748818129, 0.0 ], [ 260461.830507813108852, 2552109.434670141432434, 0.0 ], [ 260460.069091880548513, 2552121.096128484699875, 0.0 ], [ 260448.220385915454244, 2552213.576397619210184, 0.0 ], [ 260443.583103697252227, 2552250.544721860904247, 0.0 ], [ 260443.313608489203034, 2552272.153718358371407, 0.0 ], [ 260442.921609745855676, 2552279.693930242210627, 0.0 ], [ 260441.430868451017886, 2552340.321693114936352, 0.0 ], [ 260439.211123858753126, 2552419.463601747527719, 0.0 ], [ 260507.901163074042415, 2552419.583714750595391, 0.0 ], [ 260511.326603475230513, 2552486.337258447892964, 0.0 ], [ 260507.187594136426924, 2552567.28252082830295, 0.0 ], [ 260504.502794584463118, 2552598.12598390551284, 0.0 ], [ 260510.158578366710572, 2552624.847500872332603, 0.0 ], [ 260502.336324900388718, 2552687.016834072303027, 0.0 ], [ 260504.761979147791862, 2552716.892223385628313, 0.0 ], [ 260503.25550538659445, 2552738.077834151219577, 0.0 ], [ 260498.672274137788918, 2552752.775852896273136, 0.0 ], [ 260495.393620324670337, 2552778.532337056007236, 0.0 ], [ 260484.406782527454197, 2552841.527878181543201, 0.0 ], [ 260480.664522028324427, 2552851.115964841097593, 0.0 ], [ 260469.174529189476743, 2552921.09956368105486, 0.0 ], [ 260468.616292850900209, 2552924.653880801051855, 0.0 ], [ 260463.956689562968677, 2552928.163017620332539, 0.0 ], [ 260427.793148313212441, 2552955.332012787926942, 0.0 ], [ 260423.323818325065076, 2552983.545042620971799, 0.0 ], [ 260404.508599610970123, 2552992.931176169309765, 0.0 ], [ 260539.758545248681912, 2553059.016134297009557, 0.0 ], [ 260546.793338876683265, 2553063.002974541857839, 0.0 ], [ 260567.959693635901203, 2553078.840286497958004, 0.0 ], [ 260581.342914905428188, 2553114.412493496201932, 0.0 ], [ 260588.572392516827676, 2553265.197330702561885, 0.0 ], [ 260597.198253836104413, 2553336.631851875223219, 0.0 ], [ 260636.095962913765106, 2553345.870453458745033, 0.0 ], [ 260849.608449466119055, 2553286.729114824905992, 0.0 ], [ 260999.428532949066721, 2553264.061414787080139, 0.0 ], [ 261295.571067111188313, 2553198.622134160716087, 0.0 ], [ 261552.552581831259886, 2553159.405702189542353, 0.0 ], [ 261750.456629648571834, 2553143.403089798055589, 0.0 ], [ 261930.643794948176946, 2553109.18254178809002, 0.0 ], [ 261932.316730872698827, 2553117.68694195151329, 0.0 ], [ 262068.085504857299384, 2553100.904096208047122, 0.0 ], [ 262148.298615874082316, 2553090.987773000728339, 0.0 ], [ 262312.363092367886566, 2553074.311652098316699, 0.0 ], [ 262364.523564948933199, 2553079.577216328121722, 0.0 ], [ 262433.810510733106639, 2553078.810016087722033, 0.0 ], [ 262615.19490403321106, 2553068.288358328398317, 0.0 ], [ 262860.492240855121054, 2553060.744963370729238, 0.0 ], [ 263020.34547744540032, 2553050.015343233942986, 0.0 ], [ 263110.814869414665736, 2553066.310258220415562, 0.0 ], [ 263191.026532699819654, 2553082.213985846377909, 0.0 ], [ 263353.703669195878319, 2553139.912179233506322, 0.0 ], [ 263541.361823942454066, 2553182.703804797958583, 0.0 ], [ 263676.912535243900493, 2553210.587816770654172, 0.0 ], [ 263802.970513387699611, 2553247.596825331449509, 0.0 ], [ 263856.221728040836751, 2553250.634433530736715, 0.0 ], [ 264045.302196623000782, 2553266.819885180797428, 0.0 ], [ 264140.912495568976738, 2553362.365789518225938, 0.0 ], [ 264225.726661585329566, 2553390.832381306216121, 0.0 ], [ 264275.268566873739474, 2553366.675379706081003, 0.0 ], [ 264528.255588346160948, 2553463.956146319862455, 0.0 ], [ 264507.5156280384399, 2553533.526361200027168, 0.0 ], [ 264489.597346369351726, 2553580.451002843212336, 0.0 ], [ 264430.753027385042515, 2553736.483529271557927, 0.0 ], [ 264371.856330288515892, 2553921.655164102092385, 0.0 ], [ 264344.004243082657922, 2553923.533970833290368, 0.0 ], [ 264052.728602202259935, 2553855.001329673919827, 0.0 ], [ 263966.764765475643799, 2553844.502172603271902, 0.0 ], [ 263965.138450339087285, 2553858.376668497920036, 0.0 ], [ 263801.27959727216512, 2553829.053961880039424, 0.0 ], [ 263740.346008724416606, 2553826.248816264793277, 0.0 ], [ 263475.017228918732144, 2553817.255379266105592, 0.0 ], [ 263345.159465554286726, 2553799.033310465048999, 0.0 ], [ 263217.774246389861219, 2553839.935796568635851, 0.0 ], [ 263172.737838752800599, 2553902.469959034584463, 0.0 ], [ 263176.564199220796581, 2553949.938919672742486, 0.0 ], [ 263148.391428502392955, 2554028.714290194679052, 0.0 ], [ 263136.73281344876159, 2554147.002492164261639, 0.0 ], [ 263033.356329463422298, 2554383.295602098107338, 0.0 ], [ 263013.576244072290137, 2554571.179035116452724, 0.0 ], [ 262954.471885944949463, 2554586.629024398513138, 0.0 ], [ 262949.346762997622136, 2554664.264389397576451, 0.0 ], [ 262947.381851856363937, 2554682.576147907413542, 0.0 ], [ 262928.253059964685235, 2554827.351619781926274, 0.0 ], [ 262832.228828667779453, 2554841.503855641465634, 0.0 ], [ 262811.885920034372248, 2554857.891180419828743, 0.0 ], [ 262752.050881562288851, 2554878.89328857511282, 0.0 ], [ 262661.423477904638276, 2554968.299594114534557, 0.0 ], [ 262700.197580119711347, 2554989.510480457451195, 0.0 ], [ 262725.569097211700864, 2555005.837608111090958, 0.0 ], [ 262804.67909239733126, 2555043.36015981901437, 0.0 ], [ 262852.650204090983607, 2555069.300410359166563, 0.0 ], [ 262910.839106285420712, 2555106.158021809533238, 0.0 ], [ 262988.264302530384157, 2555160.326904346700758, 0.0 ], [ 263039.470302870031446, 2555196.409261887893081, 0.0 ], [ 263286.442033548140898, 2555361.677444691304117, 0.0 ], [ 263575.790286388772074, 2555562.618759721983224, 0.0 ], [ 263801.516868768609129, 2555720.363989167846739, 0.0 ], [ 263778.693070108245593, 2555845.696962700225413, 0.0 ], [ 263731.997033729683608, 2555945.592851337511092, 0.0 ], [ 263693.899757436360233, 2556083.686853884719312, 0.0 ], [ 263659.710338077275082, 2556190.143743263091892, 0.0 ], [ 263598.915560450928751, 2556389.975426384247839, 0.0 ], [ 263589.669259179208893, 2556414.495750826783478, 0.0 ], [ 263525.919933161814697, 2556582.909916637465358, 0.0 ], [ 263479.273828337900341, 2556672.724274661391973, 0.0 ], [ 263450.535247724037617, 2556741.315837668720633, 0.0 ], [ 263451.056321655691136, 2556741.861549559980631, 0.0 ], [ 263451.476686438021716, 2556742.519646757282317, 0.0 ], [ 263451.792836416396312, 2556743.068601579405367, 0.0 ], [ 263452.213201135280542, 2556743.726698792539537, 0.0 ], [ 263452.531103891320527, 2556744.386417462490499, 0.0 ], [ 263452.849006620934233, 2556745.046136137098074, 0.0 ], [ 263453.166909325285815, 2556745.705854816827923, 0.0 ], [ 263453.484812004258856, 2556746.365573501214385, 0.0 ], [ 263453.802714657969773, 2556747.02529219025746, 0.0 ], [ 263454.018155379511882, 2556747.686632324475795, 0.0 ], [ 263454.233596086327452, 2556748.347972460556775, 0.0 ], [ 263454.450789590715431, 2556749.120076434221119, 0.0 ], [ 263454.563768370891921, 2556749.783038011752069, 0.0 ], [ 263454.678499961213674, 2556750.556763424538076, 0.0 ], [ 263454.791478730621748, 2556751.219725003000349, 0.0 ], [ 263454.906210302957334, 2556751.993450417649001, 0.0 ], [ 263455.019189058803022, 2556752.656411996576935, 0.0 ], [ 263455.031458752520848, 2556753.431758847553283, 0.0 ], [ 263455.041975635685958, 2556754.096341865602881, 0.0 ], [ 263455.054245335923042, 2556754.871688717976213, 0.0 ], [ 263454.964053186355159, 2556755.64865701040253, 0.0 ], [ 263454.974570082849823, 2556756.313240028452128, 0.0 ], [ 263454.88437795889331, 2556757.090208323206753, 0.0 ], [ 263454.689971187501214, 2556757.758034224621952, 0.0 ], [ 263454.599779094569385, 2556758.53500252449885, 0.0 ], [ 263454.405372365843505, 2556759.20282843336463, 0.0 ], [ 263454.210965656442568, 2556759.870654347352684, 0.0 ], [ 263454.018311795720365, 2556760.649244102183729, 0.0 ], [ 263453.823905130848289, 2556761.317070025019348, 0.0 ], [ 263453.527036675950512, 2556761.986517404206097, 0.0 ], [ 263453.230168253183365, 2556762.655964792240411, 0.0 ], [ 263452.93329985748278, 2556763.325412188656628, 0.0 ], [ 263452.636431493796408, 2556763.99485959392041, 0.0 ], [ 263452.235348523594439, 2556764.555164631456137, 0.0 ], [ 263451.938480218057521, 2556765.224612056743354, 0.0 ], [ 263451.537397311767563, 2556765.784917118959129, 0.0 ], [ 263451.138067288149614, 2556766.455986035056412, 0.0 ], [ 263450.634522670239676, 2556767.017912599258125, 0.0 ], [ 263450.233439864008687, 2556767.578217705711722, 0.0 ], [ 263449.729895321070217, 2556768.140144307166338, 0.0 ], [ 263449.226350816781633, 2556768.702070930507034, 0.0 ], [ 263448.721053478424437, 2556769.153233733028173, 0.0 ], [ 263448.217509045731276, 2556769.715160395950079, 0.0 ], [ 263447.609750015311874, 2556770.167944735847414, 0.0 ], [ 263447.104452774859965, 2556770.619107601232827, 0.0 ], [ 263446.496693813474849, 2556771.071891993284225, 0.0 ], [ 263445.888934886665083, 2556771.52467641280964, 0.0 ], [ 263371.251941310823895, 2556763.399534274823964, 0.0 ], [ 263283.278988193371333, 2556754.488816244527698, 0.0 ], [ 263237.292517087305896, 2556743.473216807469726, 0.0 ], [ 263190.96172832197044, 2556730.136579213663936, 0.0 ], [ 263140.804636042215861, 2556714.64486971963197, 0.0 ], [ 263080.398142328485847, 2556712.056824651546776, 0.0 ], [ 263042.073698877939023, 2556712.442714719101787, 0.0 ], [ 262986.819517035852186, 2556718.082764596678317, 0.0 ], [ 262953.591254417784512, 2556723.152133374474943, 0.0 ], [ 262923.560992743703537, 2556723.07442623982206, 0.0 ], [ 262822.334096898732241, 2556737.975283945910633, 0.0 ], [ 262732.040911511867307, 2556750.819824473001063, 0.0 ], [ 262716.038411994872149, 2556737.003240723628551, 0.0 ], [ 262664.642639829544351, 2556766.181986263487488, 0.0 ] ] ] } },
{ "type": "Feature", "properties": { "Name": "11 SARDARNAGAR", "ward_id": "11", "ward_name": "SARDARNAGAR" }, "geometry": { "type": "Polygon", "coordinates": [ [ [ 261005.234348795609549, 2557287.746783388312906, 0.0 ], [ 260941.459277152403956, 2557305.164275670424104, 0.0 ], [ 260928.058346371894004, 2557197.798084813170135, 0.0 ], [ 260909.445663737977156, 2557084.975594691932201, 0.0 ], [ 260850.462150368839502, 2557062.431037904694676, 0.0 ], [ 260818.247559474344598, 2556977.081473492551595, 0.0 ], [ 260816.302555521309841, 2556977.223392331041396, 0.0 ], [ 260721.685463863948826, 2556969.541944856755435, 0.0 ], [ 260722.9328317414911, 2556913.017191086430103, 0.0 ], [ 260722.729680093791103, 2556913.131236933171749, 0.0 ], [ 260713.555254114122363, 2556845.80474894400686, 0.0 ], [ 260687.255985789553961, 2556848.330868676304817, 0.0 ], [ 260666.485127751308028, 2556805.675469012930989, 0.0 ], [ 260659.309316877333913, 2556779.975428731646389, 0.0 ], [ 260656.356580846186262, 2556768.389366733841598, 0.0 ], [ 260645.839016567042563, 2556726.012985501438379, 0.0 ], [ 260645.982830838183872, 2556709.391624117270112, 0.0 ], [ 260637.394560010201531, 2556697.895802415907383, 0.0 ], [ 260639.014473063667538, 2556696.651132300961763, 0.0 ], [ 260627.149114871426718, 2556685.31858386285603, 0.0 ], [ 260627.92011507958523, 2556669.46273390809074, 0.0 ], [ 260598.615734376624459, 2556567.558596272952855, 0.0 ], [ 260610.187168450211175, 2556566.930116255767643, 0.0 ], [ 260607.03340275544906, 2556561.994901833124459, 0.0 ], [ 260591.580809576029424, 2556537.867741179186851, 0.0 ], [ 260584.247337315406185, 2556508.735637513455003, 0.0 ], [ 260571.725602832302684, 2556405.233232408296317, 0.0 ], [ 260504.522997339343419, 2556420.048067590687424, 0.0 ], [ 260484.96867831615964, 2556331.837087121326476, 0.0 ], [ 260430.610067234840244, 2556355.088385192677379, 0.0 ], [ 260341.778022979066009, 2556369.696581896860152, 0.0 ], [ 260379.217695498053217, 2556262.845138885080814, 0.0 ], [ 260345.550900655827718, 2556227.819913485087454, 0.0 ], [ 260347.920081311283866, 2556183.796766714658588, 0.0 ], [ 260332.712769063247833, 2556187.807516738306731, 0.0 ], [ 260319.952256783522898, 2556191.003502370789647, 0.0 ], [ 260316.986022887664149, 2556191.383434265851974, 0.0 ], [ 260310.024284028913826, 2556179.0861188294366, 0.0 ], [ 260304.56330862082541, 2556177.290168047416955, 0.0 ], [ 260300.531552729080431, 2556175.138924661558121, 0.0 ], [ 260266.544926597183803, 2556164.936810258775949, 0.0 ], [ 260240.203714546980336, 2556145.748651810456067, 0.0 ], [ 260245.440237825008808, 2556146.329446694813669, 0.0 ], [ 260239.523188345046947, 2556141.660187890287489, 0.0 ], [ 260232.339770860009594, 2556141.110614947509021, 0.0 ], [ 260216.767626174521865, 2556135.155873748939484, 0.0 ], [ 260217.410165410692571, 2556047.396746898069978, 0.0 ], [ 260160.578646338602994, 2556005.984909596387297, 0.0 ], [ 260151.080431355454493, 2556001.705501276534051, 0.0 ], [ 260140.193255440884968, 2555993.902970297727734, 0.0 ], [ 260123.279934897058411, 2555987.415851189754903, 0.0 ], [ 260116.576794385211542, 2555984.864328438881785, 0.0 ], [ 260099.719142374233343, 2555988.237010688055307, 0.0 ], [ 260088.164403179194778, 2555983.547457430511713, 0.0 ], [ 260082.597300601541065, 2555981.531692348886281, 0.0 ], [ 260061.146850201679626, 2555973.344731968827546, 0.0 ], [ 260047.62383864732692, 2555967.357261875644326, 0.0 ], [ 260034.001901037438074, 2555961.592978632077575, 0.0 ], [ 260016.342758360580774, 2555953.345234994310886, 0.0 ], [ 259990.362231042177882, 2555943.901542394887656, 0.0 ], [ 259981.054634527943563, 2555938.732820340432227, 0.0 ], [ 259951.629205964767607, 2555931.781956593506038, 0.0 ], [ 259935.168271398404613, 2555927.946832038927823, 0.0 ], [ 259924.156003332609544, 2555925.132187256123871, 0.0 ], [ 259893.809941885323497, 2555950.215735011268407, 0.0 ], [ 259826.265136196743697, 2556001.26867538318038, 0.0 ], [ 259769.571059603913454, 2556045.056801947299391, 0.0 ], [ 259694.473670767125441, 2556104.430560474749655, 0.0 ], [ 259620.103865047829458, 2556170.773114380892366, 0.0 ], [ 259585.78892185780569, 2556235.807218417990953, 0.0 ], [ 259565.870714854856487, 2556271.914133509155363, 0.0 ], [ 259510.812510197691154, 2556328.08612235635519, 0.0 ], [ 259492.841433434834471, 2556415.127351996023208, 0.0 ], [ 259474.07590664565214, 2556554.698058872483671, 0.0 ], [ 259455.409371612302493, 2556566.631840493995696, 0.0 ], [ 259495.509071612206753, 2556644.650822946801782, 0.0 ], [ 259492.486828228691593, 2556673.395250567235053, 0.0 ], [ 259487.148929884569952, 2556717.466596333775669, 0.0 ], [ 259255.075722390029114, 2556779.037283084820956, 0.0 ], [ 259066.558650024671806, 2556357.065331178251654, 0.0 ], [ 258657.287340530019719, 2555784.761679623741657, 0.0 ], [ 258614.969550981448265, 2555772.924836678430438, 0.0 ], [ 258610.195867422851734, 2555699.433901708573103, 0.0 ], [ 258581.788834838545881, 2555666.764692781958729, 0.0 ], [ 258615.467496532044606, 2555632.317745969630778, 0.0 ], [ 258637.29419279328431, 2555651.022233929950744, 0.0 ], [ 258685.72131648962386, 2555603.152832366526127, 0.0 ], [ 258650.437313378846738, 2555576.24500914895907, 0.0 ], [ 258662.513587217399618, 2555530.624141236301512, 0.0 ], [ 258729.457754073082469, 2555525.001450625248253, 0.0 ], [ 258729.455967195011908, 2555524.890684408601373, 0.0 ], [ 258770.839300284278579, 2555485.112508995924145, 0.0 ], [ 258663.528181915055029, 2555504.570922405924648, 0.0 ], [ 258645.709676839207532, 2555454.779070699587464, 0.0 ], [ 258650.878034311695956, 2555438.408790736924857, 0.0 ], [ 258551.214067709486699, 2555461.733215789776295, 0.0 ], [ 258551.105680562905036, 2555467.71790488390252, 0.0 ], [ 258504.045760449545924, 2555460.611230304464698, 0.0 ], [ 258491.251292577944696, 2555499.817740813363343, 0.0 ], [ 258463.157212514401181, 2555524.646376944612712, 0.0 ], [ 258440.279326677118661, 2555517.038607650902122, 0.0 ], [ 258399.30091806864948, 2555562.794203716795892, 0.0 ], [ 257882.191231407923624, 2555454.71041205059737, 0.0 ], [ 257644.935734126949683, 2555418.88808187097311, 0.0 ], [ 257641.210418561298866, 2555429.363258565310389, 0.0 ], [ 257583.199231921083992, 2555423.323240967001766, 0.0 ], [ 257505.435958357003983, 2555393.893330178689212, 0.0 ], [ 257327.705197771283565, 2555369.076873379293829, 0.0 ], [ 257173.924114569294034, 2555348.416274192277342, 0.0 ], [ 257060.954911300796084, 2555347.702399379573762, 0.0 ], [ 257034.174563083332032, 2555339.716872557066381, 0.0 ], [ 256789.732816707284655, 2555347.678235435392708, 0.0 ], [ 256767.760013738763519, 2555351.691821882966906, 0.0 ], [ 256722.634308373642853, 2555337.578972165938467, 0.0 ], [ 256670.413396923977416, 2555347.292150876484811, 0.0 ], [ 256684.214671247522347, 2555282.030024010222405, 0.0 ], [ 256669.937593903450761, 2555267.637120826169848, 0.0 ], [ 256661.78587718642666, 2555258.019630245864391, 0.0 ], [ 256664.096451856341446, 2555267.73214404610917, 0.0 ], [ 256661.120189877867233, 2555292.709802952129394, 0.0 ], [ 256663.35447156871669, 2555329.2363415453583, 0.0 ], [ 256611.904687374160858, 2555335.945669559761882, 0.0 ], [ 256570.659237990010297, 2555339.829980270471424, 0.0 ], [ 256505.305564669164596, 2555355.075730197131634, 0.0 ], [ 256435.093142886005808, 2555348.906317411456257, 0.0 ], [ 256416.663050333765568, 2555337.57277752738446, 0.0 ], [ 256409.871066049818182, 2555373.69235781300813, 0.0 ], [ 256290.271167172322748, 2555374.975840341765434, 0.0 ], [ 256243.952157652325695, 2555375.730626823380589, 0.0 ], [ 256205.293975519743981, 2555381.124957825988531, 0.0 ], [ 256131.412139606167329, 2555376.235544142313302, 0.0 ], [ 255981.679791518079583, 2555390.311302874237299, 0.0 ], [ 255827.373557211249135, 2555381.639011771883816, 0.0 ], [ 255726.221931880689226, 2555376.531995340250432, 0.0 ], [ 255698.866837549372576, 2555452.653394534718245, 0.0 ], [ 255631.478886795724975, 2555449.987140889279544, 0.0 ], [ 255584.13236759667052, 2555425.498953002970666, 0.0 ], [ 255487.849327821517363, 2555436.047262814827263, 0.0 ], [ 255419.290236415283289, 2555399.386227145325392, 0.0 ], [ 255360.485284183727344, 2555401.345111740753055, 0.0 ], [ 255352.311987687076908, 2555384.194361118134111, 0.0 ], [ 255265.735068728623446, 2555380.292420968879014, 0.0 ], [ 255266.865635557362111, 2555405.535806270316243, 0.0 ], [ 255148.113986402080627, 2555396.067165507003665, 0.0 ], [ 255149.293860858102562, 2555386.74083302449435, 0.0 ], [ 255094.218738888244843, 2555384.872574971523136, 0.0 ], [ 255016.622609219950391, 2555434.894412147812545, 0.0 ], [ 254722.780853361095069, 2555399.601297902408987, 0.0 ], [ 254733.550599563663127, 2555350.008714530616999, 0.0 ], [ 254638.953921076870756, 2555300.925388335250318, 0.0 ], [ 254619.113374641601695, 2555334.933522372506559, 0.0 ], [ 254507.657143196498509, 2555282.914411337114871, 0.0 ], [ 254544.870850824110676, 2555201.974939689040184, 0.0 ], [ 254366.125632323062746, 2555184.743759079370648, 0.0 ], [ 254317.330782682081917, 2555115.963670176453888, 0.0 ], [ 254316.044606817566091, 2555056.375230484176427, 0.0 ], [ 254336.46765992816654, 2555051.607891010120511, 0.0 ], [ 254293.334730537520954, 2554959.356381947174668, 0.0 ], [ 254341.969195125275292, 2554862.273866881150752, 0.0 ], [ 254367.179406652430771, 2554736.990171685814857, 0.0 ], [ 254613.938360605156049, 2555019.46508320979774, 0.0 ], [ 254637.639033259736607, 2555014.53360816417262, 0.0 ], [ 254764.134139749367023, 2554989.635011082515121, 0.0 ], [ 254877.050489713146817, 2554955.542183643672615, 0.0 ], [ 254984.791608975472627, 2554924.637361539993435, 0.0 ], [ 255082.77032386380597, 2554892.231212445069104, 0.0 ], [ 255155.33971717878012, 2554873.094115640968084, 0.0 ], [ 255309.881994428375037, 2554820.595936233177781, 0.0 ], [ 255452.49113363440847, 2554771.729238469153643, 0.0 ], [ 255581.741452203132212, 2554745.906492888461798, 0.0 ], [ 255643.315786641323939, 2554725.06797401048243, 0.0 ], [ 255693.528195980645251, 2554711.506277832668275, 0.0 ], [ 255700.328669719456229, 2554701.091085793916136, 0.0 ], [ 255741.57298094156431, 2554646.791812293697149, 0.0 ], [ 255763.271367624489358, 2554600.789133135229349, 0.0 ], [ 255756.466013512312202, 2554598.351885540876538, 0.0 ], [ 255802.57709788941429, 2554515.609314473811537, 0.0 ], [ 255858.879139795986703, 2554429.155160991474986, 0.0 ], [ 255899.975147450604709, 2554346.827237190678716, 0.0 ], [ 255924.526506346446695, 2554305.985830556135625, 0.0 ], [ 256011.77902518157498, 2554325.835962827783078, 0.0 ], [ 256150.10720606247196, 2554315.825382435228676, 0.0 ], [ 256245.394738822273212, 2554312.943349992856383, 0.0 ], [ 256312.02456369655556, 2554306.539901367388666, 0.0 ], [ 256386.274220435181633, 2554302.228637577034533, 0.0 ], [ 256540.8349315081432, 2554307.025792267173529, 0.0 ], [ 256620.244907963060541, 2554311.163070257287472, 0.0 ], [ 256696.752863137080567, 2554313.353611759375781, 0.0 ], [ 256754.147065764816944, 2554325.272924919612706, 0.0 ], [ 256754.157316546275979, 2554225.002006059046835, 0.0 ], [ 256841.149936502013588, 2554254.168009593617171, 0.0 ], [ 256879.758942966989707, 2554245.563363642431796, 0.0 ], [ 256885.05369053047616, 2554230.74143530568108, 0.0 ], [ 256899.963311749830609, 2554170.447633662261069, 0.0 ], [ 257023.511734949599486, 2554178.191216456703842, 0.0 ], [ 257012.794561988499481, 2554256.808938498143107, 0.0 ], [ 257033.569841155665927, 2554261.014254856389016, 0.0 ], [ 257053.16187742218608, 2554204.965691415593028, 0.0 ], [ 257113.760015017178375, 2554205.865562010556459, 0.0 ], [ 257122.070189790625591, 2554181.02315264986828, 0.0 ], [ 257192.68466885748785, 2554199.044976402074099, 0.0 ], [ 257160.051516698702471, 2554285.330665440764278, 0.0 ], [ 257166.060191572149051, 2554295.53719414351508, 0.0 ], [ 257265.248683052952401, 2554311.987672506365925, 0.0 ], [ 257364.490878239797894, 2554325.446422689594328, 0.0 ], [ 257503.445432831184007, 2554341.475279377307743, 0.0 ], [ 257622.083682159340242, 2554337.337243063841015, 0.0 ], [ 257653.154991850489751, 2554350.683460926637053, 0.0 ], [ 257717.343982600403251, 2554364.490641075186431, 0.0 ], [ 257778.510265195567627, 2554343.557187781669199, 0.0 ], [ 257801.590111211349722, 2554116.495840440504253, 0.0 ], [ 257836.117724380223081, 2554121.698453479912132, 0.0 ], [ 257834.720510503451806, 2554054.357374537270516, 0.0 ], [ 257907.097729087370681, 2554079.998894559685141, 0.0 ], [ 257908.766721722146031, 2554202.17932094167918, 0.0 ], [ 257985.00697424862301, 2554225.8751160656102, 0.0 ], [ 257958.333539275161456, 2554306.965617889072746, 0.0 ], [ 258165.39761415895191, 2554376.521132457070053, 0.0 ], [ 258227.039484369073762, 2554372.311968244612217, 0.0 ], [ 258358.171410875802394, 2554513.451960533857346, 0.0 ], [ 258474.74325248535024, 2554521.762970115989447, 0.0 ], [ 258493.156288208207116, 2554513.04533308185637, 0.0 ], [ 258454.499799069977598, 2554410.74066695291549, 0.0 ], [ 258514.745465834217612, 2554396.251276574563235, 0.0 ], [ 258595.810426268406445, 2554369.681982977315784, 0.0 ], [ 258696.881584737246158, 2554337.80475792568177, 0.0 ], [ 258740.228973910940113, 2554324.253604898229241, 0.0 ], [ 258729.295459385000868, 2554294.626066730357707, 0.0 ], [ 258793.571029594284482, 2554263.010498596355319, 0.0 ], [ 258806.627993247559061, 2554259.033018093090504, 0.0 ], [ 258793.714227464370197, 2554189.218845433555543, 0.0 ], [ 258799.334683982073329, 2554188.13110114634037, 0.0 ], [ 258789.692433166812407, 2554155.934433198999614, 0.0 ], [ 258777.1063581413473, 2554112.816533195320517, 0.0 ], [ 258755.713079424895113, 2554044.800978881772608, 0.0 ], [ 258731.911569849355146, 2554030.892139913979918, 0.0 ], [ 258735.456920027034357, 2553951.949069322086871, 0.0 ], [ 258753.615140680689365, 2553946.449004841037095, 0.0 ], [ 258832.778557562211063, 2553922.571031964849681, 0.0 ], [ 258858.587451882078312, 2553914.731928670313209, 0.0 ], [ 258909.676049111556495, 2553904.380532962270081, 0.0 ], [ 258947.242138798581436, 2553894.579489543102682, 0.0 ], [ 258989.582066512812162, 2553869.301220241002738, 0.0 ], [ 259225.702508351998404, 2554088.308469475246966, 0.0 ], [ 259488.806274032394867, 2554341.120485268067569, 0.0 ], [ 259932.663593500037678, 2554762.876450846437365, 0.0 ], [ 260382.142271483084187, 2555204.38518294878304, 0.0 ], [ 260967.347779507399537, 2555757.852017907891423, 0.0 ], [ 261518.832325768860755, 2556294.702507914043963, 0.0 ], [ 261925.531835995352594, 2556681.534888138063252, 0.0 ], [ 262201.920934005931485, 2556944.145552312489599, 0.0 ], [ 262503.109105429903138, 2557278.159735132940114, 0.0 ], [ 262499.842022155120503, 2557291.839118564967066, 0.0 ], [ 262363.243085514404811, 2557260.440500703174621, 0.0 ], [ 262301.96876694553066, 2557267.619347499217838, 0.0 ], [ 262255.7795753593673, 2557127.869120770134032, 0.0 ], [ 262206.296181699668523, 2557141.840678864624351, 0.0 ], [ 262184.366339180269279, 2557090.449477119371295, 0.0 ], [ 262125.077989844721742, 2557119.423531903885305, 0.0 ], [ 262053.292027642775793, 2557129.429681058973074, 0.0 ], [ 261978.774812049407046, 2556922.879872075282037, 0.0 ], [ 261916.296531067840988, 2556996.111838727258146, 0.0 ], [ 261894.159982613462489, 2556976.854149488266557, 0.0 ], [ 261800.919524521828862, 2557036.173703405540437, 0.0 ], [ 261804.016225542553002, 2557043.990644934121519, 0.0 ], [ 261793.513951344386442, 2557047.371018674690276, 0.0 ], [ 261681.778523419401608, 2557071.532443070784211, 0.0 ], [ 261632.49137814991991, 2557129.93080241093412, 0.0 ], [ 261529.135631779412506, 2557171.797499966342002, 0.0 ], [ 261516.891670385113684, 2557175.205875116400421, 0.0 ], [ 261492.407296857796609, 2557182.244186844211072, 0.0 ], [ 261448.641085144743556, 2557194.797582842875272, 0.0 ], [ 261422.316021462873323, 2557202.086983555462211, 0.0 ], [ 261315.033716285979608, 2557222.634855947457254, 0.0 ], [ 261182.615938850300154, 2557260.75814798520878, 0.0 ], [ 261005.234348795609549, 2557287.746783388312906, 0.0 ] ] ] } },
{ "type": "Feature", "properties": { "Name": "10 S.P.STADIUM", "ward_id": "10", "ward_name": "S.P.STADIUM" }, "geometry": { "type": "Polygon", "coordinates": [ [ [ 251242.988424669572851, 2553612.170451399870217, 0.0 ], [ 251178.835953767062165, 2553681.489943839143962, 0.0 ], [ 251148.980772247945424, 2553741.818674576468766, 0.0 ], [ 251152.454583361657569, 2553617.774859794415534, 0.0 ], [ 251145.276475737191504, 2553599.168862709309906, 0.0 ], [ 250656.319760021724505, 2553602.873513849452138, 0.0 ], [ 250717.83927254655282, 2553326.286586662288755, 0.0 ], [ 250775.77304005579208, 2553098.95557859307155, 0.0 ], [ 250791.698359818634344, 2553070.214649401139468, 0.0 ], [ 250831.951346201938577, 2552913.869410807732493, 0.0 ], [ 250861.531496971787419, 2552793.823052689898759, 0.0 ], [ 250874.383340481726918, 2552740.535618753638119, 0.0 ], [ 250876.660777637123829, 2552680.222064877860248, 0.0 ], [ 250869.544860781927127, 2552634.579693020321429, 0.0 ], [ 250830.845873841375578, 2552582.482320582028478, 0.0 ], [ 250761.010654838319169, 2552513.839831409510225, 0.0 ], [ 250757.764247919985792, 2552503.58937372919172, 0.0 ], [ 250772.10082786064595, 2552484.071425970178097, 0.0 ], [ 250824.886504107591463, 2552439.980755599215627, 0.0 ], [ 250843.203876821149606, 2552400.895715850405395, 0.0 ], [ 250854.65387513305177, 2552361.924947907682508, 0.0 ], [ 250858.851136856916128, 2552281.413734715431929, 0.0 ], [ 250884.62843065924244, 2552216.166514815296978, 0.0 ], [ 250921.193733780353796, 2552146.086339794564992, 0.0 ], [ 250973.483293855504598, 2552084.387327038682997, 0.0 ], [ 251047.706932129280176, 2552003.709490618668497, 0.0 ], [ 251121.96010093879886, 2551937.103295093867928, 0.0 ], [ 251167.459297230874654, 2551904.769290840253234, 0.0 ], [ 251205.901743124064524, 2551885.848701047245413, 0.0 ], [ 251244.708305258856853, 2551864.152163241524249, 0.0 ], [ 251263.115530297160149, 2551848.88845822494477, 0.0 ], [ 251269.051873020624043, 2551829.732220036443323, 0.0 ], [ 251264.43702926588594, 2551755.572564078029245, 0.0 ], [ 251248.991038320062216, 2551535.447013282217085, 0.0 ], [ 251231.444204940373311, 2551417.292721788398921, 0.0 ], [ 251166.391556178714382, 2551420.699742215219885, 0.0 ], [ 251152.83340519410558, 2551443.971408434212208, 0.0 ], [ 251152.535086376825348, 2551444.530365338083357, 0.0 ], [ 251139.423542664153501, 2551445.302136087790132, 0.0 ], [ 250895.63453693210613, 2551459.879360823892057, 0.0 ], [ 250692.574174953304464, 2551512.784732769243419, 0.0 ], [ 250730.184475235553691, 2551641.020306429360062, 0.0 ], [ 250743.005702817259589, 2551696.761404548771679, 0.0 ], [ 250744.218025873065926, 2551701.838072209618986, 0.0 ], [ 250734.820804722810863, 2551703.988836944568902, 0.0 ], [ 250570.874916687462246, 2551741.176599823404104, 0.0 ], [ 250506.587968230713159, 2551753.548781428486109, 0.0 ], [ 250400.144399480370339, 2551752.662621678318828, 0.0 ], [ 250301.639792520960327, 2551742.115988693665713, 0.0 ], [ 250333.63806698526605, 2551601.086841365322471, 0.0 ], [ 250377.759688869526144, 2551387.613567822612822, 0.0 ], [ 250450.377527513337554, 2551081.147218508645892, 0.0 ], [ 250518.838594200467924, 2550808.101917326450348, 0.0 ], [ 250428.850359150790609, 2550835.195159872528166, 0.0 ], [ 250342.452101848757593, 2550862.339975400362164, 0.0 ], [ 250291.843228001351235, 2550877.365652596578002, 0.0 ], [ 250235.251928627490997, 2550890.275188750121742, 0.0 ], [ 250230.143245555984322, 2550866.759690376929939, 0.0 ], [ 250227.980533855210524, 2550847.737941414583474, 0.0 ], [ 250228.929413086734712, 2550800.07764909369871, 0.0 ], [ 250239.160471583658364, 2550681.79318314185366, 0.0 ], [ 250261.644472671410767, 2550486.519478496164083, 0.0 ], [ 250270.106619725993369, 2550440.506867787800729, 0.0 ], [ 250291.455613685480785, 2550361.704098424874246, 0.0 ], [ 250358.236957697023172, 2550209.348529532551765, 0.0 ], [ 250420.028589888563147, 2550034.362323832232505, 0.0 ], [ 250438.488819168502232, 2550003.695598973426968, 0.0 ], [ 250469.085825532994932, 2549999.862300760578364, 0.0 ], [ 250533.66938102550921, 2550017.18046702304855, 0.0 ], [ 250590.969775390753057, 2550028.19361201999709, 0.0 ], [ 250649.212969835964032, 2550040.410093219485134, 0.0 ], [ 250713.806488034228096, 2550052.18879606667906, 0.0 ], [ 250818.487107737309998, 2550063.523037078324705, 0.0 ], [ 250905.536146788304904, 2550069.056902570649981, 0.0 ], [ 250981.284467872144887, 2550073.338559887371957, 0.0 ], [ 251035.428594021621393, 2550067.231710631866008, 0.0 ], [ 251255.291736766783288, 2550049.288992010988295, 0.0 ], [ 251381.948802121856716, 2550037.880890394560993, 0.0 ], [ 251381.838155546254711, 2550055.943138114176691, 0.0 ], [ 251493.886078905285103, 2550567.421974392607808, 0.0 ], [ 251628.795860283687944, 2550942.902996687218547, 0.0 ], [ 251935.178042504703626, 2551543.792556188069284, 0.0 ], [ 252102.219891997374361, 2551774.039602593984455, 0.0 ], [ 252368.220506837940775, 2552073.89588274480775, 0.0 ], [ 252737.712337486300385, 2552364.512541736476123, 0.0 ], [ 253123.152365536690922, 2552584.848927549552172, 0.0 ], [ 253094.132423196133459, 2552702.663577754516155, 0.0 ], [ 253082.319658249733038, 2552813.214255610015243, 0.0 ], [ 253073.323243266466307, 2552945.324362733401358, 0.0 ], [ 253000.825288643827662, 2553143.299504855647683, 0.0 ], [ 252971.880177180923056, 2553222.001322408206761, 0.0 ], [ 252953.545226379123051, 2553297.53656572336331, 0.0 ], [ 252878.063874358980684, 2553277.287258342839777, 0.0 ], [ 252881.848265187756624, 2553307.805407476611435, 0.0 ], [ 252848.024043191282544, 2553600.098545286804438, 0.0 ], [ 252836.492058557952987, 2553603.280538028571755, 0.0 ], [ 252825.774510279647075, 2553606.11669350694865, 0.0 ], [ 252770.882631485903403, 2553510.295267552603036, 0.0 ], [ 252652.555379809433362, 2553564.879751392640173, 0.0 ], [ 252389.546342158137122, 2553344.96926681464538, 0.0 ], [ 252305.260819471033756, 2553325.53320046281442, 0.0 ], [ 252188.735393749026116, 2553296.991621095687151, 0.0 ], [ 252060.389748097833944, 2553266.652251020073891, 0.0 ], [ 251998.719769896531943, 2553257.147698398679495, 0.0 ], [ 251893.483447374223033, 2553223.213687908835709, 0.0 ], [ 251868.194859774725046, 2553219.089984706137329, 0.0 ], [ 251825.94161936242017, 2553212.03432082477957, 0.0 ], [ 251805.487035100202775, 2553215.032601783052087, 0.0 ], [ 251782.301517870713724, 2553214.087381031364202, 0.0 ], [ 251721.962018969439669, 2553241.569148696027696, 0.0 ], [ 251682.567247228318593, 2553258.510146307293326, 0.0 ], [ 251652.122110626078211, 2553271.092382420320064, 0.0 ], [ 251519.600556533026975, 2553372.236068913247436, 0.0 ], [ 251351.673251770145725, 2553471.08836110914126, 0.0 ], [ 251298.83786069395137, 2553542.87844667956233, 0.0 ], [ 251261.112830899975961, 2553592.368349727243185, 0.0 ], [ 251242.988424669572851, 2553612.170451399870217, 0.0 ] ] ] } },
{ "type": "Feature", "properties": { "Name": "09 NARANPURA", "ward_id": "09", "ward_name": "NARANPURA" }, "geometry": { "type": "Polygon", "coordinates": [ [ [ 249923.590572165849153, 2553460.639091274235398, 0.0 ], [ 249903.957794927002396, 2553451.438122028019279, 0.0 ], [ 249869.535942273272667, 2553428.412448703777045, 0.0 ], [ 249843.405985461082309, 2553410.788372311741114, 0.0 ], [ 249820.26610213323147, 2553400.31648324849084, 0.0 ], [ 249799.093921206134837, 2553391.03056031325832, 0.0 ], [ 249780.916237361932872, 2553383.024235967546701, 0.0 ], [ 249766.075720535998698, 2553378.397007605526596, 0.0 ], [ 249715.762614125997061, 2553361.509775754064322, 0.0 ], [ 249694.830476751812967, 2553354.325210213661194, 0.0 ], [ 249675.890149315702729, 2553349.766612794715911, 0.0 ], [ 249605.802915930893505, 2553333.653586937114596, 0.0 ], [ 249575.120780365570681, 2553325.856639845296741, 0.0 ], [ 249557.594897148839664, 2553320.055702054873109, 0.0 ], [ 249500.685343929741066, 2553313.362480889074504, 0.0 ], [ 249462.977338631171733, 2553308.45336453570053, 0.0 ], [ 249428.345977287739515, 2553303.603648183867335, 0.0 ], [ 249399.665326106071007, 2553292.892689227126539, 0.0 ], [ 249364.080419107951457, 2553280.081321204081178, 0.0 ], [ 249326.196935668849619, 2553276.948307187762111, 0.0 ], [ 249299.712568812450627, 2553274.954126654658467, 0.0 ], [ 249247.975587956694653, 2553271.056075249332935, 0.0 ], [ 249204.965442723187152, 2553267.89842600049451, 0.0 ], [ 249181.932005005248357, 2553269.946326460223645, 0.0 ], [ 249164.632696612825384, 2553271.565783143509179, 0.0 ], [ 249139.093620677129366, 2553289.278860512655228, 0.0 ], [ 249122.434886417875532, 2553298.532997420988977, 0.0 ], [ 249121.519861887936713, 2553298.991540278308094, 0.0 ], [ 249109.982944104849594, 2553295.750000874977559, 0.0 ], [ 249093.297164294548566, 2553291.154329319950193, 0.0 ], [ 249076.479172838560771, 2553284.788052943535149, 0.0 ], [ 249038.717361345421523, 2553270.57347814925015, 0.0 ], [ 248986.123793077102164, 2553252.286359483376145, 0.0 ], [ 248925.990360803611111, 2553230.690975697245449, 0.0 ], [ 248895.170062075660098, 2553178.022653248626739, 0.0 ], [ 248878.202897420153022, 2553168.889015381224453, 0.0 ], [ 248846.367991136590717, 2553165.766523337457329, 0.0 ], [ 248780.923047559481347, 2553139.274645478464663, 0.0 ], [ 248739.396318638086086, 2553120.691821494605392, 0.0 ], [ 248715.384892552508973, 2553107.244460087735206, 0.0 ], [ 248684.360690113448072, 2553097.460526905953884, 0.0 ], [ 248660.685226612229599, 2553067.387200662400573, 0.0 ], [ 248631.012589773134096, 2553040.40625665243715, 0.0 ], [ 248619.658641958463704, 2553017.549908417742699, 0.0 ], [ 248603.127954137977213, 2552985.583854767028242, 0.0 ], [ 248578.48564806394279, 2552934.585139757487923, 0.0 ], [ 248561.576623737753835, 2552898.414963635616004, 0.0 ], [ 248555.580263361363905, 2552877.130723723676056, 0.0 ], [ 248552.105027538433205, 2552865.554791626986116, 0.0 ], [ 248548.941001030645566, 2552854.195239468943328, 0.0 ], [ 248547.312387759331614, 2552848.793252917472273, 0.0 ], [ 248546.319413044722751, 2552838.505271324887872, 0.0 ], [ 248543.610586589929881, 2552811.514887549448758, 0.0 ], [ 248520.463474754826166, 2552727.471895309630781, 0.0 ], [ 248512.521583376743365, 2552700.236986000556499, 0.0 ], [ 248496.156321104499511, 2552665.941363282967359, 0.0 ], [ 248486.596524857799523, 2552646.157418984454125, 0.0 ], [ 248480.454359781084349, 2552634.515483525581658, 0.0 ], [ 248467.687445292627672, 2552606.918414402753115, 0.0 ], [ 248454.706186642113607, 2552578.770938252098858, 0.0 ], [ 248438.144991465960629, 2552545.032659937161952, 0.0 ], [ 248440.556777199730277, 2552536.017121536657214, 0.0 ], [ 248435.834818904520944, 2552517.370765340980142, 0.0 ], [ 248418.185731707082596, 2552461.601014791056514, 0.0 ], [ 248396.267506669624709, 2552456.87228861451149, 0.0 ], [ 248370.325683057046263, 2552450.659954546950758, 0.0 ], [ 248302.403206815128215, 2552447.812393760308623, 0.0 ], [ 248224.780581555474782, 2552429.061774672474712, 0.0 ], [ 248178.837942481244681, 2552416.316217160783708, 0.0 ], [ 248128.532414260611404, 2552400.20926849776879, 0.0 ], [ 248099.323303659941303, 2552400.922115880530328, 0.0 ], [ 248063.569110120064579, 2552372.160693966317922, 0.0 ], [ 247988.010545370110776, 2552311.60372282192111, 0.0 ], [ 247927.668496549595147, 2552290.126103980001062, 0.0 ], [ 247863.880221562052611, 2552258.845234631560743, 0.0 ], [ 247744.993982345506083, 2552243.561686442699283, 0.0 ], [ 247730.687008888227865, 2552167.237546071410179, 0.0 ], [ 247643.505439554923214, 2552171.586994097568095, 0.0 ], [ 247628.014695500751259, 2552025.033488316461444, 0.0 ], [ 247616.579750353412237, 2551979.242738367058337, 0.0 ], [ 247620.725328595057363, 2551927.095304713584483, 0.0 ], [ 247637.05001945872209, 2551855.352117132861167, 0.0 ], [ 247631.523031351680402, 2551715.943809542339295, 0.0 ], [ 247644.725336918229004, 2551690.125851278193295, 0.0 ], [ 247649.633213217282901, 2551622.342357295565307, 0.0 ], [ 247682.043153891776456, 2551568.056910106446594, 0.0 ], [ 247717.383164997881977, 2551511.173750995192677, 0.0 ], [ 247762.92214854361373, 2551463.204872200731188, 0.0 ], [ 247796.798079220432555, 2551447.232982416637242, 0.0 ], [ 247793.163561068329727, 2551426.241557943634689, 0.0 ], [ 247808.397933612257475, 2551393.187402985058725, 0.0 ], [ 247918.210363812133437, 2551386.796621225308627, 0.0 ], [ 247999.210447858611587, 2551392.636314927600324, 0.0 ], [ 248075.017748987738742, 2551412.857323970180005, 0.0 ], [ 248123.701765986916143, 2551399.407328046858311, 0.0 ], [ 248227.69195827859221, 2551376.053058206569403, 0.0 ], [ 248240.369748862576671, 2551361.657281150110066, 0.0 ], [ 248338.267478008900071, 2551341.841076215263456, 0.0 ], [ 248367.223766220180551, 2551325.953199577517807, 0.0 ], [ 248396.777796388225397, 2551327.340564189944416, 0.0 ], [ 248424.080351260869065, 2551328.987392663955688, 0.0 ], [ 248434.511131271923659, 2551351.748413613066077, 0.0 ], [ 248452.108144565019757, 2551373.83511741599068, 0.0 ], [ 248497.462416719819885, 2551394.126270703971386, 0.0 ], [ 248542.861697036161786, 2551404.887772779446095, 0.0 ], [ 248586.337696808506735, 2551411.027970403898507, 0.0 ], [ 248611.487672918854514, 2551406.617102016229182, 0.0 ], [ 248684.749700613698224, 2551391.316209644079208, 0.0 ], [ 248687.477182284841547, 2551376.64454142563045, 0.0 ], [ 248625.653323049511528, 2551236.408443735446781, 0.0 ], [ 248556.496218810498249, 2551135.85203513642773, 0.0 ], [ 248488.258451594447251, 2551047.357904330361634, 0.0 ], [ 248389.403538744692924, 2550936.995880646631122, 0.0 ], [ 248398.711585385666694, 2550935.620782331563532, 0.0 ], [ 248428.468156182643725, 2550924.595003169495612, 0.0 ], [ 248488.279383990506176, 2550908.078760404139757, 0.0 ], [ 248607.788185790093848, 2550880.478258741088212, 0.0 ], [ 248660.361938414745964, 2550872.615928526502103, 0.0 ], [ 248766.237505922821583, 2550869.73270008014515, 0.0 ], [ 248844.973551360890269, 2550868.856235299259424, 0.0 ], [ 249021.730606941448059, 2550867.557196412235498, 0.0 ], [ 249081.252454075671267, 2550864.344502246472985, 0.0 ], [ 249201.174818032479379, 2550849.151771833654493, 0.0 ], [ 249354.121347593056271, 2550828.200010071508586, 0.0 ], [ 249390.482592012092937, 2550813.520126349758357, 0.0 ], [ 249414.716634850687115, 2550809.458461962640285, 0.0 ], [ 249463.371100700256648, 2550818.617208718322217, 0.0 ], [ 249530.358771382190753, 2550838.771479733288288, 0.0 ], [ 249584.870244229823584, 2550854.813222391530871, 0.0 ], [ 249661.459127507434459, 2550866.608304592315108, 0.0 ], [ 249695.393106390925823, 2550872.357209488749504, 0.0 ], [ 249747.641300084767863, 2550875.695137541275471, 0.0 ], [ 249803.26490106197889, 2550878.533688393421471, 0.0 ], [ 250059.018390402750811, 2550892.105249276850373, 0.0 ], [ 250141.264852324064123, 2550892.728243433404714, 0.0 ], [ 250229.837350362999132, 2550891.473438092041761, 0.0 ], [ 250235.251928627490997, 2550890.275188750121742, 0.0 ], [ 250291.843228001351235, 2550877.365652596578002, 0.0 ], [ 250342.452101848757593, 2550862.339975400362164, 0.0 ], [ 250428.850359150790609, 2550835.195159872528166, 0.0 ], [ 250518.838594200467924, 2550808.101917326450348, 0.0 ], [ 250450.377527513337554, 2551081.147218508645892, 0.0 ], [ 250377.759688869526144, 2551387.613567822612822, 0.0 ], [ 250333.63806698526605, 2551601.086841365322471, 0.0 ], [ 250301.639792520960327, 2551742.115988693665713, 0.0 ], [ 250238.295649752253667, 2552050.86698893038556, 0.0 ], [ 250189.156569376209518, 2552264.424963029101491, 0.0 ], [ 250154.994541118387133, 2552404.604522649664432, 0.0 ], [ 250103.338945632101968, 2552590.061541366856545, 0.0 ], [ 250050.395921485731378, 2552827.284725573845208, 0.0 ], [ 249989.04526111119776, 2553150.298393487464637, 0.0 ], [ 249961.519513678038493, 2553282.390432227868587, 0.0 ], [ 249923.590572165849153, 2553460.639091274235398, 0.0 ] ] ] } },
{ "type": "Feature", "properties": { "Name": "08 THALTEJ", "ward_id": "08", "ward_name": "THALTEJ" }, "geometry": { "type": "Polygon", "coordinates": [ [ [ 243790.402964723412879, 2556854.765252931043506, 0.0 ], [ 243750.360533451312222, 2556856.892117842100561, 0.0 ], [ 243721.597455369512318, 2556835.334569371771067, 0.0 ], [ 243688.57968492526561, 2556810.747414806392044, 0.0 ], [ 243657.844724614493316, 2556787.783285217825323, 0.0 ], [ 243629.81009119207738, 2556766.87823768472299, 0.0 ], [ 243595.678471745020943, 2556761.036801170557737, 0.0 ], [ 243543.650370251300046, 2556775.55859092483297, 0.0 ], [ 243473.95843830020749, 2556776.200326103251427, 0.0 ], [ 243286.804753056552727, 2556741.516909918282181, 0.0 ], [ 243207.425588570709806, 2556757.063646017573774, 0.0 ], [ 243140.885203235346125, 2556678.646875918842852, 0.0 ], [ 243068.64556016298593, 2556638.446151168085635, 0.0 ], [ 242778.436176421644632, 2556607.756431943271309, 0.0 ], [ 242578.895066098048119, 2556592.131966580636799, 0.0 ], [ 242192.99308525773813, 2556534.734386732801795, 0.0 ], [ 242112.450514548370847, 2556506.64841217501089, 0.0 ], [ 242073.334385937370826, 2556425.878883940633386, 0.0 ], [ 241903.567503488535294, 2556359.774716833140701, 0.0 ], [ 241743.038716559851309, 2556223.259949225466698, 0.0 ], [ 241768.239737732510548, 2556145.147741429042071, 0.0 ], [ 241732.332610476354603, 2555959.498288165777922, 0.0 ], [ 241733.041107028140686, 2555840.255805249325931, 0.0 ], [ 241734.884403942734934, 2555774.846801022533327, 0.0 ], [ 241727.011034188268241, 2555710.713685831520706, 0.0 ], [ 241693.270063357369509, 2555632.732971671037376, 0.0 ], [ 241658.733316816884326, 2555579.919642894063145, 0.0 ], [ 241600.223805241577793, 2555522.090873330365866, 0.0 ], [ 241532.279534322471591, 2555464.092889849562198, 0.0 ], [ 241458.61745707958471, 2555425.253125890623778, 0.0 ], [ 241384.960678128612926, 2555398.60258066188544, 0.0 ], [ 241244.675369681383017, 2555307.173386259004474, 0.0 ], [ 241144.963443861226551, 2555226.345714119728655, 0.0 ], [ 241093.049579356098548, 2555212.174080085474998, 0.0 ], [ 241060.413325045199599, 2555180.493481358978897, 0.0 ], [ 240962.177611086837715, 2555149.505468918476254, 0.0 ], [ 240837.31699273356935, 2555126.18189211236313, 0.0 ], [ 240666.576762320793932, 2555099.776240449864417, 0.0 ], [ 240467.207025027775671, 2555071.874536201357841, 0.0 ], [ 240445.338509097753558, 2554999.119510687887669, 0.0 ], [ 240393.318635818955954, 2555002.570730455685407, 0.0 ], [ 240371.581368515093345, 2554984.664332013111562, 0.0 ], [ 240221.20568706348422, 2554985.834185238461941, 0.0 ], [ 240085.290382802282693, 2554987.308368506841362, 0.0 ], [ 239887.80310597649077, 2555091.467126277741045, 0.0 ], [ 239848.930644674052019, 2554954.849182886071503, 0.0 ], [ 239860.216172815766186, 2554896.36677746893838, 0.0 ], [ 239822.621959459909704, 2554780.226516131777316, 0.0 ], [ 239868.230577411246486, 2554691.006972546689212, 0.0 ], [ 239888.214613980904687, 2554554.917132487054914, 0.0 ], [ 239966.04487684139167, 2554573.510219567455351, 0.0 ], [ 239990.835276854748372, 2554536.955357818398625, 0.0 ], [ 240122.916229991387809, 2554621.425075161736459, 0.0 ], [ 240230.726611893827794, 2554666.203974730800837, 0.0 ], [ 240233.258026034309296, 2554705.719147244933993, 0.0 ], [ 240282.317883886920754, 2554726.586217046715319, 0.0 ], [ 240319.643032093241345, 2554656.128204907290637, 0.0 ], [ 240485.963457942183595, 2554728.814817054662853, 0.0 ], [ 240535.668057204427896, 2554538.5791931678541, 0.0 ], [ 240559.861621555086458, 2554491.176448569167405, 0.0 ], [ 240633.811472250585211, 2554356.923122279345989, 0.0 ], [ 240714.440566836419748, 2554235.297691341489553, 0.0 ], [ 240799.039322776545305, 2554141.528055272530764, 0.0 ], [ 240917.698037132184254, 2554048.942340494133532, 0.0 ], [ 241060.523178938950878, 2553972.339376789052039, 0.0 ], [ 241140.993185787898256, 2553900.472908786963671, 0.0 ], [ 241249.089633926923852, 2553748.236163270194083, 0.0 ], [ 241291.893600990937557, 2553685.886595260351896, 0.0 ], [ 241322.765984744648449, 2553567.895736878272146, 0.0 ], [ 241324.709610321297077, 2553567.640533882658929, 0.0 ], [ 241322.95183804660337, 2553566.784437437541783, 0.0 ], [ 241339.11105583133758, 2553505.117156553082168, 0.0 ], [ 241347.870561511692358, 2553436.485997305717319, 0.0 ], [ 241358.553632464230759, 2553372.364784815348685, 0.0 ], [ 241335.619388050894486, 2553338.631918163504452, 0.0 ], [ 241309.012963560206117, 2553323.800017347093672, 0.0 ], [ 241259.904326699470403, 2553323.983789132907987, 0.0 ], [ 241166.113248814363033, 2553384.666139122564346, 0.0 ], [ 241142.771637668396579, 2553309.608839298598468, 0.0 ], [ 241120.919559888105141, 2553208.042471170891076, 0.0 ], [ 241135.180062190949684, 2553119.592027038801461, 0.0 ], [ 241116.568716087378561, 2552997.913218230009079, 0.0 ], [ 241070.911433998699067, 2552764.895877690520138, 0.0 ], [ 241000.98888385418104, 2552765.218571088742465, 0.0 ], [ 240942.262079067731975, 2552742.964491912629455, 0.0 ], [ 240921.138536564540118, 2552707.316994903609157, 0.0 ], [ 240718.907732448074967, 2552687.657864818349481, 0.0 ], [ 240686.757684280222747, 2552678.463318991009146, 0.0 ], [ 240678.669343633810058, 2552625.858195323031396, 0.0 ], [ 240639.711364877788583, 2552602.487227860372514, 0.0 ], [ 240526.201530133956112, 2552578.634863283950835, 0.0 ], [ 240469.661459964350797, 2552593.908963845577091, 0.0 ], [ 240333.62429397876258, 2552577.76184055255726, 0.0 ], [ 240297.357060784997884, 2552544.039750951807946, 0.0 ], [ 240104.339390398119576, 2552494.199381947983056, 0.0 ], [ 239938.718299759580987, 2552545.941444883588701, 0.0 ], [ 239839.188503509474685, 2552600.969614021480083, 0.0 ], [ 239618.097173275455134, 2552699.886992142070085, 0.0 ], [ 239567.015985333331628, 2552687.034770634490997, 0.0 ], [ 239508.819896380067803, 2552724.946724540553987, 0.0 ], [ 239422.075287381070666, 2552736.761207690928131, 0.0 ], [ 239334.947980771277798, 2552708.912767766043544, 0.0 ], [ 239209.13507186275092, 2552773.600281510036439, 0.0 ], [ 239113.851988037175033, 2552683.730431359261274, 0.0 ], [ 238942.194186487613479, 2552630.097535666078329, 0.0 ], [ 238790.342338721355191, 2552548.08588587725535, 0.0 ], [ 238778.739821085036965, 2552335.531581135466695, 0.0 ], [ 238763.821833277645055, 2552144.532407910563052, 0.0 ], [ 238739.758068583643762, 2552005.330552781466395, 0.0 ], [ 238736.665783422475215, 2551886.817001513205469, 0.0 ], [ 238688.163180811854545, 2551751.587340162135661, 0.0 ], [ 238639.000710692285793, 2551590.32873999606818, 0.0 ], [ 238800.902609168697381, 2551542.405500062741339, 0.0 ], [ 238803.67715299356496, 2551442.73839378124103, 0.0 ], [ 238788.030876750883181, 2551386.386920783668756, 0.0 ], [ 238718.805863379820948, 2551262.488602855242789, 0.0 ], [ 238695.643250730121508, 2551180.892593971919268, 0.0 ], [ 238683.212367226951756, 2551073.733825953677297, 0.0 ], [ 238792.053959077136824, 2551005.350021017715335, 0.0 ], [ 238904.81869597005425, 2550950.196030630264431, 0.0 ], [ 238993.425116642407374, 2550932.806774696800858, 0.0 ], [ 239112.591170550964307, 2550956.661550523713231, 0.0 ], [ 239200.841386511514429, 2550912.906913765240461, 0.0 ], [ 239299.581145731499419, 2550965.153571443166584, 0.0 ], [ 239453.611417151783826, 2550988.958586649503559, 0.0 ], [ 239538.769857779174345, 2551009.197096875868738, 0.0 ], [ 239572.555502056231489, 2550988.331748441793025, 0.0 ], [ 239627.661962641286664, 2551020.06316840229556, 0.0 ], [ 239765.215263318852521, 2550998.614729228895158, 0.0 ], [ 239810.761462513532024, 2551017.215618689078838, 0.0 ], [ 239933.023276980937226, 2550971.434504977427423, 0.0 ], [ 240123.80368370670476, 2550891.112581285648048, 0.0 ], [ 240197.766780029196525, 2550934.043210640083998, 0.0 ], [ 240327.557649475405924, 2550878.827033306937665, 0.0 ], [ 240363.821776185883209, 2550918.090087526477873, 0.0 ], [ 240364.514380195381818, 2550987.66628228360787, 0.0 ], [ 240435.254333515913459, 2551081.404397859703749, 0.0 ], [ 240474.001243003935087, 2551175.253553989809006, 0.0 ], [ 240664.402001270267647, 2551144.144274431746453, 0.0 ], [ 240652.667549055535346, 2551040.851739440578967, 0.0 ], [ 240679.180702547717374, 2550854.455504307057709, 0.0 ], [ 240764.099468893371522, 2550617.850056364201009, 0.0 ], [ 240827.41329161656904, 2550525.337942090816796, 0.0 ], [ 240860.885726215608884, 2550474.341264887247235, 0.0 ], [ 240881.940880102047231, 2550298.234674754086882, 0.0 ], [ 240999.276511633041082, 2550305.182537605520338, 0.0 ], [ 241004.72512623493094, 2550317.831393042113632, 0.0 ], [ 241005.154344505543122, 2550318.9320636568591, 0.0 ], [ 241012.340315136330901, 2550319.361959960311651, 0.0 ], [ 241195.013212890131399, 2550356.763103916309774, 0.0 ], [ 241324.351293133862782, 2550387.773255360778421, 0.0 ], [ 241322.633009993471205, 2550418.940051425248384, 0.0 ], [ 241402.702240943297511, 2550500.886416362132877, 0.0 ], [ 241516.206744995579356, 2550529.62260933406651, 0.0 ], [ 241654.653486191033153, 2550524.022434811107814, 0.0 ], [ 241803.506037326413207, 2550521.23612022260204, 0.0 ], [ 241917.933863934857072, 2550526.246454149484634, 0.0 ], [ 242031.376799662859412, 2550539.585183274466544, 0.0 ], [ 242093.132962359493831, 2550546.833080411888659, 0.0 ], [ 242174.300014067004668, 2550508.094583029393107, 0.0 ], [ 242282.893684455717448, 2550376.582325473427773, 0.0 ], [ 242325.049465287767816, 2550406.883754978887737, 0.0 ], [ 242380.483443908335175, 2550404.268879384733737, 0.0 ], [ 242462.928274978039553, 2550380.136734579224139, 0.0 ], [ 242525.248415207519429, 2550384.384968074504286, 0.0 ], [ 242545.507263316307217, 2550489.193183607421815, 0.0 ], [ 242542.941746446595062, 2550572.675182375125587, 0.0 ], [ 242609.798222649842501, 2550572.413467712234706, 0.0 ], [ 242666.933358857757412, 2550597.250572767108679, 0.0 ], [ 242722.51532347171451, 2550621.228075861930847, 0.0 ], [ 242754.435707221535267, 2550527.269763552118093, 0.0 ], [ 242764.087454527470982, 2550438.347592192701995, 0.0 ], [ 242711.46069504134357, 2550251.986626299098134, 0.0 ], [ 242672.663991398905637, 2550076.801503069698811, 0.0 ], [ 242677.585731356841279, 2549867.623916364274919, 0.0 ], [ 242774.3248835260747, 2549875.493431044276804, 0.0 ], [ 242906.113017450814368, 2549881.986897565424442, 0.0 ], [ 242963.880242606886895, 2549883.766672953031957, 0.0 ], [ 243058.722385548200691, 2549852.777310980018228, 0.0 ], [ 243103.165665368374903, 2549843.040439371019602, 0.0 ], [ 243115.893525120802224, 2549849.692397048231214, 0.0 ], [ 243152.75250665229396, 2550019.814182635396719, 0.0 ], [ 243251.473283344181255, 2550083.610065087676048, 0.0 ], [ 243280.391743114509154, 2550071.590968454722315, 0.0 ], [ 243298.604206802294357, 2550075.157359984703362, 0.0 ], [ 243317.832595349260373, 2550066.185228449292481, 0.0 ], [ 243349.546895682316972, 2550091.681852941866964, 0.0 ], [ 243361.039249194989679, 2550062.121372934896499, 0.0 ], [ 243409.530596139113186, 2550091.209170173853636, 0.0 ], [ 243485.067668675357709, 2550130.693371921777725, 0.0 ], [ 243552.369645285856677, 2550138.406513764988631, 0.0 ], [ 243659.463514611416031, 2550164.276604990940541, 0.0 ], [ 243759.390342497878009, 2550184.840407395735383, 0.0 ], [ 243767.201576717954595, 2550167.864344220142812, 0.0 ], [ 243787.222541077062488, 2550181.262150571215898, 0.0 ], [ 243896.169992268929491, 2550213.639736532233655, 0.0 ], [ 243984.323013820743654, 2550241.386886517517269, 0.0 ], [ 244008.880238020501565, 2550298.254287887364626, 0.0 ], [ 244081.228113547636895, 2550319.291052158921957, 0.0 ], [ 244095.438001920265378, 2550322.705073669552803, 0.0 ], [ 244119.325753186334623, 2550334.375170465558767, 0.0 ], [ 244172.895927491539624, 2550348.752096416894346, 0.0 ], [ 244219.417740247648908, 2550352.722899678628892, 0.0 ], [ 244274.970038328698138, 2550363.07733918260783, 0.0 ], [ 244330.522237714729272, 2550373.431977208238095, 0.0 ], [ 244338.489658101141686, 2550401.662389300297946, 0.0 ], [ 244334.32315152612864, 2550439.961469693109393, 0.0 ], [ 244330.156678700906923, 2550478.260554895270616, 0.0 ], [ 244343.222548780642683, 2550492.774886471685022, 0.0 ], [ 244349.492570672882721, 2550499.648719053715467, 0.0 ], [ 244352.175005587429041, 2550500.600223045796156, 0.0 ], [ 244368.05701741669327, 2550505.869658514857292, 0.0 ], [ 244403.021679445781047, 2550517.683669711928815, 0.0 ], [ 244415.683565857965732, 2550526.553845924325287, 0.0 ], [ 244429.68276046065148, 2550547.700673272367567, 0.0 ], [ 244414.064879322919296, 2550606.029211641754955, 0.0 ], [ 244416.065903085866012, 2550627.159002088010311, 0.0 ], [ 244430.411710635351483, 2550656.610347607173026, 0.0 ], [ 244435.652174775255844, 2550669.263662227895111, 0.0 ], [ 244451.99542123376159, 2550737.684605095069855, 0.0 ], [ 244461.970944506756496, 2550745.381737824063748, 0.0 ], [ 244500.590427358547458, 2550767.106115920934826, 0.0 ], [ 244572.470369411050342, 2550784.939538903068751, 0.0 ], [ 244592.365155738138128, 2550791.027230270206928, 0.0 ], [ 244634.963386232178891, 2550793.514739432372153, 0.0 ], [ 244641.531858081667451, 2550793.846048826351762, 0.0 ], [ 244654.960641408659285, 2550799.60076373256743, 0.0 ], [ 244712.603275662433589, 2550824.436529049184173, 0.0 ], [ 244830.292720745404949, 2550810.576173219364136, 0.0 ], [ 244851.88549439914641, 2550807.992456377018243, 0.0 ], [ 244910.601125331071671, 2550793.474744840525091, 0.0 ], [ 244946.69511549724848, 2550781.336714413948357, 0.0 ], [ 244975.081730191101087, 2550768.221864965744317, 0.0 ], [ 244986.080275246698875, 2550805.930162156466395, 0.0 ], [ 244993.915434459340759, 2550802.361883795354515, 0.0 ], [ 245014.041814830794465, 2550852.21428602701053, 0.0 ], [ 245026.130572671478149, 2550899.765726770740002, 0.0 ], [ 245139.840054582949961, 2550917.222553752362728, 0.0 ], [ 245192.382517319783801, 2550925.636777351144701, 0.0 ], [ 245195.068318278994411, 2550914.732202314771712, 0.0 ], [ 245217.604277943464695, 2550913.351822230964899, 0.0 ], [ 245305.85034024057677, 2550916.838110824115574, 0.0 ], [ 245357.519842112291371, 2550922.165194581262767, 0.0 ], [ 245385.184306900162483, 2550926.903012376278639, 0.0 ], [ 245393.348701092385454, 2550930.642485475633293, 0.0 ], [ 245391.685019979893696, 2550935.32456166902557, 0.0 ], [ 245445.561730005778372, 2550943.827785504981875, 0.0 ], [ 245508.690841960837133, 2550953.725346437655389, 0.0 ], [ 245519.782912495429628, 2550978.911330144386739, 0.0 ], [ 245560.234000804426614, 2550975.786794249899685, 0.0 ], [ 245492.899961443094071, 2550832.994474801700562, 0.0 ], [ 245670.091641744103981, 2550645.496587330941111, 0.0 ], [ 245710.02681885290076, 2550611.910005674697459, 0.0 ], [ 245970.29398390071583, 2550503.562143280170858, 0.0 ], [ 246345.00461404651287, 2550358.822151380125433, 0.0 ], [ 246511.424863232154166, 2550255.064591218717396, 0.0 ], [ 246718.214674392685993, 2550118.826352714560926, 0.0 ], [ 246727.295637988427188, 2550170.750750562176108, 0.0 ], [ 246757.114659508719342, 2550248.363721595145762, 0.0 ], [ 246800.938143177656457, 2550341.585125076118857, 0.0 ], [ 246832.506030582124367, 2550407.423439261037856, 0.0 ], [ 246846.049320848716889, 2550438.219778097234666, 0.0 ], [ 246881.687884860322811, 2550508.310759025160223, 0.0 ], [ 246950.428479172900552, 2550668.369576520752162, 0.0 ], [ 246978.712876475678058, 2550734.152709657792002, 0.0 ], [ 246992.015088430518517, 2550762.847926057875156, 0.0 ], [ 247132.175521502067568, 2550737.657013578340411, 0.0 ], [ 247312.363346807542257, 2550720.656857886351645, 0.0 ], [ 247315.174475363950478, 2550844.820149433333427, 0.0 ], [ 247330.126685141789494, 2551074.817691226955503, 0.0 ], [ 247338.282516018371098, 2551278.780231310985982, 0.0 ], [ 247350.830482563498663, 2551457.405536746606231, 0.0 ], [ 247558.552203323954018, 2551425.871117216534913, 0.0 ], [ 247784.943961494165706, 2551382.612662816420197, 0.0 ], [ 247808.397933612257475, 2551393.187402985058725, 0.0 ], [ 247793.163561068329727, 2551426.241557943634689, 0.0 ], [ 247796.798079220432555, 2551447.232982416637242, 0.0 ], [ 247762.92214854361373, 2551463.204872200731188, 0.0 ], [ 247717.383164997881977, 2551511.173750995192677, 0.0 ], [ 247682.043153891776456, 2551568.056910106446594, 0.0 ], [ 247649.633213217282901, 2551622.342357295565307, 0.0 ], [ 247644.725336918229004, 2551690.125851278193295, 0.0 ], [ 247631.523031351680402, 2551715.943809542339295, 0.0 ], [ 247637.05001945872209, 2551855.352117132861167, 0.0 ], [ 247620.725328595057363, 2551927.095304713584483, 0.0 ], [ 247616.579750353412237, 2551979.242738367058337, 0.0 ], [ 247628.014695500751259, 2552025.033488316461444, 0.0 ], [ 247643.505439554923214, 2552171.586994097568095, 0.0 ], [ 247601.948769235488726, 2552169.738710479810834, 0.0 ], [ 247568.821944489725865, 2552181.377297239843756, 0.0 ], [ 247482.89015287446091, 2552217.28563474630937, 0.0 ], [ 247404.232196091936203, 2552240.661837660707533, 0.0 ], [ 247330.699301417102106, 2552257.857821685727686, 0.0 ], [ 247272.451232977968175, 2552287.649501960724592, 0.0 ], [ 247167.365609873988433, 2552355.018870749045163, 0.0 ], [ 247080.335768952965736, 2552416.876379717607051, 0.0 ], [ 247060.134840528888162, 2552465.306424269918352, 0.0 ], [ 247104.527993473398965, 2552714.087100894656032, 0.0 ], [ 247008.743287359568058, 2552773.433871743734926, 0.0 ], [ 246900.571075508720241, 2552894.486985163763165, 0.0 ], [ 246758.171758292475715, 2553034.624241934157908, 0.0 ], [ 246639.228750708251027, 2553179.352413748390973, 0.0 ], [ 246463.599803101737052, 2553100.551759159658104, 0.0 ], [ 246152.113353112217737, 2552960.896920089609921, 0.0 ], [ 245517.342171724449145, 2552676.264998090453446, 0.0 ], [ 245257.919547478435561, 2552560.562640006188303, 0.0 ], [ 244904.654511918517528, 2552395.491802766453475, 0.0 ], [ 244666.497256252856459, 2552294.838485783431679, 0.0 ], [ 244401.85702607218991, 2552180.678924996871501, 0.0 ], [ 244195.491458510572556, 2552086.803117946721613, 0.0 ], [ 244169.442416505859001, 2552074.505266837775707, 0.0 ], [ 244069.46736902903649, 2552140.369902447331697, 0.0 ], [ 243927.955835836008191, 2552205.615672803949565, 0.0 ], [ 243857.408657767140539, 2552229.426427410449833, 0.0 ], [ 243785.55166316384566, 2552260.573177605867386, 0.0 ], [ 243855.988120525551494, 2552302.250595832709223, 0.0 ], [ 243940.7274157719512, 2552340.913613341748714, 0.0 ], [ 244025.257439239561791, 2552379.359025774057955, 0.0 ], [ 244099.418681101000402, 2552423.079115659464151, 0.0 ], [ 244136.718341577681713, 2552463.772610306274146, 0.0 ], [ 244155.475796859391266, 2552511.431297661270946, 0.0 ], [ 244144.96061340108281, 2552568.122148988768458, 0.0 ], [ 244172.155931550514651, 2552641.56536637339741, 0.0 ], [ 244154.334169368667062, 2552672.673978697974235, 0.0 ], [ 244158.507123921561288, 2552694.874757512938231, 0.0 ], [ 244140.528078052797355, 2552722.772701824549586, 0.0 ], [ 244081.575037053960841, 2552836.913389628753066, 0.0 ], [ 244005.842571977729676, 2552827.127224730327725, 0.0 ], [ 243924.768965101044159, 2552804.800822356715798, 0.0 ], [ 243923.939484745322261, 2552804.260974277276546, 0.0 ], [ 243923.108110020199092, 2552803.610352103598416, 0.0 ], [ 243922.278629534121137, 2552803.070504104718566, 0.0 ], [ 243921.451043301611207, 2552802.641430282499641, 0.0 ], [ 243920.621562695130706, 2552802.101582365576178, 0.0 ], [ 243919.691475226019975, 2552801.674261479172856, 0.0 ], [ 243918.761387696373276, 2552801.24694064585492, 0.0 ], [ 243917.83130010869354, 2552800.819619866088033, 0.0 ], [ 243916.90310681486153, 2552800.503073276486248, 0.0 ], [ 243915.974913473561173, 2552800.186526740901172, 0.0 ], [ 243915.046720090263989, 2552799.869980259798467, 0.0 ], [ 243914.118526659556665, 2552799.553433832712471, 0.0 ], [ 243913.089726409030845, 2552799.349414496216923, 0.0 ], [ 243912.163427276827861, 2552799.14364232448861, 0.0 ], [ 243911.134626957355067, 2552798.939623116981238, 0.0 ], [ 243910.107721000153106, 2552798.846378119662404, 0.0 ], [ 243909.183316181006376, 2552798.75138026708737, 0.0 ], [ 243908.156410183932167, 2552798.658135402016342, 0.0 ], [ 243907.131398586177966, 2552798.675664749462157, 0.0 ], [ 243906.106386982952245, 2552798.693194166291505, 0.0 ], [ 243905.183876535767922, 2552798.708970701787621, 0.0 ], [ 243904.160759365360718, 2552798.837274398189038, 0.0 ], [ 243903.135747752530733, 2552798.854804020375013, 0.0 ], [ 243902.217026210855693, 2552799.092129033058882, 0.0 ], [ 243901.193909069843357, 2552799.220432936213911, 0.0 ], [ 243900.172686409117887, 2552799.459511059336364, 0.0 ], [ 243899.253964931005612, 2552799.696836262010038, 0.0 ], [ 243898.335243477398762, 2552799.934161523357034, 0.0 ], [ 243897.315915384271648, 2552800.284013998694718, 0.0 ], [ 243896.399088486097753, 2552800.632113535422832, 0.0 ], [ 243895.482261625205865, 2552800.98021313175559, 0.0 ], [ 243894.567329315381357, 2552801.439086940139532, 0.0 ], [ 243893.65239705843851, 2552801.897960809990764, 0.0 ], [ 243892.839965997613035, 2552802.355081702116877, 0.0 ], [ 243891.925033839797834, 2552802.813955687452108, 0.0 ], [ 243891.114497416536324, 2552803.381850836332887, 0.0 ], [ 243890.303961052530212, 2552803.949746035970747, 0.0 ], [ 243889.49342474641162, 2552804.517641284968704, 0.0 ], [ 243888.684783062548377, 2552805.196310738101602, 0.0 ], [ 243887.976748004497495, 2552805.762453014031053, 0.0 ], [ 243887.168106454482768, 2552806.441122563090175, 0.0 ], [ 243886.461966092814691, 2552807.118039078544825, 0.0 ], [ 243885.757720379391685, 2552807.905729789286852, 0.0 ], [ 243885.154081255721394, 2552808.580893289297819, 0.0 ], [ 243884.44983568272437, 2552809.368584076873958, 0.0 ], [ 243883.848091282416135, 2552810.154521798714995, 0.0 ], [ 243883.348848039488075, 2552810.93870644364506, 0.0 ], [ 243882.748998376599047, 2552811.835418381728232, 0.0 ], [ 243882.249755253200419, 2552812.619603074621409, 0.0 ], [ 243881.752406805200735, 2552813.514561949297786, 0.0 ], [ 243881.255058424401795, 2552814.409520847257227, 0.0 ], [ 243880.86021116891061, 2552815.302726638503373, 0.0 ], [ 243880.465363966213772, 2552816.195932446047664, 0.0 ], [ 243832.683390398044139, 2552929.925189097877592, 0.0 ], [ 243792.039729229756631, 2553023.365734895691276, 0.0 ], [ 243737.249749585142126, 2553122.921327434014529, 0.0 ], [ 243724.284238899068441, 2553192.065036854706705, 0.0 ], [ 243667.986917264643125, 2553257.407521686051041, 0.0 ], [ 243693.101842098170891, 2553317.034827834926546, 0.0 ], [ 243714.93857513286639, 2553376.829083253163844, 0.0 ], [ 243751.194882801471977, 2553440.476381530985236, 0.0 ], [ 243775.824866240669508, 2553519.724864202085882, 0.0 ], [ 243792.967855726514244, 2553640.764844306744635, 0.0 ], [ 243790.544341313594487, 2553726.792371497489512, 0.0 ], [ 243777.708315994153963, 2553809.45233052270487, 0.0 ], [ 243781.641548956366023, 2553895.481880724895746, 0.0 ], [ 243806.75715638283873, 2553955.220050404313952, 0.0 ], [ 243824.032366934319725, 2553988.166393334977329, 0.0 ], [ 243836.937247510039015, 2554077.255776719655842, 0.0 ], [ 243791.612465566111496, 2554100.636209727730602, 0.0 ], [ 243818.680157588416478, 2554202.558347511105239, 0.0 ], [ 243877.517540163273225, 2554423.608066993765533, 0.0 ], [ 243890.664002685341984, 2554568.761574022937566, 0.0 ], [ 243891.832573808234883, 2554601.097159879747778, 0.0 ], [ 243812.462162905838341, 2554635.808754111640155, 0.0 ], [ 243572.235068252542987, 2554783.862182724289596, 0.0 ], [ 243282.30710631023976, 2554962.690752081107348, 0.0 ], [ 243184.712974561261944, 2555016.556047161109746, 0.0 ], [ 243329.067598017456476, 2555339.85230655875057, 0.0 ], [ 243469.309681785380235, 2555746.436220461502671, 0.0 ], [ 243606.40243430994451, 2556131.134967512916774, 0.0 ], [ 243691.925276224355912, 2556384.08212684514001, 0.0 ], [ 243822.453613638208481, 2556733.214514644816518, 0.0 ], [ 243811.479656761366641, 2556774.733652787283063, 0.0 ], [ 243790.402964723412879, 2556854.765252931043506, 0.0 ] ] ] } },
{ "type": "Feature", "properties": { "Name": "07 GHATLODIA", "ward_id": "07", "ward_name": "GHATLODIA" }, "geometry": { "type": "Polygon", "coordinates": [ [ [ 249694.830476751812967, 2553354.325210213661194, 0.0 ], [ 249715.762614125997061, 2553361.509775754064322, 0.0 ], [ 249766.075720535998698, 2553378.397007605526596, 0.0 ], [ 249780.916237361932872, 2553383.024235967546701, 0.0 ], [ 249799.093921206134837, 2553391.03056031325832, 0.0 ], [ 249820.26610213323147, 2553400.31648324849084, 0.0 ], [ 249843.405985461082309, 2553410.788372311741114, 0.0 ], [ 249869.535942273272667, 2553428.412448703777045, 0.0 ], [ 249903.957794927002396, 2553451.438122028019279, 0.0 ], [ 249923.590572165849153, 2553460.639091274235398, 0.0 ], [ 249954.17635925981449, 2553474.975611859001219, 0.0 ], [ 249713.836121422733413, 2554533.715967183001339, 0.0 ], [ 249710.765960296790581, 2554546.287953557446599, 0.0 ], [ 249066.630773394281277, 2554238.408298384863883, 0.0 ], [ 248142.887072012439603, 2553838.635578034445643, 0.0 ], [ 248140.717978957400192, 2553837.674847906921059, 0.0 ], [ 247725.526601026911521, 2553650.09594810474664, 0.0 ], [ 247726.577297929441556, 2553639.44110153010115, 0.0 ], [ 247725.987378518300829, 2553604.437128384131938, 0.0 ], [ 247710.885780980752315, 2553553.943621420767158, 0.0 ], [ 247678.504726914368803, 2553421.081916600931436, 0.0 ], [ 247696.243592235608958, 2553354.300832911860198, 0.0 ], [ 247554.050361776142381, 2553281.794634582474828, 0.0 ], [ 247498.430277095292695, 2553272.649465637281537, 0.0 ], [ 247371.840100474917563, 2553225.69894772907719, 0.0 ], [ 247333.436138486518757, 2553197.870438249316067, 0.0 ], [ 247240.342111007455969, 2553015.618194179609418, 0.0 ], [ 247386.850556509540183, 2552942.563753054477274, 0.0 ], [ 247456.402644921414321, 2552914.465243959799409, 0.0 ], [ 247501.967351064668037, 2552904.832542588934302, 0.0 ], [ 247585.540240305941552, 2552893.451199750881642, 0.0 ], [ 247505.059145616134629, 2552759.849301219917834, 0.0 ], [ 247374.784571741474792, 2552555.508413820061833, 0.0 ], [ 247104.527993473398965, 2552714.087100894656032, 0.0 ], [ 247060.134840528888162, 2552465.306424269918352, 0.0 ], [ 247080.335768952965736, 2552416.876379717607051, 0.0 ], [ 247167.365609873988433, 2552355.018870749045163, 0.0 ], [ 247272.451232977968175, 2552287.649501960724592, 0.0 ], [ 247330.699301417102106, 2552257.857821685727686, 0.0 ], [ 247404.232196091936203, 2552240.661837660707533, 0.0 ], [ 247482.89015287446091, 2552217.28563474630937, 0.0 ], [ 247568.821944489725865, 2552181.377297239843756, 0.0 ], [ 247601.948769235488726, 2552169.738710479810834, 0.0 ], [ 247643.505439554923214, 2552171.586994097568095, 0.0 ], [ 247730.687008888227865, 2552167.237546071410179, 0.0 ], [ 247744.993982345506083, 2552243.561686442699283, 0.0 ], [ 247863.880221562052611, 2552258.845234631560743, 0.0 ], [ 247927.668496549595147, 2552290.126103980001062, 0.0 ], [ 247988.010545370110776, 2552311.60372282192111, 0.0 ], [ 248063.569110120064579, 2552372.160693966317922, 0.0 ], [ 248099.323303659941303, 2552400.922115880530328, 0.0 ], [ 248128.532414260611404, 2552400.20926849776879, 0.0 ], [ 248178.837942481244681, 2552416.316217160783708, 0.0 ], [ 248224.780581555474782, 2552429.061774672474712, 0.0 ], [ 248302.403206815128215, 2552447.812393760308623, 0.0 ], [ 248370.325683057046263, 2552450.659954546950758, 0.0 ], [ 248396.267506669624709, 2552456.87228861451149, 0.0 ], [ 248418.185731707082596, 2552461.601014791056514, 0.0 ], [ 248435.834818904520944, 2552517.370765340980142, 0.0 ], [ 248440.556777199730277, 2552536.017121536657214, 0.0 ], [ 248438.144991465960629, 2552545.032659937161952, 0.0 ], [ 248454.706186642113607, 2552578.770938252098858, 0.0 ], [ 248467.687445292627672, 2552606.918414402753115, 0.0 ], [ 248480.454359781084349, 2552634.515483525581658, 0.0 ], [ 248486.596524857799523, 2552646.157418984454125, 0.0 ], [ 248496.156321104499511, 2552665.941363282967359, 0.0 ], [ 248512.521583376743365, 2552700.236986000556499, 0.0 ], [ 248520.463474754826166, 2552727.471895309630781, 0.0 ], [ 248543.610586589929881, 2552811.514887549448758, 0.0 ], [ 248546.319413044722751, 2552838.505271324887872, 0.0 ], [ 248547.312387759331614, 2552848.793252917472273, 0.0 ], [ 248548.941001030645566, 2552854.195239468943328, 0.0 ], [ 248552.105027538433205, 2552865.554791626986116, 0.0 ], [ 248555.580263361363905, 2552877.130723723676056, 0.0 ], [ 248561.576623737753835, 2552898.414963635616004, 0.0 ], [ 248578.48564806394279, 2552934.585139757487923, 0.0 ], [ 248603.127954137977213, 2552985.583854767028242, 0.0 ], [ 248619.658641958463704, 2553017.549908417742699, 0.0 ], [ 248631.012589773134096, 2553040.40625665243715, 0.0 ], [ 248660.685226612229599, 2553067.387200662400573, 0.0 ], [ 248684.360690113448072, 2553097.460526905953884, 0.0 ], [ 248715.384892552508973, 2553107.244460087735206, 0.0 ], [ 248739.396318638086086, 2553120.691821494605392, 0.0 ], [ 248780.923047559481347, 2553139.274645478464663, 0.0 ], [ 248846.367991136590717, 2553165.766523337457329, 0.0 ], [ 248878.202897420153022, 2553168.889015381224453, 0.0 ], [ 248895.170062075660098, 2553178.022653248626739, 0.0 ], [ 248925.990360803611111, 2553230.690975697245449, 0.0 ], [ 248986.123793077102164, 2553252.286359483376145, 0.0 ], [ 249038.717361345421523, 2553270.57347814925015, 0.0 ], [ 249076.479172838560771, 2553284.788052943535149, 0.0 ], [ 249093.297164294548566, 2553291.154329319950193, 0.0 ], [ 249109.982944104849594, 2553295.750000874977559, 0.0 ], [ 249121.519861887936713, 2553298.991540278308094, 0.0 ], [ 249122.434886417875532, 2553298.532997420988977, 0.0 ], [ 249139.093620677129366, 2553289.278860512655228, 0.0 ], [ 249164.632696612825384, 2553271.565783143509179, 0.0 ], [ 249181.932005005248357, 2553269.946326460223645, 0.0 ], [ 249204.965442723187152, 2553267.89842600049451, 0.0 ], [ 249247.975587956694653, 2553271.056075249332935, 0.0 ], [ 249299.712568812450627, 2553274.954126654658467, 0.0 ], [ 249326.196935668849619, 2553276.948307187762111, 0.0 ], [ 249364.080419107951457, 2553280.081321204081178, 0.0 ], [ 249399.665326106071007, 2553292.892689227126539, 0.0 ], [ 249428.345977287739515, 2553303.603648183867335, 0.0 ], [ 249462.977338631171733, 2553308.45336453570053, 0.0 ], [ 249500.685343929741066, 2553313.362480889074504, 0.0 ], [ 249557.594897148839664, 2553320.055702054873109, 0.0 ], [ 249575.120780365570681, 2553325.856639845296741, 0.0 ], [ 249605.802915930893505, 2553333.653586937114596, 0.0 ], [ 249675.890149315702729, 2553349.766612794715911, 0.0 ], [ 249694.830476751812967, 2553354.325210213661194, 0.0 ] ] ] } },
{ "type": "Feature", "properties": { "Name": "06 NEW WADAJ", "ward_id": "06", "ward_name": "NEW WADAJ" }, "geometry": { "type": "Polygon", "coordinates": [ [ [ 251291.627317189704627, 2555144.512303695082664, 0.0 ], [ 251226.372421768028289, 2555140.943737909663469, 0.0 ], [ 251118.709357177314814, 2555126.890058918390423, 0.0 ], [ 251001.889416836464079, 2555104.679463977925479, 0.0 ], [ 250882.993796255614143, 2555068.654159992467612, 0.0 ], [ 250689.728507364168763, 2554980.462715447414666, 0.0 ], [ 250352.740234313183464, 2554830.849416859913617, 0.0 ], [ 249979.412809405883309, 2554666.448719506151974, 0.0 ], [ 249713.836121422733413, 2554533.715967183001339, 0.0 ], [ 249954.17635925981449, 2553474.975611859001219, 0.0 ], [ 249923.590572165849153, 2553460.639091274235398, 0.0 ], [ 249961.519513678038493, 2553282.390432227868587, 0.0 ], [ 249989.04526111119776, 2553150.298393487464637, 0.0 ], [ 250050.395921485731378, 2552827.284725573845208, 0.0 ], [ 250103.338945632101968, 2552590.061541366856545, 0.0 ], [ 250154.994541118387133, 2552404.604522649664432, 0.0 ], [ 250189.156569376209518, 2552264.424963029101491, 0.0 ], [ 250238.295649752253667, 2552050.86698893038556, 0.0 ], [ 250301.639792520960327, 2551742.115988693665713, 0.0 ], [ 250400.144399480370339, 2551752.662621678318828, 0.0 ], [ 250506.587968230713159, 2551753.548781428486109, 0.0 ], [ 250570.874916687462246, 2551741.176599823404104, 0.0 ], [ 250734.820804722810863, 2551703.988836944568902, 0.0 ], [ 250744.218025873065926, 2551701.838072209618986, 0.0 ], [ 250743.005702817259589, 2551696.761404548771679, 0.0 ], [ 250730.184475235553691, 2551641.020306429360062, 0.0 ], [ 250692.574174953304464, 2551512.784732769243419, 0.0 ], [ 250895.63453693210613, 2551459.879360823892057, 0.0 ], [ 251139.423542664153501, 2551445.302136087790132, 0.0 ], [ 251152.535086376825348, 2551444.530365338083357, 0.0 ], [ 251152.83340519410558, 2551443.971408434212208, 0.0 ], [ 251166.391556178714382, 2551420.699742215219885, 0.0 ], [ 251231.444204940373311, 2551417.292721788398921, 0.0 ], [ 251248.991038320062216, 2551535.447013282217085, 0.0 ], [ 251264.43702926588594, 2551755.572564078029245, 0.0 ], [ 251269.051873020624043, 2551829.732220036443323, 0.0 ], [ 251263.115530297160149, 2551848.88845822494477, 0.0 ], [ 251244.708305258856853, 2551864.152163241524249, 0.0 ], [ 251205.901743124064524, 2551885.848701047245413, 0.0 ], [ 251167.459297230874654, 2551904.769290840253234, 0.0 ], [ 251121.96010093879886, 2551937.103295093867928, 0.0 ], [ 251047.706932129280176, 2552003.709490618668497, 0.0 ], [ 250973.483293855504598, 2552084.387327038682997, 0.0 ], [ 250921.193733780353796, 2552146.086339794564992, 0.0 ], [ 250884.62843065924244, 2552216.166514815296978, 0.0 ], [ 250858.851136856916128, 2552281.413734715431929, 0.0 ], [ 250854.65387513305177, 2552361.924947907682508, 0.0 ], [ 250843.203876821149606, 2552400.895715850405395, 0.0 ], [ 250824.886504107591463, 2552439.980755599215627, 0.0 ], [ 250772.10082786064595, 2552484.071425970178097, 0.0 ], [ 250757.764247919985792, 2552503.58937372919172, 0.0 ], [ 250761.010654838319169, 2552513.839831409510225, 0.0 ], [ 250830.845873841375578, 2552582.482320582028478, 0.0 ], [ 250869.544860781927127, 2552634.579693020321429, 0.0 ], [ 250876.660777637123829, 2552680.222064877860248, 0.0 ], [ 250874.383340481726918, 2552740.535618753638119, 0.0 ], [ 250861.531496971787419, 2552793.823052689898759, 0.0 ], [ 250831.951346201938577, 2552913.869410807732493, 0.0 ], [ 250791.698359818634344, 2553070.214649401139468, 0.0 ], [ 250775.77304005579208, 2553098.95557859307155, 0.0 ], [ 250717.83927254655282, 2553326.286586662288755, 0.0 ], [ 250656.319760021724505, 2553602.873513849452138, 0.0 ], [ 251145.276475737191504, 2553599.168862709309906, 0.0 ], [ 251152.454583361657569, 2553617.774859794415534, 0.0 ], [ 251148.980772247945424, 2553741.818674576468766, 0.0 ], [ 251135.299411330313887, 2553769.857138069346547, 0.0 ], [ 251105.062950509367511, 2553838.059199409093708, 0.0 ], [ 251092.197504668089096, 2553878.161448174156249, 0.0 ], [ 251087.352383213728899, 2553888.87890577595681, 0.0 ], [ 251077.704535458877217, 2553912.861543109640479, 0.0 ], [ 251073.7652573560772, 2553922.566734636202455, 0.0 ], [ 251062.071369220066117, 2553946.805019162595272, 0.0 ], [ 251037.630050828971434, 2553999.73119161836803, 0.0 ], [ 251028.144966738036601, 2554021.16275188466534, 0.0 ], [ 251055.189653466455638, 2554026.142119108233601, 0.0 ], [ 251043.308459739608224, 2554076.089360482990742, 0.0 ], [ 251028.71449458488496, 2554104.697173416614532, 0.0 ], [ 250968.076811963343062, 2554107.811285919044167, 0.0 ], [ 250935.172785815229872, 2554138.829125564545393, 0.0 ], [ 250914.507288180087926, 2554172.191772285383195, 0.0 ], [ 250896.434642505657393, 2554201.190058146137744, 0.0 ], [ 250891.241761152457912, 2554209.475775464903563, 0.0 ], [ 250891.044162626436446, 2554209.922268902882934, 0.0 ], [ 250887.612005359260365, 2554219.286689790897071, 0.0 ], [ 250878.689525980356848, 2554243.70065231109038, 0.0 ], [ 250875.481865355715854, 2554248.075292581226677, 0.0 ], [ 250876.340484043379547, 2554250.387821409851313, 0.0 ], [ 250908.230141777283279, 2554337.057407443411648, 0.0 ], [ 251019.920919691387098, 2554562.008259397465736, 0.0 ], [ 251252.270371448015794, 2555052.426361883524805, 0.0 ], [ 251291.627317189704627, 2555144.512303695082664, 0.0 ] ] ] } },
{ "type": "Feature", "properties": { "Name": "05 RANIP", "ward_id": "05", "ward_name": "RANIP" }, "geometry": { "type": "Polygon", "coordinates": [ [ [ 252156.394455975969322, 2555670.753879940137267, 0.0 ], [ 251942.56111652016989, 2556102.764400173444301, 0.0 ], [ 251747.369813025667099, 2556415.9132314263843, 0.0 ], [ 251537.303273860219633, 2556690.754138215444982, 0.0 ], [ 251363.673860339564271, 2556789.483903740067035, 0.0 ], [ 251150.638408528320724, 2556903.719288728199899, 0.0 ], [ 250944.409354916249868, 2557044.880197870545089, 0.0 ], [ 250842.705303679220378, 2557086.242176454048604, 0.0 ], [ 250805.18015774176456, 2557097.837123819161206, 0.0 ], [ 250657.930662041122559, 2557143.062336358241737, 0.0 ], [ 250503.550241528806509, 2557203.144770596642047, 0.0 ], [ 250397.864139016193803, 2557220.754099040292203, 0.0 ], [ 250306.430513955594506, 2557220.286962668411434, 0.0 ], [ 250222.625739448267268, 2557204.069800363853574, 0.0 ], [ 250122.891987581620924, 2557148.56305049918592, 0.0 ], [ 250028.888811274198815, 2557086.423718247562647, 0.0 ], [ 249950.794240866118344, 2556994.98857031064108, 0.0 ], [ 249879.474403523199726, 2556885.822814828716218, 0.0 ], [ 249635.307576368853915, 2556334.014820823911577, 0.0 ], [ 249527.302098785119597, 2556097.266161595005542, 0.0 ], [ 249476.106286393885966, 2555947.654098291881382, 0.0 ], [ 249468.789820195524953, 2555749.55112937791273, 0.0 ], [ 249507.217433131154394, 2555534.615651475731283, 0.0 ], [ 249579.204489459574688, 2555174.964838096871972, 0.0 ], [ 249710.765960296790581, 2554546.287953557446599, 0.0 ], [ 249713.836121422733413, 2554533.715967183001339, 0.0 ], [ 249979.412809405883309, 2554666.448719506151974, 0.0 ], [ 250352.740234313183464, 2554830.849416859913617, 0.0 ], [ 250689.728507364168763, 2554980.462715447414666, 0.0 ], [ 250882.993796255614143, 2555068.654159992467612, 0.0 ], [ 251001.889416836464079, 2555104.679463977925479, 0.0 ], [ 251118.709357177314814, 2555126.890058918390423, 0.0 ], [ 251226.372421768028289, 2555140.943737909663469, 0.0 ], [ 251291.627317189704627, 2555144.512303695082664, 0.0 ], [ 251252.270371448015794, 2555052.426361883524805, 0.0 ], [ 251019.920919691387098, 2554562.008259397465736, 0.0 ], [ 250908.230141777283279, 2554337.057407443411648, 0.0 ], [ 250876.340484043379547, 2554250.387821409851313, 0.0 ], [ 250875.481865355715854, 2554248.075292581226677, 0.0 ], [ 250878.689525980356848, 2554243.70065231109038, 0.0 ], [ 250887.612005359260365, 2554219.286689790897071, 0.0 ], [ 250891.044162626436446, 2554209.922268902882934, 0.0 ], [ 250891.241761152457912, 2554209.475775464903563, 0.0 ], [ 250896.434642505657393, 2554201.190058146137744, 0.0 ], [ 250914.507288180087926, 2554172.191772285383195, 0.0 ], [ 250935.172785815229872, 2554138.829125564545393, 0.0 ], [ 250968.076811963343062, 2554107.811285919044167, 0.0 ], [ 251028.71449458488496, 2554104.697173416614532, 0.0 ], [ 251043.308459739608224, 2554076.089360482990742, 0.0 ], [ 251055.189653466455638, 2554026.142119108233601, 0.0 ], [ 251028.144966738036601, 2554021.16275188466534, 0.0 ], [ 251037.630050828971434, 2553999.73119161836803, 0.0 ], [ 251062.071369220066117, 2553946.805019162595272, 0.0 ], [ 251073.7652573560772, 2553922.566734636202455, 0.0 ], [ 251077.704535458877217, 2553912.861543109640479, 0.0 ], [ 251087.352383213728899, 2553888.87890577595681, 0.0 ], [ 251092.197504668089096, 2553878.161448174156249, 0.0 ], [ 251105.062950509367511, 2553838.059199409093708, 0.0 ], [ 251135.299411330313887, 2553769.857138069346547, 0.0 ], [ 251148.980772247945424, 2553741.818674576468766, 0.0 ], [ 251178.835953767062165, 2553681.489943839143962, 0.0 ], [ 251242.988424669572851, 2553612.170451399870217, 0.0 ], [ 251261.112830899975961, 2553592.368349727243185, 0.0 ], [ 251298.83786069395137, 2553542.87844667956233, 0.0 ], [ 251351.673251770145725, 2553471.08836110914126, 0.0 ], [ 251519.600556533026975, 2553372.236068913247436, 0.0 ], [ 251652.122110626078211, 2553271.092382420320064, 0.0 ], [ 251682.567247228318593, 2553258.510146307293326, 0.0 ], [ 251721.962018969439669, 2553241.569148696027696, 0.0 ], [ 251782.301517870713724, 2553214.087381031364202, 0.0 ], [ 251805.487035100202775, 2553215.032601783052087, 0.0 ], [ 251825.94161936242017, 2553212.03432082477957, 0.0 ], [ 251868.194859774725046, 2553219.089984706137329, 0.0 ], [ 251893.483447374223033, 2553223.213687908835709, 0.0 ], [ 251998.719769896531943, 2553257.147698398679495, 0.0 ], [ 252060.389748097833944, 2553266.652251020073891, 0.0 ], [ 252188.735393749026116, 2553296.991621095687151, 0.0 ], [ 252305.260819471033756, 2553325.53320046281442, 0.0 ], [ 252389.546342158137122, 2553344.96926681464538, 0.0 ], [ 252652.555379809433362, 2553564.879751392640173, 0.0 ], [ 252770.882631485903403, 2553510.295267552603036, 0.0 ], [ 252825.774510279647075, 2553606.11669350694865, 0.0 ], [ 252836.492058557952987, 2553603.280538028571755, 0.0 ], [ 252867.06819008506136, 2553654.519020152743906, 0.0 ], [ 252803.261129199905554, 2553912.738174803555012, 0.0 ], [ 252705.583690231869696, 2554292.399947012774646, 0.0 ], [ 252616.060799855913501, 2554458.08477297751233, 0.0 ], [ 252554.890442983887624, 2554571.447167107369751, 0.0 ], [ 252402.335387143190019, 2554805.764244484249502, 0.0 ], [ 252307.099625664297491, 2554892.213451186660677, 0.0 ], [ 252374.279550092585851, 2555111.150099418126047, 0.0 ], [ 252425.6315122700762, 2555123.263727750629187, 0.0 ], [ 252156.394455975969322, 2555670.753879940137267, 0.0 ] ] ] } },
{ "type": "Feature", "properties": { "Name": "04 SABARMATI", "ward_id": "04", "ward_name": "SABARMATI" }, "geometry": { "type": "Polygon", "coordinates": [ [ [ 255689.263064988714177, 2557201.461263679433614, 0.0 ], [ 255695.189079869480338, 2557331.994833635166287, 0.0 ], [ 255766.589941530983197, 2557398.857512984890491, 0.0 ], [ 256033.262104680296034, 2557498.983571812044829, 0.0 ], [ 256045.590815077681327, 2557601.269913875497878, 0.0 ], [ 256069.965143066801829, 2557725.740690573584288, 0.0 ], [ 256120.895934794010827, 2557813.325638808775693, 0.0 ], [ 256176.016197119635763, 2557881.341999161057174, 0.0 ], [ 256270.645751898322487, 2557996.578365535475314, 0.0 ], [ 256287.273492124135373, 2558111.203917533624917, 0.0 ], [ 256183.419489289546618, 2558127.745352405123413, 0.0 ], [ 256084.019404690043302, 2558122.055315762758255, 0.0 ], [ 255949.26062824492692, 2558116.278728210832924, 0.0 ], [ 255818.122433737036772, 2558131.384925547987223, 0.0 ], [ 255712.795050065004034, 2558164.351846390869468, 0.0 ], [ 255718.198723954992602, 2558225.313056980725378, 0.0 ], [ 255728.435230415605474, 2558324.863666499499232, 0.0 ], [ 255732.763927424617577, 2558414.095896782819182, 0.0 ], [ 255377.852379068004666, 2558194.208255380857736, 0.0 ], [ 254605.078117081138771, 2557605.245916238520294, 0.0 ], [ 254033.978978639206616, 2557186.28673832397908, 0.0 ], [ 253077.049991750216577, 2556487.96219774428755, 0.0 ], [ 253047.781950596458046, 2556590.048915206454694, 0.0 ], [ 252991.984656904882286, 2556792.404637025203556, 0.0 ], [ 252976.713222592487, 2556786.230610163882375, 0.0 ], [ 252933.917958084435668, 2556764.334722610190511, 0.0 ], [ 252887.640464395022718, 2556742.607308401260525, 0.0 ], [ 252855.280413443426369, 2556731.951503096614033, 0.0 ], [ 252821.73678150298656, 2556742.699706957675517, 0.0 ], [ 252790.595529403013643, 2556743.7686712089926, 0.0 ], [ 252745.884064263547771, 2556723.78856687573716, 0.0 ], [ 252765.483930749120191, 2556768.55995481275022, 0.0 ], [ 252774.705744214879815, 2556842.754174664150923, 0.0 ], [ 252785.183788158406969, 2556968.117183707654476, 0.0 ], [ 252692.848571210255614, 2556981.278642361517996, 0.0 ], [ 252681.140964463789715, 2556886.959955525118858, 0.0 ], [ 252666.524588262080215, 2556883.213002260308713, 0.0 ], [ 252650.619281930557918, 2556789.185380893759429, 0.0 ], [ 252555.952303983620368, 2556816.346968844067305, 0.0 ], [ 252537.6135091324104, 2556798.257738007698208, 0.0 ], [ 252339.274647465615999, 2556828.688571720384061, 0.0 ], [ 252304.195254515798297, 2556783.841699737589806, 0.0 ], [ 252237.199555839382811, 2556792.264808448497206, 0.0 ], [ 252177.540882004715968, 2556822.837461451534182, 0.0 ], [ 252138.849610302451765, 2556788.909244223497808, 0.0 ], [ 252056.252859005646314, 2556820.749171045143157, 0.0 ], [ 252006.930638376448769, 2556819.462155057117343, 0.0 ], [ 251982.361630899511511, 2556839.813882832415402, 0.0 ], [ 251962.240632824192289, 2556856.435430493205786, 0.0 ], [ 251936.063030651857844, 2556872.49271801719442, 0.0 ], [ 251876.806362228409853, 2556908.710833107121289, 0.0 ], [ 251814.123860390973277, 2556936.122042189817876, 0.0 ], [ 251807.203874519269448, 2556939.117762270383537, 0.0 ], [ 251803.99136026535416, 2556924.656213064212352, 0.0 ], [ 251790.584772120550042, 2556864.160043444484472, 0.0 ], [ 251622.058968554367311, 2556751.837329815141857, 0.0 ], [ 251547.227512537123403, 2556702.001682511530817, 0.0 ], [ 251537.303273860219633, 2556690.754138215444982, 0.0 ], [ 251747.369813025667099, 2556415.9132314263843, 0.0 ], [ 251942.56111652016989, 2556102.764400173444301, 0.0 ], [ 252156.394455975969322, 2555670.753879940137267, 0.0 ], [ 252425.6315122700762, 2555123.263727750629187, 0.0 ], [ 252374.279550092585851, 2555111.150099418126047, 0.0 ], [ 252307.099625664297491, 2554892.213451186660677, 0.0 ], [ 252402.335387143190019, 2554805.764244484249502, 0.0 ], [ 252554.890442983887624, 2554571.447167107369751, 0.0 ], [ 252616.060799855913501, 2554458.08477297751233, 0.0 ], [ 252705.583690231869696, 2554292.399947012774646, 0.0 ], [ 252803.261129199905554, 2553912.738174803555012, 0.0 ], [ 252867.06819008506136, 2553654.519020152743906, 0.0 ], [ 252836.492058557952987, 2553603.280538028571755, 0.0 ], [ 252848.024043191282544, 2553600.098545286804438, 0.0 ], [ 252881.848265187756624, 2553307.805407476611435, 0.0 ], [ 252878.063874358980684, 2553277.287258342839777, 0.0 ], [ 252953.545226379123051, 2553297.53656572336331, 0.0 ], [ 252971.880177180923056, 2553222.001322408206761, 0.0 ], [ 253000.825288643827662, 2553143.299504855647683, 0.0 ], [ 253073.323243266466307, 2552945.324362733401358, 0.0 ], [ 253082.319658249733038, 2552813.214255610015243, 0.0 ], [ 253094.132423196133459, 2552702.663577754516155, 0.0 ], [ 253123.152365536690922, 2552584.848927549552172, 0.0 ], [ 253311.039009729080135, 2552706.844702193513513, 0.0 ], [ 253427.777430206653662, 2552779.37886087782681, 0.0 ], [ 253626.171365279500606, 2552935.885047571733594, 0.0 ], [ 253756.28221721277805, 2553073.683366365730762, 0.0 ], [ 253870.240450821409468, 2553239.33695559669286, 0.0 ], [ 253922.124271378939738, 2553333.438387884758413, 0.0 ], [ 253962.51527878883644, 2553433.157950895372778, 0.0 ], [ 254012.726780899363803, 2553550.333153313491493, 0.0 ], [ 254094.87930457611219, 2553764.707903130911291, 0.0 ], [ 254121.1552728524548, 2553835.298027680721134, 0.0 ], [ 254194.080282661074307, 2554193.308604882564396, 0.0 ], [ 254217.305634219170315, 2554327.879599127452821, 0.0 ], [ 254253.503033295739442, 2554565.7232771278359, 0.0 ], [ 254293.084050507517532, 2554759.967641065828502, 0.0 ], [ 254307.434316992963431, 2554990.857485806569457, 0.0 ], [ 254317.749593010754324, 2555088.41229800786823, 0.0 ], [ 254067.569602021831088, 2555365.087941227480769, 0.0 ], [ 254005.589132123161107, 2555417.074584612622857, 0.0 ], [ 254026.939772232231917, 2555456.278595557902008, 0.0 ], [ 254296.509639112715377, 2555630.011815566103905, 0.0 ], [ 254340.342735485814046, 2555733.774747068993747, 0.0 ], [ 254606.039779780840036, 2555884.419439939316362, 0.0 ], [ 254659.301520272856578, 2555888.309836768079549, 0.0 ], [ 255191.25085150563973, 2555861.531851295847446, 0.0 ], [ 255168.048302724724635, 2556022.014664548449218, 0.0 ], [ 255170.737960677564843, 2556061.082285604905337, 0.0 ], [ 255272.862917670718161, 2556257.406227031722665, 0.0 ], [ 255255.367428732861299, 2556334.475530210882425, 0.0 ], [ 255232.109376564854756, 2556441.443860915955156, 0.0 ], [ 255221.482537130475976, 2556524.827090024482459, 0.0 ], [ 255242.64811801596079, 2556609.351757840253413, 0.0 ], [ 255328.833641784091014, 2556758.847618289291859, 0.0 ], [ 255363.172699353075586, 2556759.061183069832623, 0.0 ], [ 255440.784992312837858, 2556948.474228341132402, 0.0 ], [ 255604.564495024242206, 2556948.232946051284671, 0.0 ], [ 255689.263064988714177, 2557201.461263679433614, 0.0 ] ] ] } },
{ "type": "Feature", "properties": { "Name": "03 CHANDKHEDA", "ward_id": "03", "ward_name": "CHANDKHEDA" }, "geometry": { "type": "Polygon", "coordinates": [ [ [ 252609.986422168934951, 2559899.245388861745596, 0.0 ], [ 252520.869502373738214, 2559944.71034687012434, 0.0 ], [ 252499.503895174973877, 2559916.921230440959334, 0.0 ], [ 252475.045579965692014, 2559677.886739656794816, 0.0 ], [ 252402.279985100612976, 2559683.636177584994584, 0.0 ], [ 252361.505216591816861, 2559603.982007648795843, 0.0 ], [ 252350.025461080833338, 2559579.131480395328254, 0.0 ], [ 252313.0579159600602, 2559407.782106603961438, 0.0 ], [ 252231.870417335157981, 2559159.273562358692288, 0.0 ], [ 252208.06626062761643, 2559058.729123102501035, 0.0 ], [ 252188.459145822998835, 2559056.727664999198169, 0.0 ], [ 252140.723770834767492, 2558903.617682823911309, 0.0 ], [ 252087.893864244106226, 2558814.08116082334891, 0.0 ], [ 252015.329863060178468, 2558684.097723646089435, 0.0 ], [ 251967.367017844109796, 2558696.41742824902758, 0.0 ], [ 251903.213148205191828, 2558597.762167832814157, 0.0 ], [ 251857.473422238603234, 2558614.36651149392128, 0.0 ], [ 251758.304418249899754, 2558752.188782512675971, 0.0 ], [ 251699.826395806914661, 2558822.411514166276902, 0.0 ], [ 251650.820292840828188, 2558858.239487121347338, 0.0 ], [ 251505.774576876836363, 2558942.534251272212714, 0.0 ], [ 251281.300604655058123, 2559075.687073768582195, 0.0 ], [ 251226.551500983157894, 2559111.169092691037804, 0.0 ], [ 251212.874698561150581, 2559065.303528347983956, 0.0 ], [ 251148.70490038045682, 2558910.585788797587156, 0.0 ], [ 251106.100397942936979, 2558777.004311511293054, 0.0 ], [ 251103.586099765525432, 2558749.124228902626783, 0.0 ], [ 251099.829437393666012, 2558683.592335365712643, 0.0 ], [ 251033.818000077852048, 2558658.321760127786547, 0.0 ], [ 251011.405569264374208, 2558586.452738197520375, 0.0 ], [ 250984.185492740478367, 2558459.817099852953106, 0.0 ], [ 250933.47430381749291, 2558448.696000618394464, 0.0 ], [ 250890.922853192925686, 2558447.521934836171567, 0.0 ], [ 250880.426525525661418, 2558414.234884537290782, 0.0 ], [ 250771.734747681242879, 2558404.746184765361249, 0.0 ], [ 250543.342998371401336, 2558463.073073480743915, 0.0 ], [ 250528.033759889745852, 2558448.481288205832243, 0.0 ], [ 250425.117299151403131, 2558484.105878714472055, 0.0 ], [ 250386.70544611394871, 2558479.207619156688452, 0.0 ], [ 250386.09905436669942, 2558418.387425332330167, 0.0 ], [ 250378.385248427512124, 2558379.957213571295142, 0.0 ], [ 250358.432993215392344, 2558369.653642654884607, 0.0 ], [ 250805.18015774176456, 2557097.837123819161206, 0.0 ], [ 250842.705303679220378, 2557086.242176454048604, 0.0 ], [ 250944.409354916249868, 2557044.880197870545089, 0.0 ], [ 251150.638408528320724, 2556903.719288728199899, 0.0 ], [ 251363.673860339564271, 2556789.483903740067035, 0.0 ], [ 251537.303273860219633, 2556690.754138215444982, 0.0 ], [ 251547.227512537123403, 2556702.001682511530817, 0.0 ], [ 251622.058968554367311, 2556751.837329815141857, 0.0 ], [ 251790.584772120550042, 2556864.160043444484472, 0.0 ], [ 251803.99136026535416, 2556924.656213064212352, 0.0 ], [ 251807.203874519269448, 2556939.117762270383537, 0.0 ], [ 251814.123860390973277, 2556936.122042189817876, 0.0 ], [ 251876.806362228409853, 2556908.710833107121289, 0.0 ], [ 251936.063030651857844, 2556872.49271801719442, 0.0 ], [ 251962.240632824192289, 2556856.435430493205786, 0.0 ], [ 251982.361630899511511, 2556839.813882832415402, 0.0 ], [ 252006.930638376448769, 2556819.462155057117343, 0.0 ], [ 252056.252859005646314, 2556820.749171045143157, 0.0 ], [ 252138.849610302451765, 2556788.909244223497808, 0.0 ], [ 252177.540882004715968, 2556822.837461451534182, 0.0 ], [ 252237.199555839382811, 2556792.264808448497206, 0.0 ], [ 252304.195254515798297, 2556783.841699737589806, 0.0 ], [ 252339.274647465615999, 2556828.688571720384061, 0.0 ], [ 252537.6135091324104, 2556798.257738007698208, 0.0 ], [ 252555.952303983620368, 2556816.346968844067305, 0.0 ], [ 252650.619281930557918, 2556789.185380893759429, 0.0 ], [ 252666.524588262080215, 2556883.213002260308713, 0.0 ], [ 252681.140964463789715, 2556886.959955525118858, 0.0 ], [ 252692.848571210255614, 2556981.278642361517996, 0.0 ], [ 252785.183788158406969, 2556968.117183707654476, 0.0 ], [ 252774.705744214879815, 2556842.754174664150923, 0.0 ], [ 252765.483930749120191, 2556768.55995481275022, 0.0 ], [ 252745.884064263547771, 2556723.78856687573716, 0.0 ], [ 252790.595529403013643, 2556743.7686712089926, 0.0 ], [ 252821.73678150298656, 2556742.699706957675517, 0.0 ], [ 252855.280413443426369, 2556731.951503096614033, 0.0 ], [ 252887.640464395022718, 2556742.607308401260525, 0.0 ], [ 252933.917958084435668, 2556764.334722610190511, 0.0 ], [ 252976.713222592487, 2556786.230610163882375, 0.0 ], [ 252991.984656904882286, 2556792.404637025203556, 0.0 ], [ 253047.781950596458046, 2556590.048915206454694, 0.0 ], [ 253077.049991750216577, 2556487.96219774428755, 0.0 ], [ 254033.978978639206616, 2557186.28673832397908, 0.0 ], [ 254605.078117081138771, 2557605.245916238520294, 0.0 ], [ 255377.852379068004666, 2558194.208255380857736, 0.0 ], [ 255732.763927424617577, 2558414.095896782819182, 0.0 ], [ 255734.735257162130438, 2558453.175280768889934, 0.0 ], [ 255737.594264480052516, 2558490.134991487022489, 0.0 ], [ 255759.41252823107061, 2558539.637216811999679, 0.0 ], [ 255758.947013158904156, 2558711.713811519555748, 0.0 ], [ 255757.389225571736461, 2558773.121276920195669, 0.0 ], [ 255793.804024373850552, 2558837.896506505087018, 0.0 ], [ 255862.602744738658657, 2558965.407885297201574, 0.0 ], [ 255906.781676149577834, 2559047.562420647591352, 0.0 ], [ 255806.804464289132738, 2559037.563173945993185, 0.0 ], [ 255753.21460035193013, 2559031.680914792232215, 0.0 ], [ 255670.461533805239014, 2559022.176438528578728, 0.0 ], [ 255674.324492332409136, 2559158.062297514174134, 0.0 ], [ 255673.976973716256907, 2559193.190931593533605, 0.0 ], [ 255671.954362203949131, 2559307.567515949252993, 0.0 ], [ 255674.122803528007353, 2559339.885038912761956, 0.0 ], [ 255674.557813260820694, 2559366.469432937912643, 0.0 ], [ 255616.045050925778924, 2559391.580984925851226, 0.0 ], [ 255583.881647645437624, 2559404.960028123576194, 0.0 ], [ 255507.13778980760253, 2559411.867208391427994, 0.0 ], [ 255516.213548899482703, 2559503.016236043535173, 0.0 ], [ 255323.493831134255743, 2559611.542423646897078, 0.0 ], [ 255291.870681758591672, 2559714.105964353308082, 0.0 ], [ 255122.672705228877021, 2559750.784663163591176, 0.0 ], [ 254996.534748305100948, 2559813.68266120320186, 0.0 ], [ 254916.056404683273286, 2559848.908070070203394, 0.0 ], [ 254770.882425805932144, 2559881.983443899545819, 0.0 ], [ 254613.66407212469494, 2559917.917453554458916, 0.0 ], [ 254514.388930437969975, 2559944.147074873559177, 0.0 ], [ 254388.602988094644388, 2559965.938413605093956, 0.0 ], [ 254367.456244947446976, 2559951.217696693725884, 0.0 ], [ 254336.293510405084817, 2559969.236773835495114, 0.0 ], [ 254145.184399878198747, 2559950.777280918322504, 0.0 ], [ 254078.247974015248474, 2560067.665161397308111, 0.0 ], [ 253824.948451069649309, 2559950.40421378146857, 0.0 ], [ 253755.060057467897423, 2559962.747690179850906, 0.0 ], [ 253372.534194094274426, 2559919.867654357571155, 0.0 ], [ 253357.415805421420373, 2559885.547877348959446, 0.0 ], [ 253174.095900341839297, 2559842.595844329800457, 0.0 ], [ 253158.8728206056403, 2559814.371946156956255, 0.0 ], [ 253092.276361776865087, 2559802.731256866361946, 0.0 ], [ 253057.159072266862495, 2559878.988589879591018, 0.0 ], [ 252996.867012583243195, 2559870.568064217455685, 0.0 ], [ 252961.770552586356644, 2559948.044154503848404, 0.0 ], [ 252736.888161442795536, 2559882.960424852091819, 0.0 ], [ 252698.668167938914848, 2559920.268472253810614, 0.0 ], [ 252609.986422168934951, 2559899.245388861745596, 0.0 ] ] ] } },
{ "type": "Feature", "properties": { "Name": "02 CHANDLODIA", "ward_id": "02", "ward_name": "CHANDLODIA" }, "geometry": { "type": "Polygon", "coordinates": [ [ [ 250058.732950835576048, 2561036.916688809171319, 0.0 ], [ 250028.904142893734388, 2561036.308364549186081, 0.0 ], [ 250028.405423033575062, 2560878.090474650729448, 0.0 ], [ 250018.403238943021279, 2560880.474090647418052, 0.0 ], [ 250001.808046979334904, 2560905.239515517838299, 0.0 ], [ 249986.037960980494972, 2560899.741997706703842, 0.0 ], [ 249924.23505566190579, 2560880.611543429084122, 0.0 ], [ 249922.412707961513661, 2560826.902744291815907, 0.0 ], [ 249906.889568004320608, 2560799.462211242876947, 0.0 ], [ 249903.932066250185017, 2560794.193245647475123, 0.0 ], [ 249878.315961892018095, 2560757.614460882730782, 0.0 ], [ 249891.324272376485169, 2560690.028344675432891, 0.0 ], [ 249816.639146390923997, 2560697.15280646411702, 0.0 ], [ 249796.281691981683252, 2560680.873688390944153, 0.0 ], [ 249787.088086467731046, 2560676.48491742555052, 0.0 ], [ 249703.730711313866777, 2560636.996521173976362, 0.0 ], [ 249679.105455993383657, 2560628.988538610748947, 0.0 ], [ 249657.467765303736087, 2560621.927703046239913, 0.0 ], [ 249626.969699457258685, 2560612.023865912575275, 0.0 ], [ 249622.024514847696992, 2560610.444788285531104, 0.0 ], [ 249591.790761215961538, 2560604.082279250957072, 0.0 ], [ 249572.971017215080792, 2560600.076758729759604, 0.0 ], [ 249536.967268243053695, 2560579.628392521757632, 0.0 ], [ 249519.585597785277059, 2560569.7262376784347, 0.0 ], [ 249449.091876481339568, 2560533.56892751250416, 0.0 ], [ 249410.576731207809644, 2560522.248850182630122, 0.0 ], [ 249397.394991940353066, 2560518.370474180672318, 0.0 ], [ 249367.837098962190794, 2560509.55936908069998, 0.0 ], [ 249289.703649811941432, 2560494.472850242163986, 0.0 ], [ 249262.072050952439895, 2560453.939855331089348, 0.0 ], [ 249225.559191569132963, 2560415.439778054598719, 0.0 ], [ 249197.960526406008285, 2560401.277498764451593, 0.0 ], [ 249172.121998944465304, 2560388.193717053625733, 0.0 ], [ 249129.106075486313784, 2560371.29897241294384, 0.0 ], [ 249124.980310960439965, 2560369.706271702889353, 0.0 ], [ 249095.993708976660855, 2560370.525945310480893, 0.0 ], [ 249069.976360271335579, 2560304.148905686568469, 0.0 ], [ 249043.340430141484831, 2560225.372312815859914, 0.0 ], [ 249016.700541480182437, 2560146.374204309191555, 0.0 ], [ 248938.516487955668708, 2560183.25695388764143, 0.0 ], [ 248872.496033750823699, 2560218.273447930347174, 0.0 ], [ 248776.006552445702255, 2560269.53718883683905, 0.0 ], [ 248718.559586404328002, 2560156.376467602327466, 0.0 ], [ 248713.256315954931779, 2560145.717793749179691, 0.0 ], [ 248534.881227615143871, 2560190.494815886486322, 0.0 ], [ 248330.816998055030126, 2560237.147661055903882, 0.0 ], [ 248334.311968786321813, 2560249.941991908475757, 0.0 ], [ 248294.690358517778805, 2560276.427437101956457, 0.0 ], [ 247605.254504438518779, 2557943.448881051503122, 0.0 ], [ 247660.470238147536293, 2557929.662947586737573, 0.0 ], [ 247807.344250544090755, 2557881.199423649348319, 0.0 ], [ 247846.063287864963058, 2557861.598452134523541, 0.0 ], [ 247931.600651913235197, 2557798.215749066323042, 0.0 ], [ 248055.328721684461925, 2557702.056516777258366, 0.0 ], [ 248157.30873690469889, 2557635.073977968655527, 0.0 ], [ 248234.740608861553483, 2557564.960088109597564, 0.0 ], [ 248385.185650823696051, 2557430.015928111039102, 0.0 ], [ 248447.948553882917622, 2557383.41909925499931, 0.0 ], [ 248587.0181544830848, 2557339.74922450678423, 0.0 ], [ 248843.773248554178281, 2557272.828330546151847, 0.0 ], [ 248777.229680385004031, 2557033.614673227537423, 0.0 ], [ 248608.070920773141552, 2556568.204247252084315, 0.0 ], [ 248434.111290702712722, 2556140.881154012866318, 0.0 ], [ 248195.588306118996115, 2555544.562871163710952, 0.0 ], [ 248104.223827670270111, 2555305.43619219539687, 0.0 ], [ 248050.255735768703744, 2555156.538796808104962, 0.0 ], [ 248022.26154560179566, 2555003.87989107798785, 0.0 ], [ 248028.989809448481537, 2554904.265050848480314, 0.0 ], [ 247989.456788585841423, 2554894.293788851238787, 0.0 ], [ 247806.361800268874504, 2554833.112983729224652, 0.0 ], [ 247667.806151605036575, 2554750.57352322107181, 0.0 ], [ 247602.72647908993531, 2554721.200201549567282, 0.0 ], [ 247541.233838221727638, 2554661.40636163437739, 0.0 ], [ 247449.032013156916946, 2554731.882389804814011, 0.0 ], [ 247297.446856915426906, 2554903.861241355538368, 0.0 ], [ 247263.995045762916561, 2554944.426588681526482, 0.0 ], [ 247261.800826275692089, 2554929.837516956031322, 0.0 ], [ 247162.045599676319398, 2554286.199840903747827, 0.0 ], [ 247149.568905359017663, 2554196.991749417968094, 0.0 ], [ 247122.601844639983028, 2554057.169421019032598, 0.0 ], [ 247147.482370160258142, 2554024.94828506372869, 0.0 ], [ 247293.166829585505184, 2554031.241235937923193, 0.0 ], [ 247436.756983434315771, 2554047.100058060605079, 0.0 ], [ 247515.990052548819222, 2554058.394808373879641, 0.0 ], [ 247659.06376085372176, 2554086.231209640856832, 0.0 ], [ 247773.489908522431506, 2554111.44919897755608, 0.0 ], [ 247844.27544565757853, 2554132.527895103208721, 0.0 ], [ 247849.778309382119915, 2554136.645712417550385, 0.0 ], [ 247886.111679632711457, 2554133.041901105549186, 0.0 ], [ 247917.628053045948036, 2554129.51931587420404, 0.0 ], [ 247946.10857053269865, 2554110.092235538177192, 0.0 ], [ 248140.717978957400192, 2553837.674847906921059, 0.0 ], [ 248142.887072012439603, 2553838.635578034445643, 0.0 ], [ 249066.630773394281277, 2554238.408298384863883, 0.0 ], [ 249710.765960296790581, 2554546.287953557446599, 0.0 ], [ 249579.204489459574688, 2555174.964838096871972, 0.0 ], [ 249507.217433131154394, 2555534.615651475731283, 0.0 ], [ 249468.789820195524953, 2555749.55112937791273, 0.0 ], [ 249476.106286393885966, 2555947.654098291881382, 0.0 ], [ 249527.302098785119597, 2556097.266161595005542, 0.0 ], [ 249635.307576368853915, 2556334.014820823911577, 0.0 ], [ 249879.474403523199726, 2556885.822814828716218, 0.0 ], [ 249950.794240866118344, 2556994.98857031064108, 0.0 ], [ 250028.888811274198815, 2557086.423718247562647, 0.0 ], [ 250122.891987581620924, 2557148.56305049918592, 0.0 ], [ 250222.625739448267268, 2557204.069800363853574, 0.0 ], [ 250306.430513955594506, 2557220.286962668411434, 0.0 ], [ 250397.864139016193803, 2557220.754099040292203, 0.0 ], [ 250503.550241528806509, 2557203.144770596642047, 0.0 ], [ 250657.930662041122559, 2557143.062336358241737, 0.0 ], [ 250805.18015774176456, 2557097.837123819161206, 0.0 ], [ 250358.432993215392344, 2558369.653642654884607, 0.0 ], [ 250378.385248427512124, 2558379.957213571295142, 0.0 ], [ 250386.09905436669942, 2558418.387425332330167, 0.0 ], [ 250386.70544611394871, 2558479.207619156688452, 0.0 ], [ 250425.117299151403131, 2558484.105878714472055, 0.0 ], [ 250471.676372928108322, 2558547.260782088618726, 0.0 ], [ 250524.896145097067347, 2558647.20159576041624, 0.0 ], [ 250579.783300896146102, 2558804.066887523047626, 0.0 ], [ 250675.314392075903015, 2558927.788728744722903, 0.0 ], [ 250717.07675625232514, 2559047.533200371544808, 0.0 ], [ 250748.120571824460058, 2559163.689376515801996, 0.0 ], [ 250781.130342186166672, 2559182.750353335402906, 0.0 ], [ 250845.625986325030681, 2559276.963634627405554, 0.0 ], [ 250890.283143072971143, 2559324.638930157758296, 0.0 ], [ 250914.274788433656795, 2559399.029876777902246, 0.0 ], [ 250946.524109994905302, 2559470.845459728036076, 0.0 ], [ 250944.556981011555763, 2559567.940609020646662, 0.0 ], [ 250994.466085030057002, 2559709.377562461420894, 0.0 ], [ 250986.824181689473335, 2559785.736629444174469, 0.0 ], [ 251014.290548263903474, 2559847.327486558351666, 0.0 ], [ 251003.663119827542687, 2560101.019192398525774, 0.0 ], [ 250981.892364483675919, 2560128.972022480797023, 0.0 ], [ 250926.889432865893468, 2560351.604274880606681, 0.0 ], [ 250831.749630770325894, 2560416.460217110347003, 0.0 ], [ 250777.443887103203451, 2560521.077646842692047, 0.0 ], [ 250747.447042499610689, 2560516.592516391072422, 0.0 ], [ 250757.765945547784213, 2560680.407220866996795, 0.0 ], [ 250553.012760057201376, 2560795.96027219761163, 0.0 ], [ 250501.577252879535081, 2560839.146658410783857, 0.0 ], [ 250368.621922608464956, 2560915.718714849092066, 0.0 ], [ 250220.15104248849093, 2560965.183606038801372, 0.0 ], [ 250224.661249285622034, 2560977.517989835701883, 0.0 ], [ 250182.135347506526159, 2561001.941676776856184, 0.0 ], [ 250143.853149304719409, 2561016.654609618708491, 0.0 ], [ 250115.548988341179211, 2561027.544051392469555, 0.0 ], [ 250058.732950835576048, 2561036.916688809171319, 0.0 ] ] ] } },
{ "type": "Feature", "properties": { "Name": "01 GOTA", "ward_id": "01", "ward_name": "GOTA" }, "geometry": { "type": "Polygon", "coordinates": [ [ [ 244797.128396612999495, 2561073.572479988448322, 0.0 ], [ 244733.5259319760371, 2561075.546921820379794, 0.0 ], [ 244710.396557131054578, 2561065.305164952762425, 0.0 ], [ 244696.168313152185874, 2561060.229873350821435, 0.0 ], [ 244684.712440964765847, 2561007.57092724647373, 0.0 ], [ 244673.022326451755362, 2561013.089699673466384, 0.0 ], [ 244669.233949119137833, 2561001.298169729299843, 0.0 ], [ 244580.744864443549886, 2560986.191579715814441, 0.0 ], [ 244587.881061244494049, 2560864.292397931218147, 0.0 ], [ 244610.062418158457149, 2560861.031766188330948, 0.0 ], [ 244602.939986963610863, 2560744.252183821983635, 0.0 ], [ 244604.769729993771762, 2560671.531425523106009, 0.0 ], [ 244605.969294939772226, 2560627.852911240886897, 0.0 ], [ 244645.810277911165031, 2560596.588410389143974, 0.0 ], [ 244694.83840268352651, 2560521.287304029799998, 0.0 ], [ 244708.302247493469622, 2560451.691830990836024, 0.0 ], [ 244705.167425950232428, 2560394.236643173266202, 0.0 ], [ 244701.003358038637089, 2560294.581616978626698, 0.0 ], [ 244687.118015592684969, 2560279.63857331359759, 0.0 ], [ 244662.496416431007674, 2560260.114500103518367, 0.0 ], [ 244606.105783164675813, 2560246.563553845975548, 0.0 ], [ 244560.369561944302404, 2560250.78121301298961, 0.0 ], [ 244553.129040605155751, 2560163.035135303623974, 0.0 ], [ 244495.744217695551924, 2560103.405820738524199, 0.0 ], [ 244421.496197757922346, 2560052.486733506433666, 0.0 ], [ 244370.378819311241386, 2560041.727269762195647, 0.0 ], [ 244358.538241912785452, 2559972.675552433356643, 0.0 ], [ 244336.401143250521272, 2559912.775555280502886, 0.0 ], [ 244313.829433885024628, 2559809.557406176812947, 0.0 ], [ 244291.876024966157274, 2559742.45182646997273, 0.0 ], [ 244266.484614553919528, 2559707.982472770381719, 0.0 ], [ 244178.208881727710832, 2559628.051475526764989, 0.0 ], [ 244141.245211030560313, 2559576.162214187439531, 0.0 ], [ 244094.743707644520327, 2559541.833239479456097, 0.0 ], [ 244073.214205259806477, 2559487.574236519634724, 0.0 ], [ 244017.274686264805496, 2559434.79159052670002, 0.0 ], [ 243948.828152906382456, 2559411.698356305714697, 0.0 ], [ 243964.038173876237124, 2559366.338918171357363, 0.0 ], [ 244001.34782715482288, 2559276.942507537081838, 0.0 ], [ 244007.439341082324972, 2559219.772284192498773, 0.0 ], [ 243987.984372461942257, 2559131.127492529340088, 0.0 ], [ 243977.229824834008468, 2559113.582687906455249, 0.0 ], [ 243978.449633259355323, 2559101.040542631875724, 0.0 ], [ 243989.811311282828683, 2558986.603383647277951, 0.0 ], [ 243999.05997903100797, 2558904.336611283011734, 0.0 ], [ 244007.591451405722182, 2558810.114968338981271, 0.0 ], [ 243980.196783068677178, 2558664.872913065366447, 0.0 ], [ 243966.528278154291911, 2558555.075547280255705, 0.0 ], [ 243955.699472106905887, 2558545.177699115592986, 0.0 ], [ 243934.38734766311245, 2558539.55943688750267, 0.0 ], [ 243854.284552850876935, 2558518.32812346983701, 0.0 ], [ 243843.00411802646704, 2558511.983927157241851, 0.0 ], [ 243811.747105343441945, 2558494.236749840434641, 0.0 ], [ 243748.0308827770059, 2558424.52368330443278, 0.0 ], [ 243701.012450120557332, 2558378.237139192409813, 0.0 ], [ 243676.774988340184791, 2558339.53795153554529, 0.0 ], [ 243686.741074686025968, 2558293.160225150175393, 0.0 ], [ 243715.615560846432345, 2558243.687939931638539, 0.0 ], [ 243768.692719651764492, 2558195.019491598010063, 0.0 ], [ 243850.422698266222142, 2558167.57822057325393, 0.0 ], [ 243853.928707283339463, 2558132.946219180710614, 0.0 ], [ 243877.713123720954172, 2558085.445345296990126, 0.0 ], [ 243883.795749660203001, 2558027.721275503281504, 0.0 ], [ 243878.675355426734313, 2557956.227539019659162, 0.0 ], [ 243871.132069402461639, 2557904.831457496155053, 0.0 ], [ 243910.768310531799216, 2557789.46655602985993, 0.0 ], [ 243927.697507294593379, 2557706.735849622171372, 0.0 ], [ 243930.148731613822747, 2557646.414722152519971, 0.0 ], [ 243917.000142630393384, 2557584.920430227182806, 0.0 ], [ 243892.919497221300844, 2557513.530034302733839, 0.0 ], [ 243838.647918127302546, 2557420.938906825147569, 0.0 ], [ 243833.360823128692573, 2557381.582151814829558, 0.0 ], [ 243778.855051291291602, 2557287.333066779654473, 0.0 ], [ 243775.619109036430018, 2557248.051959570497274, 0.0 ], [ 243773.927982313209213, 2557221.154783987440169, 0.0 ], [ 243774.541510964860208, 2557119.423196324612945, 0.0 ], [ 243779.206361001357436, 2556996.901222012937069, 0.0 ], [ 243776.038813826948171, 2556961.608010358177125, 0.0 ], [ 243773.987008228694322, 2556919.647240036632866, 0.0 ], [ 243750.360533451312222, 2556856.892117842100561, 0.0 ], [ 243790.402964723412879, 2556854.765252931043506, 0.0 ], [ 243811.479656761366641, 2556774.733652787283063, 0.0 ], [ 243822.453613638208481, 2556733.214514644816518, 0.0 ], [ 243691.925276224355912, 2556384.08212684514001, 0.0 ], [ 243606.40243430994451, 2556131.134967512916774, 0.0 ], [ 243469.309681785380235, 2555746.436220461502671, 0.0 ], [ 243329.067598017456476, 2555339.85230655875057, 0.0 ], [ 243184.712974561261944, 2555016.556047161109746, 0.0 ], [ 243282.30710631023976, 2554962.690752081107348, 0.0 ], [ 243572.235068252542987, 2554783.862182724289596, 0.0 ], [ 243812.462162905838341, 2554635.808754111640155, 0.0 ], [ 243891.832573808234883, 2554601.097159879747778, 0.0 ], [ 243890.664002685341984, 2554568.761574022937566, 0.0 ], [ 243877.517540163273225, 2554423.608066993765533, 0.0 ], [ 243818.680157588416478, 2554202.558347511105239, 0.0 ], [ 243791.612465566111496, 2554100.636209727730602, 0.0 ], [ 243836.937247510039015, 2554077.255776719655842, 0.0 ], [ 243824.032366934319725, 2553988.166393334977329, 0.0 ], [ 243806.75715638283873, 2553955.220050404313952, 0.0 ], [ 243781.641548956366023, 2553895.481880724895746, 0.0 ], [ 243777.708315994153963, 2553809.45233052270487, 0.0 ], [ 243790.544341313594487, 2553726.792371497489512, 0.0 ], [ 243792.967855726514244, 2553640.764844306744635, 0.0 ], [ 243775.824866240669508, 2553519.724864202085882, 0.0 ], [ 243751.194882801471977, 2553440.476381530985236, 0.0 ], [ 243714.93857513286639, 2553376.829083253163844, 0.0 ], [ 243693.101842098170891, 2553317.034827834926546, 0.0 ], [ 243667.986917264643125, 2553257.407521686051041, 0.0 ], [ 243724.284238899068441, 2553192.065036854706705, 0.0 ], [ 243737.249749585142126, 2553122.921327434014529, 0.0 ], [ 243792.039729229756631, 2553023.365734895691276, 0.0 ], [ 243832.683390398044139, 2552929.925189097877592, 0.0 ], [ 243880.465363966213772, 2552816.195932446047664, 0.0 ], [ 243880.86021116891061, 2552815.302726638503373, 0.0 ], [ 243881.255058424401795, 2552814.409520847257227, 0.0 ], [ 243881.752406805200735, 2552813.514561949297786, 0.0 ], [ 243882.249755253200419, 2552812.619603074621409, 0.0 ], [ 243882.748998376599047, 2552811.835418381728232, 0.0 ], [ 243883.348848039488075, 2552810.93870644364506, 0.0 ], [ 243883.848091282416135, 2552810.154521798714995, 0.0 ], [ 243884.44983568272437, 2552809.368584076873958, 0.0 ], [ 243885.154081255721394, 2552808.580893289297819, 0.0 ], [ 243885.757720379391685, 2552807.905729789286852, 0.0 ], [ 243886.461966092814691, 2552807.118039078544825, 0.0 ], [ 243887.168106454482768, 2552806.441122563090175, 0.0 ], [ 243887.976748004497495, 2552805.762453014031053, 0.0 ], [ 243888.684783062548377, 2552805.196310738101602, 0.0 ], [ 243889.49342474641162, 2552804.517641284968704, 0.0 ], [ 243890.303961052530212, 2552803.949746035970747, 0.0 ], [ 243891.114497416536324, 2552803.381850836332887, 0.0 ], [ 243891.925033839797834, 2552802.813955687452108, 0.0 ], [ 243892.839965997613035, 2552802.355081702116877, 0.0 ], [ 243893.65239705843851, 2552801.897960809990764, 0.0 ], [ 243894.567329315381357, 2552801.439086940139532, 0.0 ], [ 243895.482261625205865, 2552800.98021313175559, 0.0 ], [ 243896.399088486097753, 2552800.632113535422832, 0.0 ], [ 243897.315915384271648, 2552800.284013998694718, 0.0 ], [ 243898.335243477398762, 2552799.934161523357034, 0.0 ], [ 243899.253964931005612, 2552799.696836262010038, 0.0 ], [ 243900.172686409117887, 2552799.459511059336364, 0.0 ], [ 243901.193909069843357, 2552799.220432936213911, 0.0 ], [ 243902.217026210855693, 2552799.092129033058882, 0.0 ], [ 243903.135747752530733, 2552798.854804020375013, 0.0 ], [ 243904.160759365360718, 2552798.837274398189038, 0.0 ], [ 243905.183876535767922, 2552798.708970701787621, 0.0 ], [ 243906.106386982952245, 2552798.693194166291505, 0.0 ], [ 243907.131398586177966, 2552798.675664749462157, 0.0 ], [ 243908.156410183932167, 2552798.658135402016342, 0.0 ], [ 243909.183316181006376, 2552798.75138026708737, 0.0 ], [ 243910.107721000153106, 2552798.846378119662404, 0.0 ], [ 243911.134626957355067, 2552798.939623116981238, 0.0 ], [ 243912.163427276827861, 2552799.14364232448861, 0.0 ], [ 243913.089726409030845, 2552799.349414496216923, 0.0 ], [ 243914.118526659556665, 2552799.553433832712471, 0.0 ], [ 243915.046720090263989, 2552799.869980259798467, 0.0 ], [ 243915.974913473561173, 2552800.186526740901172, 0.0 ], [ 243916.90310681486153, 2552800.503073276486248, 0.0 ], [ 243917.83130010869354, 2552800.819619866088033, 0.0 ], [ 243918.761387696373276, 2552801.24694064585492, 0.0 ], [ 243919.691475226019975, 2552801.674261479172856, 0.0 ], [ 243920.621562695130706, 2552802.101582365576178, 0.0 ], [ 243921.451043301611207, 2552802.641430282499641, 0.0 ], [ 243922.278629534121137, 2552803.070504104718566, 0.0 ], [ 243923.108110020199092, 2552803.610352103598416, 0.0 ], [ 243923.939484745322261, 2552804.260974277276546, 0.0 ], [ 243924.768965101044159, 2552804.800822356715798, 0.0 ], [ 244005.842571977729676, 2552827.127224730327725, 0.0 ], [ 244081.575037053960841, 2552836.913389628753066, 0.0 ], [ 244140.528078052797355, 2552722.772701824549586, 0.0 ], [ 244158.507123921561288, 2552694.874757512938231, 0.0 ], [ 244154.334169368667062, 2552672.673978697974235, 0.0 ], [ 244172.155931550514651, 2552641.56536637339741, 0.0 ], [ 244144.96061340108281, 2552568.122148988768458, 0.0 ], [ 244155.475796859391266, 2552511.431297661270946, 0.0 ], [ 244136.718341577681713, 2552463.772610306274146, 0.0 ], [ 244099.418681101000402, 2552423.079115659464151, 0.0 ], [ 244025.257439239561791, 2552379.359025774057955, 0.0 ], [ 243940.7274157719512, 2552340.913613341748714, 0.0 ], [ 243855.988120525551494, 2552302.250595832709223, 0.0 ], [ 243785.55166316384566, 2552260.573177605867386, 0.0 ], [ 243857.408657767140539, 2552229.426427410449833, 0.0 ], [ 243927.955835836008191, 2552205.615672803949565, 0.0 ], [ 244069.46736902903649, 2552140.369902447331697, 0.0 ], [ 244169.442416505859001, 2552074.505266837775707, 0.0 ], [ 244195.491458510572556, 2552086.803117946721613, 0.0 ], [ 244401.85702607218991, 2552180.678924996871501, 0.0 ], [ 244666.497256252856459, 2552294.838485783431679, 0.0 ], [ 244904.654511918517528, 2552395.491802766453475, 0.0 ], [ 245257.919547478435561, 2552560.562640006188303, 0.0 ], [ 245517.342171724449145, 2552676.264998090453446, 0.0 ], [ 246152.113353112217737, 2552960.896920089609921, 0.0 ], [ 246463.599803101737052, 2553100.551759159658104, 0.0 ], [ 246639.228750708251027, 2553179.352413748390973, 0.0 ], [ 246758.171758292475715, 2553034.624241934157908, 0.0 ], [ 246900.571075508720241, 2552894.486985163763165, 0.0 ], [ 247008.743287359568058, 2552773.433871743734926, 0.0 ], [ 247104.527993473398965, 2552714.087100894656032, 0.0 ], [ 247374.784571741474792, 2552555.508413820061833, 0.0 ], [ 247505.059145616134629, 2552759.849301219917834, 0.0 ], [ 247585.540240305941552, 2552893.451199750881642, 0.0 ], [ 247501.967351064668037, 2552904.832542588934302, 0.0 ], [ 247456.402644921414321, 2552914.465243959799409, 0.0 ], [ 247386.850556509540183, 2552942.563753054477274, 0.0 ], [ 247240.342111007455969, 2553015.618194179609418, 0.0 ], [ 247333.436138486518757, 2553197.870438249316067, 0.0 ], [ 247371.840100474917563, 2553225.69894772907719, 0.0 ], [ 247498.430277095292695, 2553272.649465637281537, 0.0 ], [ 247554.050361776142381, 2553281.794634582474828, 0.0 ], [ 247696.243592235608958, 2553354.300832911860198, 0.0 ], [ 247678.504726914368803, 2553421.081916600931436, 0.0 ], [ 247710.885780980752315, 2553553.943621420767158, 0.0 ], [ 247725.987378518300829, 2553604.437128384131938, 0.0 ], [ 247726.577297929441556, 2553639.44110153010115, 0.0 ], [ 247725.526601026911521, 2553650.09594810474664, 0.0 ], [ 248140.717978957400192, 2553837.674847906921059, 0.0 ], [ 247946.10857053269865, 2554110.092235538177192, 0.0 ], [ 247917.628053045948036, 2554129.51931587420404, 0.0 ], [ 247886.111679632711457, 2554133.041901105549186, 0.0 ], [ 247849.778309382119915, 2554136.645712417550385, 0.0 ], [ 247844.27544565757853, 2554132.527895103208721, 0.0 ], [ 247773.489908522431506, 2554111.44919897755608, 0.0 ], [ 247659.06376085372176, 2554086.231209640856832, 0.0 ], [ 247515.990052548819222, 2554058.394808373879641, 0.0 ], [ 247436.756983434315771, 2554047.100058060605079, 0.0 ], [ 247293.166829585505184, 2554031.241235937923193, 0.0 ], [ 247147.482370160258142, 2554024.94828506372869, 0.0 ], [ 247122.601844639983028, 2554057.169421019032598, 0.0 ], [ 247149.568905359017663, 2554196.991749417968094, 0.0 ], [ 247162.045599676319398, 2554286.199840903747827, 0.0 ], [ 247261.800826275692089, 2554929.837516956031322, 0.0 ], [ 247263.995045762916561, 2554944.426588681526482, 0.0 ], [ 247297.446856915426906, 2554903.861241355538368, 0.0 ], [ 247449.032013156916946, 2554731.882389804814011, 0.0 ], [ 247541.233838221727638, 2554661.40636163437739, 0.0 ], [ 247602.72647908993531, 2554721.200201549567282, 0.0 ], [ 247667.806151605036575, 2554750.57352322107181, 0.0 ], [ 247806.361800268874504, 2554833.112983729224652, 0.0 ], [ 247989.456788585841423, 2554894.293788851238787, 0.0 ], [ 248028.989809448481537, 2554904.265050848480314, 0.0 ], [ 248022.26154560179566, 2555003.87989107798785, 0.0 ], [ 248050.255735768703744, 2555156.538796808104962, 0.0 ], [ 248104.223827670270111, 2555305.43619219539687, 0.0 ], [ 248195.588306118996115, 2555544.562871163710952, 0.0 ], [ 248434.111290702712722, 2556140.881154012866318, 0.0 ], [ 248608.070920773141552, 2556568.204247252084315, 0.0 ], [ 248777.229680385004031, 2557033.614673227537423, 0.0 ], [ 248843.773248554178281, 2557272.828330546151847, 0.0 ], [ 248587.0181544830848, 2557339.74922450678423, 0.0 ], [ 248447.948553882917622, 2557383.41909925499931, 0.0 ], [ 248385.185650823696051, 2557430.015928111039102, 0.0 ], [ 248234.740608861553483, 2557564.960088109597564, 0.0 ], [ 248157.30873690469889, 2557635.073977968655527, 0.0 ], [ 248055.328721684461925, 2557702.056516777258366, 0.0 ], [ 247931.600651913235197, 2557798.215749066323042, 0.0 ], [ 247846.063287864963058, 2557861.598452134523541, 0.0 ], [ 247807.344250544090755, 2557881.199423649348319, 0.0 ], [ 247660.470238147536293, 2557929.662947586737573, 0.0 ], [ 247605.254504438518779, 2557943.448881051503122, 0.0 ], [ 248294.690358517778805, 2560276.427437101956457, 0.0 ], [ 248254.966436168790096, 2560302.914729107636958, 0.0 ], [ 248165.58098842840991, 2560246.693698300048709, 0.0 ], [ 248165.082663420267636, 2560229.305862529668957, 0.0 ], [ 248114.275825661898125, 2560224.512161110993475, 0.0 ], [ 247945.841793270665221, 2560214.613040136173368, 0.0 ], [ 247935.370557973103132, 2560225.648688938003033, 0.0 ], [ 247895.361718083382584, 2560223.111068602651358, 0.0 ], [ 247837.315527087717783, 2560232.623529825359583, 0.0 ], [ 247784.212499964109156, 2560304.213971447199583, 0.0 ], [ 247723.531149496382568, 2560272.995403516571969, 0.0 ], [ 247659.086499975324841, 2560237.408496983814985, 0.0 ], [ 247626.805708412139211, 2560213.134059028234333, 0.0 ], [ 247552.139579448790755, 2560154.894643593113869, 0.0 ], [ 247492.486598579969723, 2560099.725706264842302, 0.0 ], [ 247448.344251048518345, 2560064.90419886726886, 0.0 ], [ 247466.432147290353896, 2560183.048354495782405, 0.0 ], [ 247460.370298513036687, 2560248.747278418391943, 0.0 ], [ 247428.462549481395399, 2560337.376917864661664, 0.0 ], [ 247388.332206024701009, 2560448.750018238089979, 0.0 ], [ 247371.253340105206007, 2560547.655357705894858, 0.0 ], [ 247342.049465261545265, 2560699.065909778699279, 0.0 ], [ 247309.973467886738945, 2560844.209371008444577, 0.0 ], [ 247295.049952142202528, 2560888.784051211085171, 0.0 ], [ 247270.101358122221427, 2560958.570466561708599, 0.0 ], [ 247233.871064480365021, 2560967.272922512609512, 0.0 ], [ 247175.280085025879089, 2560974.692257572431117, 0.0 ], [ 247112.029578529734863, 2560973.215588615275919, 0.0 ], [ 247092.303863967012148, 2561036.708812513854355, 0.0 ], [ 247066.175193101982586, 2561103.302366784308106, 0.0 ], [ 247005.395766730449395, 2561120.621195300947875, 0.0 ], [ 246944.605183822161052, 2561137.275644476991147, 0.0 ], [ 246841.883048068528296, 2561170.819349527359009, 0.0 ], [ 246769.040378922683885, 2561189.784360445104539, 0.0 ], [ 246690.050359582121018, 2561202.759817185811698, 0.0 ], [ 246642.760918735148152, 2561211.873188709840178, 0.0 ], [ 246597.300418089609593, 2561220.069208342581987, 0.0 ], [ 246574.731054518313613, 2561206.491056703962386, 0.0 ], [ 246537.181842403515475, 2561155.604325058404356, 0.0 ], [ 246481.329858741519274, 2561101.039639303460717, 0.0 ], [ 246432.991573424777016, 2561048.452736700884998, 0.0 ], [ 246398.536958570563002, 2561016.904665809590369, 0.0 ], [ 246361.249157601501793, 2561005.571452339645475, 0.0 ], [ 246233.898962399660377, 2560958.760626330040395, 0.0 ], [ 246110.721578261989634, 2560928.389873624779284, 0.0 ], [ 245999.370576765039004, 2560912.555958773940802, 0.0 ], [ 245931.885573496401776, 2560903.178284003864974, 0.0 ], [ 245862.637011698447168, 2560904.579128697514534, 0.0 ], [ 245635.007058794464683, 2560914.552046173717827, 0.0 ], [ 245498.683354304172099, 2560924.632973838597536, 0.0 ], [ 245379.819093392317882, 2560930.982227574568242, 0.0 ], [ 245304.98204616678413, 2560923.173285971861333, 0.0 ], [ 245247.740450270794099, 2560919.607370149809867, 0.0 ], [ 245207.550010526523693, 2560918.40986652392894, 0.0 ], [ 245160.656567445228575, 2560926.745510490145534, 0.0 ], [ 245141.59615737121203, 2560968.734353276435286, 0.0 ], [ 245111.955562508432195, 2561057.221168593503535, 0.0 ], [ 245049.717081831011456, 2561061.054668660741299, 0.0 ], [ 244953.165427649248159, 2561071.790910097304732, 0.0 ], [ 244905.473987324774498, 2561075.376369042787701, 0.0 ], [ 244797.128396612999495, 2561073.572479988448322, 0.0 ] ] ] } }
]
}
