{
"type": "FeatureCollection",
"name": "gota_tp33_buildings",
"crs": { "type": "name", "properties": { "name": "urn:ogc:def:crs:EPSG::32643" } },
"features": [
{ "type": "Feature", "properties": { "id": "way/843003285", "@id": "way/843003285", "addr:city": null, "addr:district": null, "addr:housenumber": null, "addr:postcode": null, "addr:street": null, "alt_name": null, "amenity": null, "brand": null, "brand:wikidata": null, "building": "yes", "building:colour": null, "building:levels": null, "building:material": null, "club": null, "cuisine": null, "denomination": null, "diet:vegetarian": null, "government": null, "height": null, "landuse": null, "layer": null, "name": null, "name:en": null, "natural": null, "office": null, "opening_hours": null, "payment:cash": null, "phone": null, "religion": null, "roof:material": null, "roof:shape": null, "shelter_type": null, "shop": null, "sport": null, "tourism": null, "type": null, "website": null, "building_id": "way/843003285", "building_type": "yes", "building_name": "Unnamed Building", "parcel_id": "9" }, "geometry": { "type": "Polygon", "coordinates": [ [ [ 248647.399435928615276, 2556176.086456947028637 ], [ 248642.145443131099455, 2556157.449047505389899 ], [ 248656.59223618436954, 2556153.4167311321944 ], [ 248661.846211222320562, 2556172.054144024383277 ], [ 248647.399435928615276, 2556176.086456947028637 ] ] ] } },
{ "type": "Feature", "properties": { "id": "way/843003285", "@id": "way/843003285", "addr:city": null, "addr:district": null, "addr:housenumber": null, "addr:postcode": null, "addr:street": null, "alt_name": null, "amenity": null, "brand": null, "brand:wikidata": null, "building": "yes", "building:colour": null, "building:levels": null, "building:material": null, "club": null, "cuisine": null, "denomination": null, "diet:vegetarian": null, "government": null, "height": null, "landuse": null, "layer": null, "name": null, "name:en": null, "natural": null, "office": null, "opening_hours": null, "payment:cash": null, "phone": null, "religion": null, "roof:material": null, "roof:shape": null, "shelter_type": null, "shop": null, "sport": null, "tourism": null, "type": null, "website": null, "building_id": "way/843003285", "building_type": "yes", "building_name": "Unnamed Building", "parcel_id": "69" }, "geometry": { "type": "Polygon", "coordinates": [ [ [ 248647.399435928615276, 2556176.086456947028637 ], [ 248642.145443131099455, 2556157.449047505389899 ], [ 248656.59223618436954, 2556153.4167311321944 ], [ 248661.846211222320562, 2556172.054144024383277 ], [ 248647.399435928615276, 2556176.086456947028637 ] ] ] } },
{ "type": "Feature", "properties": { "id": "way/843003299", "@id": "way/843003299", "addr:city": null, "addr:district": null, "addr:housenumber": null, "addr:postcode": null, "addr:street": null, "alt_name": null, "amenity": null, "brand": null, "brand:wikidata": null, "building": "yes", "building:colour": null, "building:levels": null, "building:material": null, "club": null, "cuisine": null, "denomination": null, "diet:vegetarian": null, "government": null, "height": null, "landuse": null, "layer": null, "name": null, "name:en": null, "natural": null, "office": null, "opening_hours": null, "payment:cash": null, "phone": null, "religion": null, "roof:material": null, "roof:shape": null, "shelter_type": null, "shop": null, "sport": null, "tourism": null, "type": null, "website": null, "building_id": "way/843003299", "building_type": "yes", "building_name": "Unnamed Building", "parcel_id": "75" }, "geometry": { "type": "Polygon", "coordinates": [ [ [ 248708.710215768398484, 2556045.139326008968055 ], [ 248704.116490849613911, 2556033.460318736266345 ], [ 248713.118958096340066, 2556029.951698953751475 ], [ 248717.712676421040669, 2556041.630708392243832 ], [ 248708.710215768398484, 2556045.139326008968055 ] ] ] } },
{ "type": "Feature", "properties": { "id": "way/843003315", "@id": "way/843003315", "addr:city": null, "addr:district": null, "addr:housenumber": null, "addr:postcode": null, "addr:street": null, "alt_name": null, "amenity": null, "brand": null, "brand:wikidata": null, "building": "yes", "building:colour": null, "building:levels": null, "building:material": null, "club": null, "cuisine": null, "denomination": null, "diet:vegetarian": null, "government": null, "height": null, "landuse": null, "layer": null, "name": null, "name:en": null, "natural": null, "office": null, "opening_hours": null, "payment:cash": null, "phone": null, "religion": null, "roof:material": null, "roof:shape": null, "shelter_type": null, "shop": null, "sport": null, "tourism": null, "type": null, "website": null, "building_id": "way/843003315", "building_type": "yes", "building_name": "Unnamed Building", "parcel_id": "8" }, "geometry": { "type": "Polygon", "coordinates": [ [ [ 248576.331375001173001, 2555983.320321453269571 ], [ 248573.238329459622037, 2555973.721370540559292 ], [ 248585.76917187491199, 2555969.732298769056797 ], [ 248588.852148203324759, 2555979.342501033563167 ], [ 248576.331375001173001, 2555983.320321453269571 ] ] ] } },
{ "type": "Feature", "properties": { "id": "way/843003323", "@id": "way/843003323", "addr:city": null, "addr:district": null, "addr:housenumber": null, "addr:postcode": null, "addr:street": null, "alt_name": null, "amenity": null, "brand": null, "brand:wikidata": null, "building": "yes", "building:colour": null, "building:levels": null, "building:material": null, "club": null, "cuisine": null, "denomination": null, "diet:vegetarian": null, "government": null, "height": null, "landuse": null, "layer": null, "name": null, "name:en": null, "natural": null, "office": null, "opening_hours": null, "payment:cash": null, "phone": null, "religion": null, "roof:material": null, "roof:shape": null, "shelter_type": null, "shop": null, "sport": null, "tourism": null, "type": null, "website": null, "building_id": "way/843003323", "building_type": "yes", "building_name": "Unnamed Building", "parcel_id": "74/1" }, "geometry": { "type": "Polygon", "coordinates": [ [ [ 248723.335816547070863, 2556099.929429330863059 ], [ 248715.524317045259522, 2556080.370994315948337 ], [ 248746.793527255824301, 2556069.097654809243977 ], [ 248753.163247679302003, 2556088.86869256850332 ], [ 248723.335816547070863, 2556099.929429330863059 ] ] ] } },
{ "type": "Feature", "properties": { "id": "way/1072528782", "@id": "way/1072528782", "addr:city": "Ahmedabad", "addr:district": null, "addr:housenumber": null, "addr:postcode": "382481", "addr:street": "Vandematram", "alt_name": null, "amenity": "place_of_worship", "brand": null, "brand:wikidata": null, "building": "yes", "building:colour": null, "building:levels": null, "building:material": null, "club": null, "cuisine": null, "denomination": "swaminarayan", "diet:vegetarian": null, "government": null, "height": null, "landuse": null, "layer": null, "name": "SMVS Swaminarayan Mandir", "name:en": null, "natural": null, "office": null, "opening_hours": null, "payment:cash": null, "phone": null, "religion": "hindu", "roof:material": null, "roof:shape": null, "shelter_type": null, "shop": null, "sport": null, "tourism": null, "type": null, "website": null, "building_id": "way/1072528782", "building_type": "yes", "building_name": "SMVS Swaminarayan Mandir", "parcel_id": "95" }, "geometry": { "type": "Polygon", "coordinates": [ [ [ 248504.645299563679146, 2556076.326268080621958 ], [ 248537.007175716600614, 2556064.20307323243469 ], [ 248551.213679496286204, 2556108.052767836023122 ], [ 248519.87516058050096, 2556118.851252496242523 ], [ 248504.645299563679146, 2556076.326268080621958 ] ] ] } },
{ "type": "Feature", "properties": { "id": "way/1072528782", "@id": "way/1072528782", "addr:city": "Ahmedabad", "addr:district": null, "addr:housenumber": null, "addr:postcode": "382481", "addr:street": "Vandematram", "alt_name": null, "amenity": "place_of_worship", "brand": null, "brand:wikidata": null, "building": "yes", "building:colour": null, "building:levels": null, "building:material": null, "club": null, "cuisine": null, "denomination": "swaminarayan", "diet:vegetarian": null, "government": null, "height": null, "landuse": null, "layer": null, "name": "SMVS Swaminarayan Mandir", "name:en": null, "natural": null, "office": null, "opening_hours": null, "payment:cash": null, "phone": null, "religion": "hindu", "roof:material": null, "roof:shape": null, "shelter_type": null, "shop": null, "sport": null, "tourism": null, "type": null, "website": null, "building_id": "way/1072528782", "building_type": "yes", "building_name": "SMVS Swaminarayan Mandir", "parcel_id": "112" }, "geometry": { "type": "Polygon", "coordinates": [ [ [ 248504.645299563679146, 2556076.326268080621958 ], [ 248537.007175716600614, 2556064.20307323243469 ], [ 248551.213679496286204, 2556108.052767836023122 ], [ 248519.87516058050096, 2556118.851252496242523 ], [ 248504.645299563679146, 2556076.326268080621958 ] ] ] } },
{ "type": "Feature", "properties": { "id": "way/1072528784", "@id": "way/1072528784", "addr:city": null, "addr:district": null, "addr:housenumber": null, "addr:postcode": null, "addr:street": null, "alt_name": null, "amenity": null, "brand": null, "brand:wikidata": null, "building": "apartments", "building:colour": null, "building:levels": "5", "building:material": null, "club": null, "cuisine": null, "denomination": null, "diet:vegetarian": null, "government": null, "height": null, "landuse": null, "layer": null, "name": null, "name:en": null, "natural": null, "office": null, "opening_hours": null, "payment:cash": null, "phone": null, "religion": null, "roof:material": null, "roof:shape": null, "shelter_type": null, "shop": null, "sport": null, "tourism": null, "type": null, "website": null, "building_id": "way/1072528784", "building_type": "apartments", "building_name": "Unnamed Building", "parcel_id": "8" }, "geometry": { "type": "Polygon", "coordinates": [ [ [ 248486.593730871652951, 2556051.311344741843641 ], [ 248494.884207049355609, 2556072.512606383301318 ], [ 248482.088710627693217, 2556078.434195007197559 ], [ 248478.681299896619748, 2556080.009514482226223 ], [ 248471.552504443912767, 2556056.572653482202441 ], [ 248486.593730871652951, 2556051.311344741843641 ] ] ] } },
{ "type": "Feature", "properties": { "id": "way/1072528785", "@id": "way/1072528785", "addr:city": "Ahmedabad", "addr:district": null, "addr:housenumber": null, "addr:postcode": "382481", "addr:street": null, "alt_name": null, "amenity": null, "brand": null, "brand:wikidata": null, "building": "apartments", "building:colour": null, "building:levels": "5", "building:material": null, "club": null, "cuisine": null, "denomination": null, "diet:vegetarian": null, "government": null, "height": null, "landuse": null, "layer": null, "name": null, "name:en": null, "natural": null, "office": null, "opening_hours": null, "payment:cash": null, "phone": null, "religion": null, "roof:material": null, "roof:shape": null, "shelter_type": null, "shop": null, "sport": null, "tourism": null, "type": null, "website": null, "building_id": "way/1072528785", "building_type": "apartments", "building_name": "Unnamed Building", "parcel_id": "8" }, "geometry": { "type": "Polygon", "coordinates": [ [ [ 248502.029003120609559, 2556073.744234928395599 ], [ 248494.540830314217601, 2556053.925597024150193 ], [ 248509.8259600600868, 2556047.319491348229349 ], [ 248518.562081899523037, 2556067.593600694090128 ], [ 248502.029003120609559, 2556073.744234928395599 ] ] ] } },
{ "type": "Feature", "properties": { "id": "way/1072528786", "@id": "way/1072528786", "addr:city": "Ahmedabad", "addr:district": null, "addr:housenumber": null, "addr:postcode": "382481", "addr:street": null, "alt_name": null, "amenity": null, "brand": null, "brand:wikidata": null, "building": "apartments", "building:colour": null, "building:levels": "5", "building:material": null, "club": null, "cuisine": null, "denomination": null, "diet:vegetarian": null, "government": null, "height": null, "landuse": null, "layer": null, "name": null, "name:en": null, "natural": null, "office": null, "opening_hours": null, "payment:cash": null, "phone": null, "religion": null, "roof:material": null, "roof:shape": null, "shelter_type": null, "shop": null, "sport": null, "tourism": null, "type": null, "website": null, "building_id": "way/1072528786", "building_type": "apartments", "building_name": "Unnamed Building", "parcel_id": "8" }, "geometry": { "type": "Polygon", "coordinates": [ [ [ 248514.780395393638173, 2556045.696001465898007 ], [ 248529.466517164895777, 2556040.651236941106617 ], [ 248537.736070511484286, 2556060.611871877685189 ], [ 248522.120230387314223, 2556066.447888582013547 ], [ 248514.780395393638173, 2556045.696001465898007 ] ] ] } },
{ "type": "Feature", "properties": { "id": "way/1072528787", "@id": "way/1072528787", "addr:city": "Ahmedabad", "addr:district": null, "addr:housenumber": null, "addr:postcode": "382481", "addr:street": null, "alt_name": null, "amenity": null, "brand": null, "brand:wikidata": null, "building": "apartments", "building:colour": null, "building:levels": "5", "building:material": null, "club": null, "cuisine": null, "denomination": null, "diet:vegetarian": null, "government": null, "height": null, "landuse": null, "layer": null, "name": null, "name:en": null, "natural": null, "office": null, "opening_hours": null, "payment:cash": null, "phone": null, "religion": null, "roof:material": null, "roof:shape": null, "shelter_type": null, "shop": null, "sport": null, "tourism": null, "type": null, "website": null, "building_id": "way/1072528787", "building_type": "apartments", "building_name": "Unnamed Building", "parcel_id": "8" }, "geometry": { "type": "Polygon", "coordinates": [ [ [ 248540.961085451941472, 2556058.552100151777267 ], [ 248534.110918242833577, 2556039.48726096842438 ], [ 248548.484593460481847, 2556034.148602178320289 ], [ 248556.894797931920039, 2556053.331257591955364 ], [ 248540.961085451941472, 2556058.552100151777267 ] ] ] } },
{ "type": "Feature", "properties": { "id": "way/1072528788", "@id": "way/1072528788", "addr:city": "Ahmedabad", "addr:district": null, "addr:housenumber": null, "addr:postcode": "382481", "addr:street": null, "alt_name": null, "amenity": null, "brand": null, "brand:wikidata": null, "building": "apartments", "building:colour": null, "building:levels": "5", "building:material": null, "club": null, "cuisine": null, "denomination": null, "diet:vegetarian": null, "government": null, "height": null, "landuse": null, "layer": null, "name": null, "name:en": null, "natural": null, "office": null, "opening_hours": null, "payment:cash": null, "phone": null, "religion": null, "roof:material": null, "roof:shape": null, "shelter_type": null, "shop": null, "sport": null, "tourism": null, "type": null, "website": null, "building_id": "way/1072528788", "building_type": "apartments", "building_name": "Unnamed Building", "parcel_id": "8" }, "geometry": { "type": "Polygon", "coordinates": [ [ [ 248554.553780670801643, 2556034.201669932808727 ], [ 248578.674632457696134, 2556025.751778468489647 ], [ 248585.657599242433207, 2556043.573403836693615 ], [ 248560.768205663509434, 2556052.036210032179952 ], [ 248554.553780670801643, 2556034.201669932808727 ] ] ] } },
{ "type": "Feature", "properties": { "id": "way/1072528789", "@id": "way/1072528789", "addr:city": null, "addr:district": null, "addr:housenumber": null, "addr:postcode": null, "addr:street": null, "alt_name": null, "amenity": null, "brand": null, "brand:wikidata": null, "building": "apartments", "building:colour": null, "building:levels": "5", "building:material": null, "club": null, "cuisine": null, "denomination": null, "diet:vegetarian": null, "government": null, "height": null, "landuse": null, "layer": null, "name": null, "name:en": null, "natural": null, "office": null, "opening_hours": null, "payment:cash": null, "phone": null, "religion": null, "roof:material": null, "roof:shape": null, "shelter_type": null, "shop": null, "sport": null, "tourism": null, "type": null, "website": null, "building_id": "way/1072528789", "building_type": "apartments", "building_name": "Unnamed Building", "parcel_id": "8" }, "geometry": { "type": "Polygon", "coordinates": [ [ [ 248590.460748572979355, 2556042.096527739427984 ], [ 248583.938929513737094, 2556024.267147291451693 ], [ 248608.680066484608687, 2556016.128207898698747 ], [ 248615.024679319700226, 2556032.564455524086952 ], [ 248590.460748572979355, 2556042.096527739427984 ] ] ] } },
{ "type": "Feature", "properties": { "id": "way/1072528790", "@id": "way/1072528790", "addr:city": null, "addr:district": null, "addr:housenumber": null, "addr:postcode": null, "addr:street": null, "alt_name": null, "amenity": null, "brand": null, "brand:wikidata": null, "building": "apartments", "building:colour": null, "building:levels": "5", "building:material": null, "club": null, "cuisine": null, "denomination": null, "diet:vegetarian": null, "government": null, "height": null, "landuse": null, "layer": null, "name": null, "name:en": null, "natural": null, "office": null, "opening_hours": null, "payment:cash": null, "phone": null, "religion": null, "roof:material": null, "roof:shape": null, "shelter_type": null, "shop": null, "sport": null, "tourism": null, "type": null, "website": null, "building_id": "way/1072528790", "building_type": "apartments", "building_name": "Unnamed Building", "parcel_id": "8" }, "geometry": { "type": "Polygon", "coordinates": [ [ [ 248475.748050502035767, 2556050.662748711183667 ], [ 248468.36212756720488, 2556035.097244810778648 ], [ 248485.602699674549513, 2556025.909748225472867 ], [ 248494.186829206009861, 2556043.848455841187388 ], [ 248475.748050502035767, 2556050.662748711183667 ] ] ] } },
{ "type": "Feature", "properties": { "id": "way/1072528790", "@id": "way/1072528790", "addr:city": null, "addr:district": null, "addr:housenumber": null, "addr:postcode": null, "addr:street": null, "alt_name": null, "amenity": null, "brand": null, "brand:wikidata": null, "building": "apartments", "building:colour": null, "building:levels": "5", "building:material": null, "club": null, "cuisine": null, "denomination": null, "diet:vegetarian": null, "government": null, "height": null, "landuse": null, "layer": null, "name": null, "name:en": null, "natural": null, "office": null, "opening_hours": null, "payment:cash": null, "phone": null, "religion": null, "roof:material": null, "roof:shape": null, "shelter_type": null, "shop": null, "sport": null, "tourism": null, "type": null, "website": null, "building_id": "way/1072528790", "building_type": "apartments", "building_name": "Unnamed Building", "parcel_id": "7" }, "geometry": { "type": "Polygon", "coordinates": [ [ [ 248475.748050502035767, 2556050.662748711183667 ], [ 248468.36212756720488, 2556035.097244810778648 ], [ 248485.602699674549513, 2556025.909748225472867 ], [ 248494.186829206009861, 2556043.848455841187388 ], [ 248475.748050502035767, 2556050.662748711183667 ] ] ] } },
{ "type": "Feature", "properties": { "id": "way/1072528791", "@id": "way/1072528791", "addr:city": null, "addr:district": null, "addr:housenumber": null, "addr:postcode": null, "addr:street": null, "alt_name": null, "amenity": null, "brand": null, "brand:wikidata": null, "building": "apartments", "building:colour": null, "building:levels": "5", "building:material": null, "club": null, "cuisine": null, "denomination": null, "diet:vegetarian": null, "government": null, "height": null, "landuse": null, "layer": null, "name": null, "name:en": null, "natural": null, "office": null, "opening_hours": null, "payment:cash": null, "phone": null, "religion": null, "roof:material": null, "roof:shape": null, "shelter_type": null, "shop": null, "sport": null, "tourism": null, "type": null, "website": null, "building_id": "way/1072528791", "building_type": "apartments", "building_name": "Unnamed Building", "parcel_id": "8" }, "geometry": { "type": "Polygon", "coordinates": [ [ [ 248476.867078216717346, 2556028.217346491292119 ], [ 248469.191229612159077, 2556006.385253691580147 ], [ 248482.324772557651158, 2556001.056312407832593 ], [ 248489.849497234245064, 2556023.046076368074864 ], [ 248487.436277379543753, 2556024.006332878489047 ], [ 248476.867078216717346, 2556028.217346491292119 ] ] ] } },
{ "type": "Feature", "properties": { "id": "way/1072528791", "@id": "way/1072528791", "addr:city": null, "addr:district": null, "addr:housenumber": null, "addr:postcode": null, "addr:street": null, "alt_name": null, "amenity": null, "brand": null, "brand:wikidata": null, "building": "apartments", "building:colour": null, "building:levels": "5", "building:material": null, "club": null, "cuisine": null, "denomination": null, "diet:vegetarian": null, "government": null, "height": null, "landuse": null, "layer": null, "name": null, "name:en": null, "natural": null, "office": null, "opening_hours": null, "payment:cash": null, "phone": null, "religion": null, "roof:material": null, "roof:shape": null, "shelter_type": null, "shop": null, "sport": null, "tourism": null, "type": null, "website": null, "building_id": "way/1072528791", "building_type": "apartments", "building_name": "Unnamed Building", "parcel_id": "90" }, "geometry": { "type": "Polygon", "coordinates": [ [ [ 248476.867078216717346, 2556028.217346491292119 ], [ 248469.191229612159077, 2556006.385253691580147 ], [ 248482.324772557651158, 2556001.056312407832593 ], [ 248489.849497234245064, 2556023.046076368074864 ], [ 248487.436277379543753, 2556024.006332878489047 ], [ 248476.867078216717346, 2556028.217346491292119 ] ] ] } },
{ "type": "Feature", "properties": { "id": "way/1072528792", "@id": "way/1072528792", "addr:city": null, "addr:district": null, "addr:housenumber": null, "addr:postcode": null, "addr:street": null, "alt_name": null, "amenity": null, "brand": null, "brand:wikidata": null, "building": "apartments", "building:colour": null, "building:levels": "5", "building:material": null, "club": null, "cuisine": null, "denomination": null, "diet:vegetarian": null, "government": null, "height": null, "landuse": null, "layer": null, "name": null, "name:en": null, "natural": null, "office": null, "opening_hours": null, "payment:cash": null, "phone": null, "religion": null, "roof:material": null, "roof:shape": null, "shelter_type": null, "shop": null, "sport": null, "tourism": null, "type": null, "website": null, "building_id": "way/1072528792", "building_type": "apartments", "building_name": "Unnamed Building", "parcel_id": "8" }, "geometry": { "type": "Polygon", "coordinates": [ [ [ 248493.96344946481986, 2556020.816218742635101 ], [ 248486.949060913233552, 2556001.133657461497933 ], [ 248500.088015217828797, 2555996.73538910690695 ], [ 248508.226457749289693, 2556016.210684535093606 ], [ 248493.96344946481986, 2556020.816218742635101 ] ] ] } },
{ "type": "Feature", "properties": { "id": "way/1072528793", "@id": "way/1072528793", "addr:city": null, "addr:district": null, "addr:housenumber": null, "addr:postcode": null, "addr:street": null, "alt_name": null, "amenity": null, "brand": null, "brand:wikidata": null, "building": "apartments", "building:colour": null, "building:levels": "5", "building:material": null, "club": null, "cuisine": null, "denomination": null, "diet:vegetarian": null, "government": null, "height": null, "landuse": null, "layer": null, "name": null, "name:en": null, "natural": null, "office": null, "opening_hours": null, "payment:cash": null, "phone": null, "religion": null, "roof:material": null, "roof:shape": null, "shelter_type": null, "shop": null, "sport": null, "tourism": null, "type": null, "website": null, "building_id": "way/1072528793", "building_type": "apartments", "building_name": "Unnamed Building", "parcel_id": "8" }, "geometry": { "type": "Polygon", "coordinates": [ [ [ 248512.087023438914912, 2556011.713627812452614 ], [ 248505.252453367545968, 2555993.57928137248382 ], [ 248530.136713379615685, 2555984.196810582187027 ], [ 248537.632502418477088, 2556003.250792990904301 ], [ 248512.087023438914912, 2556011.713627812452614 ] ] ] } },
{ "type": "Feature", "properties": { "id": "way/1072528794", "@id": "way/1072528794", "addr:city": null, "addr:district": null, "addr:housenumber": null, "addr:postcode": null, "addr:street": null, "alt_name": null, "amenity": null, "brand": null, "brand:wikidata": null, "building": "apartments", "building:colour": null, "building:levels": "5", "building:material": null, "club": null, "cuisine": null, "denomination": null, "diet:vegetarian": null, "government": null, "height": null, "landuse": null, "layer": null, "name": null, "name:en": null, "natural": null, "office": null, "opening_hours": null, "payment:cash": null, "phone": null, "religion": null, "roof:material": null, "roof:shape": null, "shelter_type": null, "shop": null, "sport": null, "tourism": null, "type": null, "website": null, "building_id": "way/1072528794", "building_type": "apartments", "building_name": "Unnamed Building", "parcel_id": "8" }, "geometry": { "type": "Polygon", "coordinates": [ [ [ 248541.806461685860995, 2556000.931298267561942 ], [ 248534.728781482903287, 2555981.74839971633628 ], [ 248559.466997124196496, 2555972.822730870917439 ], [ 248566.916362863703398, 2555990.946758075151592 ], [ 248541.806461685860995, 2556000.931298267561942 ] ] ] } },
{ "type": "Feature", "properties": { "id": "way/1072528794", "@id": "way/1072528794", "addr:city": null, "addr:district": null, "addr:housenumber": null, "addr:postcode": null, "addr:street": null, "alt_name": null, "amenity": null, "brand": null, "brand:wikidata": null, "building": "apartments", "building:colour": null, "building:levels": "5", "building:material": null, "club": null, "cuisine": null, "denomination": null, "diet:vegetarian": null, "government": null, "height": null, "landuse": null, "layer": null, "name": null, "name:en": null, "natural": null, "office": null, "opening_hours": null, "payment:cash": null, "phone": null, "religion": null, "roof:material": null, "roof:shape": null, "shelter_type": null, "shop": null, "sport": null, "tourism": null, "type": null, "website": null, "building_id": "way/1072528794", "building_type": "apartments", "building_name": "Unnamed Building", "parcel_id": "90" }, "geometry": { "type": "Polygon", "coordinates": [ [ [ 248541.806461685860995, 2556000.931298267561942 ], [ 248534.728781482903287, 2555981.74839971633628 ], [ 248559.466997124196496, 2555972.822730870917439 ], [ 248566.916362863703398, 2555990.946758075151592 ], [ 248541.806461685860995, 2556000.931298267561942 ] ] ] } },
{ "type": "Feature", "properties": { "id": "way/1072528795", "@id": "way/1072528795", "addr:city": null, "addr:district": null, "addr:housenumber": null, "addr:postcode": null, "addr:street": null, "alt_name": null, "amenity": null, "brand": null, "brand:wikidata": null, "building": "apartments", "building:colour": null, "building:levels": "5", "building:material": null, "club": null, "cuisine": null, "denomination": null, "diet:vegetarian": null, "government": null, "height": null, "landuse": null, "layer": null, "name": null, "name:en": null, "natural": null, "office": null, "opening_hours": null, "payment:cash": null, "phone": null, "religion": null, "roof:material": null, "roof:shape": null, "shelter_type": null, "shop": null, "sport": null, "tourism": null, "type": null, "website": null, "building_id": "way/1072528795", "building_type": "apartments", "building_name": "Unnamed Building", "parcel_id": "8" }, "geometry": { "type": "Polygon", "coordinates": [ [ [ 248571.341483744356083, 2555989.542715751565993 ], [ 248564.983770925318822, 2555972.331078279297799 ], [ 248586.619767422816949, 2555964.233241549693048 ], [ 248593.277063823741628, 2555980.974475705064833 ], [ 248571.341483744356083, 2555989.542715751565993 ] ] ] } },
{ "type": "Feature", "properties": { "id": "way/1072528796", "@id": "way/1072528796", "addr:city": null, "addr:district": null, "addr:housenumber": null, "addr:postcode": null, "addr:street": null, "alt_name": null, "amenity": null, "brand": null, "brand:wikidata": null, "building": "apartments", "building:colour": null, "building:levels": "5", "building:material": null, "club": null, "cuisine": null, "denomination": null, "diet:vegetarian": null, "government": null, "height": null, "landuse": null, "layer": null, "name": null, "name:en": null, "natural": null, "office": null, "opening_hours": null, "payment:cash": null, "phone": null, "religion": null, "roof:material": null, "roof:shape": null, "shelter_type": null, "shop": null, "sport": null, "tourism": null, "type": null, "website": null, "building_id": "way/1072528796", "building_type": "apartments", "building_name": "Unnamed Building", "parcel_id": "8" }, "geometry": { "type": "Polygon", "coordinates": [ [ [ 248578.66763477245695, 2556013.142495088744909 ], [ 248571.795891266141552, 2555994.011523636057973 ], [ 248593.900641304790042, 2555985.750688205473125 ], [ 248600.740316410840023, 2556004.195226498413831 ], [ 248578.66763477245695, 2556013.142495088744909 ] ] ] } },
{ "type": "Feature", "properties": { "id": "way/1072528797", "@id": "way/1072528797", "addr:city": null, "addr:district": null, "addr:housenumber": null, "addr:postcode": null, "addr:street": null, "alt_name": null, "amenity": null, "brand": null, "brand:wikidata": null, "building": "apartments", "building:colour": null, "building:levels": "5", "building:material": null, "club": null, "cuisine": null, "denomination": null, "diet:vegetarian": null, "government": null, "height": null, "landuse": null, "layer": null, "name": null, "name:en": null, "natural": null, "office": null, "opening_hours": null, "payment:cash": null, "phone": null, "religion": null, "roof:material": null, "roof:shape": null, "shelter_type": null, "shop": null, "sport": null, "tourism": null, "type": null, "website": null, "building_id": "way/1072528797", "building_type": "apartments", "building_name": "Unnamed Building", "parcel_id": "96" }, "geometry": { "type": "Polygon", "coordinates": [ [ [ 248606.114263058872893, 2556083.617223567795008 ], [ 248601.323160810687114, 2556070.567598888184875 ], [ 248613.796168061788194, 2556066.191703313030303 ], [ 248625.234362591610989, 2556061.844295273069292 ], [ 248629.479158267582534, 2556074.714743888936937 ], [ 248606.114263058872893, 2556083.617223567795008 ] ] ] } },
{ "type": "Feature", "properties": { "id": "way/1072528798", "@id": "way/1072528798", "addr:city": null, "addr:district": null, "addr:housenumber": null, "addr:postcode": null, "addr:street": null, "alt_name": null, "amenity": null, "brand": null, "brand:wikidata": null, "building": "apartments", "building:colour": null, "building:levels": "5", "building:material": null, "club": null, "cuisine": null, "denomination": null, "diet:vegetarian": null, "government": null, "height": null, "landuse": null, "layer": null, "name": null, "name:en": null, "natural": null, "office": null, "opening_hours": null, "payment:cash": null, "phone": null, "religion": null, "roof:material": null, "roof:shape": null, "shelter_type": null, "shop": null, "sport": null, "tourism": null, "type": null, "website": null, "building_id": "way/1072528798", "building_type": "apartments", "building_name": "Unnamed Building", "parcel_id": "96" }, "geometry": { "type": "Polygon", "coordinates": [ [ [ 248588.518719518615399, 2556071.691464920528233 ], [ 248581.901900274737272, 2556051.259808507282287 ], [ 248594.630369691818487, 2556046.225864334497601 ], [ 248602.309376952820458, 2556067.038557989988476 ], [ 248588.518719518615399, 2556071.691464920528233 ] ] ] } },
{ "type": "Feature", "properties": { "id": "way/1072528799", "@id": "way/1072528799", "addr:city": null, "addr:district": null, "addr:housenumber": null, "addr:postcode": null, "addr:street": null, "alt_name": null, "amenity": null, "brand": null, "brand:wikidata": null, "building": "apartments", "building:colour": null, "building:levels": "5", "building:material": null, "club": null, "cuisine": null, "denomination": null, "diet:vegetarian": null, "government": null, "height": null, "landuse": null, "layer": null, "name": null, "name:en": null, "natural": null, "office": null, "opening_hours": null, "payment:cash": null, "phone": null, "religion": null, "roof:material": null, "roof:shape": null, "shelter_type": null, "shop": null, "sport": null, "tourism": null, "type": null, "website": null, "building_id": "way/1072528799", "building_type": "apartments", "building_name": "Unnamed Building", "parcel_id": "96" }, "geometry": { "type": "Polygon", "coordinates": [ [ [ 248605.703558907844126, 2556067.114457827061415 ], [ 248597.761848602356622, 2556045.91836859472096 ], [ 248616.730759383615805, 2556038.319698318839073 ], [ 248624.818698097107699, 2556060.288958656135947 ], [ 248605.703558907844126, 2556067.114457827061415 ] ] ] } },
{ "type": "Feature", "properties": { "id": "way/1072528800", "@id": "way/1072528800", "addr:city": null, "addr:district": null, "addr:housenumber": null, "addr:postcode": null, "addr:street": null, "alt_name": null, "amenity": null, "brand": null, "brand:wikidata": null, "building": "apartments", "building:colour": null, "building:levels": "5", "building:material": null, "club": null, "cuisine": null, "denomination": null, "diet:vegetarian": null, "government": null, "height": null, "landuse": null, "layer": null, "name": null, "name:en": null, "natural": null, "office": null, "opening_hours": null, "payment:cash": null, "phone": null, "religion": null, "roof:material": null, "roof:shape": null, "shelter_type": null, "shop": null, "sport": null, "tourism": null, "type": null, "website": null, "building_id": "way/1072528800", "building_type": "apartments", "building_name": "Unnamed Building", "parcel_id": "95" }, "geometry": { "type": "Polygon", "coordinates": [ [ [ 248552.978322014387231, 2556104.488471256569028 ], [ 248546.973695713299094, 2556086.938494884874672 ], [ 248564.988202363980236, 2556079.887655035592616 ], [ 248570.524956666631624, 2556098.265447209123522 ], [ 248552.978322014387231, 2556104.488471256569028 ] ] ] } },
{ "type": "Feature", "properties": { "id": "way/1072528801", "@id": "way/1072528801", "addr:city": null, "addr:district": null, "addr:housenumber": null, "addr:postcode": null, "addr:street": null, "alt_name": null, "amenity": null, "brand": null, "brand:wikidata": null, "building": "apartments", "building:colour": null, "building:levels": "5", "building:material": null, "club": null, "cuisine": null, "denomination": null, "diet:vegetarian": null, "government": null, "height": null, "landuse": null, "layer": null, "name": null, "name:en": null, "natural": null, "office": null, "opening_hours": null, "payment:cash": null, "phone": null, "religion": null, "roof:material": null, "roof:shape": null, "shelter_type": null, "shop": null, "sport": null, "tourism": null, "type": null, "website": null, "building_id": "way/1072528801", "building_type": "apartments", "building_name": "Unnamed Building", "parcel_id": "95" }, "geometry": { "type": "Polygon", "coordinates": [ [ [ 248546.272583925776416, 2556084.867184652481228 ], [ 248540.171059313841397, 2556067.041831148322672 ], [ 248556.058180993364658, 2556062.098778109997511 ], [ 248562.878140690823784, 2556078.759702307637781 ], [ 248546.272583925776416, 2556084.867184652481228 ] ] ] } },
{ "type": "Feature", "properties": { "id": "way/1072528802", "@id": "way/1072528802", "addr:city": null, "addr:district": null, "addr:housenumber": null, "addr:postcode": null, "addr:street": null, "alt_name": null, "amenity": null, "brand": null, "brand:wikidata": null, "building": "apartments", "building:colour": null, "building:levels": "5", "building:material": null, "club": null, "cuisine": null, "denomination": null, "diet:vegetarian": null, "government": null, "height": null, "landuse": null, "layer": null, "name": null, "name:en": null, "natural": null, "office": null, "opening_hours": null, "payment:cash": null, "phone": null, "religion": null, "roof:material": null, "roof:shape": null, "shelter_type": null, "shop": null, "sport": null, "tourism": null, "type": null, "website": null, "building_id": "way/1072528802", "building_type": "apartments", "building_name": "Unnamed Building", "parcel_id": "95" }, "geometry": { "type": "Polygon", "coordinates": [ [ [ 248576.63400355912745, 2556095.813698835670948 ], [ 248571.7096587861015, 2556082.766321401577443 ], [ 248585.298520860989811, 2556077.695738099515438 ], [ 248590.513879355188692, 2556091.59141030954197 ], [ 248576.63400355912745, 2556095.813698835670948 ] ] ] } },
{ "type": "Feature", "properties": { "id": "way/1072528803", "@id": "way/1072528803", "addr:city": null, "addr:district": null, "addr:housenumber": null, "addr:postcode": null, "addr:street": null, "alt_name": null, "amenity": null, "brand": null, "brand:wikidata": null, "building": "apartments", "building:colour": null, "building:levels": "5", "building:material": null, "club": null, "cuisine": null, "denomination": null, "diet:vegetarian": null, "government": null, "height": null, "landuse": null, "layer": null, "name": null, "name:en": null, "natural": null, "office": null, "opening_hours": null, "payment:cash": null, "phone": null, "religion": null, "roof:material": null, "roof:shape": null, "shelter_type": null, "shop": null, "sport": null, "tourism": null, "type": null, "website": null, "building_id": "way/1072528803", "building_type": "apartments", "building_name": "Unnamed Building", "parcel_id": "95" }, "geometry": { "type": "Polygon", "coordinates": [ [ [ 248571.685631510888925, 2556081.337364296428859 ], [ 248567.430903924338054, 2556069.708089412655681 ], [ 248580.190658662933856, 2556064.097428039181978 ], [ 248585.298520860989811, 2556077.695738099515438 ], [ 248571.685631510888925, 2556081.337364296428859 ] ] ] } },
{ "type": "Feature", "properties": { "id": "way/1341558008", "@id": "way/1341558008", "addr:city": null, "addr:district": null, "addr:housenumber": null, "addr:postcode": null, "addr:street": null, "alt_name": null, "amenity": null, "brand": null, "brand:wikidata": null, "building": "yes", "building:colour": null, "building:levels": null, "building:material": null, "club": null, "cuisine": null, "denomination": null, "diet:vegetarian": null, "government": null, "height": null, "landuse": null, "layer": null, "name": null, "name:en": null, "natural": null, "office": null, "opening_hours": null, "payment:cash": null, "phone": null, "religion": null, "roof:material": null, "roof:shape": null, "shelter_type": null, "shop": null, "sport": null, "tourism": null, "type": null, "website": null, "building_id": "way/1341558008", "building_type": "yes", "building_name": "Unnamed Building", "parcel_id": "53" }, "geometry": { "type": "Polygon", "coordinates": [ [ [ 249103.359160588704981, 2556124.318066202569753 ], [ 249090.795574180490803, 2556090.922399994451553 ], [ 249105.565595484571531, 2556086.597025839146227 ], [ 249116.248973510286305, 2556120.954991012811661 ], [ 249103.359160588704981, 2556124.318066202569753 ] ] ] } },
{ "type": "Feature", "properties": { "id": "way/1341558009", "@id": "way/1341558009", "addr:city": null, "addr:district": null, "addr:housenumber": null, "addr:postcode": null, "addr:street": null, "alt_name": null, "amenity": null, "brand": null, "brand:wikidata": null, "building": "yes", "building:colour": null, "building:levels": null, "building:material": null, "club": null, "cuisine": null, "denomination": null, "diet:vegetarian": null, "government": null, "height": null, "landuse": null, "layer": null, "name": null, "name:en": null, "natural": null, "office": null, "opening_hours": null, "payment:cash": null, "phone": null, "religion": null, "roof:material": null, "roof:shape": null, "shelter_type": null, "shop": null, "sport": null, "tourism": null, "type": null, "website": null, "building_id": "way/1341558009", "building_type": "yes", "building_name": "Unnamed Building", "parcel_id": "137" }, "geometry": { "type": "Polygon", "coordinates": [ [ [ 249123.424873742362252, 2556115.493899871595204 ], [ 249106.255249980749795, 2556070.884703997056931 ], [ 249117.847864490875509, 2556065.349506606347859 ], [ 249136.288493405241752, 2556110.568964187521487 ], [ 249123.424873742362252, 2556115.493899871595204 ] ] ] } },
{ "type": "Feature", "properties": { "id": "way/1341558010", "@id": "way/1341558010", "addr:city": null, "addr:district": null, "addr:housenumber": null, "addr:postcode": null, "addr:street": null, "alt_name": null, "amenity": null, "brand": null, "brand:wikidata": null, "building": "yes", "building:colour": null, "building:levels": null, "building:material": null, "club": null, "cuisine": null, "denomination": null, "diet:vegetarian": null, "government": null, "height": null, "landuse": null, "layer": null, "name": null, "name:en": null, "natural": null, "office": null, "opening_hours": null, "payment:cash": null, "phone": null, "religion": null, "roof:material": null, "roof:shape": null, "shelter_type": null, "shop": null, "sport": null, "tourism": null, "type": null, "website": null, "building_id": "way/1341558010", "building_type": "yes", "building_name": "Unnamed Building", "parcel_id": "137" }, "geometry": { "type": "Polygon", "coordinates": [ [ [ 249142.082185944949742, 2556107.646294693462551 ], [ 249124.912428215728141, 2556063.026004964951426 ], [ 249136.505240328144282, 2556057.501900428440422 ], [ 249154.95606456900714, 2556102.721204368397593 ], [ 249142.082185944949742, 2556107.646294693462551 ] ] ] } },
{ "type": "Feature", "properties": { "id": "way/1341558011", "@id": "way/1341558011", "addr:city": null, "addr:district": null, "addr:housenumber": null, "addr:postcode": null, "addr:street": null, "alt_name": null, "amenity": null, "brand": null, "brand:wikidata": null, "building": "yes", "building:colour": null, "building:levels": null, "building:material": null, "club": null, "cuisine": null, "denomination": null, "diet:vegetarian": null, "government": null, "height": null, "landuse": null, "layer": null, "name": null, "name:en": null, "natural": null, "office": null, "opening_hours": null, "payment:cash": null, "phone": null, "religion": null, "roof:material": null, "roof:shape": null, "shelter_type": null, "shop": null, "sport": null, "tourism": null, "type": null, "website": null, "building_id": "way/1341558011", "building_type": "yes", "building_name": "Unnamed Building", "parcel_id": "137" }, "geometry": { "type": "Polygon", "coordinates": [ [ [ 249160.919270880229305, 2556100.737522254232317 ], [ 249143.749566326965578, 2556056.117215723264962 ], [ 249155.342203635314945, 2556050.582049802877009 ], [ 249173.782912632712396, 2556095.812621187418699 ], [ 249160.919270880229305, 2556100.737522254232317 ] ] ] } },
{ "type": "Feature", "properties": { "id": "way/1341558012", "@id": "way/1341558012", "addr:city": null, "addr:district": null, "addr:housenumber": null, "addr:postcode": null, "addr:street": null, "alt_name": null, "amenity": null, "brand": null, "brand:wikidata": null, "building": "yes", "building:colour": null, "building:levels": null, "building:material": null, "club": null, "cuisine": null, "denomination": null, "diet:vegetarian": null, "government": null, "height": null, "landuse": null, "layer": null, "name": null, "name:en": null, "natural": null, "office": null, "opening_hours": null, "payment:cash": null, "phone": null, "religion": null, "roof:material": null, "roof:shape": null, "shelter_type": null, "shop": null, "sport": null, "tourism": null, "type": null, "website": null, "building_id": "way/1341558012", "building_type": "yes", "building_name": "Unnamed Building", "parcel_id": "137" }, "geometry": { "type": "Polygon", "coordinates": [ [ [ 249178.819145453133387, 2556094.786319174338132 ], [ 249161.649491900287103, 2556050.165996712166816 ], [ 249173.242139190842863, 2556044.630845729727298 ], [ 249191.682796765177045, 2556089.861434540711343 ], [ 249178.819145453133387, 2556094.786319174338132 ] ] ] } },
{ "type": "Feature", "properties": { "id": "way/1341558013", "@id": "way/1341558013", "addr:city": null, "addr:district": null, "addr:housenumber": null, "addr:postcode": null, "addr:street": null, "alt_name": null, "amenity": null, "brand": null, "brand:wikidata": null, "building": "yes", "building:colour": null, "building:levels": null, "building:material": null, "club": null, "cuisine": null, "denomination": null, "diet:vegetarian": null, "government": null, "height": null, "landuse": null, "layer": null, "name": null, "name:en": null, "natural": null, "office": null, "opening_hours": null, "payment:cash": null, "phone": null, "religion": null, "roof:material": null, "roof:shape": null, "shelter_type": null, "shop": null, "sport": null, "tourism": null, "type": null, "website": null, "building_id": "way/1341558013", "building_type": "yes", "building_name": "Unnamed Building", "parcel_id": "137" }, "geometry": { "type": "Polygon", "coordinates": [ [ [ 249198.270767806912772, 2556087.235713848844171 ], [ 249181.10116884065792, 2556042.615374013315886 ], [ 249192.693827869457891, 2556037.080239348579198 ], [ 249211.144678009732161, 2556082.310675296932459 ], [ 249198.270767806912772, 2556087.235713848844171 ] ] ] } },
{ "type": "Feature", "properties": { "id": "way/1341558014", "@id": "way/1341558014", "addr:city": null, "addr:district": null, "addr:housenumber": null, "addr:postcode": null, "addr:street": null, "alt_name": null, "amenity": null, "brand": null, "brand:wikidata": null, "building": "yes", "building:colour": null, "building:levels": null, "building:material": null, "club": null, "cuisine": null, "denomination": null, "diet:vegetarian": null, "government": null, "height": null, "landuse": null, "layer": null, "name": null, "name:en": null, "natural": null, "office": null, "opening_hours": null, "payment:cash": null, "phone": null, "religion": null, "roof:material": null, "roof:shape": null, "shelter_type": null, "shop": null, "sport": null, "tourism": null, "type": null, "website": null, "building_id": "way/1341558014", "building_type": "yes", "building_name": "Unnamed Building", "parcel_id": "137" }, "geometry": { "type": "Polygon", "coordinates": [ [ [ 249215.440709236369003, 2556080.543342800345272 ], [ 249198.271158434596146, 2556035.922987627331167 ], [ 249209.864013625745429, 2556030.398944518528879 ], [ 249228.304381972324336, 2556075.618491964880377 ], [ 249215.440709236369003, 2556080.543342800345272 ] ] ] } },
{ "type": "Feature", "properties": { "id": "way/1341558015", "@id": "way/1341558015", "addr:city": null, "addr:district": null, "addr:housenumber": null, "addr:postcode": null, "addr:street": null, "alt_name": null, "amenity": null, "brand": null, "brand:wikidata": null, "building": "yes", "building:colour": null, "building:levels": null, "building:material": null, "club": null, "cuisine": null, "denomination": null, "diet:vegetarian": null, "government": null, "height": null, "landuse": null, "layer": null, "name": null, "name:en": null, "natural": null, "office": null, "opening_hours": null, "payment:cash": null, "phone": null, "religion": null, "roof:material": null, "roof:shape": null, "shelter_type": null, "shop": null, "sport": null, "tourism": null, "type": null, "website": null, "building_id": "way/1341558015", "building_type": "yes", "building_name": "Unnamed Building", "parcel_id": "137" }, "geometry": { "type": "Polygon", "coordinates": [ [ [ 249234.575589242420392, 2556073.66291687823832 ], [ 249217.39584499708144, 2556029.042716508265585 ], [ 249228.988525500841206, 2556023.507612249348313 ], [ 249247.439272664807504, 2556068.73808365361765 ], [ 249234.575589242420392, 2556073.66291687823832 ] ] ] } },
{ "type": "Feature", "properties": { "id": "way/1341558016", "@id": "way/1341558016", "addr:city": null, "addr:district": null, "addr:housenumber": null, "addr:postcode": null, "addr:street": null, "alt_name": null, "amenity": null, "brand": null, "brand:wikidata": null, "building": "yes", "building:colour": null, "building:levels": null, "building:material": null, "club": null, "cuisine": null, "denomination": null, "diet:vegetarian": null, "government": null, "height": null, "landuse": null, "layer": null, "name": null, "name:en": null, "natural": null, "office": null, "opening_hours": null, "payment:cash": null, "phone": null, "religion": null, "roof:material": null, "roof:shape": null, "shelter_type": null, "shop": null, "sport": null, "tourism": null, "type": null, "website": null, "building_id": "way/1341558016", "building_type": "yes", "building_name": "Unnamed Building", "parcel_id": "137" }, "geometry": { "type": "Polygon", "coordinates": [ [ [ 249228.105556421796791, 2556016.087562245782465 ], [ 249210.935995364910923, 2555971.467192429117858 ], [ 249222.52890705523896, 2555965.943164575379342 ], [ 249240.969290173612535, 2556011.162728155963123 ], [ 249228.105556421796791, 2556016.087562245782465 ] ] ] } },
{ "type": "Feature", "properties": { "id": "way/1341558017", "@id": "way/1341558017", "addr:city": null, "addr:district": null, "addr:housenumber": null, "addr:postcode": null, "addr:street": null, "alt_name": null, "amenity": null, "brand": null, "brand:wikidata": null, "building": "yes", "building:colour": null, "building:levels": null, "building:material": null, "club": null, "cuisine": null, "denomination": null, "diet:vegetarian": null, "government": null, "height": null, "landuse": null, "layer": null, "name": null, "name:en": null, "natural": null, "office": null, "opening_hours": null, "payment:cash": null, "phone": null, "religion": null, "roof:material": null, "roof:shape": null, "shelter_type": null, "shop": null, "sport": null, "tourism": null, "type": null, "website": null, "building_id": "way/1341558017", "building_type": "yes", "building_name": "Unnamed Building", "parcel_id": "137" }, "geometry": { "type": "Polygon", "coordinates": [ [ [ 249209.247285864636069, 2556022.963349044322968 ], [ 249192.077671546372585, 2555978.342996045947075 ], [ 249203.670572236267617, 2555972.818952408619225 ], [ 249222.121256568090757, 2556018.038325731642544 ], [ 249209.247285864636069, 2556022.963349044322968 ] ] ] } },
{ "type": "Feature", "properties": { "id": "way/1341558018", "@id": "way/1341558018", "addr:city": null, "addr:district": null, "addr:housenumber": null, "addr:postcode": null, "addr:street": null, "alt_name": null, "amenity": null, "brand": null, "brand:wikidata": null, "building": "yes", "building:colour": null, "building:levels": null, "building:material": null, "club": null, "cuisine": null, "denomination": null, "diet:vegetarian": null, "government": null, "height": null, "landuse": null, "layer": null, "name": null, "name:en": null, "natural": null, "office": null, "opening_hours": null, "payment:cash": null, "phone": null, "religion": null, "roof:material": null, "roof:shape": null, "shelter_type": null, "shop": null, "sport": null, "tourism": null, "type": null, "website": null, "building_id": "way/1341558018", "building_type": "yes", "building_name": "Unnamed Building", "parcel_id": "137" }, "geometry": { "type": "Polygon", "coordinates": [ [ [ 249191.49130813110969, 2556029.554746543522924 ], [ 249174.321643753588432, 2555984.934409387409687 ], [ 249185.914348196121864, 2555979.399273728486151 ], [ 249204.35502116108546, 2556024.629878730978817 ], [ 249191.49130813110969, 2556029.554746543522924 ] ] ] } },
{ "type": "Feature", "properties": { "id": "way/1341558019", "@id": "way/1341558019", "addr:city": null, "addr:district": null, "addr:housenumber": null, "addr:postcode": null, "addr:street": null, "alt_name": null, "amenity": null, "brand": null, "brand:wikidata": null, "building": "yes", "building:colour": null, "building:levels": null, "building:material": null, "club": null, "cuisine": null, "denomination": null, "diet:vegetarian": null, "government": null, "height": null, "landuse": null, "layer": null, "name": null, "name:en": null, "natural": null, "office": null, "opening_hours": null, "payment:cash": null, "phone": null, "religion": null, "roof:material": null, "roof:shape": null, "shelter_type": null, "shop": null, "sport": null, "tourism": null, "type": null, "website": null, "building_id": "way/1341558019", "building_type": "yes", "building_name": "Unnamed Building", "parcel_id": "137" }, "geometry": { "type": "Polygon", "coordinates": [ [ [ 249172.62842184928013, 2556036.153653881978244 ], [ 249155.458703978307312, 2555991.533333532512188 ], [ 249167.051583444845164, 2555986.009259259328246 ], [ 249185.492124508018605, 2556031.228768724482507 ], [ 249172.62842184928013, 2556036.153653881978244 ] ] ] } },
{ "type": "Feature", "properties": { "id": "way/1341558020", "@id": "way/1341558020", "addr:city": null, "addr:district": null, "addr:housenumber": null, "addr:postcode": null, "addr:street": null, "alt_name": null, "amenity": null, "brand": null, "brand:wikidata": null, "building": "yes", "building:colour": null, "building:levels": null, "building:material": null, "club": null, "cuisine": null, "denomination": null, "diet:vegetarian": null, "government": null, "height": null, "landuse": null, "layer": null, "name": null, "name:en": null, "natural": null, "office": null, "opening_hours": null, "payment:cash": null, "phone": null, "religion": null, "roof:material": null, "roof:shape": null, "shelter_type": null, "shop": null, "sport": null, "tourism": null, "type": null, "website": null, "building_id": "way/1341558020", "building_type": "yes", "building_name": "Unnamed Building", "parcel_id": "137" }, "geometry": { "type": "Polygon", "coordinates": [ [ [ 249122.640598011290422, 2556055.30792902642861 ], [ 249105.470925525267376, 2556010.698730463162065 ], [ 249117.063589215133106, 2556005.163537123706192 ], [ 249135.504271691024769, 2556050.382997760549188 ], [ 249122.640598011290422, 2556055.30792902642861 ] ] ] } },
{ "type": "Feature", "properties": { "id": "way/1341558021", "@id": "way/1341558021", "addr:city": null, "addr:district": null, "addr:housenumber": null, "addr:postcode": null, "addr:street": null, "alt_name": null, "amenity": null, "brand": null, "brand:wikidata": null, "building": "yes", "building:colour": null, "building:levels": null, "building:material": null, "club": null, "cuisine": null, "denomination": null, "diet:vegetarian": null, "government": null, "height": null, "landuse": null, "layer": null, "name": null, "name:en": null, "natural": null, "office": null, "opening_hours": null, "payment:cash": null, "phone": null, "religion": null, "roof:material": null, "roof:shape": null, "shelter_type": null, "shop": null, "sport": null, "tourism": null, "type": null, "website": null, "building_id": "way/1341558021", "building_type": "yes", "building_name": "Unnamed Building", "parcel_id": "137" }, "geometry": { "type": "Polygon", "coordinates": [ [ [ 249104.331319793214789, 2556061.908721419982612 ], [ 249087.161409678519703, 2556017.288462024647743 ], [ 249098.754062745865667, 2556011.753253364935517 ], [ 249117.194983231485821, 2556056.983773300424218 ], [ 249104.331319793214789, 2556061.908721419982612 ] ] ] } },
{ "type": "Feature", "properties": { "id": "way/1341558022", "@id": "way/1341558022", "addr:city": null, "addr:district": null, "addr:housenumber": null, "addr:postcode": null, "addr:street": null, "alt_name": null, "amenity": null, "brand": null, "brand:wikidata": null, "building": "yes", "building:colour": null, "building:levels": null, "building:material": null, "club": null, "cuisine": null, "denomination": null, "diet:vegetarian": null, "government": null, "height": null, "landuse": null, "layer": null, "name": null, "name:en": null, "natural": null, "office": null, "opening_hours": null, "payment:cash": null, "phone": null, "religion": null, "roof:material": null, "roof:shape": null, "shelter_type": null, "shop": null, "sport": null, "tourism": null, "type": null, "website": null, "building_id": "way/1341558022", "building_type": "yes", "building_name": "Unnamed Building", "parcel_id": "137" }, "geometry": { "type": "Polygon", "coordinates": [ [ [ 249148.616129250178346, 2555970.429400390945375 ], [ 249144.299432222003816, 2555958.745647235773504 ], [ 249182.305406789964763, 2555946.351966517046094 ], [ 249185.797621516830986, 2555957.772549604065716 ], [ 249148.616129250178346, 2555970.429400390945375 ] ] ] } },
{ "type": "Feature", "properties": { "id": "way/1341558023", "@id": "way/1341558023", "addr:city": null, "addr:district": null, "addr:housenumber": null, "addr:postcode": null, "addr:street": null, "alt_name": null, "amenity": null, "brand": null, "brand:wikidata": null, "building": "yes", "building:colour": null, "building:levels": null, "building:material": null, "club": null, "cuisine": null, "denomination": null, "diet:vegetarian": null, "government": null, "height": null, "landuse": null, "layer": null, "name": null, "name:en": null, "natural": null, "office": null, "opening_hours": null, "payment:cash": null, "phone": null, "religion": null, "roof:material": null, "roof:shape": null, "shelter_type": null, "shop": null, "sport": null, "tourism": null, "type": null, "website": null, "building_id": "way/1341558023", "building_type": "yes", "building_name": "Unnamed Building", "parcel_id": "137" }, "geometry": { "type": "Polygon", "coordinates": [ [ [ 249141.834570965147577, 2555951.130529369227588 ], [ 249137.517864777270006, 2555939.446777417790145 ], [ 249175.523886612907518, 2555927.053083762060851 ], [ 249179.016295116365654, 2555938.484743064269423 ], [ 249141.834570965147577, 2555951.130529369227588 ] ] ] } },
{ "type": "Feature", "properties": { "id": "way/1341558024", "@id": "way/1341558024", "addr:city": null, "addr:district": null, "addr:housenumber": null, "addr:postcode": null, "addr:street": null, "alt_name": null, "amenity": null, "brand": null, "brand:wikidata": null, "building": "yes", "building:colour": null, "building:levels": null, "building:material": null, "club": null, "cuisine": null, "denomination": null, "diet:vegetarian": null, "government": null, "height": null, "landuse": null, "layer": null, "name": null, "name:en": null, "natural": null, "office": null, "opening_hours": null, "payment:cash": null, "phone": null, "religion": null, "roof:material": null, "roof:shape": null, "shelter_type": null, "shop": null, "sport": null, "tourism": null, "type": null, "website": null, "building_id": "way/1341558024", "building_type": "yes", "building_name": "Unnamed Building", "parcel_id": "137" }, "geometry": { "type": "Polygon", "coordinates": [ [ [ 249135.204614246496931, 2555932.926063561346382 ], [ 249130.887899229477625, 2555921.242312795948237 ], [ 249168.893965524242958, 2555908.848606327082962 ], [ 249172.386381742457161, 2555920.280264711007476 ], [ 249135.204614246496931, 2555932.926063561346382 ] ] ] } },
{ "type": "Feature", "properties": { "id": "way/1341558025", "@id": "way/1341558025", "addr:city": null, "addr:district": null, "addr:housenumber": null, "addr:postcode": null, "addr:street": null, "alt_name": null, "amenity": null, "brand": null, "brand:wikidata": null, "building": "yes", "building:colour": null, "building:levels": null, "building:material": null, "club": null, "cuisine": null, "denomination": null, "diet:vegetarian": null, "government": null, "height": null, "landuse": null, "layer": null, "name": null, "name:en": null, "natural": null, "office": null, "opening_hours": null, "payment:cash": null, "phone": null, "religion": null, "roof:material": null, "roof:shape": null, "shelter_type": null, "shop": null, "sport": null, "tourism": null, "type": null, "website": null, "building_id": "way/1341558025", "building_type": "yes", "building_name": "Unnamed Building", "parcel_id": "137" }, "geometry": { "type": "Polygon", "coordinates": [ [ [ 249144.063327242445666, 2556026.549786895979196 ], [ 249106.67931292791036, 2555928.761991470586509 ], [ 249119.546574796870118, 2555925.266353515908122 ], [ 249156.358742491924204, 2556021.966818323824555 ], [ 249144.063327242445666, 2556026.549786895979196 ] ] ] } },
{ "type": "Feature", "properties": { "id": "way/1341558026", "@id": "way/1341558026", "addr:city": null, "addr:district": null, "addr:housenumber": null, "addr:postcode": null, "addr:street": null, "alt_name": null, "amenity": null, "brand": null, "brand:wikidata": null, "building": "yes", "building:colour": null, "building:levels": null, "building:material": null, "club": null, "cuisine": null, "denomination": null, "diet:vegetarian": null, "government": null, "height": null, "landuse": null, "layer": null, "name": null, "name:en": null, "natural": null, "office": null, "opening_hours": null, "payment:cash": null, "phone": null, "religion": null, "roof:material": null, "roof:shape": null, "shelter_type": null, "shop": null, "sport": null, "tourism": null, "type": null, "website": null, "building_id": "way/1341558026", "building_type": "yes", "building_name": "Unnamed Building", "parcel_id": "49" }, "geometry": { "type": "Polygon", "coordinates": [ [ [ 249026.786109469190706, 2556031.332070446107537 ], [ 249019.406075618753675, 2556013.63884429493919 ], [ 249036.886287087749224, 2556006.497851119376719 ], [ 249039.339717417868087, 2556012.20734081370756 ], [ 249042.558248326386092, 2556010.978815564420074 ], [ 249040.035130966745783, 2556005.392378078773618 ], [ 249057.499116489314474, 2555999.115945146884769 ], [ 249064.045522439177148, 2556016.612649540416896 ], [ 249046.446850632230053, 2556022.802695041988045 ], [ 249044.373909118905431, 2556016.554965620394796 ], [ 249041.279651659919182, 2556017.858966915402561 ], [ 249043.757663951488212, 2556023.811810626648366 ], [ 249026.786109469190706, 2556031.332070446107537 ] ] ] } },
{ "type": "Feature", "properties": { "id": "way/1341558027", "@id": "way/1341558027", "addr:city": null, "addr:district": null, "addr:housenumber": null, "addr:postcode": null, "addr:street": null, "alt_name": null, "amenity": null, "brand": null, "brand:wikidata": null, "building": "yes", "building:colour": null, "building:levels": null, "building:material": null, "club": null, "cuisine": null, "denomination": null, "diet:vegetarian": null, "government": null, "height": null, "landuse": null, "layer": null, "name": null, "name:en": null, "natural": null, "office": null, "opening_hours": null, "payment:cash": null, "phone": null, "religion": null, "roof:material": null, "roof:shape": null, "shelter_type": null, "shop": null, "sport": null, "tourism": null, "type": null, "website": null, "building_id": "way/1341558027", "building_type": "yes", "building_name": "Unnamed Building", "parcel_id": "49" }, "geometry": { "type": "Polygon", "coordinates": [ [ [ 249068.822987217834452, 2556015.435531327035278 ], [ 249061.442999844584847, 2555997.742288637440652 ], [ 249078.923245490703266, 2555990.601348252035677 ], [ 249081.37666087722755, 2555996.310843492392451 ], [ 249084.595383695734199, 2555995.093405096791685 ], [ 249082.061847395962104, 2555989.496056623291224 ], [ 249099.525864537514281, 2555983.219676181208342 ], [ 249106.082471562316641, 2556000.716222804971039 ], [ 249088.473706570861395, 2556006.917464542668313 ], [ 249086.400781867501792, 2556000.669730831403285 ], [ 249083.30633237058646, 2556001.962645615451038 ], [ 249085.784514895291068, 2556007.926572032738477 ], [ 249068.822987217834452, 2556015.435531327035278 ] ] ] } },
{ "type": "Feature", "properties": { "id": "way/1341558028", "@id": "way/1341558028", "addr:city": null, "addr:district": null, "addr:housenumber": null, "addr:postcode": null, "addr:street": null, "alt_name": null, "amenity": null, "brand": null, "brand:wikidata": null, "building": "yes", "building:colour": null, "building:levels": null, "building:material": null, "club": null, "cuisine": null, "denomination": null, "diet:vegetarian": null, "government": null, "height": null, "landuse": null, "layer": null, "name": null, "name:en": null, "natural": null, "office": null, "opening_hours": null, "payment:cash": null, "phone": null, "religion": null, "roof:material": null, "roof:shape": null, "shelter_type": null, "shop": null, "sport": null, "tourism": null, "type": null, "website": null, "building_id": "way/1341558028", "building_type": "yes", "building_name": "Unnamed Building", "parcel_id": "49" }, "geometry": { "type": "Polygon", "coordinates": [ [ [ 249033.840748191665625, 2555975.280414316803217 ], [ 249028.792745226004627, 2555956.063287428580225 ], [ 249051.198536696843803, 2555950.457374496851116 ], [ 249054.950502347404836, 2555968.798752659931779 ], [ 249033.840748191665625, 2555975.280414316803217 ] ] ] } },
{ "type": "Feature", "properties": { "id": "way/1341558029", "@id": "way/1341558029", "addr:city": null, "addr:district": null, "addr:housenumber": null, "addr:postcode": null, "addr:street": null, "alt_name": null, "amenity": null, "brand": null, "brand:wikidata": null, "building": "yes", "building:colour": null, "building:levels": null, "building:material": null, "club": null, "cuisine": null, "denomination": null, "diet:vegetarian": null, "government": null, "height": null, "landuse": null, "layer": null, "name": null, "name:en": null, "natural": null, "office": null, "opening_hours": null, "payment:cash": null, "phone": null, "religion": null, "roof:material": null, "roof:shape": null, "shelter_type": null, "shop": null, "sport": null, "tourism": null, "type": null, "website": null, "building_id": "way/1341558029", "building_type": "yes", "building_name": "Unnamed Building", "parcel_id": "49" }, "geometry": { "type": "Polygon", "coordinates": [ [ [ 249058.090828328247881, 2555966.574319370090961 ], [ 249053.086563751916401, 2555949.350903632119298 ], [ 249075.448851732828189, 2555941.762389723677188 ], [ 249080.643682072113734, 2555959.348261695355177 ], [ 249058.090828328247881, 2555966.574319370090961 ] ] ] } },
{ "type": "Feature", "properties": { "id": "way/1341558030", "@id": "way/1341558030", "addr:city": null, "addr:district": null, "addr:housenumber": null, "addr:postcode": null, "addr:street": null, "alt_name": null, "amenity": null, "brand": null, "brand:wikidata": null, "building": "yes", "building:colour": null, "building:levels": null, "building:material": null, "club": null, "cuisine": null, "denomination": null, "diet:vegetarian": null, "government": null, "height": null, "landuse": null, "layer": null, "name": null, "name:en": null, "natural": null, "office": null, "opening_hours": null, "payment:cash": null, "phone": null, "religion": null, "roof:material": null, "roof:shape": null, "shelter_type": null, "shop": null, "sport": null, "tourism": null, "type": null, "website": null, "building_id": "way/1341558030", "building_type": "yes", "building_name": "Unnamed Building", "parcel_id": "49" }, "geometry": { "type": "Polygon", "coordinates": [ [ [ 249019.165514974331018, 2556009.07780593354255 ], [ 249011.734542566060554, 2555987.740024122875184 ], [ 249030.850101722287945, 2555980.926147757098079 ], [ 249037.356928460882045, 2556001.559227835852653 ], [ 249019.165514974331018, 2556009.07780593354255 ] ] ] } },
{ "type": "Feature", "properties": { "id": "way/1341558031", "@id": "way/1341558031", "addr:city": null, "addr:district": null, "addr:housenumber": null, "addr:postcode": null, "addr:street": null, "alt_name": null, "amenity": null, "brand": null, "brand:wikidata": null, "building": "yes", "building:colour": null, "building:levels": null, "building:material": null, "club": null, "cuisine": null, "denomination": null, "diet:vegetarian": null, "government": null, "height": null, "landuse": null, "layer": null, "name": null, "name:en": null, "natural": null, "office": null, "opening_hours": null, "payment:cash": null, "phone": null, "religion": null, "roof:material": null, "roof:shape": null, "shelter_type": null, "shop": null, "sport": null, "tourism": null, "type": null, "website": null, "building_id": "way/1341558031", "building_type": "yes", "building_name": "Unnamed Building", "parcel_id": "49" }, "geometry": { "type": "Polygon", "coordinates": [ [ [ 249010.978144425753271, 2555986.035276202484965 ], [ 249003.547152634389931, 2555964.697496868204325 ], [ 249022.662739948777016, 2555957.883612602483481 ], [ 249029.169584345625481, 2555978.516690558753908 ], [ 249010.978144425753271, 2555986.035276202484965 ] ] ] } },
{ "type": "Feature", "properties": { "id": "way/1341558032", "@id": "way/1341558032", "addr:city": null, "addr:district": null, "addr:housenumber": null, "addr:postcode": null, "addr:street": null, "alt_name": null, "amenity": null, "brand": null, "brand:wikidata": null, "building": "yes", "building:colour": null, "building:levels": null, "building:material": null, "club": null, "cuisine": null, "denomination": null, "diet:vegetarian": null, "government": null, "height": null, "landuse": null, "layer": null, "name": null, "name:en": null, "natural": null, "office": null, "opening_hours": null, "payment:cash": null, "phone": null, "religion": null, "roof:material": null, "roof:shape": null, "shelter_type": null, "shop": null, "sport": null, "tourism": null, "type": null, "website": null, "building_id": "way/1341558032", "building_type": "yes", "building_name": "Unnamed Building", "parcel_id": "49" }, "geometry": { "type": "Polygon", "coordinates": [ [ [ 249109.693974228808656, 2555999.082229615654796 ], [ 249102.827443160058465, 2555978.998097660019994 ], [ 249115.613686438213335, 2555973.730966940987855 ], [ 249123.033571193926036, 2555993.805819341912866 ], [ 249109.693974228808656, 2555999.082229615654796 ] ] ] } },
{ "type": "Feature", "properties": { "id": "way/1341558033", "@id": "way/1341558033", "addr:city": null, "addr:district": null, "addr:housenumber": null, "addr:postcode": null, "addr:street": null, "alt_name": null, "amenity": null, "brand": null, "brand:wikidata": null, "building": "yes", "building:colour": null, "building:levels": null, "building:material": null, "club": null, "cuisine": null, "denomination": null, "diet:vegetarian": null, "government": null, "height": null, "landuse": null, "layer": null, "name": null, "name:en": null, "natural": null, "office": null, "opening_hours": null, "payment:cash": null, "phone": null, "religion": null, "roof:material": null, "roof:shape": null, "shelter_type": null, "shop": null, "sport": null, "tourism": null, "type": null, "website": null, "building_id": "way/1341558033", "building_type": "yes", "building_name": "Unnamed Building", "parcel_id": "49" }, "geometry": { "type": "Polygon", "coordinates": [ [ [ 249097.525072858115891, 2555976.383476423099637 ], [ 249090.697735455818474, 2555958.636628075037152 ], [ 249096.823285020334879, 2555956.550479754339904 ], [ 249095.517478171939729, 2555953.868802378885448 ], [ 249090.091046347690281, 2555954.857353670522571 ], [ 249083.828192418819526, 2555938.375267166178674 ], [ 249101.673133302479982, 2555931.582812033593655 ], [ 249107.22362708352739, 2555948.985438251402229 ], [ 249101.453580562432762, 2555950.877252443693578 ], [ 249102.759572338312864, 2555953.570007408503443 ], [ 249108.346115839463891, 2555951.127258712425828 ], [ 249114.460907052562106, 2555969.783569843973964 ], [ 249097.525072858115891, 2555976.383476423099637 ] ] ] } },
{ "type": "Feature", "properties": { "id": "way/1341558034", "@id": "way/1341558034", "addr:city": null, "addr:district": null, "addr:housenumber": null, "addr:postcode": null, "addr:street": null, "alt_name": null, "amenity": null, "brand": null, "brand:wikidata": null, "building": "yes", "building:colour": null, "building:levels": null, "building:material": null, "club": null, "cuisine": null, "denomination": null, "diet:vegetarian": null, "government": null, "height": null, "landuse": null, "layer": null, "name": null, "name:en": null, "natural": null, "office": null, "opening_hours": null, "payment:cash": null, "phone": null, "religion": null, "roof:material": null, "roof:shape": null, "shelter_type": null, "shop": null, "sport": null, "tourism": null, "type": null, "website": null, "building_id": "way/1341558034", "building_type": "yes", "building_name": "Unnamed Building", "parcel_id": "15" }, "geometry": { "type": "Polygon", "coordinates": [ [ [ 248588.935931210988201, 2556367.174403310753405 ], [ 248582.631451610854128, 2556348.244424936361611 ], [ 248597.863373995292932, 2556342.758384948596358 ], [ 248604.167835066153202, 2556361.688368051778525 ], [ 248588.935931210988201, 2556367.174403310753405 ] ] ] } },
{ "type": "Feature", "properties": { "id": "way/1341558035", "@id": "way/1341558035", "addr:city": null, "addr:district": null, "addr:housenumber": null, "addr:postcode": null, "addr:street": null, "alt_name": null, "amenity": null, "brand": null, "brand:wikidata": null, "building": "yes", "building:colour": null, "building:levels": null, "building:material": null, "club": null, "cuisine": null, "denomination": null, "diet:vegetarian": null, "government": null, "height": null, "landuse": null, "layer": null, "name": null, "name:en": null, "natural": null, "office": null, "opening_hours": null, "payment:cash": null, "phone": null, "religion": null, "roof:material": null, "roof:shape": null, "shelter_type": null, "shop": null, "sport": null, "tourism": null, "type": null, "website": null, "building_id": "way/1341558035", "building_type": "yes", "building_name": "Unnamed Building", "parcel_id": "64" }, "geometry": { "type": "Polygon", "coordinates": [ [ [ 248610.448746890207985, 2556358.491350260563195 ], [ 248604.154354349011555, 2556339.550115700345486 ], [ 248619.376044071541401, 2556334.06427151337266 ], [ 248625.680479219328845, 2556352.994261312298477 ], [ 248610.448746890207985, 2556358.491350260563195 ] ] ] } },
{ "type": "Feature", "properties": { "id": "way/1341558036", "@id": "way/1341558036", "addr:city": null, "addr:district": null, "addr:housenumber": null, "addr:postcode": null, "addr:street": null, "alt_name": null, "amenity": null, "brand": null, "brand:wikidata": null, "building": "yes", "building:colour": null, "building:levels": null, "building:material": null, "club": null, "cuisine": null, "denomination": null, "diet:vegetarian": null, "government": null, "height": null, "landuse": null, "layer": null, "name": null, "name:en": null, "natural": null, "office": null, "opening_hours": null, "payment:cash": null, "phone": null, "religion": null, "roof:material": null, "roof:shape": null, "shelter_type": null, "shop": null, "sport": null, "tourism": null, "type": null, "website": null, "building_id": "way/1341558036", "building_type": "yes", "building_name": "Unnamed Building", "parcel_id": "64" }, "geometry": { "type": "Polygon", "coordinates": [ [ [ 248628.294127641158411, 2556351.764724426437169 ], [ 248621.989695598982507, 2556332.834733811672777 ], [ 248637.211210774315987, 2556327.33783185807988 ], [ 248643.515624303865479, 2556346.267827198840678 ], [ 248628.294127641158411, 2556351.764724426437169 ] ] ] } },
{ "type": "Feature", "properties": { "id": "way/1341558037", "@id": "way/1341558037", "addr:city": null, "addr:district": null, "addr:housenumber": null, "addr:postcode": null, "addr:street": null, "alt_name": null, "amenity": null, "brand": null, "brand:wikidata": null, "building": "yes", "building:colour": null, "building:levels": null, "building:material": null, "club": null, "cuisine": null, "denomination": null, "diet:vegetarian": null, "government": null, "height": null, "landuse": null, "layer": null, "name": null, "name:en": null, "natural": null, "office": null, "opening_hours": null, "payment:cash": null, "phone": null, "religion": null, "roof:material": null, "roof:shape": null, "shelter_type": null, "shop": null, "sport": null, "tourism": null, "type": null, "website": null, "building_id": "way/1341558037", "building_type": "yes", "building_name": "Unnamed Building", "parcel_id": "64" }, "geometry": { "type": "Polygon", "coordinates": [ [ [ 248647.787493734591408, 2556344.290196062065661 ], [ 248641.49333268191549, 2556325.360027112066746 ], [ 248656.715046998404432, 2556319.874223592691123 ], [ 248663.019436918053543, 2556338.804224996361881 ], [ 248647.787493734591408, 2556344.290196062065661 ] ] ] } },
{ "type": "Feature", "properties": { "id": "way/1341558038", "@id": "way/1341558038", "addr:city": null, "addr:district": null, "addr:housenumber": null, "addr:postcode": null, "addr:street": null, "alt_name": null, "amenity": null, "brand": null, "brand:wikidata": null, "building": "yes", "building:colour": null, "building:levels": null, "building:material": null, "club": null, "cuisine": null, "denomination": null, "diet:vegetarian": null, "government": null, "height": null, "landuse": null, "layer": null, "name": null, "name:en": null, "natural": null, "office": null, "opening_hours": null, "payment:cash": null, "phone": null, "religion": null, "roof:material": null, "roof:shape": null, "shelter_type": null, "shop": null, "sport": null, "tourism": null, "type": null, "website": null, "building_id": "way/1341558038", "building_type": "yes", "building_name": "Unnamed Building", "parcel_id": "64" }, "geometry": { "type": "Polygon", "coordinates": [ [ [ 248666.586097127466928, 2556337.558675006497651 ], [ 248660.281525344908005, 2556318.617595311719924 ], [ 248675.513499014894478, 2556313.131639963947237 ], [ 248681.807618672464741, 2556332.061819450929761 ], [ 248666.586097127466928, 2556337.558675006497651 ] ] ] } },
{ "type": "Feature", "properties": { "id": "way/1341558039", "@id": "way/1341558039", "addr:city": null, "addr:district": null, "addr:housenumber": null, "addr:postcode": null, "addr:street": null, "alt_name": null, "amenity": null, "brand": null, "brand:wikidata": null, "building": "yes", "building:colour": null, "building:levels": null, "building:material": null, "club": null, "cuisine": null, "denomination": null, "diet:vegetarian": null, "government": null, "height": null, "landuse": null, "layer": null, "name": null, "name:en": null, "natural": null, "office": null, "opening_hours": null, "payment:cash": null, "phone": null, "religion": null, "roof:material": null, "roof:shape": null, "shelter_type": null, "shop": null, "sport": null, "tourism": null, "type": null, "website": null, "building_id": "way/1341558039", "building_type": "yes", "building_name": "Unnamed Building", "parcel_id": "64" }, "geometry": { "type": "Polygon", "coordinates": [ [ [ 248686.309420972829685, 2556329.127428472507745 ], [ 248680.005059049493866, 2556310.197419815231115 ], [ 248695.236860513628926, 2556304.700408873613924 ], [ 248701.531142701947829, 2556323.641671676188707 ], [ 248686.309420972829685, 2556329.127428472507745 ] ] ] } },
{ "type": "Feature", "properties": { "id": "way/1341558040", "@id": "way/1341558040", "addr:city": null, "addr:district": null, "addr:housenumber": null, "addr:postcode": null, "addr:street": null, "alt_name": null, "amenity": null, "brand": null, "brand:wikidata": null, "building": "yes", "building:colour": null, "building:levels": null, "building:material": null, "club": null, "cuisine": null, "denomination": null, "diet:vegetarian": null, "government": null, "height": null, "landuse": null, "layer": null, "name": null, "name:en": null, "natural": null, "office": null, "opening_hours": null, "payment:cash": null, "phone": null, "religion": null, "roof:material": null, "roof:shape": null, "shelter_type": null, "shop": null, "sport": null, "tourism": null, "type": null, "website": null, "building_id": "way/1341558040", "building_type": "yes", "building_name": "Unnamed Building", "parcel_id": "74/1" }, "geometry": { "type": "Polygon", "coordinates": [ [ [ 248683.45522512376192, 2556095.890526400879025 ], [ 248678.951297905790852, 2556084.065972366370261 ], [ 248702.265721301722806, 2556075.818197224289179 ], [ 248705.353225858183578, 2556088.143013494089246 ], [ 248683.45522512376192, 2556095.890526400879025 ] ] ] } },
{ "type": "Feature", "properties": { "id": "way/1341558041", "@id": "way/1341558041", "addr:city": null, "addr:district": null, "addr:housenumber": null, "addr:postcode": null, "addr:street": null, "alt_name": null, "amenity": null, "brand": null, "brand:wikidata": null, "building": "yes", "building:colour": null, "building:levels": null, "building:material": null, "club": null, "cuisine": null, "denomination": null, "diet:vegetarian": null, "government": null, "height": null, "landuse": null, "layer": null, "name": null, "name:en": null, "natural": null, "office": null, "opening_hours": null, "payment:cash": null, "phone": null, "religion": null, "roof:material": null, "roof:shape": null, "shelter_type": null, "shop": null, "sport": null, "tourism": null, "type": null, "website": null, "building_id": "way/1341558041", "building_type": "yes", "building_name": "Unnamed Building", "parcel_id": "74/1" }, "geometry": { "type": "Polygon", "coordinates": [ [ [ 248689.453943926288048, 2556110.65948129305616 ], [ 248684.950024604535429, 2556098.834926108829677 ], [ 248708.264612413477153, 2556090.598235527984798 ], [ 248711.341862849571044, 2556102.923224712722003 ], [ 248689.453943926288048, 2556110.65948129305616 ] ] ] } },
{ "type": "Feature", "properties": { "id": "way/1341558042", "@id": "way/1341558042", "addr:city": null, "addr:district": null, "addr:housenumber": null, "addr:postcode": null, "addr:street": null, "alt_name": null, "amenity": null, "brand": null, "brand:wikidata": null, "building": "yes", "building:colour": null, "building:levels": null, "building:material": null, "club": null, "cuisine": null, "denomination": null, "diet:vegetarian": null, "government": null, "height": null, "landuse": null, "layer": null, "name": null, "name:en": null, "natural": null, "office": null, "opening_hours": null, "payment:cash": null, "phone": null, "religion": null, "roof:material": null, "roof:shape": null, "shelter_type": null, "shop": null, "sport": null, "tourism": null, "type": null, "website": null, "building_id": "way/1341558042", "building_type": "yes", "building_name": "Unnamed Building", "parcel_id": "74/1" }, "geometry": { "type": "Polygon", "coordinates": [ [ [ 248698.593678956851363, 2556134.228815039619803 ], [ 248694.089771878381725, 2556122.404258117545396 ], [ 248717.404324816423468, 2556114.1675786213018 ], [ 248720.481565143156331, 2556126.492568864487112 ], [ 248698.593678956851363, 2556134.228815039619803 ] ] ] } },
{ "type": "Feature", "properties": { "id": "way/1341558043", "@id": "way/1341558043", "addr:city": null, "addr:district": null, "addr:housenumber": null, "addr:postcode": null, "addr:street": null, "alt_name": null, "amenity": null, "brand": null, "brand:wikidata": null, "building": "yes", "building:colour": null, "building:levels": null, "building:material": null, "club": null, "cuisine": null, "denomination": null, "diet:vegetarian": null, "government": null, "height": null, "landuse": null, "layer": null, "name": null, "name:en": null, "natural": null, "office": null, "opening_hours": null, "payment:cash": null, "phone": null, "religion": null, "roof:material": null, "roof:shape": null, "shelter_type": null, "shop": null, "sport": null, "tourism": null, "type": null, "website": null, "building_id": "way/1341558043", "building_type": "yes", "building_name": "Unnamed Building", "parcel_id": "74/1" }, "geometry": { "type": "Polygon", "coordinates": [ [ [ 248703.387641564651858, 2556148.674531190656126 ], [ 248698.883741329133045, 2556136.849973388016224 ], [ 248722.198086437099846, 2556128.602222205139697 ], [ 248725.275321252993308, 2556140.927212994080037 ], [ 248703.387641564651858, 2556148.674531190656126 ] ] ] } },
{ "type": "Feature", "properties": { "id": "way/1341558043", "@id": "way/1341558043", "addr:city": null, "addr:district": null, "addr:housenumber": null, "addr:postcode": null, "addr:street": null, "alt_name": null, "amenity": null, "brand": null, "brand:wikidata": null, "building": "yes", "building:colour": null, "building:levels": null, "building:material": null, "club": null, "cuisine": null, "denomination": null, "diet:vegetarian": null, "government": null, "height": null, "landuse": null, "layer": null, "name": null, "name:en": null, "natural": null, "office": null, "opening_hours": null, "payment:cash": null, "phone": null, "religion": null, "roof:material": null, "roof:shape": null, "shelter_type": null, "shop": null, "sport": null, "tourism": null, "type": null, "website": null, "building_id": "way/1341558043", "building_type": "yes", "building_name": "Unnamed Building", "parcel_id": "72" }, "geometry": { "type": "Polygon", "coordinates": [ [ [ 248703.387641564651858, 2556148.674531190656126 ], [ 248698.883741329133045, 2556136.849973388016224 ], [ 248722.198086437099846, 2556128.602222205139697 ], [ 248725.275321252993308, 2556140.927212994080037 ], [ 248703.387641564651858, 2556148.674531190656126 ] ] ] } },
{ "type": "Feature", "properties": { "id": "way/1341558044", "@id": "way/1341558044", "addr:city": null, "addr:district": null, "addr:housenumber": null, "addr:postcode": null, "addr:street": null, "alt_name": null, "amenity": null, "brand": null, "brand:wikidata": null, "building": "yes", "building:colour": null, "building:levels": null, "building:material": null, "club": null, "cuisine": null, "denomination": null, "diet:vegetarian": null, "government": null, "height": null, "landuse": null, "layer": null, "name": null, "name:en": null, "natural": null, "office": null, "opening_hours": null, "payment:cash": null, "phone": null, "religion": null, "roof:material": null, "roof:shape": null, "shelter_type": null, "shop": null, "sport": null, "tourism": null, "type": null, "website": null, "building_id": "way/1341558044", "building_type": "yes", "building_name": "Unnamed Building", "parcel_id": "74/1" }, "geometry": { "type": "Polygon", "coordinates": [ [ [ 248734.6784845967195, 2556138.087764258496463 ], [ 248728.396845944836969, 2556120.509153274353594 ], [ 248761.041006236657267, 2556109.323532845359296 ], [ 248767.319444114749786, 2556126.713842193130404 ], [ 248734.6784845967195, 2556138.087764258496463 ] ] ] } },
{ "type": "Feature", "properties": { "id": "way/1341558044", "@id": "way/1341558044", "addr:city": null, "addr:district": null, "addr:housenumber": null, "addr:postcode": null, "addr:street": null, "alt_name": null, "amenity": null, "brand": null, "brand:wikidata": null, "building": "yes", "building:colour": null, "building:levels": null, "building:material": null, "club": null, "cuisine": null, "denomination": null, "diet:vegetarian": null, "government": null, "height": null, "landuse": null, "layer": null, "name": null, "name:en": null, "natural": null, "office": null, "opening_hours": null, "payment:cash": null, "phone": null, "religion": null, "roof:material": null, "roof:shape": null, "shelter_type": null, "shop": null, "sport": null, "tourism": null, "type": null, "website": null, "building_id": "way/1341558044", "building_type": "yes", "building_name": "Unnamed Building", "parcel_id": "72" }, "geometry": { "type": "Polygon", "coordinates": [ [ [ 248734.6784845967195, 2556138.087764258496463 ], [ 248728.396845944836969, 2556120.509153274353594 ], [ 248761.041006236657267, 2556109.323532845359296 ], [ 248767.319444114749786, 2556126.713842193130404 ], [ 248734.6784845967195, 2556138.087764258496463 ] ] ] } },
{ "type": "Feature", "properties": { "id": "way/1341558045", "@id": "way/1341558045", "addr:city": null, "addr:district": null, "addr:housenumber": null, "addr:postcode": null, "addr:street": null, "alt_name": null, "amenity": null, "brand": null, "brand:wikidata": null, "building": "yes", "building:colour": null, "building:levels": null, "building:material": null, "club": null, "cuisine": null, "denomination": null, "diet:vegetarian": null, "government": null, "height": null, "landuse": null, "layer": null, "name": null, "name:en": null, "natural": null, "office": null, "opening_hours": null, "payment:cash": null, "phone": null, "religion": null, "roof:material": null, "roof:shape": null, "shelter_type": null, "shop": null, "sport": null, "tourism": null, "type": null, "website": null, "building_id": "way/1341558045", "building_type": "yes", "building_name": "Unnamed Building", "parcel_id": "94" }, "geometry": { "type": "Polygon", "coordinates": [ [ [ 248771.760005542950239, 2556125.010428821202368 ], [ 248765.478594699205132, 2556107.442883235402405 ], [ 248798.122617442975752, 2556096.246271873358637 ], [ 248804.401014113711426, 2556113.636593037750572 ], [ 248771.760005542950239, 2556125.010428821202368 ] ] ] } },
{ "type": "Feature", "properties": { "id": "way/1341558045", "@id": "way/1341558045", "addr:city": null, "addr:district": null, "addr:housenumber": null, "addr:postcode": null, "addr:street": null, "alt_name": null, "amenity": null, "brand": null, "brand:wikidata": null, "building": "yes", "building:colour": null, "building:levels": null, "building:material": null, "club": null, "cuisine": null, "denomination": null, "diet:vegetarian": null, "government": null, "height": null, "landuse": null, "layer": null, "name": null, "name:en": null, "natural": null, "office": null, "opening_hours": null, "payment:cash": null, "phone": null, "religion": null, "roof:material": null, "roof:shape": null, "shelter_type": null, "shop": null, "sport": null, "tourism": null, "type": null, "website": null, "building_id": "way/1341558045", "building_type": "yes", "building_name": "Unnamed Building", "parcel_id": "74/1" }, "geometry": { "type": "Polygon", "coordinates": [ [ [ 248771.760005542950239, 2556125.010428821202368 ], [ 248765.478594699205132, 2556107.442883235402405 ], [ 248798.122617442975752, 2556096.246271873358637 ], [ 248804.401014113711426, 2556113.636593037750572 ], [ 248771.760005542950239, 2556125.010428821202368 ] ] ] } },
{ "type": "Feature", "properties": { "id": "way/1341558045", "@id": "way/1341558045", "addr:city": null, "addr:district": null, "addr:housenumber": null, "addr:postcode": null, "addr:street": null, "alt_name": null, "amenity": null, "brand": null, "brand:wikidata": null, "building": "yes", "building:colour": null, "building:levels": null, "building:material": null, "club": null, "cuisine": null, "denomination": null, "diet:vegetarian": null, "government": null, "height": null, "landuse": null, "layer": null, "name": null, "name:en": null, "natural": null, "office": null, "opening_hours": null, "payment:cash": null, "phone": null, "religion": null, "roof:material": null, "roof:shape": null, "shelter_type": null, "shop": null, "sport": null, "tourism": null, "type": null, "website": null, "building_id": "way/1341558045", "building_type": "yes", "building_name": "Unnamed Building", "parcel_id": "72" }, "geometry": { "type": "Polygon", "coordinates": [ [ [ 248771.760005542950239, 2556125.010428821202368 ], [ 248765.478594699205132, 2556107.442883235402405 ], [ 248798.122617442975752, 2556096.246271873358637 ], [ 248804.401014113711426, 2556113.636593037750572 ], [ 248771.760005542950239, 2556125.010428821202368 ] ] ] } },
{ "type": "Feature", "properties": { "id": "way/1341558045", "@id": "way/1341558045", "addr:city": null, "addr:district": null, "addr:housenumber": null, "addr:postcode": null, "addr:street": null, "alt_name": null, "amenity": null, "brand": null, "brand:wikidata": null, "building": "yes", "building:colour": null, "building:levels": null, "building:material": null, "club": null, "cuisine": null, "denomination": null, "diet:vegetarian": null, "government": null, "height": null, "landuse": null, "layer": null, "name": null, "name:en": null, "natural": null, "office": null, "opening_hours": null, "payment:cash": null, "phone": null, "religion": null, "roof:material": null, "roof:shape": null, "shelter_type": null, "shop": null, "sport": null, "tourism": null, "type": null, "website": null, "building_id": "way/1341558045", "building_type": "yes", "building_name": "Unnamed Building", "parcel_id": "132" }, "geometry": { "type": "Polygon", "coordinates": [ [ [ 248771.760005542950239, 2556125.010428821202368 ], [ 248765.478594699205132, 2556107.442883235402405 ], [ 248798.122617442975752, 2556096.246271873358637 ], [ 248804.401014113711426, 2556113.636593037750572 ], [ 248771.760005542950239, 2556125.010428821202368 ] ] ] } },
{ "type": "Feature", "properties": { "id": "way/1341558046", "@id": "way/1341558046", "addr:city": null, "addr:district": null, "addr:housenumber": null, "addr:postcode": null, "addr:street": null, "alt_name": null, "amenity": null, "brand": null, "brand:wikidata": null, "building": "yes", "building:colour": null, "building:levels": null, "building:material": null, "club": null, "cuisine": null, "denomination": null, "diet:vegetarian": null, "government": null, "height": null, "landuse": null, "layer": null, "name": null, "name:en": null, "natural": null, "office": null, "opening_hours": null, "payment:cash": null, "phone": null, "religion": null, "roof:material": null, "roof:shape": null, "shelter_type": null, "shop": null, "sport": null, "tourism": null, "type": null, "website": null, "building_id": "way/1341558046", "building_type": "yes", "building_name": "Unnamed Building", "parcel_id": "74/1" }, "geometry": { "type": "Polygon", "coordinates": [ [ [ 248759.347775562753668, 2556086.637360157910734 ], [ 248751.382442362257279, 2556065.851582147181034 ], [ 248765.994433893909445, 2556061.273673972580582 ], [ 248772.148908377246698, 2556082.267166930716485 ], [ 248759.347775562753668, 2556086.637360157910734 ] ] ] } },
{ "type": "Feature", "properties": { "id": "way/1341558047", "@id": "way/1341558047", "addr:city": null, "addr:district": null, "addr:housenumber": null, "addr:postcode": null, "addr:street": null, "alt_name": null, "amenity": null, "brand": null, "brand:wikidata": null, "building": "yes", "building:colour": null, "building:levels": null, "building:material": null, "club": null, "cuisine": null, "denomination": null, "diet:vegetarian": null, "government": null, "height": null, "landuse": null, "layer": null, "name": null, "name:en": null, "natural": null, "office": null, "opening_hours": null, "payment:cash": null, "phone": null, "religion": null, "roof:material": null, "roof:shape": null, "shelter_type": null, "shop": null, "sport": null, "tourism": null, "type": null, "website": null, "building_id": "way/1341558047", "building_type": "yes", "building_name": "Unnamed Building", "parcel_id": "74/1" }, "geometry": { "type": "Polygon", "coordinates": [ [ [ 248775.304433703859104, 2556080.950996317435056 ], [ 248767.339121554512531, 2556060.165211719926447 ], [ 248781.951308122923365, 2556055.598397292662412 ], [ 248788.105760842736345, 2556076.591894820798188 ], [ 248775.304433703859104, 2556080.950996317435056 ] ] ] } },
{ "type": "Feature", "properties": { "id": "way/1341558048", "@id": "way/1341558048", "addr:city": null, "addr:district": null, "addr:housenumber": null, "addr:postcode": null, "addr:street": null, "alt_name": null, "amenity": null, "brand": null, "brand:wikidata": null, "building": "yes", "building:colour": null, "building:levels": null, "building:material": null, "club": null, "cuisine": null, "denomination": null, "diet:vegetarian": null, "government": null, "height": null, "landuse": null, "layer": null, "name": null, "name:en": null, "natural": null, "office": null, "opening_hours": null, "payment:cash": null, "phone": null, "religion": null, "roof:material": null, "roof:shape": null, "shelter_type": null, "shop": null, "sport": null, "tourism": null, "type": null, "website": null, "building_id": "way/1341558048", "building_type": "yes", "building_name": "Unnamed Building", "parcel_id": "94" }, "geometry": { "type": "Polygon", "coordinates": [ [ [ 248802.874905467033386, 2556103.335390662308782 ], [ 248798.11469070171006, 2556092.113452942576259 ], [ 248821.013861692917999, 2556082.942099086474627 ], [ 248825.369368860032409, 2556094.481088887434453 ], [ 248802.874905467033386, 2556103.335390662308782 ] ] ] } },
{ "type": "Feature", "properties": { "id": "way/1341558049", "@id": "way/1341558049", "addr:city": null, "addr:district": null, "addr:housenumber": null, "addr:postcode": null, "addr:street": null, "alt_name": null, "amenity": null, "brand": null, "brand:wikidata": null, "building": "yes", "building:colour": null, "building:levels": null, "building:material": null, "club": null, "cuisine": null, "denomination": null, "diet:vegetarian": null, "government": null, "height": null, "landuse": null, "layer": null, "name": null, "name:en": null, "natural": null, "office": null, "opening_hours": null, "payment:cash": null, "phone": null, "religion": null, "roof:material": null, "roof:shape": null, "shelter_type": null, "shop": null, "sport": null, "tourism": null, "type": null, "website": null, "building_id": "way/1341558049", "building_type": "yes", "building_name": "Unnamed Building", "parcel_id": "94" }, "geometry": { "type": "Polygon", "coordinates": [ [ [ 248827.43546480013174, 2556094.213697115890682 ], [ 248822.664833640301367, 2556082.980848100036383 ], [ 248845.564030219102278, 2556073.809534582309425 ], [ 248849.919519451650558, 2556085.34852990321815 ], [ 248827.43546480013174, 2556094.213697115890682 ] ] ] } },
{ "type": "Feature", "properties": { "id": "way/1341558050", "@id": "way/1341558050", "addr:city": null, "addr:district": null, "addr:housenumber": null, "addr:postcode": null, "addr:street": null, "alt_name": null, "amenity": null, "brand": null, "brand:wikidata": null, "building": "yes", "building:colour": null, "building:levels": null, "building:material": null, "club": null, "cuisine": null, "denomination": null, "diet:vegetarian": null, "government": null, "height": null, "landuse": null, "layer": null, "name": null, "name:en": null, "natural": null, "office": null, "opening_hours": null, "payment:cash": null, "phone": null, "religion": null, "roof:material": null, "roof:shape": null, "shelter_type": null, "shop": null, "sport": null, "tourism": null, "type": null, "website": null, "building_id": "way/1341558050", "building_type": "yes", "building_name": "Unnamed Building", "parcel_id": "94" }, "geometry": { "type": "Polygon", "coordinates": [ [ [ 248785.467106618976686, 2556058.032398922834545 ], [ 248780.696620533941314, 2556046.810636929236352 ], [ 248803.595670482347487, 2556037.628185148816556 ], [ 248807.951386455446482, 2556049.178248933050781 ], [ 248785.467106618976686, 2556058.032398922834545 ] ] ] } },
{ "type": "Feature", "properties": { "id": "way/1341558051", "@id": "way/1341558051", "addr:city": null, "addr:district": null, "addr:housenumber": null, "addr:postcode": null, "addr:street": null, "alt_name": null, "amenity": null, "brand": null, "brand:wikidata": null, "building": "yes", "building:colour": null, "building:levels": null, "building:material": null, "club": null, "cuisine": null, "denomination": null, "diet:vegetarian": null, "government": null, "height": null, "landuse": null, "layer": null, "name": null, "name:en": null, "natural": null, "office": null, "opening_hours": null, "payment:cash": null, "phone": null, "religion": null, "roof:material": null, "roof:shape": null, "shelter_type": null, "shop": null, "sport": null, "tourism": null, "type": null, "website": null, "building_id": "way/1341558051", "building_type": "yes", "building_name": "Unnamed Building", "parcel_id": "94" }, "geometry": { "type": "Polygon", "coordinates": [ [ [ 248814.254787544981809, 2556047.920011347159743 ], [ 248809.484321772906696, 2556036.698242005892098 ], [ 248832.393648376484634, 2556027.515665310900658 ], [ 248836.749343174189562, 2556039.065735559910536 ], [ 248814.254787544981809, 2556047.920011347159743 ] ] ] } },
{ "type": "Feature", "properties": { "id": "way/1341558052", "@id": "way/1341558052", "addr:city": null, "addr:district": null, "addr:housenumber": null, "addr:postcode": null, "addr:street": null, "alt_name": null, "amenity": null, "brand": null, "brand:wikidata": null, "building": "yes", "building:colour": null, "building:levels": null, "building:material": null, "club": null, "cuisine": null, "denomination": null, "diet:vegetarian": null, "government": null, "height": null, "landuse": null, "layer": null, "name": null, "name:en": null, "natural": null, "office": null, "opening_hours": null, "payment:cash": null, "phone": null, "religion": null, "roof:material": null, "roof:shape": null, "shelter_type": null, "shop": null, "sport": null, "tourism": null, "type": null, "website": null, "building_id": "way/1341558052", "building_type": "yes", "building_name": "Unnamed Building", "parcel_id": "94" }, "geometry": { "type": "Polygon", "coordinates": [ [ [ 248834.542527098965365, 2556073.063913006335497 ], [ 248825.713766386557836, 2556049.688739371951669 ], [ 248837.100966060272185, 2556045.353438009507954 ], [ 248845.004066192865139, 2556069.154135070741177 ], [ 248834.542527098965365, 2556073.063913006335497 ] ] ] } },
{ "type": "Feature", "properties": { "id": "way/1341558053", "@id": "way/1341558053", "addr:city": null, "addr:district": null, "addr:housenumber": null, "addr:postcode": null, "addr:street": null, "alt_name": null, "amenity": null, "brand": null, "brand:wikidata": null, "building": "yes", "building:colour": null, "building:levels": null, "building:material": null, "club": null, "cuisine": null, "denomination": null, "diet:vegetarian": null, "government": null, "height": null, "landuse": null, "layer": null, "name": null, "name:en": null, "natural": null, "office": null, "opening_hours": null, "payment:cash": null, "phone": null, "religion": null, "roof:material": null, "roof:shape": null, "shelter_type": null, "shop": null, "sport": null, "tourism": null, "type": null, "website": null, "building_id": "way/1341558053", "building_type": "yes", "building_name": "Unnamed Building", "parcel_id": "94" }, "geometry": { "type": "Polygon", "coordinates": [ [ [ 248795.504271576413885, 2556087.437098821159452 ], [ 248786.675639136461541, 2556064.073020149022341 ], [ 248798.062819299986586, 2556059.737686960026622 ], [ 248805.965979038825026, 2556083.538368836510926 ], [ 248795.504271576413885, 2556087.437098821159452 ] ] ] } },
{ "type": "Feature", "properties": { "id": "way/1341558054", "@id": "way/1341558054", "addr:city": null, "addr:district": null, "addr:housenumber": null, "addr:postcode": null, "addr:street": null, "alt_name": null, "amenity": null, "brand": null, "brand:wikidata": null, "building": "yes", "building:colour": null, "building:levels": null, "building:material": null, "club": null, "cuisine": null, "denomination": null, "diet:vegetarian": null, "government": null, "height": null, "landuse": null, "layer": null, "name": null, "name:en": null, "natural": null, "office": null, "opening_hours": null, "payment:cash": null, "phone": null, "religion": null, "roof:material": null, "roof:shape": null, "shelter_type": null, "shop": null, "sport": null, "tourism": null, "type": null, "website": null, "building_id": "way/1341558054", "building_type": "yes", "building_name": "Unnamed Building", "parcel_id": "75" }, "geometry": { "type": "Polygon", "coordinates": [ [ [ 248660.291312903194921, 2556030.152567028068006 ], [ 248655.167326519382186, 2556014.371687680482864 ], [ 248677.75558512104908, 2556005.60423647146672 ], [ 248682.1519772108295, 2556020.787932557985187 ], [ 248660.291312903194921, 2556030.152567028068006 ] ] ] } },
{ "type": "Feature", "properties": { "id": "way/1341558055", "@id": "way/1341558055", "addr:city": null, "addr:district": null, "addr:housenumber": null, "addr:postcode": null, "addr:street": null, "alt_name": null, "amenity": null, "brand": null, "brand:wikidata": null, "building": "yes", "building:colour": null, "building:levels": null, "building:material": null, "club": null, "cuisine": null, "denomination": null, "diet:vegetarian": null, "government": null, "height": null, "landuse": null, "layer": null, "name": null, "name:en": null, "natural": null, "office": null, "opening_hours": null, "payment:cash": null, "phone": null, "religion": null, "roof:material": null, "roof:shape": null, "shelter_type": null, "shop": null, "sport": null, "tourism": null, "type": null, "website": null, "building_id": "way/1341558055", "building_type": "yes", "building_name": "Unnamed Building", "parcel_id": "78" }, "geometry": { "type": "Polygon", "coordinates": [ [ [ 248655.810032795299776, 2556006.870594623032957 ], [ 248650.69628429407021, 2555991.089543796610087 ], [ 248673.274330232117791, 2555982.322261315770447 ], [ 248677.68097846818273, 2555997.505784512497485 ], [ 248655.810032795299776, 2556006.870594623032957 ] ] ] } },
{ "type": "Feature", "properties": { "id": "way/1341558055", "@id": "way/1341558055", "addr:city": null, "addr:district": null, "addr:housenumber": null, "addr:postcode": null, "addr:street": null, "alt_name": null, "amenity": null, "brand": null, "brand:wikidata": null, "building": "yes", "building:colour": null, "building:levels": null, "building:material": null, "club": null, "cuisine": null, "denomination": null, "diet:vegetarian": null, "government": null, "height": null, "landuse": null, "layer": null, "name": null, "name:en": null, "natural": null, "office": null, "opening_hours": null, "payment:cash": null, "phone": null, "religion": null, "roof:material": null, "roof:shape": null, "shelter_type": null, "shop": null, "sport": null, "tourism": null, "type": null, "website": null, "building_id": "way/1341558055", "building_type": "yes", "building_name": "Unnamed Building", "parcel_id": "76" }, "geometry": { "type": "Polygon", "coordinates": [ [ [ 248655.810032795299776, 2556006.870594623032957 ], [ 248650.69628429407021, 2555991.089543796610087 ], [ 248673.274330232117791, 2555982.322261315770447 ], [ 248677.68097846818273, 2555997.505784512497485 ], [ 248655.810032795299776, 2556006.870594623032957 ] ] ] } },
{ "type": "Feature", "properties": { "id": "way/1341558056", "@id": "way/1341558056", "addr:city": null, "addr:district": null, "addr:housenumber": null, "addr:postcode": null, "addr:street": null, "alt_name": null, "amenity": null, "brand": null, "brand:wikidata": null, "building": "yes", "building:colour": null, "building:levels": null, "building:material": null, "club": null, "cuisine": null, "denomination": null, "diet:vegetarian": null, "government": null, "height": null, "landuse": null, "layer": null, "name": null, "name:en": null, "natural": null, "office": null, "opening_hours": null, "payment:cash": null, "phone": null, "religion": null, "roof:material": null, "roof:shape": null, "shelter_type": null, "shop": null, "sport": null, "tourism": null, "type": null, "website": null, "building_id": "way/1341558056", "building_type": "yes", "building_name": "Unnamed Building", "parcel_id": "78" }, "geometry": { "type": "Polygon", "coordinates": [ [ [ 248648.044246646139072, 2555986.990084703080356 ], [ 248642.920051707100356, 2555971.198130565229803 ], [ 248665.508373486838536, 2555962.430666671600193 ], [ 248669.904785507329507, 2555977.61436075065285 ], [ 248648.044246646139072, 2555986.990084703080356 ] ] ] } },
{ "type": "Feature", "properties": { "id": "way/1341558056", "@id": "way/1341558056", "addr:city": null, "addr:district": null, "addr:housenumber": null, "addr:postcode": null, "addr:street": null, "alt_name": null, "amenity": null, "brand": null, "brand:wikidata": null, "building": "yes", "building:colour": null, "building:levels": null, "building:material": null, "club": null, "cuisine": null, "denomination": null, "diet:vegetarian": null, "government": null, "height": null, "landuse": null, "layer": null, "name": null, "name:en": null, "natural": null, "office": null, "opening_hours": null, "payment:cash": null, "phone": null, "religion": null, "roof:material": null, "roof:shape": null, "shelter_type": null, "shop": null, "sport": null, "tourism": null, "type": null, "website": null, "building_id": "way/1341558056", "building_type": "yes", "building_name": "Unnamed Building", "parcel_id": "76" }, "geometry": { "type": "Polygon", "coordinates": [ [ [ 248648.044246646139072, 2555986.990084703080356 ], [ 248642.920051707100356, 2555971.198130565229803 ], [ 248665.508373486838536, 2555962.430666671600193 ], [ 248669.904785507329507, 2555977.61436075065285 ], [ 248648.044246646139072, 2555986.990084703080356 ] ] ] } },
{ "type": "Feature", "properties": { "id": "way/1341558057", "@id": "way/1341558057", "addr:city": null, "addr:district": null, "addr:housenumber": null, "addr:postcode": null, "addr:street": null, "alt_name": null, "amenity": null, "brand": null, "brand:wikidata": null, "building": "yes", "building:colour": null, "building:levels": null, "building:material": null, "club": null, "cuisine": null, "denomination": null, "diet:vegetarian": null, "government": null, "height": null, "landuse": null, "layer": null, "name": null, "name:en": null, "natural": null, "office": null, "opening_hours": null, "payment:cash": null, "phone": null, "religion": null, "roof:material": null, "roof:shape": null, "shelter_type": null, "shop": null, "sport": null, "tourism": null, "type": null, "website": null, "building_id": "way/1341558057", "building_type": "yes", "building_name": "Unnamed Building", "parcel_id": "78" }, "geometry": { "type": "Polygon", "coordinates": [ [ [ 248640.654985176486662, 2555968.166957904119045 ], [ 248635.530964447825681, 2555952.386082492303103 ], [ 248658.119312894355971, 2555943.61860986193642 ], [ 248662.5157357454882, 2555958.802302657160908 ], [ 248640.654985176486662, 2555968.166957904119045 ] ] ] } },
{ "type": "Feature", "properties": { "id": "way/1341558057", "@id": "way/1341558057", "addr:city": null, "addr:district": null, "addr:housenumber": null, "addr:postcode": null, "addr:street": null, "alt_name": null, "amenity": null, "brand": null, "brand:wikidata": null, "building": "yes", "building:colour": null, "building:levels": null, "building:material": null, "club": null, "cuisine": null, "denomination": null, "diet:vegetarian": null, "government": null, "height": null, "landuse": null, "layer": null, "name": null, "name:en": null, "natural": null, "office": null, "opening_hours": null, "payment:cash": null, "phone": null, "religion": null, "roof:material": null, "roof:shape": null, "shelter_type": null, "shop": null, "sport": null, "tourism": null, "type": null, "website": null, "building_id": "way/1341558057", "building_type": "yes", "building_name": "Unnamed Building", "parcel_id": "76" }, "geometry": { "type": "Polygon", "coordinates": [ [ [ 248640.654985176486662, 2555968.166957904119045 ], [ 248635.530964447825681, 2555952.386082492303103 ], [ 248658.119312894355971, 2555943.61860986193642 ], [ 248662.5157357454882, 2555958.802302657160908 ], [ 248640.654985176486662, 2555968.166957904119045 ] ] ] } },
{ "type": "Feature", "properties": { "id": "way/1341558058", "@id": "way/1341558058", "addr:city": null, "addr:district": null, "addr:housenumber": null, "addr:postcode": null, "addr:street": null, "alt_name": null, "amenity": null, "brand": null, "brand:wikidata": null, "building": "yes", "building:colour": null, "building:levels": null, "building:material": null, "club": null, "cuisine": null, "denomination": null, "diet:vegetarian": null, "government": null, "height": null, "landuse": null, "layer": null, "name": null, "name:en": null, "natural": null, "office": null, "opening_hours": null, "payment:cash": null, "phone": null, "religion": null, "roof:material": null, "roof:shape": null, "shelter_type": null, "shop": null, "sport": null, "tourism": null, "type": null, "website": null, "building_id": "way/1341558058", "building_type": "yes", "building_name": "Unnamed Building", "parcel_id": "78" }, "geometry": { "type": "Polygon", "coordinates": [ [ [ 248684.109424585214583, 2555995.757858307100832 ], [ 248679.955022442154586, 2555983.384492880664766 ], [ 248705.065384115732741, 2555974.031767255626619 ], [ 248708.317984959372552, 2555985.810875154100358 ], [ 248684.109424585214583, 2555995.757858307100832 ] ] ] } },
{ "type": "Feature", "properties": { "id": "way/1341558059", "@id": "way/1341558059", "addr:city": null, "addr:district": null, "addr:housenumber": null, "addr:postcode": null, "addr:street": null, "alt_name": null, "amenity": null, "brand": null, "brand:wikidata": null, "building": "yes", "building:colour": null, "building:levels": null, "building:material": null, "club": null, "cuisine": null, "denomination": null, "diet:vegetarian": null, "government": null, "height": null, "landuse": null, "layer": null, "name": null, "name:en": null, "natural": null, "office": null, "opening_hours": null, "payment:cash": null, "phone": null, "religion": null, "roof:material": null, "roof:shape": null, "shelter_type": null, "shop": null, "sport": null, "tourism": null, "type": null, "website": null, "building_id": "way/1341558059", "building_type": "yes", "building_name": "Unnamed Building", "parcel_id": "78" }, "geometry": { "type": "Polygon", "coordinates": [ [ [ 248673.398345814086497, 2555959.816069602500647 ], [ 248666.724776892340742, 2555940.271764419507235 ], [ 248688.176030537317274, 2555932.155030011199415 ], [ 248695.746534761274233, 2555950.786763716023415 ], [ 248673.398345814086497, 2555959.816069602500647 ] ] ] } },
{ "type": "Feature", "properties": { "id": "way/1341558060", "@id": "way/1341558060", "addr:city": null, "addr:district": null, "addr:housenumber": null, "addr:postcode": null, "addr:street": null, "alt_name": null, "amenity": null, "brand": null, "brand:wikidata": null, "building": "yes", "building:colour": null, "building:levels": null, "building:material": null, "club": null, "cuisine": null, "denomination": null, "diet:vegetarian": null, "government": null, "height": null, "landuse": null, "layer": null, "name": null, "name:en": null, "natural": null, "office": null, "opening_hours": null, "payment:cash": null, "phone": null, "religion": null, "roof:material": null, "roof:shape": null, "shelter_type": null, "shop": null, "sport": null, "tourism": null, "type": null, "website": null, "building_id": "way/1341558060", "building_type": "yes", "building_name": "Unnamed Building", "parcel_id": "79/1" }, "geometry": { "type": "Polygon", "coordinates": [ [ [ 248739.352074623224325, 2555974.563654225319624 ], [ 248735.207963782915613, 2555962.190105257555842 ], [ 248755.53644841114874, 2555953.748843820299953 ], [ 248759.632841197657399, 2555966.333724142517895 ], [ 248739.352074623224325, 2555974.563654225319624 ] ] ] } },
{ "type": "Feature", "properties": { "id": "way/1374361362", "@id": "way/1374361362", "addr:city": null, "addr:district": null, "addr:housenumber": null, "addr:postcode": null, "addr:street": null, "alt_name": null, "amenity": null, "brand": null, "brand:wikidata": null, "building": "yes", "building:colour": null, "building:levels": null, "building:material": null, "club": null, "cuisine": null, "denomination": null, "diet:vegetarian": null, "government": null, "height": null, "landuse": null, "layer": null, "name": null, "name:en": null, "natural": null, "office": null, "opening_hours": null, "payment:cash": null, "phone": null, "religion": null, "roof:material": null, "roof:shape": null, "shelter_type": null, "shop": null, "sport": null, "tourism": null, "type": null, "website": null, "building_id": "way/1374361362", "building_type": "yes", "building_name": "Unnamed Building", "parcel_id": "24/1" }, "geometry": { "type": "Polygon", "coordinates": [ [ [ 248731.063496359041892, 2556717.083661191165447 ], [ 248724.731538332882337, 2556697.721980080474168 ], [ 248737.604600971477339, 2556692.785390634089708 ], [ 248745.457406615401851, 2556711.766943615861237 ], [ 248731.063496359041892, 2556717.083661191165447 ] ] ] } },
{ "type": "Feature", "properties": { "id": "way/1374361362", "@id": "way/1374361362", "addr:city": null, "addr:district": null, "addr:housenumber": null, "addr:postcode": null, "addr:street": null, "alt_name": null, "amenity": null, "brand": null, "brand:wikidata": null, "building": "yes", "building:colour": null, "building:levels": null, "building:material": null, "club": null, "cuisine": null, "denomination": null, "diet:vegetarian": null, "government": null, "height": null, "landuse": null, "layer": null, "name": null, "name:en": null, "natural": null, "office": null, "opening_hours": null, "payment:cash": null, "phone": null, "religion": null, "roof:material": null, "roof:shape": null, "shelter_type": null, "shop": null, "sport": null, "tourism": null, "type": null, "website": null, "building_id": "way/1374361362", "building_type": "yes", "building_name": "Unnamed Building", "parcel_id": "119" }, "geometry": { "type": "Polygon", "coordinates": [ [ [ 248731.063496359041892, 2556717.083661191165447 ], [ 248724.731538332882337, 2556697.721980080474168 ], [ 248737.604600971477339, 2556692.785390634089708 ], [ 248745.457406615401851, 2556711.766943615861237 ], [ 248731.063496359041892, 2556717.083661191165447 ] ] ] } },
{ "type": "Feature", "properties": { "id": "way/1374361363", "@id": "way/1374361363", "addr:city": null, "addr:district": null, "addr:housenumber": null, "addr:postcode": null, "addr:street": null, "alt_name": null, "amenity": null, "brand": null, "brand:wikidata": null, "building": "yes", "building:colour": null, "building:levels": null, "building:material": null, "club": null, "cuisine": null, "denomination": null, "diet:vegetarian": null, "government": null, "height": null, "landuse": null, "layer": null, "name": null, "name:en": null, "natural": null, "office": null, "opening_hours": null, "payment:cash": null, "phone": null, "religion": null, "roof:material": null, "roof:shape": null, "shelter_type": null, "shop": null, "sport": null, "tourism": null, "type": null, "website": null, "building_id": "way/1374361363", "building_type": "yes", "building_name": "Unnamed Building", "parcel_id": "24/1" }, "geometry": { "type": "Polygon", "coordinates": [ [ [ 248721.45158109703334, 2556692.236955151427537 ], [ 248715.129850916564465, 2556672.875104275532067 ], [ 248727.992872732313117, 2556667.949757816269994 ], [ 248735.84570014491328, 2556686.931307560764253 ], [ 248721.45158109703334, 2556692.236955151427537 ] ] ] } },
{ "type": "Feature", "properties": { "id": "way/1374361364", "@id": "way/1374361364", "addr:city": null, "addr:district": null, "addr:housenumber": null, "addr:postcode": null, "addr:street": null, "alt_name": null, "amenity": null, "brand": null, "brand:wikidata": null, "building": "yes", "building:colour": null, "building:levels": null, "building:material": null, "club": null, "cuisine": null, "denomination": null, "diet:vegetarian": null, "government": null, "height": null, "landuse": null, "layer": null, "name": null, "name:en": null, "natural": null, "office": null, "opening_hours": null, "payment:cash": null, "phone": null, "religion": null, "roof:material": null, "roof:shape": null, "shelter_type": null, "shop": null, "sport": null, "tourism": null, "type": null, "website": null, "building_id": "way/1374361364", "building_type": "yes", "building_name": "Unnamed Building", "parcel_id": "24/1" }, "geometry": { "type": "Polygon", "coordinates": [ [ [ 248714.146173419838306, 2556668.016300464980304 ], [ 248707.82442719861865, 2556648.6544513781555 ], [ 248720.687469119322486, 2556643.729100479278713 ], [ 248728.540128832450137, 2556662.699570723809302 ], [ 248714.146173419838306, 2556668.016300464980304 ] ] ] } },
{ "type": "Feature", "properties": { "id": "way/1374361365", "@id": "way/1374361365", "addr:city": null, "addr:district": null, "addr:housenumber": null, "addr:postcode": null, "addr:street": null, "alt_name": null, "amenity": null, "brand": null, "brand:wikidata": null, "building": "yes", "building:colour": null, "building:levels": null, "building:material": null, "club": null, "cuisine": null, "denomination": null, "diet:vegetarian": null, "government": null, "height": null, "landuse": null, "layer": null, "name": null, "name:en": null, "natural": null, "office": null, "opening_hours": null, "payment:cash": null, "phone": null, "religion": null, "roof:material": null, "roof:shape": null, "shelter_type": null, "shop": null, "sport": null, "tourism": null, "type": null, "website": null, "building_id": "way/1374361365", "building_type": "yes", "building_name": "Unnamed Building", "parcel_id": "24/1" }, "geometry": { "type": "Polygon", "coordinates": [ [ [ 248733.071448534290539, 2556660.307621913030744 ], [ 248726.739478500618134, 2556640.945939202327281 ], [ 248739.60234562374535, 2556636.009528610855341 ], [ 248747.455169266089797, 2556654.991083955392241 ], [ 248733.071448534290539, 2556660.307621913030744 ] ] ] } },
{ "type": "Feature", "properties": { "id": "way/1374361366", "@id": "way/1374361366", "addr:city": null, "addr:district": null, "addr:housenumber": null, "addr:postcode": null, "addr:street": null, "alt_name": null, "amenity": null, "brand": null, "brand:wikidata": null, "building": "yes", "building:colour": null, "building:levels": null, "building:material": null, "club": null, "cuisine": null, "denomination": null, "diet:vegetarian": null, "government": null, "height": null, "landuse": null, "layer": null, "name": null, "name:en": null, "natural": null, "office": null, "opening_hours": null, "payment:cash": null, "phone": null, "religion": null, "roof:material": null, "roof:shape": null, "shelter_type": null, "shop": null, "sport": null, "tourism": null, "type": null, "website": null, "building_id": "way/1374361366", "building_type": "yes", "building_name": "Unnamed Building", "parcel_id": "24/1" }, "geometry": { "type": "Polygon", "coordinates": [ [ [ 248751.277003858791431, 2556653.685855864081532 ], [ 248744.94505649592611, 2556634.324167515616864 ], [ 248757.818367214873433, 2556629.3986786599271 ], [ 248765.670982960320543, 2556648.369164421688765 ], [ 248751.277003858791431, 2556653.685855864081532 ] ] ] } },
{ "type": "Feature", "properties": { "id": "way/1374361367", "@id": "way/1374361367", "addr:city": null, "addr:district": null, "addr:housenumber": null, "addr:postcode": null, "addr:street": null, "alt_name": null, "amenity": null, "brand": null, "brand:wikidata": null, "building": "yes", "building:colour": null, "building:levels": null, "building:material": null, "club": null, "cuisine": null, "denomination": null, "diet:vegetarian": null, "government": null, "height": null, "landuse": null, "layer": null, "name": null, "name:en": null, "natural": null, "office": null, "opening_hours": null, "payment:cash": null, "phone": null, "religion": null, "roof:material": null, "roof:shape": null, "shelter_type": null, "shop": null, "sport": null, "tourism": null, "type": null, "website": null, "building_id": "way/1374361367", "building_type": "yes", "building_name": "Unnamed Building", "parcel_id": "24/1" }, "geometry": { "type": "Polygon", "coordinates": [ [ [ 248773.825518819416175, 2556646.27090867748484 ], [ 248767.49359974192339, 2556626.909213360399008 ], [ 248780.366922433808213, 2556621.983745221048594 ], [ 248788.219511010713177, 2556640.954240370541811 ], [ 248773.825518819416175, 2556646.27090867748484 ] ] ] } },
{ "type": "Feature", "properties": { "id": "way/1374361368", "@id": "way/1374361368", "addr:city": null, "addr:district": null, "addr:housenumber": null, "addr:postcode": null, "addr:street": null, "alt_name": null, "amenity": null, "brand": null, "brand:wikidata": null, "building": "yes", "building:colour": null, "building:levels": null, "building:material": null, "club": null, "cuisine": null, "denomination": null, "diet:vegetarian": null, "government": null, "height": null, "landuse": null, "layer": null, "name": null, "name:en": null, "natural": null, "office": null, "opening_hours": null, "payment:cash": null, "phone": null, "religion": null, "roof:material": null, "roof:shape": null, "shelter_type": null, "shop": null, "sport": null, "tourism": null, "type": null, "website": null, "building_id": "way/1374361368", "building_type": "yes", "building_name": "Unnamed Building", "parcel_id": "24/1" }, "geometry": { "type": "Polygon", "coordinates": [ [ [ 248790.398826301126974, 2556639.499339386820793 ], [ 248784.066927670210134, 2556620.137638924177736 ], [ 248796.940260356204817, 2556615.212186122778803 ], [ 248804.792829445155803, 2556634.182688209228218 ], [ 248790.398826301126974, 2556639.499339386820793 ] ] ] } },
{ "type": "Feature", "properties": { "id": "way/1374361369", "@id": "way/1374361369", "addr:city": null, "addr:district": null, "addr:housenumber": null, "addr:postcode": null, "addr:street": null, "alt_name": null, "amenity": null, "brand": null, "brand:wikidata": null, "building": "yes", "building:colour": null, "building:levels": null, "building:material": null, "club": null, "cuisine": null, "denomination": null, "diet:vegetarian": null, "government": null, "height": null, "landuse": null, "layer": null, "name": null, "name:en": null, "natural": null, "office": null, "opening_hours": null, "payment:cash": null, "phone": null, "religion": null, "roof:material": null, "roof:shape": null, "shelter_type": null, "shop": null, "sport": null, "tourism": null, "type": null, "website": null, "building_id": "way/1374361369", "building_type": "yes", "building_name": "Unnamed Building", "parcel_id": "24/1" }, "geometry": { "type": "Polygon", "coordinates": [ [ [ 248810.218650171009358, 2556631.953019710723311 ], [ 248803.897023322060704, 2556612.591140922158957 ], [ 248816.760120273305802, 2556607.665878600906581 ], [ 248824.612665856198873, 2556626.636388966348022 ], [ 248810.218650171009358, 2556631.953019710723311 ] ] ] } },
{ "type": "Feature", "properties": { "id": "way/1374361370", "@id": "way/1374361370", "addr:city": null, "addr:district": null, "addr:housenumber": null, "addr:postcode": null, "addr:street": null, "alt_name": null, "amenity": null, "brand": null, "brand:wikidata": null, "building": "yes", "building:colour": null, "building:levels": null, "building:material": null, "club": null, "cuisine": null, "denomination": null, "diet:vegetarian": null, "government": null, "height": null, "landuse": null, "layer": null, "name": null, "name:en": null, "natural": null, "office": null, "opening_hours": null, "payment:cash": null, "phone": null, "religion": null, "roof:material": null, "roof:shape": null, "shelter_type": null, "shop": null, "sport": null, "tourism": null, "type": null, "website": null, "building_id": "way/1374361370", "building_type": "yes", "building_name": "Unnamed Building", "parcel_id": "24/1" }, "geometry": { "type": "Polygon", "coordinates": [ [ [ 248749.150295440340415, 2556710.718727747444063 ], [ 248742.828420952137094, 2556691.345791626255959 ], [ 248755.691432630614145, 2556686.420468247961253 ], [ 248763.544216617796337, 2556705.402028770651668 ], [ 248749.150295440340415, 2556710.718727747444063 ] ] ] } },
{ "type": "Feature", "properties": { "id": "way/1374361370", "@id": "way/1374361370", "addr:city": null, "addr:district": null, "addr:housenumber": null, "addr:postcode": null, "addr:street": null, "alt_name": null, "amenity": null, "brand": null, "brand:wikidata": null, "building": "yes", "building:colour": null, "building:levels": null, "building:material": null, "club": null, "cuisine": null, "denomination": null, "diet:vegetarian": null, "government": null, "height": null, "landuse": null, "layer": null, "name": null, "name:en": null, "natural": null, "office": null, "opening_hours": null, "payment:cash": null, "phone": null, "religion": null, "roof:material": null, "roof:shape": null, "shelter_type": null, "shop": null, "sport": null, "tourism": null, "type": null, "website": null, "building_id": "way/1374361370", "building_type": "yes", "building_name": "Unnamed Building", "parcel_id": "119" }, "geometry": { "type": "Polygon", "coordinates": [ [ [ 248749.150295440340415, 2556710.718727747444063 ], [ 248742.828420952137094, 2556691.345791626255959 ], [ 248755.691432630614145, 2556686.420468247961253 ], [ 248763.544216617796337, 2556705.402028770651668 ], [ 248749.150295440340415, 2556710.718727747444063 ] ] ] } },
{ "type": "Feature", "properties": { "id": "way/1374361371", "@id": "way/1374361371", "addr:city": null, "addr:district": null, "addr:housenumber": null, "addr:postcode": null, "addr:street": null, "alt_name": null, "amenity": null, "brand": null, "brand:wikidata": null, "building": "yes", "building:colour": null, "building:levels": null, "building:material": null, "club": null, "cuisine": null, "denomination": null, "diet:vegetarian": null, "government": null, "height": null, "landuse": null, "layer": null, "name": null, "name:en": null, "natural": null, "office": null, "opening_hours": null, "payment:cash": null, "phone": null, "religion": null, "roof:material": null, "roof:shape": null, "shelter_type": null, "shop": null, "sport": null, "tourism": null, "type": null, "website": null, "building_id": "way/1374361371", "building_type": "yes", "building_name": "Unnamed Building", "parcel_id": "24/1" }, "geometry": { "type": "Polygon", "coordinates": [ [ [ 248766.821815899893409, 2556704.648885161150247 ], [ 248760.500149692961713, 2556685.287020769901574 ], [ 248773.362984819075791, 2556680.350636453833431 ], [ 248781.215747594105778, 2556699.332204339560121 ], [ 248766.821815899893409, 2556704.648885161150247 ] ] ] } },
{ "type": "Feature", "properties": { "id": "way/1374361371", "@id": "way/1374361371", "addr:city": null, "addr:district": null, "addr:housenumber": null, "addr:postcode": null, "addr:street": null, "alt_name": null, "amenity": null, "brand": null, "brand:wikidata": null, "building": "yes", "building:colour": null, "building:levels": null, "building:material": null, "club": null, "cuisine": null, "denomination": null, "diet:vegetarian": null, "government": null, "height": null, "landuse": null, "layer": null, "name": null, "name:en": null, "natural": null, "office": null, "opening_hours": null, "payment:cash": null, "phone": null, "religion": null, "roof:material": null, "roof:shape": null, "shelter_type": null, "shop": null, "sport": null, "tourism": null, "type": null, "website": null, "building_id": "way/1374361371", "building_type": "yes", "building_name": "Unnamed Building", "parcel_id": "120" }, "geometry": { "type": "Polygon", "coordinates": [ [ [ 248766.821815899893409, 2556704.648885161150247 ], [ 248760.500149692961713, 2556685.287020769901574 ], [ 248773.362984819075791, 2556680.350636453833431 ], [ 248781.215747594105778, 2556699.332204339560121 ], [ 248766.821815899893409, 2556704.648885161150247 ] ] ] } },
{ "type": "Feature", "properties": { "id": "way/1374361371", "@id": "way/1374361371", "addr:city": null, "addr:district": null, "addr:housenumber": null, "addr:postcode": null, "addr:street": null, "alt_name": null, "amenity": null, "brand": null, "brand:wikidata": null, "building": "yes", "building:colour": null, "building:levels": null, "building:material": null, "club": null, "cuisine": null, "denomination": null, "diet:vegetarian": null, "government": null, "height": null, "landuse": null, "layer": null, "name": null, "name:en": null, "natural": null, "office": null, "opening_hours": null, "payment:cash": null, "phone": null, "religion": null, "roof:material": null, "roof:shape": null, "shelter_type": null, "shop": null, "sport": null, "tourism": null, "type": null, "website": null, "building_id": "way/1374361371", "building_type": "yes", "building_name": "Unnamed Building", "parcel_id": "119" }, "geometry": { "type": "Polygon", "coordinates": [ [ [ 248766.821815899893409, 2556704.648885161150247 ], [ 248760.500149692961713, 2556685.287020769901574 ], [ 248773.362984819075791, 2556680.350636453833431 ], [ 248781.215747594105778, 2556699.332204339560121 ], [ 248766.821815899893409, 2556704.648885161150247 ] ] ] } },
{ "type": "Feature", "properties": { "id": "way/1374361372", "@id": "way/1374361372", "addr:city": null, "addr:district": null, "addr:housenumber": null, "addr:postcode": null, "addr:street": null, "alt_name": null, "amenity": null, "brand": null, "brand:wikidata": null, "building": "yes", "building:colour": null, "building:levels": null, "building:material": null, "club": null, "cuisine": null, "denomination": null, "diet:vegetarian": null, "government": null, "height": null, "landuse": null, "layer": null, "name": null, "name:en": null, "natural": null, "office": null, "opening_hours": null, "payment:cash": null, "phone": null, "religion": null, "roof:material": null, "roof:shape": null, "shelter_type": null, "shop": null, "sport": null, "tourism": null, "type": null, "website": null, "building_id": "way/1374361372", "building_type": "yes", "building_name": "Unnamed Building", "parcel_id": "24/1" }, "geometry": { "type": "Polygon", "coordinates": [ [ [ 248785.390078994707437, 2556697.655409994069487 ], [ 248779.058188710623654, 2556678.293712065089494 ], [ 248791.931467796559446, 2556673.368249849416316 ], [ 248799.784208502765978, 2556692.349825488869101 ], [ 248785.390078994707437, 2556697.655409994069487 ] ] ] } },
{ "type": "Feature", "properties": { "id": "way/1374361372", "@id": "way/1374361372", "addr:city": null, "addr:district": null, "addr:housenumber": null, "addr:postcode": null, "addr:street": null, "alt_name": null, "amenity": null, "brand": null, "brand:wikidata": null, "building": "yes", "building:colour": null, "building:levels": null, "building:material": null, "club": null, "cuisine": null, "denomination": null, "diet:vegetarian": null, "government": null, "height": null, "landuse": null, "layer": null, "name": null, "name:en": null, "natural": null, "office": null, "opening_hours": null, "payment:cash": null, "phone": null, "religion": null, "roof:material": null, "roof:shape": null, "shelter_type": null, "shop": null, "sport": null, "tourism": null, "type": null, "website": null, "building_id": "way/1374361372", "building_type": "yes", "building_name": "Unnamed Building", "parcel_id": "120" }, "geometry": { "type": "Polygon", "coordinates": [ [ [ 248785.390078994707437, 2556697.655409994069487 ], [ 248779.058188710623654, 2556678.293712065089494 ], [ 248791.931467796559446, 2556673.368249849416316 ], [ 248799.784208502765978, 2556692.349825488869101 ], [ 248785.390078994707437, 2556697.655409994069487 ] ] ] } },
{ "type": "Feature", "properties": { "id": "way/1374361373", "@id": "way/1374361373", "addr:city": null, "addr:district": null, "addr:housenumber": null, "addr:postcode": null, "addr:street": null, "alt_name": null, "amenity": null, "brand": null, "brand:wikidata": null, "building": "yes", "building:colour": null, "building:levels": null, "building:material": null, "club": null, "cuisine": null, "denomination": null, "diet:vegetarian": null, "government": null, "height": null, "landuse": null, "layer": null, "name": null, "name:en": null, "natural": null, "office": null, "opening_hours": null, "payment:cash": null, "phone": null, "religion": null, "roof:material": null, "roof:shape": null, "shelter_type": null, "shop": null, "sport": null, "tourism": null, "type": null, "website": null, "building_id": "way/1374361373", "building_type": "yes", "building_name": "Unnamed Building", "parcel_id": "24/1" }, "geometry": { "type": "Polygon", "coordinates": [ [ [ 248800.859078907058574, 2556689.827613873872906 ], [ 248794.527207316074055, 2556670.465911117382348 ], [ 248807.400497086666292, 2556665.540463346522301 ], [ 248815.242786875343882, 2556684.511140500195324 ], [ 248800.859078907058574, 2556689.827613873872906 ] ] ] } },
{ "type": "Feature", "properties": { "id": "way/1374361373", "@id": "way/1374361373", "addr:city": null, "addr:district": null, "addr:housenumber": null, "addr:postcode": null, "addr:street": null, "alt_name": null, "amenity": null, "brand": null, "brand:wikidata": null, "building": "yes", "building:colour": null, "building:levels": null, "building:material": null, "club": null, "cuisine": null, "denomination": null, "diet:vegetarian": null, "government": null, "height": null, "landuse": null, "layer": null, "name": null, "name:en": null, "natural": null, "office": null, "opening_hours": null, "payment:cash": null, "phone": null, "religion": null, "roof:material": null, "roof:shape": null, "shelter_type": null, "shop": null, "sport": null, "tourism": null, "type": null, "website": null, "building_id": "way/1374361373", "building_type": "yes", "building_name": "Unnamed Building", "parcel_id": "120" }, "geometry": { "type": "Polygon", "coordinates": [ [ [ 248800.859078907058574, 2556689.827613873872906 ], [ 248794.527207316074055, 2556670.465911117382348 ], [ 248807.400497086666292, 2556665.540463346522301 ], [ 248815.242786875343882, 2556684.511140500195324 ], [ 248800.859078907058574, 2556689.827613873872906 ] ] ] } },
{ "type": "Feature", "properties": { "id": "way/1374363244", "@id": "way/1374363244", "addr:city": null, "addr:district": null, "addr:housenumber": null, "addr:postcode": null, "addr:street": null, "alt_name": null, "amenity": null, "brand": null, "brand:wikidata": null, "building": "yes", "building:colour": null, "building:levels": null, "building:material": null, "club": null, "cuisine": null, "denomination": null, "diet:vegetarian": null, "government": null, "height": null, "landuse": null, "layer": null, "name": null, "name:en": null, "natural": null, "office": null, "opening_hours": null, "payment:cash": null, "phone": null, "religion": null, "roof:material": null, "roof:shape": null, "shelter_type": null, "shop": null, "sport": null, "tourism": null, "type": null, "website": null, "building_id": "way/1374363244", "building_type": "yes", "building_name": "Unnamed Building", "parcel_id": "23" }, "geometry": { "type": "Polygon", "coordinates": [ [ [ 248660.305426697043004, 2556751.702497663907707 ], [ 248652.943815529055428, 2556734.507731941528618 ], [ 248661.230396241502604, 2556731.121870488394052 ], [ 248663.132042508688755, 2556736.319808838423342 ], [ 248668.352494093793212, 2556734.07137462683022 ], [ 248666.824584063317161, 2556729.764658111147583 ], [ 248673.861757977196248, 2556727.662966941483319 ], [ 248680.312475799641106, 2556744.330118939746171 ], [ 248672.928766204509884, 2556747.157854855060577 ], [ 248671.216410476976307, 2556742.854239130858332 ], [ 248665.996148043079302, 2556745.11374979885295 ], [ 248667.69211210065987, 2556749.051990100182593 ], [ 248660.305426697043004, 2556751.702497663907707 ] ] ] } },
{ "type": "Feature", "properties": { "id": "way/1374363244", "@id": "way/1374363244", "addr:city": null, "addr:district": null, "addr:housenumber": null, "addr:postcode": null, "addr:street": null, "alt_name": null, "amenity": null, "brand": null, "brand:wikidata": null, "building": "yes", "building:colour": null, "building:levels": null, "building:material": null, "club": null, "cuisine": null, "denomination": null, "diet:vegetarian": null, "government": null, "height": null, "landuse": null, "layer": null, "name": null, "name:en": null, "natural": null, "office": null, "opening_hours": null, "payment:cash": null, "phone": null, "religion": null, "roof:material": null, "roof:shape": null, "shelter_type": null, "shop": null, "sport": null, "tourism": null, "type": null, "website": null, "building_id": "way/1374363244", "building_type": "yes", "building_name": "Unnamed Building", "parcel_id": "22" }, "geometry": { "type": "Polygon", "coordinates": [ [ [ 248660.305426697043004, 2556751.702497663907707 ], [ 248652.943815529055428, 2556734.507731941528618 ], [ 248661.230396241502604, 2556731.121870488394052 ], [ 248663.132042508688755, 2556736.319808838423342 ], [ 248668.352494093793212, 2556734.07137462683022 ], [ 248666.824584063317161, 2556729.764658111147583 ], [ 248673.861757977196248, 2556727.662966941483319 ], [ 248680.312475799641106, 2556744.330118939746171 ], [ 248672.928766204509884, 2556747.157854855060577 ], [ 248671.216410476976307, 2556742.854239130858332 ], [ 248665.996148043079302, 2556745.11374979885295 ], [ 248667.69211210065987, 2556749.051990100182593 ], [ 248660.305426697043004, 2556751.702497663907707 ] ] ] } },
{ "type": "Feature", "properties": { "id": "way/1374363245", "@id": "way/1374363245", "addr:city": null, "addr:district": null, "addr:housenumber": null, "addr:postcode": null, "addr:street": null, "alt_name": null, "amenity": null, "brand": null, "brand:wikidata": null, "building": "yes", "building:colour": null, "building:levels": null, "building:material": null, "club": null, "cuisine": null, "denomination": null, "diet:vegetarian": null, "government": null, "height": null, "landuse": null, "layer": null, "name": null, "name:en": null, "natural": null, "office": null, "opening_hours": null, "payment:cash": null, "phone": null, "religion": null, "roof:material": null, "roof:shape": null, "shelter_type": null, "shop": null, "sport": null, "tourism": null, "type": null, "website": null, "building_id": "way/1374363245", "building_type": "yes", "building_name": "Unnamed Building", "parcel_id": "23" }, "geometry": { "type": "Polygon", "coordinates": [ [ [ 248651.901446508272784, 2556726.769033375196159 ], [ 248644.54000286347582, 2556709.585347428452224 ], [ 248652.826596694329055, 2556706.199482518713921 ], [ 248654.728248063591309, 2556711.397420218680054 ], [ 248659.948521629237803, 2556709.137906637508422 ], [ 248658.431040832074359, 2556704.842095542233437 ], [ 248665.468226158380276, 2556702.740401459857821 ], [ 248671.908527579129441, 2556719.396646326873451 ], [ 248664.524806222878397, 2556722.224385317414999 ], [ 248662.82287939847447, 2556717.931675089523196 ], [ 248657.592175374302315, 2556720.18028303515166 ], [ 248659.298390859155916, 2556724.118350451346487 ], [ 248651.901446508272784, 2556726.769033375196159 ] ] ] } },
{ "type": "Feature", "properties": { "id": "way/1374363246", "@id": "way/1374363246", "addr:city": null, "addr:district": null, "addr:housenumber": null, "addr:postcode": null, "addr:street": null, "alt_name": null, "amenity": null, "brand": null, "brand:wikidata": null, "building": "yes", "building:colour": null, "building:levels": null, "building:material": null, "club": null, "cuisine": null, "denomination": null, "diet:vegetarian": null, "government": null, "height": null, "landuse": null, "layer": null, "name": null, "name:en": null, "natural": null, "office": null, "opening_hours": null, "payment:cash": null, "phone": null, "religion": null, "roof:material": null, "roof:shape": null, "shelter_type": null, "shop": null, "sport": null, "tourism": null, "type": null, "website": null, "building_id": "way/1374363246", "building_type": "yes", "building_name": "Unnamed Building", "parcel_id": "23" }, "geometry": { "type": "Polygon", "coordinates": [ [ [ 248685.502571315737441, 2556740.276109054218978 ], [ 248678.543218168750172, 2556725.057948053814471 ], [ 248719.994451332022436, 2556709.214330637361854 ], [ 248725.870550402789377, 2556724.628000150434673 ], [ 248685.502571315737441, 2556740.276109054218978 ] ] ] } },
{ "type": "Feature", "properties": { "id": "way/1374363246", "@id": "way/1374363246", "addr:city": null, "addr:district": null, "addr:housenumber": null, "addr:postcode": null, "addr:street": null, "alt_name": null, "amenity": null, "brand": null, "brand:wikidata": null, "building": "yes", "building:colour": null, "building:levels": null, "building:material": null, "club": null, "cuisine": null, "denomination": null, "diet:vegetarian": null, "government": null, "height": null, "landuse": null, "layer": null, "name": null, "name:en": null, "natural": null, "office": null, "opening_hours": null, "payment:cash": null, "phone": null, "religion": null, "roof:material": null, "roof:shape": null, "shelter_type": null, "shop": null, "sport": null, "tourism": null, "type": null, "website": null, "building_id": "way/1374363246", "building_type": "yes", "building_name": "Unnamed Building", "parcel_id": "22" }, "geometry": { "type": "Polygon", "coordinates": [ [ [ 248685.502571315737441, 2556740.276109054218978 ], [ 248678.543218168750172, 2556725.057948053814471 ], [ 248719.994451332022436, 2556709.214330637361854 ], [ 248725.870550402789377, 2556724.628000150434673 ], [ 248685.502571315737441, 2556740.276109054218978 ] ] ] } },
{ "type": "Feature", "properties": { "id": "way/1374363247", "@id": "way/1374363247", "addr:city": null, "addr:district": null, "addr:housenumber": null, "addr:postcode": null, "addr:street": null, "alt_name": null, "amenity": null, "brand": null, "brand:wikidata": null, "building": "yes", "building:colour": null, "building:levels": null, "building:material": null, "club": null, "cuisine": null, "denomination": null, "diet:vegetarian": null, "government": null, "height": null, "landuse": null, "layer": null, "name": null, "name:en": null, "natural": null, "office": null, "opening_hours": null, "payment:cash": null, "phone": null, "religion": null, "roof:material": null, "roof:shape": null, "shelter_type": null, "shop": null, "sport": null, "tourism": null, "type": null, "website": null, "building_id": "way/1374363247", "building_type": "yes", "building_name": "Unnamed Building", "parcel_id": "23" }, "geometry": { "type": "Polygon", "coordinates": [ [ [ 248673.896962006576359, 2556702.321684869006276 ], [ 248666.927522815007251, 2556687.11477665649727 ], [ 248708.378671149781439, 2556671.260059148538858 ], [ 248714.265039761085063, 2556686.673553682398051 ], [ 248673.896962006576359, 2556702.321684869006276 ] ] ] } },
{ "type": "Feature", "properties": { "id": "way/1374363247", "@id": "way/1374363247", "addr:city": null, "addr:district": null, "addr:housenumber": null, "addr:postcode": null, "addr:street": null, "alt_name": null, "amenity": null, "brand": null, "brand:wikidata": null, "building": "yes", "building:colour": null, "building:levels": null, "building:material": null, "club": null, "cuisine": null, "denomination": null, "diet:vegetarian": null, "government": null, "height": null, "landuse": null, "layer": null, "name": null, "name:en": null, "natural": null, "office": null, "opening_hours": null, "payment:cash": null, "phone": null, "religion": null, "roof:material": null, "roof:shape": null, "shelter_type": null, "shop": null, "sport": null, "tourism": null, "type": null, "website": null, "building_id": "way/1374363247", "building_type": "yes", "building_name": "Unnamed Building", "parcel_id": "24/1" }, "geometry": { "type": "Polygon", "coordinates": [ [ [ 248673.896962006576359, 2556702.321684869006276 ], [ 248666.927522815007251, 2556687.11477665649727 ], [ 248708.378671149781439, 2556671.260059148538858 ], [ 248714.265039761085063, 2556686.673553682398051 ], [ 248673.896962006576359, 2556702.321684869006276 ] ] ] } },
{ "type": "Feature", "properties": { "id": "way/1374363248", "@id": "way/1374363248", "addr:city": null, "addr:district": null, "addr:housenumber": null, "addr:postcode": null, "addr:street": null, "alt_name": null, "amenity": null, "brand": null, "brand:wikidata": null, "building": "yes", "building:colour": null, "building:levels": null, "building:material": null, "club": null, "cuisine": null, "denomination": null, "diet:vegetarian": null, "government": null, "height": null, "landuse": null, "layer": null, "name": null, "name:en": null, "natural": null, "office": null, "opening_hours": null, "payment:cash": null, "phone": null, "religion": null, "roof:material": null, "roof:shape": null, "shelter_type": null, "shop": null, "sport": null, "tourism": null, "type": null, "website": null, "building_id": "way/1374363248", "building_type": "yes", "building_name": "Unnamed Building", "parcel_id": "32/1" }, "geometry": { "type": "Polygon", "coordinates": [ [ [ 248882.102643271209672, 2556525.792744794860482 ], [ 248873.634837981633609, 2556502.533387266099453 ], [ 248891.4676284979505, 2556496.283731907606125 ], [ 248900.202065196150215, 2556517.7214494808577 ], [ 248882.102643271209672, 2556525.792744794860482 ] ] ] } },
{ "type": "Feature", "properties": { "id": "way/1374363248", "@id": "way/1374363248", "addr:city": null, "addr:district": null, "addr:housenumber": null, "addr:postcode": null, "addr:street": null, "alt_name": null, "amenity": null, "brand": null, "brand:wikidata": null, "building": "yes", "building:colour": null, "building:levels": null, "building:material": null, "club": null, "cuisine": null, "denomination": null, "diet:vegetarian": null, "government": null, "height": null, "landuse": null, "layer": null, "name": null, "name:en": null, "natural": null, "office": null, "opening_hours": null, "payment:cash": null, "phone": null, "religion": null, "roof:material": null, "roof:shape": null, "shelter_type": null, "shop": null, "sport": null, "tourism": null, "type": null, "website": null, "building_id": "way/1374363248", "building_type": "yes", "building_name": "Unnamed Building", "parcel_id": "29" }, "geometry": { "type": "Polygon", "coordinates": [ [ [ 248882.102643271209672, 2556525.792744794860482 ], [ 248873.634837981633609, 2556502.533387266099453 ], [ 248891.4676284979505, 2556496.283731907606125 ], [ 248900.202065196150215, 2556517.7214494808577 ], [ 248882.102643271209672, 2556525.792744794860482 ] ] ] } },
{ "type": "Feature", "properties": { "id": "way/1374363249", "@id": "way/1374363249", "addr:city": null, "addr:district": null, "addr:housenumber": null, "addr:postcode": null, "addr:street": null, "alt_name": null, "amenity": null, "brand": null, "brand:wikidata": null, "building": "yes", "building:colour": null, "building:levels": null, "building:material": null, "club": null, "cuisine": null, "denomination": null, "diet:vegetarian": null, "government": null, "height": null, "landuse": null, "layer": null, "name": null, "name:en": null, "natural": null, "office": null, "opening_hours": null, "payment:cash": null, "phone": null, "religion": null, "roof:material": null, "roof:shape": null, "shelter_type": null, "shop": null, "sport": null, "tourism": null, "type": null, "website": null, "building_id": "way/1374363249", "building_type": "yes", "building_name": "Unnamed Building", "parcel_id": "32/1" }, "geometry": { "type": "Polygon", "coordinates": [ [ [ 248904.25382061325945, 2556517.897164115216583 ], [ 248895.785862143704435, 2556494.626719858963042 ], [ 248910.527871223021066, 2556489.880520879290998 ], [ 248918.637556537927594, 2556511.960316100623459 ], [ 248904.25382061325945, 2556517.897164115216583 ] ] ] } },
{ "type": "Feature", "properties": { "id": "way/1374363250", "@id": "way/1374363250", "addr:city": null, "addr:district": null, "addr:housenumber": null, "addr:postcode": null, "addr:street": null, "alt_name": null, "amenity": null, "brand": null, "brand:wikidata": null, "building": "yes", "building:colour": null, "building:levels": null, "building:material": null, "club": null, "cuisine": null, "denomination": null, "diet:vegetarian": null, "government": null, "height": null, "landuse": null, "layer": null, "name": null, "name:en": null, "natural": null, "office": null, "opening_hours": null, "payment:cash": null, "phone": null, "religion": null, "roof:material": null, "roof:shape": null, "shelter_type": null, "shop": null, "sport": null, "tourism": null, "type": null, "website": null, "building_id": "way/1374363250", "building_type": "yes", "building_name": "Unnamed Building", "parcel_id": "32/1" }, "geometry": { "type": "Polygon", "coordinates": [ [ [ 248924.535926002019551, 2556509.789241577964276 ], [ 248916.067997321893927, 2556486.518788550049067 ], [ 248930.81001894644578, 2556481.772610927931964 ], [ 248938.919490005588159, 2556503.841337405145168 ], [ 248924.535926002019551, 2556509.789241577964276 ] ] ] } },
{ "type": "Feature", "properties": { "id": "way/1374363251", "@id": "way/1374363251", "addr:city": null, "addr:district": null, "addr:housenumber": null, "addr:postcode": null, "addr:street": null, "alt_name": null, "amenity": null, "brand": null, "brand:wikidata": null, "building": "yes", "building:colour": null, "building:levels": null, "building:material": null, "club": null, "cuisine": null, "denomination": null, "diet:vegetarian": null, "government": null, "height": null, "landuse": null, "layer": null, "name": null, "name:en": null, "natural": null, "office": null, "opening_hours": null, "payment:cash": null, "phone": null, "religion": null, "roof:material": null, "roof:shape": null, "shelter_type": null, "shop": null, "sport": null, "tourism": null, "type": null, "website": null, "building_id": "way/1374363251", "building_type": "yes", "building_name": "Unnamed Building", "parcel_id": "32/1" }, "geometry": { "type": "Polygon", "coordinates": [ [ [ 248952.525491157808574, 2556501.031148086767644 ], [ 248944.047357210540213, 2556477.760855098254979 ], [ 248958.789393656392349, 2556473.014706702902913 ], [ 248966.909258183150087, 2556495.094349851366132 ], [ 248952.525491157808574, 2556501.031148086767644 ] ] ] } },
{ "type": "Feature", "properties": { "id": "way/1374363252", "@id": "way/1374363252", "addr:city": null, "addr:district": null, "addr:housenumber": null, "addr:postcode": null, "addr:street": null, "alt_name": null, "amenity": null, "brand": null, "brand:wikidata": null, "building": "yes", "building:colour": null, "building:levels": null, "building:material": null, "club": null, "cuisine": null, "denomination": null, "diet:vegetarian": null, "government": null, "height": null, "landuse": null, "layer": null, "name": null, "name:en": null, "natural": null, "office": null, "opening_hours": null, "payment:cash": null, "phone": null, "religion": null, "roof:material": null, "roof:shape": null, "shelter_type": null, "shop": null, "sport": null, "tourism": null, "type": null, "website": null, "building_id": "way/1374363252", "building_type": "yes", "building_name": "Unnamed Building", "parcel_id": "30" }, "geometry": { "type": "Polygon", "coordinates": [ [ [ 248974.02469833183568, 2556490.930568407755345 ], [ 248965.546781398996245, 2556467.671343237161636 ], [ 248980.288646691595204, 2556462.914140455890447 ], [ 248988.408481827704236, 2556484.993792590685189 ], [ 248974.02469833183568, 2556490.930568407755345 ] ] ] } },
{ "type": "Feature", "properties": { "id": "way/1374363252", "@id": "way/1374363252", "addr:city": null, "addr:district": null, "addr:housenumber": null, "addr:postcode": null, "addr:street": null, "alt_name": null, "amenity": null, "brand": null, "brand:wikidata": null, "building": "yes", "building:colour": null, "building:levels": null, "building:material": null, "club": null, "cuisine": null, "denomination": null, "diet:vegetarian": null, "government": null, "height": null, "landuse": null, "layer": null, "name": null, "name:en": null, "natural": null, "office": null, "opening_hours": null, "payment:cash": null, "phone": null, "religion": null, "roof:material": null, "roof:shape": null, "shelter_type": null, "shop": null, "sport": null, "tourism": null, "type": null, "website": null, "building_id": "way/1374363252", "building_type": "yes", "building_name": "Unnamed Building", "parcel_id": "32/1" }, "geometry": { "type": "Polygon", "coordinates": [ [ [ 248974.02469833183568, 2556490.930568407755345 ], [ 248965.546781398996245, 2556467.671343237161636 ], [ 248980.288646691595204, 2556462.914140455890447 ], [ 248988.408481827704236, 2556484.993792590685189 ], [ 248974.02469833183568, 2556490.930568407755345 ] ] ] } },
{ "type": "Feature", "properties": { "id": "way/1374363253", "@id": "way/1374363253", "addr:city": null, "addr:district": null, "addr:housenumber": null, "addr:postcode": null, "addr:street": null, "alt_name": null, "amenity": null, "brand": null, "brand:wikidata": null, "building": "yes", "building:colour": null, "building:levels": null, "building:material": null, "club": null, "cuisine": null, "denomination": null, "diet:vegetarian": null, "government": null, "height": null, "landuse": null, "layer": null, "name": null, "name:en": null, "natural": null, "office": null, "opening_hours": null, "payment:cash": null, "phone": null, "religion": null, "roof:material": null, "roof:shape": null, "shelter_type": null, "shop": null, "sport": null, "tourism": null, "type": null, "website": null, "building_id": "way/1374363253", "building_type": "yes", "building_name": "Unnamed Building", "parcel_id": "135" }, "geometry": { "type": "Polygon", "coordinates": [ [ [ 248998.482880740572, 2556483.683380358852446 ], [ 248989.397045055055059, 2556460.844322604127228 ], [ 249007.83047672198154, 2556452.512718348298222 ], [ 249016.610111836344004, 2556477.262734483927488 ], [ 248998.482880740572, 2556483.683380358852446 ] ] ] } },
{ "type": "Feature", "properties": { "id": "way/1374363253", "@id": "way/1374363253", "addr:city": null, "addr:district": null, "addr:housenumber": null, "addr:postcode": null, "addr:street": null, "alt_name": null, "amenity": null, "brand": null, "brand:wikidata": null, "building": "yes", "building:colour": null, "building:levels": null, "building:material": null, "club": null, "cuisine": null, "denomination": null, "diet:vegetarian": null, "government": null, "height": null, "landuse": null, "layer": null, "name": null, "name:en": null, "natural": null, "office": null, "opening_hours": null, "payment:cash": null, "phone": null, "religion": null, "roof:material": null, "roof:shape": null, "shelter_type": null, "shop": null, "sport": null, "tourism": null, "type": null, "website": null, "building_id": "way/1374363253", "building_type": "yes", "building_name": "Unnamed Building", "parcel_id": "30" }, "geometry": { "type": "Polygon", "coordinates": [ [ [ 248998.482880740572, 2556483.683380358852446 ], [ 248989.397045055055059, 2556460.844322604127228 ], [ 249007.83047672198154, 2556452.512718348298222 ], [ 249016.610111836344004, 2556477.262734483927488 ], [ 248998.482880740572, 2556483.683380358852446 ] ] ] } },
{ "type": "Feature", "properties": { "id": "way/1374363253", "@id": "way/1374363253", "addr:city": null, "addr:district": null, "addr:housenumber": null, "addr:postcode": null, "addr:street": null, "alt_name": null, "amenity": null, "brand": null, "brand:wikidata": null, "building": "yes", "building:colour": null, "building:levels": null, "building:material": null, "club": null, "cuisine": null, "denomination": null, "diet:vegetarian": null, "government": null, "height": null, "landuse": null, "layer": null, "name": null, "name:en": null, "natural": null, "office": null, "opening_hours": null, "payment:cash": null, "phone": null, "religion": null, "roof:material": null, "roof:shape": null, "shelter_type": null, "shop": null, "sport": null, "tourism": null, "type": null, "website": null, "building_id": "way/1374363253", "building_type": "yes", "building_name": "Unnamed Building", "parcel_id": "33" }, "geometry": { "type": "Polygon", "coordinates": [ [ [ 248998.482880740572, 2556483.683380358852446 ], [ 248989.397045055055059, 2556460.844322604127228 ], [ 249007.83047672198154, 2556452.512718348298222 ], [ 249016.610111836344004, 2556477.262734483927488 ], [ 248998.482880740572, 2556483.683380358852446 ] ] ] } },
{ "type": "Feature", "properties": { "id": "way/1374363254", "@id": "way/1374363254", "addr:city": null, "addr:district": null, "addr:housenumber": null, "addr:postcode": null, "addr:street": null, "alt_name": null, "amenity": null, "brand": null, "brand:wikidata": null, "building": "yes", "building:colour": null, "building:levels": null, "building:material": null, "club": null, "cuisine": null, "denomination": null, "diet:vegetarian": null, "government": null, "height": null, "landuse": null, "layer": null, "name": null, "name:en": null, "natural": null, "office": null, "opening_hours": null, "payment:cash": null, "phone": null, "religion": null, "roof:material": null, "roof:shape": null, "shelter_type": null, "shop": null, "sport": null, "tourism": null, "type": null, "website": null, "building_id": "way/1374363254", "building_type": "yes", "building_name": "Unnamed Building", "parcel_id": "32/1" }, "geometry": { "type": "Polygon", "coordinates": [ [ [ 248865.972997446660884, 2556496.74520813068375 ], [ 248860.516741967905546, 2556481.911697477567941 ], [ 248882.248785183357541, 2556473.469116305466741 ], [ 248888.951651865354506, 2556488.071168463677168 ], [ 248865.972997446660884, 2556496.74520813068375 ] ] ] } },
{ "type": "Feature", "properties": { "id": "way/1374363254", "@id": "way/1374363254", "addr:city": null, "addr:district": null, "addr:housenumber": null, "addr:postcode": null, "addr:street": null, "alt_name": null, "amenity": null, "brand": null, "brand:wikidata": null, "building": "yes", "building:colour": null, "building:levels": null, "building:material": null, "club": null, "cuisine": null, "denomination": null, "diet:vegetarian": null, "government": null, "height": null, "landuse": null, "layer": null, "name": null, "name:en": null, "natural": null, "office": null, "opening_hours": null, "payment:cash": null, "phone": null, "religion": null, "roof:material": null, "roof:shape": null, "shelter_type": null, "shop": null, "sport": null, "tourism": null, "type": null, "website": null, "building_id": "way/1374363254", "building_type": "yes", "building_name": "Unnamed Building", "parcel_id": "29" }, "geometry": { "type": "Polygon", "coordinates": [ [ [ 248865.972997446660884, 2556496.74520813068375 ], [ 248860.516741967905546, 2556481.911697477567941 ], [ 248882.248785183357541, 2556473.469116305466741 ], [ 248888.951651865354506, 2556488.071168463677168 ], [ 248865.972997446660884, 2556496.74520813068375 ] ] ] } },
{ "type": "Feature", "properties": { "id": "way/1374363255", "@id": "way/1374363255", "addr:city": null, "addr:district": null, "addr:housenumber": null, "addr:postcode": null, "addr:street": null, "alt_name": null, "amenity": null, "brand": null, "brand:wikidata": null, "building": "yes", "building:colour": null, "building:levels": null, "building:material": null, "club": null, "cuisine": null, "denomination": null, "diet:vegetarian": null, "government": null, "height": null, "landuse": null, "layer": null, "name": null, "name:en": null, "natural": null, "office": null, "opening_hours": null, "payment:cash": null, "phone": null, "religion": null, "roof:material": null, "roof:shape": null, "shelter_type": null, "shop": null, "sport": null, "tourism": null, "type": null, "website": null, "building_id": "way/1374363255", "building_type": "yes", "building_name": "Unnamed Building", "parcel_id": "32/1" }, "geometry": { "type": "Polygon", "coordinates": [ [ [ 248894.00933679100126, 2556487.720291600096971 ], [ 248887.959910717589082, 2556471.744385595433414 ], [ 248893.898739099648083, 2556468.929963534232229 ], [ 248895.827000945457257, 2556472.664878119714558 ], [ 248899.551644101040438, 2556471.06215900182724 ], [ 248897.761434978747275, 2556467.613013084512204 ], [ 248903.413900726678548, 2556464.836645705625415 ], [ 248909.720579361543059, 2556482.093550218269229 ], [ 248904.79365895272349, 2556483.517014151439071 ], [ 248903.297475189319812, 2556479.265148184262216 ], [ 248899.371624055755092, 2556480.483435552101582 ], [ 248901.169816916401032, 2556485.018316586501896 ], [ 248894.00933679100126, 2556487.720291600096971 ] ] ] } },
{ "type": "Feature", "properties": { "id": "way/1374363256", "@id": "way/1374363256", "addr:city": null, "addr:district": null, "addr:housenumber": null, "addr:postcode": null, "addr:street": null, "alt_name": null, "amenity": null, "brand": null, "brand:wikidata": null, "building": "yes", "building:colour": null, "building:levels": null, "building:material": null, "club": null, "cuisine": null, "denomination": null, "diet:vegetarian": null, "government": null, "height": null, "landuse": null, "layer": null, "name": null, "name:en": null, "natural": null, "office": null, "opening_hours": null, "payment:cash": null, "phone": null, "religion": null, "roof:material": null, "roof:shape": null, "shelter_type": null, "shop": null, "sport": null, "tourism": null, "type": null, "website": null, "building_id": "way/1374363256", "building_type": "yes", "building_name": "Unnamed Building", "parcel_id": "32/1" }, "geometry": { "type": "Polygon", "coordinates": [ [ [ 248911.322346483793808, 2556481.036181181669235 ], [ 248905.273123895487515, 2556465.071346932090819 ], [ 248911.211957583902404, 2556462.256932307966053 ], [ 248913.140215515246382, 2556465.991848776582628 ], [ 248916.875109084037831, 2556464.38896220875904 ], [ 248915.074656290293206, 2556460.939986637793481 ], [ 248920.737188464641804, 2556458.152377084363252 ], [ 248927.044034200778697, 2556475.420364351011813 ], [ 248922.106863219785737, 2556476.843994307797402 ], [ 248920.61068413691828, 2556472.592127034906298 ], [ 248916.695077547221445, 2556473.810237462166697 ], [ 248918.483018207538407, 2556478.345292229671031 ], [ 248911.322346483793808, 2556481.036181181669235 ] ] ] } },
{ "type": "Feature", "properties": { "id": "way/1374363257", "@id": "way/1374363257", "addr:city": null, "addr:district": null, "addr:housenumber": null, "addr:postcode": null, "addr:street": null, "alt_name": null, "amenity": null, "brand": null, "brand:wikidata": null, "building": "yes", "building:colour": null, "building:levels": null, "building:material": null, "club": null, "cuisine": null, "denomination": null, "diet:vegetarian": null, "government": null, "height": null, "landuse": null, "layer": null, "name": null, "name:en": null, "natural": null, "office": null, "opening_hours": null, "payment:cash": null, "phone": null, "religion": null, "roof:material": null, "roof:shape": null, "shelter_type": null, "shop": null, "sport": null, "tourism": null, "type": null, "website": null, "building_id": "way/1374363257", "building_type": "yes", "building_name": "Unnamed Building", "parcel_id": "32/1" }, "geometry": { "type": "Polygon", "coordinates": [ [ [ 248943.514696935249958, 2556470.456805755384266 ], [ 248937.465321232390124, 2556454.480884294956923 ], [ 248943.404164023522753, 2556451.666483427397907 ], [ 248945.332414501055609, 2556455.401403382886201 ], [ 248949.067313419014681, 2556453.798525431659073 ], [ 248947.266867500322405, 2556450.349546596873552 ], [ 248952.929594592162175, 2556447.573027353268117 ], [ 248959.236218625679612, 2556464.829947787337005 ], [ 248954.299042128724977, 2556466.253566500730813 ], [ 248952.8028718624264, 2556462.001696808263659 ], [ 248948.887260699964827, 2556463.219798299018294 ], [ 248950.67519204589189, 2556467.754856072366238 ], [ 248943.514696935249958, 2556470.456805755384266 ] ] ] } },
{ "type": "Feature", "properties": { "id": "way/1374363258", "@id": "way/1374363258", "addr:city": null, "addr:district": null, "addr:housenumber": null, "addr:postcode": null, "addr:street": null, "alt_name": null, "amenity": null, "brand": null, "brand:wikidata": null, "building": "yes", "building:colour": null, "building:levels": null, "building:material": null, "club": null, "cuisine": null, "denomination": null, "diet:vegetarian": null, "government": null, "height": null, "landuse": null, "layer": null, "name": null, "name:en": null, "natural": null, "office": null, "opening_hours": null, "payment:cash": null, "phone": null, "religion": null, "roof:material": null, "roof:shape": null, "shelter_type": null, "shop": null, "sport": null, "tourism": null, "type": null, "website": null, "building_id": "way/1374363258", "building_type": "yes", "building_name": "Unnamed Building", "parcel_id": "30" }, "geometry": { "type": "Polygon", "coordinates": [ [ [ 248961.247137854807079, 2556463.721393267158419 ], [ 248955.197780045768013, 2556447.745466258842498 ], [ 248961.136628230189672, 2556444.931073005311191 ], [ 248963.064874687523115, 2556448.665994887705892 ], [ 248966.789529500558274, 2556447.063293765299022 ], [ 248964.999334578606067, 2556443.614141067955643 ], [ 248970.651819632359548, 2556440.837801151443273 ], [ 248976.958424276788719, 2556458.094727294985205 ], [ 248972.031491715752054, 2556459.518167730886489 ], [ 248970.535326248122146, 2556455.266296701971442 ], [ 248966.61971232102951, 2556456.484393247868866 ], [ 248968.407638611271977, 2556461.019452682230622 ], [ 248961.247137854807079, 2556463.721393267158419 ] ] ] } },
{ "type": "Feature", "properties": { "id": "way/1374363258", "@id": "way/1374363258", "addr:city": null, "addr:district": null, "addr:housenumber": null, "addr:postcode": null, "addr:street": null, "alt_name": null, "amenity": null, "brand": null, "brand:wikidata": null, "building": "yes", "building:colour": null, "building:levels": null, "building:material": null, "club": null, "cuisine": null, "denomination": null, "diet:vegetarian": null, "government": null, "height": null, "landuse": null, "layer": null, "name": null, "name:en": null, "natural": null, "office": null, "opening_hours": null, "payment:cash": null, "phone": null, "religion": null, "roof:material": null, "roof:shape": null, "shelter_type": null, "shop": null, "sport": null, "tourism": null, "type": null, "website": null, "building_id": "way/1374363258", "building_type": "yes", "building_name": "Unnamed Building", "parcel_id": "32/1" }, "geometry": { "type": "Polygon", "coordinates": [ [ [ 248961.247137854807079, 2556463.721393267158419 ], [ 248955.197780045768013, 2556447.745466258842498 ], [ 248961.136628230189672, 2556444.931073005311191 ], [ 248963.064874687523115, 2556448.665994887705892 ], [ 248966.789529500558274, 2556447.063293765299022 ], [ 248964.999334578606067, 2556443.614141067955643 ], [ 248970.651819632359548, 2556440.837801151443273 ], [ 248976.958424276788719, 2556458.094727294985205 ], [ 248972.031491715752054, 2556459.518167730886489 ], [ 248970.535326248122146, 2556455.266296701971442 ], [ 248966.61971232102951, 2556456.484393247868866 ], [ 248968.407638611271977, 2556461.019452682230622 ], [ 248961.247137854807079, 2556463.721393267158419 ] ] ] } },
{ "type": "Feature", "properties": { "id": "way/1374363259", "@id": "way/1374363259", "addr:city": null, "addr:district": null, "addr:housenumber": null, "addr:postcode": null, "addr:street": null, "alt_name": null, "amenity": null, "brand": null, "brand:wikidata": null, "building": "yes", "building:colour": null, "building:levels": null, "building:material": null, "club": null, "cuisine": null, "denomination": null, "diet:vegetarian": null, "government": null, "height": null, "landuse": null, "layer": null, "name": null, "name:en": null, "natural": null, "office": null, "opening_hours": null, "payment:cash": null, "phone": null, "religion": null, "roof:material": null, "roof:shape": null, "shelter_type": null, "shop": null, "sport": null, "tourism": null, "type": null, "website": null, "building_id": "way/1374363259", "building_type": "yes", "building_name": "Unnamed Building", "parcel_id": "135" }, "geometry": { "type": "Polygon", "coordinates": [ [ [ 248983.984190855699126, 2556456.525246624834836 ], [ 248977.275981625163695, 2556442.820754420943558 ], [ 248999.030599657824496, 2556430.83228482818231 ], [ 249005.603845943202032, 2556446.267575783189386 ], [ 248983.984190855699126, 2556456.525246624834836 ] ] ] } },
{ "type": "Feature", "properties": { "id": "way/1374363259", "@id": "way/1374363259", "addr:city": null, "addr:district": null, "addr:housenumber": null, "addr:postcode": null, "addr:street": null, "alt_name": null, "amenity": null, "brand": null, "brand:wikidata": null, "building": "yes", "building:colour": null, "building:levels": null, "building:material": null, "club": null, "cuisine": null, "denomination": null, "diet:vegetarian": null, "government": null, "height": null, "landuse": null, "layer": null, "name": null, "name:en": null, "natural": null, "office": null, "opening_hours": null, "payment:cash": null, "phone": null, "religion": null, "roof:material": null, "roof:shape": null, "shelter_type": null, "shop": null, "sport": null, "tourism": null, "type": null, "website": null, "building_id": "way/1374363259", "building_type": "yes", "building_name": "Unnamed Building", "parcel_id": "30" }, "geometry": { "type": "Polygon", "coordinates": [ [ [ 248983.984190855699126, 2556456.525246624834836 ], [ 248977.275981625163695, 2556442.820754420943558 ], [ 248999.030599657824496, 2556430.83228482818231 ], [ 249005.603845943202032, 2556446.267575783189386 ], [ 248983.984190855699126, 2556456.525246624834836 ] ] ] } },
{ "type": "Feature", "properties": { "id": "way/1374363260", "@id": "way/1374363260", "addr:city": null, "addr:district": null, "addr:housenumber": null, "addr:postcode": null, "addr:street": null, "alt_name": null, "amenity": null, "brand": null, "brand:wikidata": null, "building": "yes", "building:colour": null, "building:levels": null, "building:material": null, "club": null, "cuisine": null, "denomination": null, "diet:vegetarian": null, "government": null, "height": null, "landuse": null, "layer": null, "name": null, "name:en": null, "natural": null, "office": null, "opening_hours": null, "payment:cash": null, "phone": null, "religion": null, "roof:material": null, "roof:shape": null, "shelter_type": null, "shop": null, "sport": null, "tourism": null, "type": null, "website": null, "building_id": "way/1374363260", "building_type": "yes", "building_name": "Unnamed Building", "parcel_id": "60" }, "geometry": { "type": "Polygon", "coordinates": [ [ [ 248889.024081893760012, 2556466.142041116021574 ], [ 248881.087307110923575, 2556440.934707171749324 ], [ 248896.396147340419702, 2556435.757927837781608 ], [ 248905.61529608964338, 2556461.032372024375945 ], [ 248889.024081893760012, 2556466.142041116021574 ] ] ] } },
{ "type": "Feature", "properties": { "id": "way/1374363260", "@id": "way/1374363260", "addr:city": null, "addr:district": null, "addr:housenumber": null, "addr:postcode": null, "addr:street": null, "alt_name": null, "amenity": null, "brand": null, "brand:wikidata": null, "building": "yes", "building:colour": null, "building:levels": null, "building:material": null, "club": null, "cuisine": null, "denomination": null, "diet:vegetarian": null, "government": null, "height": null, "landuse": null, "layer": null, "name": null, "name:en": null, "natural": null, "office": null, "opening_hours": null, "payment:cash": null, "phone": null, "religion": null, "roof:material": null, "roof:shape": null, "shelter_type": null, "shop": null, "sport": null, "tourism": null, "type": null, "website": null, "building_id": "way/1374363260", "building_type": "yes", "building_name": "Unnamed Building", "parcel_id": "32/1" }, "geometry": { "type": "Polygon", "coordinates": [ [ [ 248889.024081893760012, 2556466.142041116021574 ], [ 248881.087307110923575, 2556440.934707171749324 ], [ 248896.396147340419702, 2556435.757927837781608 ], [ 248905.61529608964338, 2556461.032372024375945 ], [ 248889.024081893760012, 2556466.142041116021574 ] ] ] } },
{ "type": "Feature", "properties": { "id": "way/1374363261", "@id": "way/1374363261", "addr:city": null, "addr:district": null, "addr:housenumber": null, "addr:postcode": null, "addr:street": null, "alt_name": null, "amenity": null, "brand": null, "brand:wikidata": null, "building": "yes", "building:colour": null, "building:levels": null, "building:material": null, "club": null, "cuisine": null, "denomination": null, "diet:vegetarian": null, "government": null, "height": null, "landuse": null, "layer": null, "name": null, "name:en": null, "natural": null, "office": null, "opening_hours": null, "payment:cash": null, "phone": null, "religion": null, "roof:material": null, "roof:shape": null, "shelter_type": null, "shop": null, "sport": null, "tourism": null, "type": null, "website": null, "building_id": "way/1374363261", "building_type": "yes", "building_name": "Unnamed Building", "parcel_id": "60" }, "geometry": { "type": "Polygon", "coordinates": [ [ [ 248877.161330431932583, 2556439.094838984310627 ], [ 248869.224526427016826, 2556413.887508919928223 ], [ 248884.533392722136341, 2556408.710719788912684 ], [ 248893.752573159028543, 2556433.985159297473729 ], [ 248877.161330431932583, 2556439.094838984310627 ] ] ] } },
{ "type": "Feature", "properties": { "id": "way/1374363262", "@id": "way/1374363262", "addr:city": null, "addr:district": null, "addr:housenumber": null, "addr:postcode": null, "addr:street": null, "alt_name": null, "amenity": null, "brand": null, "brand:wikidata": null, "building": "yes", "building:colour": null, "building:levels": null, "building:material": null, "club": null, "cuisine": null, "denomination": null, "diet:vegetarian": null, "government": null, "height": null, "landuse": null, "layer": null, "name": null, "name:en": null, "natural": null, "office": null, "opening_hours": null, "payment:cash": null, "phone": null, "religion": null, "roof:material": null, "roof:shape": null, "shelter_type": null, "shop": null, "sport": null, "tourism": null, "type": null, "website": null, "building_id": "way/1374363262", "building_type": "yes", "building_name": "Unnamed Building", "parcel_id": "60" }, "geometry": { "type": "Polygon", "coordinates": [ [ [ 248915.365672936895862, 2556424.558487703558058 ], [ 248907.429116898856591, 2556399.362220203503966 ], [ 248922.73800760062295, 2556394.185472835320979 ], [ 248931.967188105132664, 2556419.448681069537997 ], [ 248915.365672936895862, 2556424.558487703558058 ] ] ] } },
{ "type": "Feature", "properties": { "id": "way/1374363263", "@id": "way/1374363263", "addr:city": null, "addr:district": null, "addr:housenumber": null, "addr:postcode": null, "addr:street": null, "alt_name": null, "amenity": null, "brand": null, "brand:wikidata": null, "building": "yes", "building:colour": null, "building:levels": null, "building:material": null, "club": null, "cuisine": null, "denomination": null, "diet:vegetarian": null, "government": null, "height": null, "landuse": null, "layer": null, "name": null, "name:en": null, "natural": null, "office": null, "opening_hours": null, "payment:cash": null, "phone": null, "religion": null, "roof:material": null, "roof:shape": null, "shelter_type": null, "shop": null, "sport": null, "tourism": null, "type": null, "website": null, "building_id": "way/1374363263", "building_type": "yes", "building_name": "Unnamed Building", "parcel_id": "60" }, "geometry": { "type": "Polygon", "coordinates": [ [ [ 248925.646695451607229, 2556453.249999239575118 ], [ 248917.709980365820229, 2556428.042651314754039 ], [ 248933.01884289184818, 2556422.865911910776049 ], [ 248942.237932536605513, 2556448.14037330262363 ], [ 248925.646695451607229, 2556453.249999239575118 ] ] ] } },
{ "type": "Feature", "properties": { "id": "way/1374363263", "@id": "way/1374363263", "addr:city": null, "addr:district": null, "addr:housenumber": null, "addr:postcode": null, "addr:street": null, "alt_name": null, "amenity": null, "brand": null, "brand:wikidata": null, "building": "yes", "building:colour": null, "building:levels": null, "building:material": null, "club": null, "cuisine": null, "denomination": null, "diet:vegetarian": null, "government": null, "height": null, "landuse": null, "layer": null, "name": null, "name:en": null, "natural": null, "office": null, "opening_hours": null, "payment:cash": null, "phone": null, "religion": null, "roof:material": null, "roof:shape": null, "shelter_type": null, "shop": null, "sport": null, "tourism": null, "type": null, "website": null, "building_id": "way/1374363263", "building_type": "yes", "building_name": "Unnamed Building", "parcel_id": "32/1" }, "geometry": { "type": "Polygon", "coordinates": [ [ [ 248925.646695451607229, 2556453.249999239575118 ], [ 248917.709980365820229, 2556428.042651314754039 ], [ 248933.01884289184818, 2556422.865911910776049 ], [ 248942.237932536605513, 2556448.14037330262363 ], [ 248925.646695451607229, 2556453.249999239575118 ] ] ] } },
{ "type": "Feature", "properties": { "id": "way/1374363264", "@id": "way/1374363264", "addr:city": null, "addr:district": null, "addr:housenumber": null, "addr:postcode": null, "addr:street": null, "alt_name": null, "amenity": null, "brand": null, "brand:wikidata": null, "building": "yes", "building:colour": null, "building:levels": null, "building:material": null, "club": null, "cuisine": null, "denomination": null, "diet:vegetarian": null, "government": null, "height": null, "landuse": null, "layer": null, "name": null, "name:en": null, "natural": null, "office": null, "opening_hours": null, "payment:cash": null, "phone": null, "religion": null, "roof:material": null, "roof:shape": null, "shelter_type": null, "shop": null, "sport": null, "tourism": null, "type": null, "website": null, "building_id": "way/1374363264", "building_type": "yes", "building_name": "Unnamed Building", "parcel_id": "60" }, "geometry": { "type": "Polygon", "coordinates": [ [ [ 248866.99185035386472, 2556408.506745184771717 ], [ 248859.57683496462414, 2556385.683997780550271 ], [ 248874.885543015028816, 2556380.496124134398997 ], [ 248883.107841941266088, 2556403.172353873029351 ], [ 248866.99185035386472, 2556408.506745184771717 ] ] ] } },
{ "type": "Feature", "properties": { "id": "way/1374363265", "@id": "way/1374363265", "addr:city": null, "addr:district": null, "addr:housenumber": null, "addr:postcode": null, "addr:street": null, "alt_name": null, "amenity": null, "brand": null, "brand:wikidata": null, "building": "yes", "building:colour": null, "building:levels": null, "building:material": null, "club": null, "cuisine": null, "denomination": null, "diet:vegetarian": null, "government": null, "height": null, "landuse": null, "layer": null, "name": null, "name:en": null, "natural": null, "office": null, "opening_hours": null, "payment:cash": null, "phone": null, "religion": null, "roof:material": null, "roof:shape": null, "shelter_type": null, "shop": null, "sport": null, "tourism": null, "type": null, "website": null, "building_id": "way/1374363265", "building_type": "yes", "building_name": "Unnamed Building", "parcel_id": "60" }, "geometry": { "type": "Polygon", "coordinates": [ [ [ 248889.113822505809367, 2556398.251548629719764 ], [ 248881.840554914990207, 2556378.373772109858692 ], [ 248914.877575938677182, 2556364.976856833323836 ], [ 248921.479452469880925, 2556386.9933364498429 ], [ 248889.113822505809367, 2556398.251548629719764 ] ] ] } },
{ "type": "Feature", "properties": { "id": "way/1374363265", "@id": "way/1374363265", "addr:city": null, "addr:district": null, "addr:housenumber": null, "addr:postcode": null, "addr:street": null, "alt_name": null, "amenity": null, "brand": null, "brand:wikidata": null, "building": "yes", "building:colour": null, "building:levels": null, "building:material": null, "club": null, "cuisine": null, "denomination": null, "diet:vegetarian": null, "government": null, "height": null, "landuse": null, "layer": null, "name": null, "name:en": null, "natural": null, "office": null, "opening_hours": null, "payment:cash": null, "phone": null, "religion": null, "roof:material": null, "roof:shape": null, "shelter_type": null, "shop": null, "sport": null, "tourism": null, "type": null, "website": null, "building_id": "way/1374363265", "building_type": "yes", "building_name": "Unnamed Building", "parcel_id": "133" }, "geometry": { "type": "Polygon", "coordinates": [ [ [ 248889.113822505809367, 2556398.251548629719764 ], [ 248881.840554914990207, 2556378.373772109858692 ], [ 248914.877575938677182, 2556364.976856833323836 ], [ 248921.479452469880925, 2556386.9933364498429 ], [ 248889.113822505809367, 2556398.251548629719764 ] ] ] } },
{ "type": "Feature", "properties": { "id": "way/1374363266", "@id": "way/1374363266", "addr:city": null, "addr:district": null, "addr:housenumber": null, "addr:postcode": null, "addr:street": null, "alt_name": null, "amenity": null, "brand": null, "brand:wikidata": null, "building": "yes", "building:colour": null, "building:levels": null, "building:material": null, "club": null, "cuisine": null, "denomination": null, "diet:vegetarian": null, "government": null, "height": null, "landuse": null, "layer": null, "name": null, "name:en": null, "natural": null, "office": null, "opening_hours": null, "payment:cash": null, "phone": null, "religion": null, "roof:material": null, "roof:shape": null, "shelter_type": null, "shop": null, "sport": null, "tourism": null, "type": null, "website": null, "building_id": "way/1374363266", "building_type": "yes", "building_name": "Unnamed Building", "parcel_id": "39/2" }, "geometry": { "type": "Polygon", "coordinates": [ [ [ 249131.312481334811309, 2556473.176928753498942 ], [ 249125.609162085165735, 2556460.707595045678318 ], [ 249146.341622232896043, 2556451.329286037478596 ], [ 249152.63621858326951, 2556465.439666487276554 ], [ 249131.312481334811309, 2556473.176928753498942 ] ] ] } },
{ "type": "Feature", "properties": { "id": "way/1374363267", "@id": "way/1374363267", "addr:city": null, "addr:district": null, "addr:housenumber": null, "addr:postcode": null, "addr:street": null, "alt_name": null, "amenity": null, "brand": null, "brand:wikidata": null, "building": "yes", "building:colour": null, "building:levels": null, "building:material": null, "club": null, "cuisine": null, "denomination": null, "diet:vegetarian": null, "government": null, "height": null, "landuse": null, "layer": null, "name": null, "name:en": null, "natural": null, "office": null, "opening_hours": null, "payment:cash": null, "phone": null, "religion": null, "roof:material": null, "roof:shape": null, "shelter_type": null, "shop": null, "sport": null, "tourism": null, "type": null, "website": null, "building_id": "way/1374363267", "building_type": "yes", "building_name": "Unnamed Building", "parcel_id": "39/2" }, "geometry": { "type": "Polygon", "coordinates": [ [ [ 249102.337896123382961, 2556483.103550909552723 ], [ 249096.634368371247547, 2556470.623149060644209 ], [ 249117.366986138018547, 2556461.255874019116163 ], [ 249123.651174995640758, 2556475.355339373927563 ], [ 249102.337896123382961, 2556483.103550909552723 ] ] ] } },
{ "type": "Feature", "properties": { "id": "way/1374363268", "@id": "way/1374363268", "addr:city": null, "addr:district": null, "addr:housenumber": null, "addr:postcode": null, "addr:street": null, "alt_name": null, "amenity": null, "brand": null, "brand:wikidata": null, "building": "yes", "building:colour": null, "building:levels": null, "building:material": null, "club": null, "cuisine": null, "denomination": null, "diet:vegetarian": null, "government": null, "height": null, "landuse": null, "layer": null, "name": null, "name:en": null, "natural": null, "office": null, "opening_hours": null, "payment:cash": null, "phone": null, "religion": null, "roof:material": null, "roof:shape": null, "shelter_type": null, "shop": null, "sport": null, "tourism": null, "type": null, "website": null, "building_id": "way/1374363268", "building_type": "yes", "building_name": "Unnamed Building", "parcel_id": "39/2" }, "geometry": { "type": "Polygon", "coordinates": [ [ [ 249131.926335684052901, 2556493.266254305373877 ], [ 249126.222836624452611, 2556480.785843678284436 ], [ 249146.955453536531422, 2556471.418609931599349 ], [ 249153.239795979054179, 2556485.529162057675421 ], [ 249131.926335684052901, 2556493.266254305373877 ] ] ] } },
{ "type": "Feature", "properties": { "id": "way/1374363269", "@id": "way/1374363269", "addr:city": null, "addr:district": null, "addr:housenumber": null, "addr:postcode": null, "addr:street": null, "alt_name": null, "amenity": null, "brand": null, "brand:wikidata": null, "building": "yes", "building:colour": null, "building:levels": null, "building:material": null, "club": null, "cuisine": null, "denomination": null, "diet:vegetarian": null, "government": null, "height": null, "landuse": null, "layer": null, "name": null, "name:en": null, "natural": null, "office": null, "opening_hours": null, "payment:cash": null, "phone": null, "religion": null, "roof:material": null, "roof:shape": null, "shelter_type": null, "shop": null, "sport": null, "tourism": null, "type": null, "website": null, "building_id": "way/1374363269", "building_type": "yes", "building_name": "Unnamed Building", "parcel_id": "39/2" }, "geometry": { "type": "Polygon", "coordinates": [ [ [ 249116.468854641367216, 2556521.957640835549682 ], [ 249109.631135832052678, 2556507.856387957930565 ], [ 249150.322240341483848, 2556491.860632373020053 ], [ 249156.606573316938011, 2556505.971185150556266 ], [ 249116.468854641367216, 2556521.957640835549682 ] ] ] } },
{ "type": "Feature", "properties": { "id": "way/1374363269", "@id": "way/1374363269", "addr:city": null, "addr:district": null, "addr:housenumber": null, "addr:postcode": null, "addr:street": null, "alt_name": null, "amenity": null, "brand": null, "brand:wikidata": null, "building": "yes", "building:colour": null, "building:levels": null, "building:material": null, "club": null, "cuisine": null, "denomination": null, "diet:vegetarian": null, "government": null, "height": null, "landuse": null, "layer": null, "name": null, "name:en": null, "natural": null, "office": null, "opening_hours": null, "payment:cash": null, "phone": null, "religion": null, "roof:material": null, "roof:shape": null, "shelter_type": null, "shop": null, "sport": null, "tourism": null, "type": null, "website": null, "building_id": "way/1374363269", "building_type": "yes", "building_name": "Unnamed Building", "parcel_id": "136" }, "geometry": { "type": "Polygon", "coordinates": [ [ [ 249116.468854641367216, 2556521.957640835549682 ], [ 249109.631135832052678, 2556507.856387957930565 ], [ 249150.322240341483848, 2556491.860632373020053 ], [ 249156.606573316938011, 2556505.971185150556266 ], [ 249116.468854641367216, 2556521.957640835549682 ] ] ] } },
{ "type": "Feature", "properties": { "id": "way/1374363270", "@id": "way/1374363270", "addr:city": null, "addr:district": null, "addr:housenumber": null, "addr:postcode": null, "addr:street": null, "alt_name": null, "amenity": null, "brand": null, "brand:wikidata": null, "building": "yes", "building:colour": null, "building:levels": null, "building:material": null, "club": null, "cuisine": null, "denomination": null, "diet:vegetarian": null, "government": null, "height": null, "landuse": null, "layer": null, "name": null, "name:en": null, "natural": null, "office": null, "opening_hours": null, "payment:cash": null, "phone": null, "religion": null, "roof:material": null, "roof:shape": null, "shelter_type": null, "shop": null, "sport": null, "tourism": null, "type": null, "website": null, "building_id": "way/1374363270", "building_type": "yes", "building_name": "Unnamed Building", "parcel_id": "39/2" }, "geometry": { "type": "Polygon", "coordinates": [ [ [ 249092.286483509727987, 2556523.039371181745082 ], [ 249074.225728853052715, 2556479.065681407228112 ], [ 249089.534387640771456, 2556473.878024827223271 ], [ 249105.402377587073715, 2556517.899607815314084 ], [ 249092.286483509727987, 2556523.039371181745082 ] ] ] } },
{ "type": "Feature", "properties": { "id": "way/1374363271", "@id": "way/1374363271", "addr:city": null, "addr:district": null, "addr:housenumber": null, "addr:postcode": null, "addr:street": null, "alt_name": null, "amenity": null, "brand": null, "brand:wikidata": null, "building": "yes", "building:colour": null, "building:levels": null, "building:material": null, "club": null, "cuisine": null, "denomination": null, "diet:vegetarian": null, "government": null, "height": null, "landuse": null, "layer": null, "name": null, "name:en": null, "natural": null, "office": null, "opening_hours": null, "payment:cash": null, "phone": null, "religion": null, "roof:material": null, "roof:shape": null, "shelter_type": null, "shop": null, "sport": null, "tourism": null, "type": null, "website": null, "building_id": "way/1374363271", "building_type": "yes", "building_name": "Unnamed Building", "parcel_id": "36/1" }, "geometry": { "type": "Polygon", "coordinates": [ [ [ 249056.315833046246553, 2556509.427103653550148 ], [ 249048.879908377217362, 2556492.05614830320701 ], [ 249069.115290118847042, 2556485.433976353146136 ], [ 249074.915143997059204, 2556503.652340139262378 ], [ 249056.315833046246553, 2556509.427103653550148 ] ] ] } },
{ "type": "Feature", "properties": { "id": "way/1374363272", "@id": "way/1374363272", "addr:city": null, "addr:district": null, "addr:housenumber": null, "addr:postcode": null, "addr:street": null, "alt_name": null, "amenity": null, "brand": null, "brand:wikidata": null, "building": "yes", "building:colour": null, "building:levels": null, "building:material": null, "club": null, "cuisine": null, "denomination": null, "diet:vegetarian": null, "government": null, "height": null, "landuse": null, "layer": null, "name": null, "name:en": null, "natural": null, "office": null, "opening_hours": null, "payment:cash": null, "phone": null, "religion": null, "roof:material": null, "roof:shape": null, "shelter_type": null, "shop": null, "sport": null, "tourism": null, "type": null, "website": null, "building_id": "way/1374363272", "building_type": "yes", "building_name": "Unnamed Building", "parcel_id": "36/1" }, "geometry": { "type": "Polygon", "coordinates": [ [ [ 249032.490136644017184, 2556518.935040543787181 ], [ 249025.054186362540349, 2556501.564094725530595 ], [ 249045.289547715510707, 2556494.941888325382024 ], [ 249051.089429377083434, 2556513.16024541342631 ], [ 249032.490136644017184, 2556518.935040543787181 ] ] ] } },
{ "type": "Feature", "properties": { "id": "way/1374363273", "@id": "way/1374363273", "addr:city": null, "addr:district": null, "addr:housenumber": null, "addr:postcode": null, "addr:street": null, "alt_name": null, "amenity": null, "brand": null, "brand:wikidata": null, "building": "yes", "building:colour": null, "building:levels": null, "building:material": null, "club": null, "cuisine": null, "denomination": null, "diet:vegetarian": null, "government": null, "height": null, "landuse": null, "layer": null, "name": null, "name:en": null, "natural": null, "office": null, "opening_hours": null, "payment:cash": null, "phone": null, "religion": null, "roof:material": null, "roof:shape": null, "shelter_type": null, "shop": null, "sport": null, "tourism": null, "type": null, "website": null, "building_id": "way/1374363273", "building_type": "yes", "building_name": "Unnamed Building", "parcel_id": "36/1" }, "geometry": { "type": "Polygon", "coordinates": [ [ [ 249046.064882952778134, 2556536.85667721554637 ], [ 249039.369258996390272, 2556522.675502387341112 ], [ 249066.299865832232172, 2556513.115461003035307 ], [ 249072.780109833227471, 2556526.679764450062066 ], [ 249046.064882952778134, 2556536.85667721554637 ] ] ] } },
{ "type": "Feature", "properties": { "id": "way/1374363273", "@id": "way/1374363273", "addr:city": null, "addr:district": null, "addr:housenumber": null, "addr:postcode": null, "addr:street": null, "alt_name": null, "amenity": null, "brand": null, "brand:wikidata": null, "building": "yes", "building:colour": null, "building:levels": null, "building:material": null, "club": null, "cuisine": null, "denomination": null, "diet:vegetarian": null, "government": null, "height": null, "landuse": null, "layer": null, "name": null, "name:en": null, "natural": null, "office": null, "opening_hours": null, "payment:cash": null, "phone": null, "religion": null, "roof:material": null, "roof:shape": null, "shelter_type": null, "shop": null, "sport": null, "tourism": null, "type": null, "website": null, "building_id": "way/1374363273", "building_type": "yes", "building_name": "Unnamed Building", "parcel_id": "136" }, "geometry": { "type": "Polygon", "coordinates": [ [ [ 249046.064882952778134, 2556536.85667721554637 ], [ 249039.369258996390272, 2556522.675502387341112 ], [ 249066.299865832232172, 2556513.115461003035307 ], [ 249072.780109833227471, 2556526.679764450062066 ], [ 249046.064882952778134, 2556536.85667721554637 ] ] ] } },
{ "type": "Feature", "properties": { "id": "way/1374365097", "@id": "way/1374365097", "addr:city": null, "addr:district": null, "addr:housenumber": null, "addr:postcode": null, "addr:street": null, "alt_name": null, "amenity": null, "brand": null, "brand:wikidata": null, "building": "yes", "building:colour": null, "building:levels": null, "building:material": null, "club": null, "cuisine": null, "denomination": null, "diet:vegetarian": null, "government": null, "height": null, "landuse": null, "layer": null, "name": null, "name:en": null, "natural": null, "office": null, "opening_hours": null, "payment:cash": null, "phone": null, "religion": null, "roof:material": null, "roof:shape": null, "shelter_type": null, "shop": null, "sport": null, "tourism": null, "type": null, "website": null, "building_id": "way/1374365097", "building_type": "yes", "building_name": "Unnamed Building", "parcel_id": "44" }, "geometry": { "type": "Polygon", "coordinates": [ [ [ 249233.022788818547269, 2556303.17236046679318 ], [ 249227.255141721951077, 2556288.698543250095099 ], [ 249245.597324963338906, 2556282.241366294678301 ], [ 249252.074283406051109, 2556296.226841676514596 ], [ 249233.022788818547269, 2556303.17236046679318 ] ] ] } },
{ "type": "Feature", "properties": { "id": "way/1374365097", "@id": "way/1374365097", "addr:city": null, "addr:district": null, "addr:housenumber": null, "addr:postcode": null, "addr:street": null, "alt_name": null, "amenity": null, "brand": null, "brand:wikidata": null, "building": "yes", "building:colour": null, "building:levels": null, "building:material": null, "club": null, "cuisine": null, "denomination": null, "diet:vegetarian": null, "government": null, "height": null, "landuse": null, "layer": null, "name": null, "name:en": null, "natural": null, "office": null, "opening_hours": null, "payment:cash": null, "phone": null, "religion": null, "roof:material": null, "roof:shape": null, "shelter_type": null, "shop": null, "sport": null, "tourism": null, "type": null, "website": null, "building_id": "way/1374365097", "building_type": "yes", "building_name": "Unnamed Building", "parcel_id": "43" }, "geometry": { "type": "Polygon", "coordinates": [ [ [ 249233.022788818547269, 2556303.17236046679318 ], [ 249227.255141721951077, 2556288.698543250095099 ], [ 249245.597324963338906, 2556282.241366294678301 ], [ 249252.074283406051109, 2556296.226841676514596 ], [ 249233.022788818547269, 2556303.17236046679318 ] ] ] } },
{ "type": "Feature", "properties": { "id": "way/1374365098", "@id": "way/1374365098", "addr:city": null, "addr:district": null, "addr:housenumber": null, "addr:postcode": null, "addr:street": null, "alt_name": null, "amenity": null, "brand": null, "brand:wikidata": null, "building": "yes", "building:colour": null, "building:levels": null, "building:material": null, "club": null, "cuisine": null, "denomination": null, "diet:vegetarian": null, "government": null, "height": null, "landuse": null, "layer": null, "name": null, "name:en": null, "natural": null, "office": null, "opening_hours": null, "payment:cash": null, "phone": null, "religion": null, "roof:material": null, "roof:shape": null, "shelter_type": null, "shop": null, "sport": null, "tourism": null, "type": null, "website": null, "building_id": "way/1374365098", "building_type": "yes", "building_name": "Unnamed Building", "parcel_id": "44" }, "geometry": { "type": "Polygon", "coordinates": [ [ [ 249208.729059686738765, 2556311.690592243336141 ], [ 249202.961390322103398, 2556297.216782380826771 ], [ 249221.303555449587293, 2556290.759573657996953 ], [ 249227.790782424504869, 2556304.744868545792997 ], [ 249208.729059686738765, 2556311.690592243336141 ] ] ] } },
{ "type": "Feature", "properties": { "id": "way/1374365098", "@id": "way/1374365098", "addr:city": null, "addr:district": null, "addr:housenumber": null, "addr:postcode": null, "addr:street": null, "alt_name": null, "amenity": null, "brand": null, "brand:wikidata": null, "building": "yes", "building:colour": null, "building:levels": null, "building:material": null, "club": null, "cuisine": null, "denomination": null, "diet:vegetarian": null, "government": null, "height": null, "landuse": null, "layer": null, "name": null, "name:en": null, "natural": null, "office": null, "opening_hours": null, "payment:cash": null, "phone": null, "religion": null, "roof:material": null, "roof:shape": null, "shelter_type": null, "shop": null, "sport": null, "tourism": null, "type": null, "website": null, "building_id": "way/1374365098", "building_type": "yes", "building_name": "Unnamed Building", "parcel_id": "43" }, "geometry": { "type": "Polygon", "coordinates": [ [ [ 249208.729059686738765, 2556311.690592243336141 ], [ 249202.961390322103398, 2556297.216782380826771 ], [ 249221.303555449587293, 2556290.759573657996953 ], [ 249227.790782424504869, 2556304.744868545792997 ], [ 249208.729059686738765, 2556311.690592243336141 ] ] ] } },
{ "type": "Feature", "properties": { "id": "way/1374365099", "@id": "way/1374365099", "addr:city": null, "addr:district": null, "addr:housenumber": null, "addr:postcode": null, "addr:street": null, "alt_name": null, "amenity": null, "brand": null, "brand:wikidata": null, "building": "yes", "building:colour": null, "building:levels": null, "building:material": null, "club": null, "cuisine": null, "denomination": null, "diet:vegetarian": null, "government": null, "height": null, "landuse": null, "layer": null, "name": null, "name:en": null, "natural": null, "office": null, "opening_hours": null, "payment:cash": null, "phone": null, "religion": null, "roof:material": null, "roof:shape": null, "shelter_type": null, "shop": null, "sport": null, "tourism": null, "type": null, "website": null, "building_id": "way/1374365099", "building_type": "yes", "building_name": "Unnamed Building", "parcel_id": "44" }, "geometry": { "type": "Polygon", "coordinates": [ [ [ 249202.08660081087146, 2556293.951695970725268 ], [ 249196.318734276341274, 2556279.466810577083379 ], [ 249214.650858541892376, 2556273.020844621118158 ], [ 249221.13791183885769, 2556286.995060478337109 ], [ 249202.08660081087146, 2556293.951695970725268 ] ] ] } },
{ "type": "Feature", "properties": { "id": "way/1374365100", "@id": "way/1374365100", "addr:city": null, "addr:district": null, "addr:housenumber": null, "addr:postcode": null, "addr:street": null, "alt_name": null, "amenity": null, "brand": null, "brand:wikidata": null, "building": "yes", "building:colour": null, "building:levels": null, "building:material": null, "club": null, "cuisine": null, "denomination": null, "diet:vegetarian": null, "government": null, "height": null, "landuse": null, "layer": null, "name": null, "name:en": null, "natural": null, "office": null, "opening_hours": null, "payment:cash": null, "phone": null, "religion": null, "roof:material": null, "roof:shape": null, "shelter_type": null, "shop": null, "sport": null, "tourism": null, "type": null, "website": null, "building_id": "way/1374365100", "building_type": "yes", "building_name": "Unnamed Building", "parcel_id": "44" }, "geometry": { "type": "Polygon", "coordinates": [ [ [ 249194.664907869911985, 2556273.145557119511068 ], [ 249188.897214190656086, 2556258.671750673092902 ], [ 249207.229362849029712, 2556252.225777837447822 ], [ 249213.716429974330822, 2556266.199991625268012 ], [ 249194.664907869911985, 2556273.145557119511068 ] ] ] } },
{ "type": "Feature", "properties": { "id": "way/1374365101", "@id": "way/1374365101", "addr:city": null, "addr:district": null, "addr:housenumber": null, "addr:postcode": null, "addr:street": null, "alt_name": null, "amenity": null, "brand": null, "brand:wikidata": null, "building": "yes", "building:colour": null, "building:levels": null, "building:material": null, "club": null, "cuisine": null, "denomination": null, "diet:vegetarian": null, "government": null, "height": null, "landuse": null, "layer": null, "name": null, "name:en": null, "natural": null, "office": null, "opening_hours": null, "payment:cash": null, "phone": null, "religion": null, "roof:material": null, "roof:shape": null, "shelter_type": null, "shop": null, "sport": null, "tourism": null, "type": null, "website": null, "building_id": "way/1374365101", "building_type": "yes", "building_name": "Unnamed Building", "parcel_id": "44" }, "geometry": { "type": "Polygon", "coordinates": [ [ [ 249223.198832974594552, 2556265.642056536860764 ], [ 249217.198220701771788, 2556248.280198458582163 ], [ 249239.142742086376529, 2556240.865097127389163 ], [ 249244.407590200891718, 2556257.751769043505192 ], [ 249223.198832974594552, 2556265.642056536860764 ] ] ] } },
{ "type": "Feature", "properties": { "id": "way/1374365102", "@id": "way/1374365102", "addr:city": null, "addr:district": null, "addr:housenumber": null, "addr:postcode": null, "addr:street": null, "alt_name": null, "amenity": null, "brand": null, "brand:wikidata": null, "building": "yes", "building:colour": null, "building:levels": null, "building:material": null, "club": null, "cuisine": null, "denomination": null, "diet:vegetarian": null, "government": null, "height": null, "landuse": null, "layer": null, "name": null, "name:en": null, "natural": null, "office": null, "opening_hours": null, "payment:cash": null, "phone": null, "religion": null, "roof:material": null, "roof:shape": null, "shelter_type": null, "shop": null, "sport": null, "tourism": null, "type": null, "website": null, "building_id": "way/1374365102", "building_type": "yes", "building_name": "Unnamed Building", "parcel_id": "43" }, "geometry": { "type": "Polygon", "coordinates": [ [ [ 249203.757460259861546, 2556367.895558404736221 ], [ 249195.662764545762911, 2556344.242000371217728 ], [ 249234.751610997540411, 2556330.467306444421411 ], [ 249242.841602779313689, 2556353.843951424583793 ], [ 249203.757460259861546, 2556367.895558404736221 ] ] ] } },
{ "type": "Feature", "properties": { "id": "way/1374365102", "@id": "way/1374365102", "addr:city": null, "addr:district": null, "addr:housenumber": null, "addr:postcode": null, "addr:street": null, "alt_name": null, "amenity": null, "brand": null, "brand:wikidata": null, "building": "yes", "building:colour": null, "building:levels": null, "building:material": null, "club": null, "cuisine": null, "denomination": null, "diet:vegetarian": null, "government": null, "height": null, "landuse": null, "layer": null, "name": null, "name:en": null, "natural": null, "office": null, "opening_hours": null, "payment:cash": null, "phone": null, "religion": null, "roof:material": null, "roof:shape": null, "shelter_type": null, "shop": null, "sport": null, "tourism": null, "type": null, "website": null, "building_id": "way/1374365102", "building_type": "yes", "building_name": "Unnamed Building", "parcel_id": "39/1" }, "geometry": { "type": "Polygon", "coordinates": [ [ [ 249203.757460259861546, 2556367.895558404736221 ], [ 249195.662764545762911, 2556344.242000371217728 ], [ 249234.751610997540411, 2556330.467306444421411 ], [ 249242.841602779313689, 2556353.843951424583793 ], [ 249203.757460259861546, 2556367.895558404736221 ] ] ] } },
{ "type": "Feature", "properties": { "id": "way/1374365103", "@id": "way/1374365103", "addr:city": null, "addr:district": null, "addr:housenumber": null, "addr:postcode": null, "addr:street": null, "alt_name": null, "amenity": null, "brand": null, "brand:wikidata": null, "building": "yes", "building:colour": null, "building:levels": null, "building:material": null, "club": null, "cuisine": null, "denomination": null, "diet:vegetarian": null, "government": null, "height": null, "landuse": null, "layer": null, "name": null, "name:en": null, "natural": null, "office": null, "opening_hours": null, "payment:cash": null, "phone": null, "religion": null, "roof:material": null, "roof:shape": null, "shelter_type": null, "shop": null, "sport": null, "tourism": null, "type": null, "website": null, "building_id": "way/1374365103", "building_type": "yes", "building_name": "Unnamed Building", "parcel_id": "73/1" }, "geometry": { "type": "Polygon", "coordinates": [ [ [ 248765.890448783437023, 2556217.363660229369998 ], [ 248759.340511663089273, 2556203.335247898008674 ], [ 248781.635421288199723, 2556195.42603899165988 ], [ 248788.539859726297436, 2556211.642403012607247 ], [ 248765.890448783437023, 2556217.363660229369998 ] ] ] } },
{ "type": "Feature", "properties": { "id": "way/1374365103", "@id": "way/1374365103", "addr:city": null, "addr:district": null, "addr:housenumber": null, "addr:postcode": null, "addr:street": null, "alt_name": null, "amenity": null, "brand": null, "brand:wikidata": null, "building": "yes", "building:colour": null, "building:levels": null, "building:material": null, "club": null, "cuisine": null, "denomination": null, "diet:vegetarian": null, "government": null, "height": null, "landuse": null, "layer": null, "name": null, "name:en": null, "natural": null, "office": null, "opening_hours": null, "payment:cash": null, "phone": null, "religion": null, "roof:material": null, "roof:shape": null, "shelter_type": null, "shop": null, "sport": null, "tourism": null, "type": null, "website": null, "building_id": "way/1374365103", "building_type": "yes", "building_name": "Unnamed Building", "parcel_id": "67+70+71" }, "geometry": { "type": "Polygon", "coordinates": [ [ [ 248765.890448783437023, 2556217.363660229369998 ], [ 248759.340511663089273, 2556203.335247898008674 ], [ 248781.635421288199723, 2556195.42603899165988 ], [ 248788.539859726297436, 2556211.642403012607247 ], [ 248765.890448783437023, 2556217.363660229369998 ] ] ] } },
{ "type": "Feature", "properties": { "id": "way/1374365104", "@id": "way/1374365104", "addr:city": null, "addr:district": null, "addr:housenumber": null, "addr:postcode": null, "addr:street": null, "alt_name": null, "amenity": null, "brand": null, "brand:wikidata": null, "building": "yes", "building:colour": null, "building:levels": null, "building:material": null, "club": null, "cuisine": null, "denomination": null, "diet:vegetarian": null, "government": null, "height": null, "landuse": null, "layer": null, "name": null, "name:en": null, "natural": null, "office": null, "opening_hours": null, "payment:cash": null, "phone": null, "religion": null, "roof:material": null, "roof:shape": null, "shelter_type": null, "shop": null, "sport": null, "tourism": null, "type": null, "website": null, "building_id": "way/1374365104", "building_type": "yes", "building_name": "Unnamed Building", "parcel_id": "73/1" }, "geometry": { "type": "Polygon", "coordinates": [ [ [ 248798.599008462013444, 2556208.803049668204039 ], [ 248792.04928692872636, 2556194.785702825989574 ], [ 248814.333974305685842, 2556186.876717644743621 ], [ 248821.238192366232397, 2556203.082016504369676 ], [ 248798.599008462013444, 2556208.803049668204039 ] ] ] } },
{ "type": "Feature", "properties": { "id": "way/1374365104", "@id": "way/1374365104", "addr:city": null, "addr:district": null, "addr:housenumber": null, "addr:postcode": null, "addr:street": null, "alt_name": null, "amenity": null, "brand": null, "brand:wikidata": null, "building": "yes", "building:colour": null, "building:levels": null, "building:material": null, "club": null, "cuisine": null, "denomination": null, "diet:vegetarian": null, "government": null, "height": null, "landuse": null, "layer": null, "name": null, "name:en": null, "natural": null, "office": null, "opening_hours": null, "payment:cash": null, "phone": null, "religion": null, "roof:material": null, "roof:shape": null, "shelter_type": null, "shop": null, "sport": null, "tourism": null, "type": null, "website": null, "building_id": "way/1374365104", "building_type": "yes", "building_name": "Unnamed Building", "parcel_id": "67+70+71" }, "geometry": { "type": "Polygon", "coordinates": [ [ [ 248798.599008462013444, 2556208.803049668204039 ], [ 248792.04928692872636, 2556194.785702825989574 ], [ 248814.333974305685842, 2556186.876717644743621 ], [ 248821.238192366232397, 2556203.082016504369676 ], [ 248798.599008462013444, 2556208.803049668204039 ] ] ] } },
{ "type": "Feature", "properties": { "id": "way/1374365105", "@id": "way/1374365105", "addr:city": null, "addr:district": null, "addr:housenumber": null, "addr:postcode": null, "addr:street": null, "alt_name": null, "amenity": null, "brand": null, "brand:wikidata": null, "building": "yes", "building:colour": null, "building:levels": null, "building:material": null, "club": null, "cuisine": null, "denomination": null, "diet:vegetarian": null, "government": null, "height": null, "landuse": null, "layer": null, "name": null, "name:en": null, "natural": null, "office": null, "opening_hours": null, "payment:cash": null, "phone": null, "religion": null, "roof:material": null, "roof:shape": null, "shelter_type": null, "shop": null, "sport": null, "tourism": null, "type": null, "website": null, "building_id": "way/1374365105", "building_type": "yes", "building_name": "Unnamed Building", "parcel_id": "72" }, "geometry": { "type": "Polygon", "coordinates": [ [ [ 248720.44571657376946, 2556181.695264032576233 ], [ 248712.148947260022396, 2556157.657463169656694 ], [ 248727.220682020677486, 2556152.384800229221582 ], [ 248736.470444750855677, 2556176.406592583749443 ], [ 248720.44571657376946, 2556181.695264032576233 ] ] ] } },
{ "type": "Feature", "properties": { "id": "way/1374365105", "@id": "way/1374365105", "addr:city": null, "addr:district": null, "addr:housenumber": null, "addr:postcode": null, "addr:street": null, "alt_name": null, "amenity": null, "brand": null, "brand:wikidata": null, "building": "yes", "building:colour": null, "building:levels": null, "building:material": null, "club": null, "cuisine": null, "denomination": null, "diet:vegetarian": null, "government": null, "height": null, "landuse": null, "layer": null, "name": null, "name:en": null, "natural": null, "office": null, "opening_hours": null, "payment:cash": null, "phone": null, "religion": null, "roof:material": null, "roof:shape": null, "shelter_type": null, "shop": null, "sport": null, "tourism": null, "type": null, "website": null, "building_id": "way/1374365105", "building_type": "yes", "building_name": "Unnamed Building", "parcel_id": "73/1" }, "geometry": { "type": "Polygon", "coordinates": [ [ [ 248720.44571657376946, 2556181.695264032576233 ], [ 248712.148947260022396, 2556157.657463169656694 ], [ 248727.220682020677486, 2556152.384800229221582 ], [ 248736.470444750855677, 2556176.406592583749443 ], [ 248720.44571657376946, 2556181.695264032576233 ] ] ] } },
{ "type": "Feature", "properties": { "id": "way/1374365106", "@id": "way/1374365106", "addr:city": null, "addr:district": null, "addr:housenumber": null, "addr:postcode": null, "addr:street": null, "alt_name": null, "amenity": null, "brand": null, "brand:wikidata": null, "building": "yes", "building:colour": null, "building:levels": null, "building:material": null, "club": null, "cuisine": null, "denomination": null, "diet:vegetarian": null, "government": null, "height": null, "landuse": null, "layer": null, "name": null, "name:en": null, "natural": null, "office": null, "opening_hours": null, "payment:cash": null, "phone": null, "religion": null, "roof:material": null, "roof:shape": null, "shelter_type": null, "shop": null, "sport": null, "tourism": null, "type": null, "website": null, "building_id": "way/1374365106", "building_type": "yes", "building_name": "Unnamed Building", "parcel_id": "72" }, "geometry": { "type": "Polygon", "coordinates": [ [ [ 248740.616789200052153, 2556174.88539687730372 ], [ 248731.663093661365565, 2556150.79214556934312 ], [ 248743.057266549119959, 2556146.877695282455534 ], [ 248753.657078774645925, 2556170.112268765456975 ], [ 248740.616789200052153, 2556174.88539687730372 ] ] ] } },
{ "type": "Feature", "properties": { "id": "way/1374365106", "@id": "way/1374365106", "addr:city": null, "addr:district": null, "addr:housenumber": null, "addr:postcode": null, "addr:street": null, "alt_name": null, "amenity": null, "brand": null, "brand:wikidata": null, "building": "yes", "building:colour": null, "building:levels": null, "building:material": null, "club": null, "cuisine": null, "denomination": null, "diet:vegetarian": null, "government": null, "height": null, "landuse": null, "layer": null, "name": null, "name:en": null, "natural": null, "office": null, "opening_hours": null, "payment:cash": null, "phone": null, "religion": null, "roof:material": null, "roof:shape": null, "shelter_type": null, "shop": null, "sport": null, "tourism": null, "type": null, "website": null, "building_id": "way/1374365106", "building_type": "yes", "building_name": "Unnamed Building", "parcel_id": "73/1" }, "geometry": { "type": "Polygon", "coordinates": [ [ [ 248740.616789200052153, 2556174.88539687730372 ], [ 248731.663093661365565, 2556150.79214556934312 ], [ 248743.057266549119959, 2556146.877695282455534 ], [ 248753.657078774645925, 2556170.112268765456975 ], [ 248740.616789200052153, 2556174.88539687730372 ] ] ] } },
{ "type": "Feature", "properties": { "id": "way/1374365107", "@id": "way/1374365107", "addr:city": null, "addr:district": null, "addr:housenumber": null, "addr:postcode": null, "addr:street": null, "alt_name": null, "amenity": null, "brand": null, "brand:wikidata": null, "building": "yes", "building:colour": null, "building:levels": null, "building:material": null, "club": null, "cuisine": null, "denomination": null, "diet:vegetarian": null, "government": null, "height": null, "landuse": null, "layer": null, "name": null, "name:en": null, "natural": null, "office": null, "opening_hours": null, "payment:cash": null, "phone": null, "religion": null, "roof:material": null, "roof:shape": null, "shelter_type": null, "shop": null, "sport": null, "tourism": null, "type": null, "website": null, "building_id": "way/1374365107", "building_type": "yes", "building_name": "Unnamed Building", "parcel_id": "72" }, "geometry": { "type": "Polygon", "coordinates": [ [ [ 248758.233996671333443, 2556169.204340459778905 ], [ 248751.944329494726844, 2556154.805905837099999 ], [ 248791.936483038385632, 2556141.701870824676007 ], [ 248797.396066236076877, 2556156.114263779483736 ], [ 248758.233996671333443, 2556169.204340459778905 ] ] ] } },
{ "type": "Feature", "properties": { "id": "way/1374365107", "@id": "way/1374365107", "addr:city": null, "addr:district": null, "addr:housenumber": null, "addr:postcode": null, "addr:street": null, "alt_name": null, "amenity": null, "brand": null, "brand:wikidata": null, "building": "yes", "building:colour": null, "building:levels": null, "building:material": null, "club": null, "cuisine": null, "denomination": null, "diet:vegetarian": null, "government": null, "height": null, "landuse": null, "layer": null, "name": null, "name:en": null, "natural": null, "office": null, "opening_hours": null, "payment:cash": null, "phone": null, "religion": null, "roof:material": null, "roof:shape": null, "shelter_type": null, "shop": null, "sport": null, "tourism": null, "type": null, "website": null, "building_id": "way/1374365107", "building_type": "yes", "building_name": "Unnamed Building", "parcel_id": "73/1" }, "geometry": { "type": "Polygon", "coordinates": [ [ [ 248758.233996671333443, 2556169.204340459778905 ], [ 248751.944329494726844, 2556154.805905837099999 ], [ 248791.936483038385632, 2556141.701870824676007 ], [ 248797.396066236076877, 2556156.114263779483736 ], [ 248758.233996671333443, 2556169.204340459778905 ] ] ] } },
{ "type": "Feature", "properties": { "id": "way/1374365108", "@id": "way/1374365108", "addr:city": null, "addr:district": null, "addr:housenumber": null, "addr:postcode": null, "addr:street": null, "alt_name": null, "amenity": null, "brand": null, "brand:wikidata": null, "building": "yes", "building:colour": null, "building:levels": null, "building:material": null, "club": null, "cuisine": null, "denomination": null, "diet:vegetarian": null, "government": null, "height": null, "landuse": null, "layer": null, "name": null, "name:en": null, "natural": null, "office": null, "opening_hours": null, "payment:cash": null, "phone": null, "religion": null, "roof:material": null, "roof:shape": null, "shelter_type": null, "shop": null, "sport": null, "tourism": null, "type": null, "website": null, "building_id": "way/1374365108", "building_type": "yes", "building_name": "Unnamed Building", "parcel_id": "72" }, "geometry": { "type": "Polygon", "coordinates": [ [ [ 248801.101604565628804, 2556153.979994817636907 ], [ 248788.359085019532358, 2556127.058411937672645 ], [ 248801.204713359969901, 2556122.898018606938422 ], [ 248812.290651103365235, 2556150.05796460993588 ], [ 248801.101604565628804, 2556153.979994817636907 ] ] ] } },
{ "type": "Feature", "properties": { "id": "way/1374365108", "@id": "way/1374365108", "addr:city": null, "addr:district": null, "addr:housenumber": null, "addr:postcode": null, "addr:street": null, "alt_name": null, "amenity": null, "brand": null, "brand:wikidata": null, "building": "yes", "building:colour": null, "building:levels": null, "building:material": null, "club": null, "cuisine": null, "denomination": null, "diet:vegetarian": null, "government": null, "height": null, "landuse": null, "layer": null, "name": null, "name:en": null, "natural": null, "office": null, "opening_hours": null, "payment:cash": null, "phone": null, "religion": null, "roof:material": null, "roof:shape": null, "shelter_type": null, "shop": null, "sport": null, "tourism": null, "type": null, "website": null, "building_id": "way/1374365108", "building_type": "yes", "building_name": "Unnamed Building", "parcel_id": "132" }, "geometry": { "type": "Polygon", "coordinates": [ [ [ 248801.101604565628804, 2556153.979994817636907 ], [ 248788.359085019532358, 2556127.058411937672645 ], [ 248801.204713359969901, 2556122.898018606938422 ], [ 248812.290651103365235, 2556150.05796460993588 ], [ 248801.101604565628804, 2556153.979994817636907 ] ] ] } },
{ "type": "Feature", "properties": { "id": "way/1374365108", "@id": "way/1374365108", "addr:city": null, "addr:district": null, "addr:housenumber": null, "addr:postcode": null, "addr:street": null, "alt_name": null, "amenity": null, "brand": null, "brand:wikidata": null, "building": "yes", "building:colour": null, "building:levels": null, "building:material": null, "club": null, "cuisine": null, "denomination": null, "diet:vegetarian": null, "government": null, "height": null, "landuse": null, "layer": null, "name": null, "name:en": null, "natural": null, "office": null, "opening_hours": null, "payment:cash": null, "phone": null, "religion": null, "roof:material": null, "roof:shape": null, "shelter_type": null, "shop": null, "sport": null, "tourism": null, "type": null, "website": null, "building_id": "way/1374365108", "building_type": "yes", "building_name": "Unnamed Building", "parcel_id": "73/1" }, "geometry": { "type": "Polygon", "coordinates": [ [ [ 248801.101604565628804, 2556153.979994817636907 ], [ 248788.359085019532358, 2556127.058411937672645 ], [ 248801.204713359969901, 2556122.898018606938422 ], [ 248812.290651103365235, 2556150.05796460993588 ], [ 248801.101604565628804, 2556153.979994817636907 ] ] ] } },
{ "type": "Feature", "properties": { "id": "way/1374365109", "@id": "way/1374365109", "addr:city": null, "addr:district": null, "addr:housenumber": null, "addr:postcode": null, "addr:street": null, "alt_name": null, "amenity": null, "brand": null, "brand:wikidata": null, "building": "yes", "building:colour": null, "building:levels": null, "building:material": null, "club": null, "cuisine": null, "denomination": null, "diet:vegetarian": null, "government": null, "height": null, "landuse": null, "layer": null, "name": null, "name:en": null, "natural": null, "office": null, "opening_hours": null, "payment:cash": null, "phone": null, "religion": null, "roof:material": null, "roof:shape": null, "shelter_type": null, "shop": null, "sport": null, "tourism": null, "type": null, "website": null, "building_id": "way/1374365109", "building_type": "yes", "building_name": "Unnamed Building", "parcel_id": "73/1" }, "geometry": { "type": "Polygon", "coordinates": [ [ [ 248734.967508798843483, 2556230.924799026921391 ], [ 248726.03395751939388, 2556206.199635979253799 ], [ 248744.900952376745408, 2556199.865978813264519 ], [ 248753.530244444555137, 2556222.956377228256315 ], [ 248734.967508798843483, 2556230.924799026921391 ] ] ] } },
{ "type": "Feature", "properties": { "id": "way/1374365109", "@id": "way/1374365109", "addr:city": null, "addr:district": null, "addr:housenumber": null, "addr:postcode": null, "addr:street": null, "alt_name": null, "amenity": null, "brand": null, "brand:wikidata": null, "building": "yes", "building:colour": null, "building:levels": null, "building:material": null, "club": null, "cuisine": null, "denomination": null, "diet:vegetarian": null, "government": null, "height": null, "landuse": null, "layer": null, "name": null, "name:en": null, "natural": null, "office": null, "opening_hours": null, "payment:cash": null, "phone": null, "religion": null, "roof:material": null, "roof:shape": null, "shelter_type": null, "shop": null, "sport": null, "tourism": null, "type": null, "website": null, "building_id": "way/1374365109", "building_type": "yes", "building_name": "Unnamed Building", "parcel_id": "67+70+71" }, "geometry": { "type": "Polygon", "coordinates": [ [ [ 248734.967508798843483, 2556230.924799026921391 ], [ 248726.03395751939388, 2556206.199635979253799 ], [ 248744.900952376745408, 2556199.865978813264519 ], [ 248753.530244444555137, 2556222.956377228256315 ], [ 248734.967508798843483, 2556230.924799026921391 ] ] ] } }
]
}
