{
"type": "FeatureCollection",
"name": "gota_tp33_cadastral",
"crs": { "type": "name", "properties": { "name": "urn:ogc:def:crs:EPSG::32643" } },
"features": [
{ "type": "Feature", "properties": { "id": "final_plot_boundary.fid-4639cb80_1a0ba89becd_6423", "gid": 24389, "tps_name": "Gota_33", "tps_no": "33", "village": "Gota", "city": "Ahmedabad", "authority": "AMC", "district": "Ahmedabad", "state": "Gujarat", "status": "Preliminary", "fp_no": "121", "reser_use": "Housing For S.E.W.S.", "reser_type": "Housing For S.E.W.S", "tps_id": 212, "show_hide": 1, "fp_area": "10034", "fp_area_final": 10034.0, "temp": "10034", "search": "Gota 33 121", "dxf_access": 1, "epsg_code": "EPSG:32643", "parcel_id": "121", "land_use": "Housing For S.E.W.S.", "area_sq_m": 10034.0, "owner_name": null, "source_type": "CTPVD_Final_Plot", "source_id": "121", "survey_scheme": "Gota_33", "village_name": "Gota", "city_name": "Ahmedabad", "authority_name": "AMC", "district_name": "Ahmedabad", "state_name": "Gujarat", "status_name": "Preliminary" }, "geometry": { "type": "MultiPolygon", "coordinates": [ [ [ [ 248702.6340712546953, 2556580.391997965518385 ], [ 248704.747107152303215, 2556548.955160142853856 ], [ 248697.244195805949857, 2556551.763872837182134 ], [ 248695.413382622034987, 2556546.87322344398126 ], [ 248585.848231877578655, 2556587.888905941974372 ], [ 248587.428660399920773, 2556592.393314485903829 ], [ 248587.464572286902694, 2556592.490284707397223 ], [ 248587.503804788255366, 2556592.585959668271244 ], [ 248587.546311294921907, 2556592.680225697346032 ], [ 248587.592041308642365, 2556592.772970794700086 ], [ 248587.640940491342917, 2556592.864084774628282 ], [ 248587.692950754135381, 2556592.953459380660206 ], [ 248587.748010294075357, 2556593.040988428052515 ], [ 248587.806053701613564, 2556593.12656792299822 ], [ 248587.867012009432074, 2556593.210096192080528 ], [ 248587.93081280568731, 2556593.291473991703242 ], [ 248587.997380276094191, 2556593.370604638941586 ], [ 248588.066635332652368, 2556593.447394119109958 ], [ 248588.138495698600309, 2556593.521751197520643 ], [ 248588.212875997793162, 2556593.59358753124252 ], [ 248588.289687852055067, 2556593.662817771546543 ], [ 248588.368840007256949, 2556593.729359664022923 ], [ 248588.450238423218252, 2556593.793134154286236 ], [ 248588.533786386833526, 2556593.854065468534827 ], [ 248588.619384637306212, 2556593.912081216927618 ], [ 248588.706931474123849, 2556593.967112467624247 ], [ 248588.796322882786626, 2556594.019093843176961 ], [ 248588.887452660128474, 2556594.067963579669595 ], [ 248588.980212530645076, 2556594.113663618452847 ], [ 248589.074492292129435, 2556594.156139660160989 ], [ 248589.170179926470155, 2556594.19534124340862 ], [ 248589.267161746451166, 2556594.231221788562834 ], [ 248589.365322533762082, 2556594.263738667592406 ], [ 248589.46454565867316, 2556594.292853248305619 ], [ 248589.564713234518422, 2556594.318530938588083 ], [ 248589.665706257743295, 2556594.34074123064056 ], [ 248589.767404730024282, 2556594.359457737766206 ], [ 248589.869687830010662, 2556594.374658222775906 ], [ 248589.972434032708406, 2556594.386324623133987 ], [ 248590.075521270977333, 2556594.394443080294877 ], [ 248590.178827054594876, 2556594.399003950413316 ], [ 248590.280897961492883, 2556594.403489212505519 ], [ 248590.382756940671243, 2556594.411447543185204 ], [ 248590.484285858925432, 2556594.422869714908302 ], [ 248590.585366957413498, 2556594.437742474954575 ], [ 248590.6858829932753, 2556594.456048576161265 ], [ 248590.78571738518076, 2556594.477766788564622 ], [ 248590.884754347411217, 2556594.502871917560697 ], [ 248590.982879004761344, 2556594.53133484814316 ], [ 248591.0799775555206, 2556594.563122567720711 ], [ 248591.175937369873282, 2556594.598198208026588 ], [ 248591.270647160301451, 2556594.636521083302796 ], [ 248591.363997071137419, 2556594.678046749904752 ], [ 248591.455878835608019, 2556594.72272704122588 ], [ 248591.54618588311132, 2556594.77051013475284 ], [ 248591.634813474724069, 2556594.821340613532811 ], [ 248591.721658809634391, 2556594.875159518327564 ], [ 248591.80662116635358, 2556594.93190442956984 ], [ 248591.889602002716856, 2556594.991509531624615 ], [ 248591.97050507061067, 2556595.053905689623207 ], [ 248592.049236537190154, 2556595.119020538404584 ], [ 248592.125705082144123, 2556595.186778550967574 ], [ 248592.199822017922997, 2556595.257101141382009 ], [ 248592.271501382521819, 2556595.329906743951142 ], [ 248592.34066003272892, 2556595.405110918916762 ], [ 248592.407217762607615, 2556595.482626438140869 ], [ 248592.471097374742385, 2556595.562363396864384 ], [ 248592.53222476891824, 2556595.644229314755648 ], [ 248592.590529061912093, 2556595.728129235096276 ], [ 248592.645942617207766, 2556595.813965851906687 ], [ 248592.698401171772275, 2556595.901639606337994 ], [ 248592.747843874793034, 2556595.991048811469227 ], [ 248592.794213388347998, 2556596.082089764997363 ], [ 248592.837455925124232, 2556596.17465687636286 ], [ 248592.877521335030906, 2556596.268642778974026 ], [ 248592.914363146061078, 2556596.363938466180116 ], [ 248626.392098471755162, 2556687.54489428550005 ], [ 248645.689188880758593, 2556680.321034071967006 ], [ 248703.609484066255391, 2556658.638588315341622 ], [ 248696.851475033792667, 2556639.241048865485936 ], [ 248679.38140115616261, 2556589.09662829246372 ], [ 248702.6340712546953, 2556580.391997965518385 ] ] ] ] } },
{ "type": "Feature", "properties": { "id": "final_plot_boundary.fid-4639cb80_1a0ba89becd_6424", "gid": 24492, "tps_name": "Gota_33", "tps_no": "33", "village": "Gota", "city": "Ahmedabad", "authority": "AMC", "district": "Ahmedabad", "state": "Gujarat", "status": "Preliminary", "fp_no": "6/2", "reser_use": null, "reser_type": null, "tps_id": 212, "show_hide": 1, "fp_area": "304", "fp_area_final": 304.0, "temp": "304", "search": "Gota 33 6/2", "dxf_access": 1, "epsg_code": "EPSG:32643", "parcel_id": "6/2", "land_use": null, "area_sq_m": 304.0, "owner_name": null, "source_type": "CTPVD_Final_Plot", "source_id": "6/2", "survey_scheme": "Gota_33", "village_name": "Gota", "city_name": "Ahmedabad", "authority_name": "AMC", "district_name": "Ahmedabad", "state_name": "Gujarat", "status_name": "Preliminary" }, "geometry": { "type": "MultiPolygon", "coordinates": [ [ [ [ 248458.603817235620227, 2556221.112026902381331 ], [ 248465.303181451541604, 2556239.946002029813826 ], [ 248479.547791333752684, 2556234.613536439370364 ], [ 248472.848924510413781, 2556215.780890169553459 ], [ 248458.603817235620227, 2556221.112026902381331 ] ] ] ] } },
{ "type": "Feature", "properties": { "id": "final_plot_boundary.fid-4639cb80_1a0ba89becd_6425", "gid": 24475, "tps_name": "Gota_33", "tps_no": "33", "village": "Gota", "city": "Ahmedabad", "authority": "AMC", "district": "Ahmedabad", "state": "Gujarat", "status": "Preliminary", "fp_no": "95", "reser_use": null, "reser_type": null, "tps_id": 212, "show_hide": 1, "fp_area": "2126", "fp_area_final": 2126.0, "temp": "2126", "search": "Gota 33 95", "dxf_access": 1, "epsg_code": "EPSG:32643", "parcel_id": "95", "land_use": null, "area_sq_m": 2126.0, "owner_name": null, "source_type": "CTPVD_Final_Plot", "source_id": "95", "survey_scheme": "Gota_33", "village_name": "Gota", "city_name": "Ahmedabad", "authority_name": "AMC", "district_name": "Ahmedabad", "state_name": "Gujarat", "status_name": "Preliminary" }, "geometry": { "type": "MultiPolygon", "coordinates": [ [ [ [ 248550.629664723965107, 2556109.288507628720254 ], [ 248591.657595898461295, 2556093.929713456425816 ], [ 248575.537471170304343, 2556048.142464503645897 ], [ 248534.509539994207444, 2556063.501258675474674 ], [ 248550.629664723965107, 2556109.288507628720254 ] ] ] ] } },
{ "type": "Feature", "properties": { "id": "final_plot_boundary.fid-4639cb80_1a0ba89becd_6426", "gid": 24399, "tps_name": "Gota_33", "tps_no": "33", "village": "Gota", "city": "Ahmedabad", "authority": "AMC", "district": "Ahmedabad", "state": "Gujarat", "status": "Preliminary", "fp_no": "29", "reser_use": null, "reser_type": null, "tps_id": 212, "show_hide": 1, "fp_area": "1665", "fp_area_final": 1665.0, "temp": "1665", "search": "Gota 33 29", "dxf_access": 1, "epsg_code": "EPSG:32643", "parcel_id": "29", "land_use": null, "area_sq_m": 1665.0, "owner_name": null, "source_type": "CTPVD_Final_Plot", "source_id": "29", "survey_scheme": "Gota_33", "village_name": "Gota", "city_name": "Ahmedabad", "authority_name": "AMC", "district_name": "Ahmedabad", "state_name": "Gujarat", "status_name": "Preliminary" }, "geometry": { "type": "MultiPolygon", "coordinates": [ [ [ [ 248877.586993089003954, 2556464.101972922682762 ], [ 248850.051485295931343, 2556474.378027647268027 ], [ 248855.292252902465407, 2556488.421082228422165 ], [ 248862.982660819921875, 2556509.028143279254436 ], [ 248867.855347557051573, 2556522.084895821753889 ], [ 248867.93199331703363, 2556522.279818358365446 ], [ 248868.015395763504785, 2556522.471946959849447 ], [ 248868.105453266703989, 2556522.661047498229891 ], [ 248868.202056084061041, 2556522.846889538224787 ], [ 248868.305086489912355, 2556523.029246611520648 ], [ 248868.414418936532456, 2556523.207896502688527 ], [ 248868.529920200759079, 2556523.382621507626027 ], [ 248868.651449516357388, 2556523.553208708297461 ], [ 248868.778858795034466, 2556523.719450226519257 ], [ 248868.911992785462644, 2556523.881143484730273 ], [ 248869.050689235591562, 2556524.038091441150755 ], [ 248869.194779141515028, 2556524.190102843102068 ], [ 248869.344086923782015, 2556524.336992447264493 ], [ 248869.498430619074497, 2556524.478581256698817 ], [ 248869.657622154481942, 2556524.614696733187884 ], [ 248869.821467539964942, 2556524.745173005387187 ], [ 248869.989767109946115, 2556524.869851077441126 ], [ 248870.16231578408042, 2556524.988579016178846 ], [ 248870.338903287018184, 2556525.10121214017272 ], [ 248870.519314438279252, 2556525.207613196689636 ], [ 248870.703329382551601, 2556525.307652526535094 ], [ 248870.890723884949693, 2556525.401208221446723 ], [ 248871.081269587186398, 2556525.488166272640228 ], [ 248871.274734295206144, 2556525.568420717958361 ], [ 248871.470882243535016, 2556525.641873757820576 ], [ 248871.669474420545157, 2556525.708435880485922 ], [ 248871.870268811704591, 2556525.76802597893402 ], [ 248872.073020733543672, 2556525.820571433287114 ], [ 248872.2774831209681, 2556525.866008213255554 ], [ 248872.483406805200502, 2556525.904280950780958 ], [ 248872.69054086363758, 2556525.935343005228788 ], [ 248872.898632869357243, 2556525.959156522992998 ], [ 248873.107429258001503, 2556525.975692489184439 ], [ 248873.316675576119451, 2556525.984930750448257 ], [ 248873.526116845634533, 2556525.986860049888492 ], [ 248873.735497842484619, 2556525.981478036846966 ], [ 248873.944563414726872, 2556525.968791269697249 ], [ 248874.153058797935955, 2556525.948815209325403 ], [ 248874.36072991968831, 2556525.921574194915593 ], [ 248874.567323710536584, 2556525.887101425789297 ], [ 248874.772588427644223, 2556525.845438910182565 ], [ 248874.976273922831751, 2556525.796637413557619 ], [ 248875.178131997876335, 2556525.740756411105394 ], [ 248875.37791665820987, 2556525.677863994147629 ], [ 248875.575384460069472, 2556525.608036805875599 ], [ 248897.487381918996107, 2556517.426651164423674 ], [ 248877.586993089003954, 2556464.101972922682762 ] ] ] ] } },
{ "type": "Feature", "properties": { "id": "final_plot_boundary.fid-4639cb80_1a0ba89becd_6427", "gid": 24431, "tps_name": "Gota_33", "tps_no": "33", "village": "Gota", "city": "Ahmedabad", "authority": "AMC", "district": "Ahmedabad", "state": "Gujarat", "status": "Preliminary", "fp_no": "97", "reser_use": null, "reser_type": null, "tps_id": 212, "show_hide": 1, "fp_area": "12228", "fp_area_final": 12228.0, "temp": "12228", "search": "Gota 33 97", "dxf_access": 1, "epsg_code": "EPSG:32643", "parcel_id": "97", "land_use": null, "area_sq_m": 12228.0, "owner_name": null, "source_type": "CTPVD_Final_Plot", "source_id": "97", "survey_scheme": "Gota_33", "village_name": "Gota", "city_name": "Ahmedabad", "authority_name": "AMC", "district_name": "Ahmedabad", "state_name": "Gujarat", "status_name": "Preliminary" }, "geometry": { "type": "MultiPolygon", "coordinates": [ [ [ [ 248579.403513612429379, 2555544.0333241247572 ], [ 248576.786807609401876, 2555543.905371070373803 ], [ 248551.821290980937192, 2555540.25434654019773 ], [ 248508.655913803901058, 2555527.60665880003944 ], [ 248483.913685313891619, 2555523.39653630880639 ], [ 248483.707224000827409, 2555523.36781322164461 ], [ 248483.499889550788794, 2555523.346279186662287 ], [ 248483.291932220337912, 2555523.331960195209831 ], [ 248483.083602987637278, 2555523.324873531237245 ], [ 248482.87515332098701, 2555523.325027746148407 ], [ 248482.66683480606298, 2555523.332422653213143 ], [ 248482.458898880489869, 2555523.347049328964204 ], [ 248482.251596521033207, 2555523.368890119716525 ], [ 248482.045177939318819, 2555523.397918663453311 ], [ 248481.839892275602324, 2555523.43409992242232 ], [ 248481.635987301386194, 2555523.477390226908028 ], [ 248481.433709135424579, 2555523.527737326920033 ], [ 248481.23330191365676, 2555523.585080453660339 ], [ 248481.035007532424061, 2555523.649350395426154 ], [ 248480.839065320004011, 2555523.72046957956627 ], [ 248480.645711780525744, 2555523.798352165147662 ], [ 248480.455180291988654, 2555523.882904153782874 ], [ 248480.267700811440591, 2555523.974023489747196 ], [ 248480.0834996313788, 2555524.071600194089115 ], [ 248479.902799077593954, 2555524.175516492221504 ], [ 248479.725817250902764, 2555524.285646964795887 ], [ 248479.552767759771086, 2555524.401858679484576 ], [ 248479.383859485620633, 2555524.52401137445122 ], [ 248479.219296280178241, 2555524.651957613881677 ], [ 248479.059276775165927, 2555524.785542969126254 ], [ 248478.90399411416729, 2555524.924606204032898 ], [ 248478.753635721950559, 2555525.068979472387582 ], [ 248478.608383066573879, 2555525.218488522339612 ], [ 248478.46841148121166, 2555525.37295289337635 ], [ 248478.333889898378402, 2555525.532186153810471 ], [ 248478.204980680166045, 2555525.695996110793203 ], [ 248478.081839424616192, 2555525.864185048732907 ], [ 248477.96461476071272, 2555526.036549968179315 ], [ 248477.853448166744784, 2555526.212882829364389 ], [ 248477.748473836109042, 2555526.392970797140151 ], [ 248477.649818455509376, 2555526.576596514787525 ], [ 248477.55760110123083, 2555526.763538345694542 ], [ 248477.471933081920724, 2555526.953570655547082 ], [ 248477.392917802731972, 2555527.146464079618454 ], [ 248477.320650623005349, 2555527.341985799837857 ], [ 248477.255218772043008, 2555527.539899824652821 ], [ 248477.196701227658195, 2555527.739967275876552 ], [ 248477.145168615243165, 2555527.941946673206985 ], [ 248477.100683137279702, 2555528.145594236906618 ], [ 248477.063298481341917, 2555528.350664166267961 ], [ 248477.033059777022572, 2555528.556908945087343 ], [ 248477.010003515257267, 2555528.764079638756812 ], [ 248476.99415752934874, 2555528.971926199737936 ], [ 248476.985540940251667, 2555529.180197758134454 ], [ 248476.984164154157043, 2555529.3886429364793 ], [ 248476.990028829110088, 2555529.597010145895183 ], [ 248477.003127885924187, 2555529.805047889240086 ], [ 248477.023445519764209, 2555530.012505069840699 ], [ 248477.050957195722731, 2555530.219131290912628 ], [ 248477.085629725857871, 2555530.424677160102874 ], [ 248477.12742124448414, 2555530.628894586116076 ], [ 248477.176281315914821, 2555530.831537081394345 ], [ 248477.232150962896412, 2555531.032360065262765 ], [ 248477.294962763320655, 2555531.231121142394841 ], [ 248477.364640893763863, 2555531.427580415271223 ], [ 248528.38084525114391, 2555667.707114978693426 ], [ 248528.476814622612437, 2555667.950465560425073 ], [ 248528.581212093355134, 2555668.190321340225637 ], [ 248528.693910655769287, 2555668.426390525419265 ], [ 248528.814773209945997, 2555668.658385932445526 ], [ 248528.943652728979941, 2555668.886025331914425 ], [ 248529.080392423464218, 2555669.109031794127077 ], [ 248529.224825943791075, 2555669.327134028077126 ], [ 248529.37677758638165, 2555669.540066702757031 ], [ 248529.536062494415091, 2555669.747570783365518 ], [ 248529.702486897847848, 2555669.949393833056092 ], [ 248529.875848335621413, 2555670.14529033144936 ], [ 248530.055935907061212, 2555670.335021963808686 ], [ 248530.242530540068401, 2555670.518357915338129 ], [ 248530.435405221651308, 2555670.695075154770166 ], [ 248530.634325325721875, 2555670.864958701189607 ], [ 248530.839048852067208, 2555671.027801883872598 ], [ 248531.049326760170516, 2555671.183406602125615 ], [ 248531.264903232542565, 2555671.331583557650447 ], [ 248531.485516017884947, 2555671.472152492497116 ], [ 248531.710896733333357, 2555671.604942396748811 ], [ 248531.940771201974712, 2555671.729791726451367 ], [ 248532.174859770282637, 2555671.846548605244607 ], [ 248532.412877660855884, 2555671.955070991069078 ], [ 248532.654535328561906, 2555672.055226863827556 ], [ 248532.899538781319279, 2555672.14689438091591 ], [ 248533.147589968051761, 2555672.229962029028684 ], [ 248533.398387133376673, 2555672.304328750818968 ], [ 248533.65162516728742, 2555672.369904079008847 ], [ 248533.906996004545363, 2555672.42660823976621 ], [ 248534.164188974245917, 2555672.474372249562293 ], [ 248534.422891206049826, 2555672.513138004112989 ], [ 248534.682787971221842, 2555672.542858341243118 ], [ 248534.943563097185688, 2555672.563497106544673 ], [ 248535.204899349279003, 2555672.575029194355011 ], [ 248535.46647880267119, 2555672.577440573833883 ], [ 248535.727983244141797, 2555672.570728309918195 ], [ 248535.989094536867924, 2555672.55490057123825 ], [ 248536.249495042837225, 2555672.529976611491293 ], [ 248536.508867970347637, 2555672.495986750349402 ], [ 248536.766897786175832, 2555672.452972339000553 ], [ 248537.023270595935173, 2555672.400985703337938 ], [ 248537.277674505574396, 2555672.340090088546276 ], [ 248537.529800035408698, 2555672.270359576214105 ], [ 248537.77934045883012, 2555672.191878994461149 ], [ 248538.025992211478297, 2555672.104743816424161 ], [ 248616.347937415441265, 2555642.889677023515105 ], [ 248579.403513612429379, 2555544.0333241247572 ] ] ] ] } },
{ "type": "Feature", "properties": { "id": "final_plot_boundary.fid-4639cb80_1a0ba89becd_6428", "gid": 24466, "tps_name": "Gota_33", "tps_no": "33", "village": "Gota", "city": "Ahmedabad", "authority": "AMC", "district": "Ahmedabad", "state": "Gujarat", "status": "Preliminary", "fp_no": "80", "reser_use": null, "reser_type": null, "tps_id": 212, "show_hide": 1, "fp_area": "7161", "fp_area_final": 7161.0, "temp": "7161", "search": "Gota 33 80", "dxf_access": 1, "epsg_code": "EPSG:32643", "parcel_id": "80", "land_use": null, "area_sq_m": 7161.0, "owner_name": null, "source_type": "CTPVD_Final_Plot", "source_id": "80", "survey_scheme": "Gota_33", "village_name": "Gota", "city_name": "Ahmedabad", "authority_name": "AMC", "district_name": "Ahmedabad", "state_name": "Gujarat", "status_name": "Preliminary" }, "geometry": { "type": "MultiPolygon", "coordinates": [ [ [ [ 248766.598969998623943, 2555971.558418954722583 ], [ 248785.174102253688034, 2556021.356028558686376 ], [ 248841.643192882154835, 2556000.292350300587714 ], [ 248800.118182974867523, 2555888.968985077459365 ], [ 248743.64909234555671, 2555910.032663335092366 ], [ 248766.598969998623943, 2555971.558418954722583 ] ] ] ] } },
{ "type": "Feature", "properties": { "id": "final_plot_boundary.fid-4639cb80_1a0ba89becd_6429", "gid": 24435, "tps_name": "Gota_33", "tps_no": "33", "village": "Gota", "city": "Ahmedabad", "authority": "AMC", "district": "Ahmedabad", "state": "Gujarat", "status": "Preliminary", "fp_no": "(109+110+111)/1", "reser_use": null, "reser_type": null, "tps_id": 212, "show_hide": 1, "fp_area": "2758", "fp_area_final": 2758.0, "temp": "2758", "search": "Gota 33 (109+110+111)/1", "dxf_access": 1, "epsg_code": "EPSG:32643", "parcel_id": "(109+110+111)/1", "land_use": null, "area_sq_m": 2758.0, "owner_name": null, "source_type": "CTPVD_Final_Plot", "source_id": "(109+110+111)/1", "survey_scheme": "Gota_33", "village_name": "Gota", "city_name": "Ahmedabad", "authority_name": "AMC", "district_name": "Ahmedabad", "state_name": "Gujarat", "status_name": "Preliminary" }, "geometry": { "type": "MultiPolygon", "coordinates": [ [ [ [ 248165.428718810755527, 2555535.911137378774583 ], [ 248207.537758337275591, 2555531.195265728514642 ], [ 248207.74458366248291, 2555531.168455682694912 ], [ 248207.950352288928116, 2555531.134473816026002 ], [ 248208.154815602261806, 2555531.093361187726259 ], [ 248208.357726565329358, 2555531.045167469419539 ], [ 248208.558840028883424, 2555530.989950887858868 ], [ 248208.757912993169157, 2555530.927778161596507 ], [ 248208.954704946401762, 2555530.858724403195083 ], [ 248209.148978118086234, 2555530.782873045187443 ], [ 248209.340497792407405, 2555530.700315730180591 ], [ 248209.529032564139925, 2555530.611152207478881 ], [ 248209.714354652067414, 2555530.515490202233195 ], [ 248209.896240141242743, 2555530.413445296697319 ], [ 248210.074469282466453, 2555530.305140784010291 ], [ 248210.248826731578447, 2555530.19070751266554 ], [ 248210.419101836218033, 2555530.070283747743815 ], [ 248210.585088864929276, 2555529.944014980923384 ], [ 248210.746587267785799, 2555529.812053774949163 ], [ 248210.903401925286744, 2555529.674559567589313 ], [ 248211.055343372689094, 2555529.531698475591838 ], [ 248211.202228031615959, 2555529.383643111214042 ], [ 248211.343878431449411, 2555529.230572349391878 ], [ 248211.480123434419511, 2555529.072671134956181 ], [ 248211.610798425215762, 2555528.910130243748426 ], [ 248211.735745526093524, 2555528.743146063294262 ], [ 248211.854813765181461, 2555528.57192034041509 ], [ 248211.967859297757968, 2555528.396659954451025 ], [ 248212.074745526275365, 2555528.217576655559242 ], [ 248212.17534331738716, 2555528.034886812325567 ], [ 248212.269531125639332, 2555527.848811152856797 ], [ 248212.357195158401737, 2555527.659574496559799 ], [ 248212.438229488645447, 2555527.467405480332673 ], [ 248212.512536219874164, 2555527.272536283824593 ], [ 248212.58002557369764, 2555527.07520234817639 ], [ 248212.640616000746377, 2555526.875642095692456 ], [ 248212.694234301015968, 2555526.674096636474133 ], [ 248212.740815695637139, 2555526.47080947784707 ], [ 248212.780303891777294, 2555526.26602623751387 ], [ 248212.81265119658201, 2555526.059994330164045 ], [ 248212.837818513537059, 2555525.852962690405548 ], [ 248212.855775445146719, 2555525.645181450992823 ], [ 248212.866500288509997, 2555525.4369016578421 ], [ 248212.869980091199977, 2555525.228374957107008 ], [ 248212.866210645821411, 2555525.019853290170431 ], [ 248211.149498109793058, 2555476.621416311245412 ], [ 248211.138417504407698, 2555476.412207638379186 ], [ 248211.120039829664165, 2555476.203513340093195 ], [ 248211.094387496210402, 2555475.995587857905775 ], [ 248211.061491772154113, 2555475.788684692233801 ], [ 248211.021392774215201, 2555475.58305609645322 ], [ 248210.97413937622332, 2555475.378952776547521 ], [ 248210.91978920303518, 2555475.176623573061079 ], [ 248210.858408510219306, 2555474.976315160747617 ], [ 248210.79007213760633, 2555474.778271760325879 ], [ 248210.71486339578405, 2555474.58273482369259 ], [ 248206.63769370195223, 2555464.510839933995157 ], [ 248196.213669395860052, 2555454.561986440327018 ], [ 248159.495605839474592, 2555520.092008480802178 ], [ 248165.428718810755527, 2555535.911137378774583 ] ] ] ] } },
{ "type": "Feature", "properties": { "id": "final_plot_boundary.fid-4639cb80_1a0ba89becd_642a", "gid": 24436, "tps_name": "Gota_33", "tps_no": "33", "village": "Gota", "city": "Ahmedabad", "authority": "AMC", "district": "Ahmedabad", "state": "Gujarat", "status": "Preliminary", "fp_no": "140", "reser_use": "Neighbourhood Center", "reser_type": "Public Purpose", "tps_id": 212, "show_hide": 1, "fp_area": "1182", "fp_area_final": 1182.0, "temp": "1182", "search": "Gota 33 140", "dxf_access": 1, "epsg_code": "EPSG:32643", "parcel_id": "140", "land_use": "Neighbourhood Center", "area_sq_m": 1182.0, "owner_name": null, "source_type": "CTPVD_Final_Plot", "source_id": "140", "survey_scheme": "Gota_33", "village_name": "Gota", "city_name": "Ahmedabad", "authority_name": "AMC", "district_name": "Ahmedabad", "state_name": "Gujarat", "status_name": "Preliminary" }, "geometry": { "type": "MultiPolygon", "coordinates": [ [ [ [ 248313.697493728599511, 2555686.733703480102122 ], [ 248261.043202178057982, 2555706.820227462798357 ], [ 248268.527702123508789, 2555726.439900970086455 ], [ 248321.074924978544004, 2555706.394221484195441 ], [ 248313.697493728599511, 2555686.733703480102122 ] ] ] ] } },
{ "type": "Feature", "properties": { "id": "final_plot_boundary.fid-4639cb80_1a0ba89becd_642b", "gid": 24445, "tps_name": "Gota_33", "tps_no": "33", "village": "Gota", "city": "Ahmedabad", "authority": "AMC", "district": "Ahmedabad", "state": "Gujarat", "status": "Preliminary", "fp_no": "117", "reser_use": "Sale For Commercial", "reser_type": "Commercial", "tps_id": 212, "show_hide": 1, "fp_area": "2862", "fp_area_final": 2862.0, "temp": "2862", "search": "Gota 33 117", "dxf_access": 1, "epsg_code": "EPSG:32643", "parcel_id": "117", "land_use": "Sale For Commercial", "area_sq_m": 2862.0, "owner_name": null, "source_type": "CTPVD_Final_Plot", "source_id": "117", "survey_scheme": "Gota_33", "village_name": "Gota", "city_name": "Ahmedabad", "authority_name": "AMC", "district_name": "Ahmedabad", "state_name": "Gujarat", "status_name": "Preliminary" }, "geometry": { "type": "MultiPolygon", "coordinates": [ [ [ [ 248716.140222649672069, 2556931.697088701184839 ], [ 248750.725901482423069, 2557024.532624873332679 ], [ 248766.12061599153094, 2557066.753783273510635 ], [ 248766.171801389398752, 2557066.902153083123267 ], [ 248766.217781605286291, 2557067.052217621356249 ], [ 248766.258500707830535, 2557067.203794333152473 ], [ 248766.293909165280638, 2557067.356698835268617 ], [ 248766.323963896749774, 2557067.510745122097433 ], [ 248766.348628344247118, 2557067.665745798498392 ], [ 248766.367872512550093, 2557067.821512315422297 ], [ 248766.381672983960016, 2557067.977855184115469 ], [ 248766.390012969030067, 2557068.134584216400981 ], [ 248766.392882324755192, 2557068.291508758440614 ], [ 248766.39027756464202, 2557068.448437916114926 ], [ 248766.382201855478343, 2557068.605180790647864 ], [ 248766.368665011512348, 2557068.761546704918146 ], [ 248766.349683518143138, 2557068.917345447465777 ], [ 248766.325280447257683, 2557069.072387489490211 ], [ 248766.295485502603697, 2557069.226484233047813 ], [ 248766.260334910213714, 2557069.379448221530765 ], [ 248766.21987144331797, 2557069.531093376688659 ], [ 248766.174144317687023, 2557069.68123522773385 ], [ 248766.123209164186846, 2557069.829691130202264 ], [ 248766.06712793756742, 2557069.976280493661761 ], [ 248766.005968863348244, 2557070.120824995450675 ], [ 248765.939806334325112, 2557070.263148801401258 ], [ 248765.868720849161036, 2557070.403078778181225 ], [ 248765.792798866983503, 2557070.540444707032293 ], [ 248765.712132751039462, 2557070.675079483073205 ], [ 248765.62682062984095, 2557070.80681932810694 ], [ 248765.536966282495996, 2557070.9355039880611 ], [ 248765.442679009051062, 2557071.060976916924119 ], [ 248765.344073516316712, 2557071.183085479773581 ], [ 248765.241269746533362, 2557071.3016811395064 ], [ 248765.134392762673087, 2557071.416619625408202 ], [ 248765.023572571575642, 2557071.527761118486524 ], [ 248764.908943993970752, 2557071.634970417246222 ], [ 248764.790646462322911, 2557071.738117106258869 ], [ 248764.66882388383965, 2557071.837075710296631 ], [ 248764.543624454498058, 2557071.93172584939748 ], [ 248764.415200478106271, 2557072.021952381357551 ], [ 248764.283708175440552, 2557072.107645552139729 ], [ 248764.14930750161875, 2557072.188701116479933 ], [ 248764.012161958031356, 2557072.265020471531898 ], [ 248763.872438368533039, 2557072.336510779336095 ], [ 248763.730306711280718, 2557072.403085072990507 ], [ 248763.585939875774784, 2557072.464662367943674 ], [ 248763.439513492630795, 2557072.521167752798647 ], [ 248763.29120567481732, 2557072.572532497346401 ], [ 248763.141196836164454, 2557072.618694112636149 ], [ 248762.989669467468048, 2557072.659596444107592 ], [ 248762.836807888321346, 2557072.695189738180488 ], [ 248762.682798046909738, 2557072.725430697202682 ], [ 248762.528789359756047, 2557072.755671408027411 ], [ 248762.375928905821638, 2557072.791264377534389 ], [ 248762.224402636493323, 2557072.832166307140142 ], [ 248762.074394879367901, 2557072.878327440004796 ], [ 248761.926088112493744, 2557072.929691627155989 ], [ 248761.779662734363228, 2557072.986196381505579 ], [ 248761.635296872613253, 2557073.047772972844541 ], [ 248761.493166145257419, 2557073.11434649117291 ], [ 248761.353443446918391, 2557073.185835954733193 ], [ 248761.216298731829738, 2557073.262154404073954 ], [ 248761.081898837786866, 2557073.343208995647728 ], [ 248760.950407258787891, 2557073.428901133127511 ], [ 248760.821983949193964, 2557073.519126573111862 ], [ 248760.696785121661378, 2557073.613775565754622 ], [ 248760.574963079066947, 2557073.712732971645892 ], [ 248760.456666017358657, 2557073.815878414083272 ], [ 248760.342037832189817, 2557073.92308642109856 ], [ 248760.231217967957491, 2557074.034226579125971 ], [ 248760.124341224436648, 2557074.149163691792637 ], [ 248760.021537622669712, 2557074.267757944297045 ], [ 248759.922932210203726, 2557074.389865070581436 ], [ 248759.828644939640071, 2557074.515336534939706 ], [ 248759.738790507166414, 2557074.644019707571715 ], [ 248759.653478212974733, 2557074.77575804758817 ], [ 248759.572811842372175, 2557074.910391304641962 ], [ 248759.49688951956341, 2557075.047755703795701 ], [ 248759.425803591235308, 2557075.187684146221727 ], [ 248759.35964054588112, 2557075.330006415955722 ], [ 248759.298480854951777, 2557075.474549384322017 ], [ 248759.242398919654079, 2557075.62113722320646 ], [ 248759.191462968155975, 2557075.769591615069658 ], [ 248759.145734950958285, 2557075.919731969945133 ], [ 248759.105270502564963, 2557076.07137565035373 ], [ 248759.070118839561474, 2557076.224338190630078 ], [ 248759.040322731219931, 2557076.378433516249061 ], [ 248759.015918412071187, 2557076.533474177122116 ], [ 248758.996935576666147, 2557076.689271575305611 ], [ 248758.983397310570581, 2557076.845636191312224 ], [ 248758.975320087280124, 2557077.002377815078944 ], [ 248758.97271373111289, 2557077.159305772744119 ], [ 248758.975581416132627, 2557077.316229174844921 ], [ 248758.983919646503637, 2557077.472957128658891 ], [ 248758.997718285332667, 2557077.629298982676119 ], [ 248759.016960543900495, 2557077.785064553841949 ], [ 248759.041623010882176, 2557077.940064360853285 ], [ 248759.071675701183267, 2557078.094109851866961 ], [ 248759.107082035363419, 2557078.247013641986996 ], [ 248759.14779895733227, 2557078.398589728400111 ], [ 248762.716787308832863, 2557090.816274174489081 ], [ 248785.86284554208396, 2557076.031905765179545 ], [ 248767.501151046366431, 2557025.123308558017015 ], [ 248737.619556505582295, 2556936.244299574755132 ], [ 248735.872705965186469, 2556924.310239276848733 ], [ 248716.140222649672069, 2556931.697088701184839 ] ] ] ] } },
{ "type": "Feature", "properties": { "id": "final_plot_boundary.fid-4639cb80_1a0ba89becd_642c", "gid": 24510, "tps_name": "Gota_33", "tps_no": "33", "village": "Gota", "city": "Ahmedabad", "authority": "AMC", "district": "Ahmedabad", "state": "Gujarat", "status": "Preliminary", "fp_no": "92/2", "reser_use": null, "reser_type": null, "tps_id": 212, "show_hide": 1, "fp_area": "789", "fp_area_final": 789.0, "temp": "789", "search": "Gota 33 92/2", "dxf_access": 1, "epsg_code": "EPSG:32643", "parcel_id": "92/2", "land_use": null, "area_sq_m": 789.0, "owner_name": null, "source_type": "CTPVD_Final_Plot", "source_id": "92/2", "survey_scheme": "Gota_33", "village_name": "Gota", "city_name": "Ahmedabad", "authority_name": "AMC", "district_name": "Ahmedabad", "state_name": "Gujarat", "status_name": "Preliminary" }, "geometry": { "type": "MultiPolygon", "coordinates": [ [ [ [ 248460.790181170188589, 2555874.300973747856915 ], [ 248440.753938071400626, 2555881.801535557489842 ], [ 248453.00320703277248, 2555916.594090630300343 ], [ 248473.039450135373045, 2555909.093528820201755 ], [ 248460.790181170188589, 2555874.300973747856915 ] ] ] ] } },
{ "type": "Feature", "properties": { "id": "final_plot_boundary.fid-4639cb80_1a0ba89becd_642d", "gid": 24447, "tps_name": "Gota_33", "tps_no": "33", "village": "Gota", "city": "Ahmedabad", "authority": "AMC", "district": "Ahmedabad", "state": "Gujarat", "status": "Preliminary", "fp_no": "61", "reser_use": null, "reser_type": null, "tps_id": 212, "show_hide": 1, "fp_area": "2012", "fp_area_final": 2012.0, "temp": "2012", "search": "Gota 33 61", "dxf_access": 1, "epsg_code": "EPSG:32643", "parcel_id": "61", "land_use": null, "area_sq_m": 2012.0, "owner_name": null, "source_type": "CTPVD_Final_Plot", "source_id": "61", "survey_scheme": "Gota_33", "village_name": "Gota", "city_name": "Ahmedabad", "authority_name": "AMC", "district_name": "Ahmedabad", "state_name": "Gujarat", "status_name": "Preliminary" }, "geometry": { "type": "MultiPolygon", "coordinates": [ [ [ [ 248630.136565079155844, 2556501.653241017367691 ], [ 248672.542609486292349, 2556485.778550553601235 ], [ 248656.96427229011897, 2556444.164154315833002 ], [ 248614.558227880392224, 2556460.038844779599458 ], [ 248630.136565079155844, 2556501.653241017367691 ] ] ] ] } },
{ "type": "Feature", "properties": { "id": "final_plot_boundary.fid-4639cb80_1a0ba89becd_642e", "gid": 24438, "tps_name": "Gota_33", "tps_no": "33", "village": "Gota", "city": "Ahmedabad", "authority": "AMC", "district": "Ahmedabad", "state": "Gujarat", "status": "Preliminary", "fp_no": "116", "reser_use": null, "reser_type": null, "tps_id": 212, "show_hide": 1, "fp_area": "5787", "fp_area_final": 5787.0, "temp": "5787", "search": "Gota 33 116", "dxf_access": 1, "epsg_code": "EPSG:32643", "parcel_id": "116", "land_use": null, "area_sq_m": 5787.0, "owner_name": null, "source_type": "CTPVD_Final_Plot", "source_id": "116", "survey_scheme": "Gota_33", "village_name": "Gota", "city_name": "Ahmedabad", "authority_name": "AMC", "district_name": "Ahmedabad", "state_name": "Gujarat", "status_name": "Preliminary" }, "geometry": { "type": "MultiPolygon", "coordinates": [ [ [ [ 248420.388316069118446, 2555965.848265304695815 ], [ 248394.104262599954382, 2555969.422521788626909 ], [ 248362.842288410407491, 2555973.673704509623349 ], [ 248350.632184218673501, 2555975.334104573819786 ], [ 248394.701063734275522, 2556090.855119183193892 ], [ 248419.474240831332281, 2556079.721349451225251 ], [ 248421.950284780410584, 2556085.925851567648351 ], [ 248420.388316069118446, 2555965.848265304695815 ] ] ] ] } },
{ "type": "Feature", "properties": { "id": "final_plot_boundary.fid-4639cb80_1a0ba89becd_642f", "gid": 24415, "tps_name": "Gota_33", "tps_no": "33", "village": "Gota", "city": "Ahmedabad", "authority": "AMC", "district": "Ahmedabad", "state": "Gujarat", "status": "Preliminary", "fp_no": "54", "reser_use": null, "reser_type": null, "tps_id": 212, "show_hide": 1, "fp_area": "2490", "fp_area_final": 2490.0, "temp": "2490", "search": "Gota 33 54", "dxf_access": 1, "epsg_code": "EPSG:32643", "parcel_id": "54", "land_use": null, "area_sq_m": 2490.0, "owner_name": null, "source_type": "CTPVD_Final_Plot", "source_id": "54", "survey_scheme": "Gota_33", "village_name": "Gota", "city_name": "Ahmedabad", "authority_name": "AMC", "district_name": "Ahmedabad", "state_name": "Gujarat", "status_name": "Preliminary" }, "geometry": { "type": "MultiPolygon", "coordinates": [ [ [ [ 249022.584161517093889, 2556275.306460668332875 ], [ 249071.66012335330015, 2556256.99166243430227 ], [ 249071.855026222852757, 2556256.915024807211012 ], [ 249072.047135748463916, 2556256.831631854642183 ], [ 249072.236217876255978, 2556256.741585177369416 ], [ 249072.422042234888067, 2556256.644994481466711 ], [ 249072.604382425546646, 2556256.541977450251579 ], [ 249072.783016300643794, 2556256.432659594342113 ], [ 249072.957726215943694, 2556256.317174098920077 ], [ 249073.128299316449556, 2556256.195661666337401 ], [ 249073.294527786434628, 2556256.068270338699222 ], [ 249073.456209104158916, 2556255.935155328828841 ], [ 249073.613146280054934, 2556255.796478806063533 ], [ 249073.765148116537603, 2556255.652409735601395 ], [ 249073.912029415310826, 2556255.503123642411083 ], [ 249074.053611233306583, 2556255.348802405875176 ], [ 249074.189721069618827, 2556255.189634044189006 ], [ 249074.320193089544773, 2556255.025812477339059 ], [ 249074.444868342514383, 2556254.857537298928946 ], [ 249074.563594926206861, 2556254.685013525187969 ], [ 249074.676228198775789, 2556254.508451349567622 ], [ 249074.782630922069075, 2556254.328065887093544 ], [ 249074.882673468266148, 2556254.144076909404248 ], [ 249074.976233944384148, 2556253.956708578858525 ], [ 249075.063198367046425, 2556253.766189173329622 ], [ 249075.143460780847818, 2556253.572750812862068 ], [ 249075.216923407831928, 2556253.376629171893001 ], [ 249075.283496727672173, 2556253.178063194267452 ], [ 249075.343099645921029, 2556252.977294801734388 ], [ 249075.395659529574914, 2556252.774568602442741 ], [ 249075.441112366475863, 2556252.570131583604962 ], [ 249075.479402756056515, 2556252.364232822321355 ], [ 249075.510484059894225, 2556252.157123169861734 ], [ 249075.534318408055697, 2556251.94905496481806 ], [ 249075.550876759021776, 2556251.740281701553613 ], [ 249075.560138946748339, 2556251.531057738233358 ], [ 249075.562093674670905, 2556251.321637983899564 ], [ 249075.556738573330222, 2556251.11227758275345 ], [ 249075.544080154475523, 2556250.903231608681381 ], [ 249075.524133856233675, 2556250.694754752330482 ], [ 249075.496923960803542, 2556250.487101009115577 ], [ 249075.462483641778817, 2556250.280523377470672 ], [ 249075.420854836265789, 2556250.075273536611348 ], [ 249075.372088280098978, 2556249.871601549908519 ], [ 249075.316243384120753, 2556249.669755564071238 ], [ 249075.253388179640751, 2556249.469981497619301 ], [ 249075.183599250478437, 2556249.272522741463035 ], [ 249062.324623267893912, 2556214.815871537197381 ], [ 249007.627353638003115, 2556235.228501668665558 ], [ 249022.584161517093889, 2556275.306460668332875 ] ] ] ] } },
{ "type": "Feature", "properties": { "id": "final_plot_boundary.fid-4639cb80_1a0ba89becd_6430", "gid": 24464, "tps_name": "Gota_33", "tps_no": "33", "village": "Gota", "city": "Ahmedabad", "authority": "AMC", "district": "Ahmedabad", "state": "Gujarat", "status": "Preliminary", "fp_no": "74/1", "reser_use": null, "reser_type": null, "tps_id": 212, "show_hide": 1, "fp_area": "8068", "fp_area_final": 8068.0, "temp": "8068", "search": "Gota 33 74/1", "dxf_access": 1, "epsg_code": "EPSG:32643", "parcel_id": "74/1", "land_use": null, "area_sq_m": 8068.0, "owner_name": null, "source_type": "CTPVD_Final_Plot", "source_id": "74/1", "survey_scheme": "Gota_33", "village_name": "Gota", "city_name": "Ahmedabad", "authority_name": "AMC", "district_name": "Ahmedabad", "state_name": "Gujarat", "status_name": "Preliminary" }, "geometry": { "type": "MultiPolygon", "coordinates": [ [ [ [ 248801.554563881800277, 2556110.446298215538263 ], [ 248777.906989022681955, 2556043.278244913555682 ], [ 248774.823405454662861, 2556044.428444506600499 ], [ 248678.490865989966551, 2556080.36168859899044 ], [ 248678.250074028386734, 2556080.456269059330225 ], [ 248678.012687242298853, 2556080.559097769204527 ], [ 248677.778988069709158, 2556080.670052383095026 ], [ 248677.549254560930422, 2556080.789000886958092 ], [ 248677.323760061553912, 2556080.915801757015288 ], [ 248677.102772857120726, 2556081.050304123666137 ], [ 248676.88655588059919, 2556081.192347958218306 ], [ 248676.675366395560559, 2556081.341764254495502 ], [ 248676.46945566375507, 2556081.498375239316374 ], [ 248676.269068674213486, 2556081.661994577851146 ], [ 248676.074443859193707, 2556081.832427591551095 ], [ 248675.885812786174938, 2556082.009471502155066 ], [ 248675.703399873891613, 2556082.192915664520115 ], [ 248675.52742216133629, 2556082.382541813421994 ], [ 248675.358089036511956, 2556082.578124332707375 ], [ 248675.195601955463644, 2556082.779430518858135 ], [ 248675.040154262213036, 2556082.986220858991146 ], [ 248674.891930902842432, 2556083.198249312583357 ], [ 248674.751108224503696, 2556083.415263609029353 ], [ 248674.617853786447085, 2556083.637005543801934 ], [ 248674.492326137580676, 2556083.863211288582534 ], [ 248674.374674621532904, 2556084.093611705582589 ], [ 248674.265039223857457, 2556084.327932661864907 ], [ 248674.163550391589524, 2556084.565895363222808 ], [ 248674.070328874513507, 2556084.807216682471335 ], [ 248673.985485586861614, 2556085.051609496120363 ], [ 248673.909121479169698, 2556085.298783024773002 ], [ 248673.841327400907176, 2556085.548443181440234 ], [ 248673.782184017938562, 2556085.800292919389904 ], [ 248673.73176170073566, 2556086.054032590705901 ], [ 248673.690120439598104, 2556086.30936029413715 ], [ 248673.657309785980033, 2556086.565972240176052 ], [ 248673.633368763927137, 2556086.823563113808632 ], [ 248673.61832587144454, 2556087.081826434936374 ], [ 248673.61219899795833, 2556087.340454916935414 ], [ 248673.614995439449558, 2556087.599140845704824 ], [ 248673.626711864926619, 2556087.857576440088451 ], [ 248673.647334335924825, 2556088.115454209502786 ], [ 248673.676838319865055, 2556088.372467333450913 ], [ 248673.715188705071341, 2556088.62831001682207 ], [ 248673.762339859327767, 2556088.882677858229727 ], [ 248673.818235697894124, 2556089.135268209967762 ], [ 248673.882809704809915, 2556089.385780541226268 ], [ 248673.955985043692635, 2556089.633916794788092 ], [ 248674.037674667633837, 2556089.879381733946502 ], [ 248695.246202414709842, 2556150.119619088247418 ], [ 248798.471096027147723, 2556111.596826491877437 ], [ 248801.554563881800277, 2556110.446298215538263 ] ] ] ] } },
{ "type": "Feature", "properties": { "id": "final_plot_boundary.fid-4639cb80_1a0ba89becd_6431", "gid": 24404, "tps_name": "Gota_33", "tps_no": "33", "village": "Gota", "city": "Ahmedabad", "authority": "AMC", "district": "Ahmedabad", "state": "Gujarat", "status": "Preliminary", "fp_no": "66/1", "reser_use": null, "reser_type": null, "tps_id": 212, "show_hide": 1, "fp_area": "3096", "fp_area_final": 3096.0, "temp": "3096", "search": "Gota 33 66/1", "dxf_access": 1, "epsg_code": "EPSG:32643", "parcel_id": "66/1", "land_use": null, "area_sq_m": 3096.0, "owner_name": null, "source_type": "CTPVD_Final_Plot", "source_id": "66/1", "survey_scheme": "Gota_33", "village_name": "Gota", "city_name": "Ahmedabad", "authority_name": "AMC", "district_name": "Ahmedabad", "state_name": "Gujarat", "status_name": "Preliminary" }, "geometry": { "type": "MultiPolygon", "coordinates": [ [ [ [ 248837.431118050211808, 2556344.404253288637847 ], [ 248871.737759040959645, 2556331.601260043215007 ], [ 248858.527357282378944, 2556295.384658410679549 ], [ 248843.055013377830619, 2556252.966893551871181 ], [ 248808.069757933117216, 2556265.728148315101862 ], [ 248837.431118050211808, 2556344.404253288637847 ] ] ] ] } },
{ "type": "Feature", "properties": { "id": "final_plot_boundary.fid-4639cb80_1a0ba89becd_6432", "gid": 24490, "tps_name": "Gota_33", "tps_no": "33", "village": "Gota", "city": "Ahmedabad", "authority": "AMC", "district": "Ahmedabad", "state": "Gujarat", "status": "Preliminary", "fp_no": "18", "reser_use": null, "reser_type": null, "tps_id": 212, "show_hide": 1, "fp_area": "391", "fp_area_final": 391.0, "temp": "391", "search": "Gota 33 18", "dxf_access": 1, "epsg_code": "EPSG:32643", "parcel_id": "18", "land_use": null, "area_sq_m": 391.0, "owner_name": null, "source_type": "CTPVD_Final_Plot", "source_id": "18", "survey_scheme": "Gota_33", "village_name": "Gota", "city_name": "Ahmedabad", "authority_name": "AMC", "district_name": "Ahmedabad", "state_name": "Gujarat", "status_name": "Preliminary" }, "geometry": { "type": "MultiPolygon", "coordinates": [ [ [ [ 248557.478896321175853, 2556507.032938227057457 ], [ 248564.245804456062615, 2556526.319428203161806 ], [ 248582.347522079013288, 2556519.543055445421487 ], [ 248575.183307720406447, 2556500.405296938493848 ], [ 248557.478896321175853, 2556507.032938227057457 ] ] ] ] } },
{ "type": "Feature", "properties": { "id": "final_plot_boundary.fid-4639cb80_1a0ba89becd_6433", "gid": 24441, "tps_name": "Gota_33", "tps_no": "33", "village": "Gota", "city": "Ahmedabad", "authority": "AMC", "district": "Ahmedabad", "state": "Gujarat", "status": "Preliminary", "fp_no": "107", "reser_use": null, "reser_type": null, "tps_id": 212, "show_hide": 1, "fp_area": "463", "fp_area_final": 463.0, "temp": "463", "search": "Gota 33 107", "dxf_access": 1, "epsg_code": "EPSG:32643", "parcel_id": "107", "land_use": null, "area_sq_m": 463.0, "owner_name": null, "source_type": "CTPVD_Final_Plot", "source_id": "107", "survey_scheme": "Gota_33", "village_name": "Gota", "city_name": "Ahmedabad", "authority_name": "AMC", "district_name": "Ahmedabad", "state_name": "Gujarat", "status_name": "Preliminary" }, "geometry": { "type": "MultiPolygon", "coordinates": [ [ [ [ 248188.420074785040924, 2555578.616921552922577 ], [ 248185.779852731793653, 2555541.178861720487475 ], [ 248168.145149661548203, 2555543.153805753216147 ], [ 248182.16721946868347, 2555580.540070062503219 ], [ 248188.420074785040924, 2555578.616921552922577 ] ] ] ] } },
{ "type": "Feature", "properties": { "id": "final_plot_boundary.fid-4639cb80_1a0ba89becd_6434", "gid": 24469, "tps_name": "Gota_33", "tps_no": "33", "village": "Gota", "city": "Ahmedabad", "authority": "AMC", "district": "Ahmedabad", "state": "Gujarat", "status": "Preliminary", "fp_no": "2", "reser_use": null, "reser_type": null, "tps_id": 212, "show_hide": 1, "fp_area": "475", "fp_area_final": 475.0, "temp": "475", "search": "Gota 33 2", "dxf_access": 1, "epsg_code": "EPSG:32643", "parcel_id": "2", "land_use": null, "area_sq_m": 475.0, "owner_name": null, "source_type": "CTPVD_Final_Plot", "source_id": "2", "survey_scheme": "Gota_33", "village_name": "Gota", "city_name": "Ahmedabad", "authority_name": "AMC", "district_name": "Ahmedabad", "state_name": "Gujarat", "status_name": "Preliminary" }, "geometry": { "type": "MultiPolygon", "coordinates": [ [ [ [ 248504.257914022891782, 2556300.85334863094613 ], [ 248500.955943867418682, 2556291.198162642773241 ], [ 248507.233271321601933, 2556288.848246926441789 ], [ 248503.099551063845865, 2556276.760966912843287 ], [ 248480.75423285382567, 2556285.125930322799832 ], [ 248486.691398038703483, 2556302.486606315243989 ], [ 248486.7445937495213, 2556302.633748305030167 ], [ 248486.802872578409733, 2556302.778952047228813 ], [ 248486.866164084029151, 2556302.922042002901435 ], [ 248486.934391738992417, 2556303.062845185864717 ], [ 248487.007473064062651, 2556303.201191381085664 ], [ 248487.085319707810413, 2556303.336913336534053 ], [ 248487.167837571789278, 2556303.469846974592656 ], [ 248487.254926882771542, 2556303.599831591825932 ], [ 248487.346482372755418, 2556303.726710046641529 ], [ 248487.442393344826996, 2556303.850328954868019 ], [ 248487.542543858493445, 2556303.970538870897144 ], [ 248487.646812845836394, 2556304.087194469291717 ], [ 248487.755074235697975, 2556304.200154725462198 ], [ 248487.867197169660358, 2556304.309283080045134 ], [ 248487.983046088425908, 2556304.414447607006878 ], [ 248488.102480947098229, 2556304.51552116824314 ], [ 248488.225357349874685, 2556304.612381575629115 ], [ 248488.351526753598591, 2556304.704911733977497 ], [ 248488.480836634844309, 2556304.792999780736864 ], [ 248488.613130671117688, 2556304.876539226621389 ], [ 248488.748248917807359, 2556304.955429075751454 ], [ 248488.886028032313334, 2556305.029573961626738 ], [ 248489.026301458943635, 2556305.098884244915098 ], [ 248489.168899616808631, 2556305.163276139646769 ], [ 248489.313650108146248, 2556305.222671797033399 ], [ 248489.460377951676492, 2556305.276999418158084 ], [ 248489.608905753295403, 2556305.326193319633603 ], [ 248489.759053969377419, 2556305.370194034185261 ], [ 248489.91064107575221, 2556305.408948368392885 ], [ 248490.063483819423709, 2556305.442409466486424 ], [ 248490.217397427622927, 2556305.470536884386092 ], [ 248490.372195827047108, 2556305.493296614382416 ], [ 248490.527691881929059, 2556305.510661141015589 ], [ 248490.683697605971247, 2556305.522609473206103 ], [ 248490.840024407370947, 2556305.529127166606486 ], [ 248490.996483298426028, 2556305.530206342693418 ], [ 248491.152885136340046, 2556305.525845694821328 ], [ 248491.309040842024842, 2556305.516050495672971 ], [ 248491.464761627750704, 2556305.500832587946206 ], [ 248491.619859254569747, 2556305.480210367124528 ], [ 248491.774146216950612, 2556305.454208764247596 ], [ 248491.92743598940433, 2556305.422859212849289 ], [ 248492.07954326516483, 2556305.386199613567442 ], [ 248492.230284153658431, 2556305.344274281989783 ], [ 248492.379476429399801, 2556305.297133904881775 ], [ 248492.526939723087708, 2556305.244835468009114 ], [ 248504.257914022891782, 2556300.85334863094613 ] ] ] ] } },
{ "type": "Feature", "properties": { "id": "final_plot_boundary.fid-4639cb80_1a0ba89becd_6435", "gid": 24428, "tps_name": "Gota_33", "tps_no": "33", "village": "Gota", "city": "Ahmedabad", "authority": "AMC", "district": "Ahmedabad", "state": "Gujarat", "status": "Preliminary", "fp_no": "12", "reser_use": null, "reser_type": null, "tps_id": 212, "show_hide": 1, "fp_area": "2795", "fp_area_final": 2795.0, "temp": "2795", "search": "Gota 33 12", "dxf_access": 1, "epsg_code": "EPSG:32643", "parcel_id": "12", "land_use": null, "area_sq_m": 2795.0, "owner_name": null, "source_type": "CTPVD_Final_Plot", "source_id": "12", "survey_scheme": "Gota_33", "village_name": "Gota", "city_name": "Ahmedabad", "authority_name": "AMC", "district_name": "Ahmedabad", "state_name": "Gujarat", "status_name": "Preliminary" }, "geometry": { "type": "MultiPolygon", "coordinates": [ [ [ [ 248558.968416237388737, 2556356.061976605560631 ], [ 248601.267040744918631, 2556340.22749875113368 ], [ 248600.89603997420636, 2556339.236444769892842 ], [ 248579.570665156294126, 2556282.269992812070996 ], [ 248537.272040647629183, 2556298.104470664635301 ], [ 248558.968416237388737, 2556356.061976605560631 ] ] ] ] } },
{ "type": "Feature", "properties": { "id": "final_plot_boundary.fid-4639cb80_1a0ba89becd_6436", "gid": 24448, "tps_name": "Gota_33", "tps_no": "33", "village": "Gota", "city": "Ahmedabad", "authority": "AMC", "district": "Ahmedabad", "state": "Gujarat", "status": "Preliminary", "fp_no": "17", "reser_use": null, "reser_type": null, "tps_id": 212, "show_hide": 1, "fp_area": "1801", "fp_area_final": 1801.0, "temp": "1801", "search": "Gota 33 17", "dxf_access": 1, "epsg_code": "EPSG:32643", "parcel_id": "17", "land_use": null, "area_sq_m": 1801.0, "owner_name": null, "source_type": "CTPVD_Final_Plot", "source_id": "17", "survey_scheme": "Gota_33", "village_name": "Gota", "city_name": "Ahmedabad", "authority_name": "AMC", "district_name": "Ahmedabad", "state_name": "Gujarat", "status_name": "Preliminary" }, "geometry": { "type": "MultiPolygon", "coordinates": [ [ [ [ 248582.347522079013288, 2556519.543055445421487 ], [ 248610.93396934834891, 2556508.841727177146822 ], [ 248595.355632177379448, 2556467.227331021334976 ], [ 248553.200549639266683, 2556483.008074447512627 ], [ 248553.072370845999103, 2556483.058591674547642 ], [ 248552.94600782264024, 2556483.113493217620999 ], [ 248552.821610478014918, 2556483.172713949810714 ], [ 248552.699326402042061, 2556483.236183610279113 ], [ 248552.579300657263957, 2556483.303826903924346 ], [ 248552.461675651371479, 2556483.37556357588619 ], [ 248552.346590915927663, 2556483.451308525167406 ], [ 248552.234182985237567, 2556483.530971890315413 ], [ 248552.124585222132737, 2556483.614459160715342 ], [ 248552.017927650682395, 2556483.701671289280057 ], [ 248551.914336799673038, 2556483.792504813056439 ], [ 248551.813935565878637, 2556483.886851968709379 ], [ 248551.716843065980356, 2556483.984600829426199 ], [ 248551.623174480628222, 2556484.085635424591601 ], [ 248551.533040934678866, 2556484.189835895784199 ], [ 248551.446549367887201, 2556484.29707861924544 ], [ 248551.363802380365087, 2556484.407236369792372 ], [ 248551.28489814180648, 2556484.520178459584713 ], [ 248551.209930272540078, 2556484.635770895518363 ], [ 248551.138987694721436, 2556484.753876546863467 ], [ 248551.072154584806412, 2556484.87435529474169 ], [ 248551.009510224714177, 2556484.997064210474491 ], [ 248550.951128937798785, 2556485.121857713442296 ], [ 248550.897079977701651, 2556485.24858775595203 ], [ 248550.847427473723656, 2556485.377103990875185 ], [ 248550.802230327884899, 2556485.507253949064761 ], [ 248550.761542161926627, 2556485.638883225619793 ], [ 248550.72541124545387, 2556485.771835662890226 ], [ 248550.69388044194784, 2556485.905953528825194 ], [ 248550.666987164324382, 2556486.041077712550759 ], [ 248550.644763310323469, 2556486.177047907374799 ], [ 248550.627235253399704, 2556486.313702804036438 ], [ 248550.614423776307376, 2556486.450880280230194 ], [ 248550.606344092055224, 2556486.588417591992766 ], [ 248550.603005772980396, 2556486.72615157160908 ], [ 248550.6044127891073, 2556486.863918817136437 ], [ 248550.610563464404549, 2556487.001555886585265 ], [ 248550.621450508304406, 2556487.13889949163422 ], [ 248550.637060999084497, 2556487.275786693673581 ], [ 248550.657376427698182, 2556487.412055095657706 ], [ 248550.682372678013053, 2556487.54754303349182 ], [ 248550.712020103557734, 2556487.682089767418802 ], [ 248550.746283531741938, 2556487.815535678528249 ], [ 248550.785122311353916, 2556487.947722450830042 ], [ 248550.828490364074241, 2556488.078493263572454 ], [ 248557.478896321175853, 2556507.032938227057457 ], [ 248575.183307720406447, 2556500.405296938493848 ], [ 248582.347522079013288, 2556519.543055445421487 ] ] ] ] } },
{ "type": "Feature", "properties": { "id": "final_plot_boundary.fid-4639cb80_1a0ba89becd_6437", "gid": 24385, "tps_name": "Gota_33", "tps_no": "33", "village": "Gota", "city": "Ahmedabad", "authority": "AMC", "district": "Ahmedabad", "state": "Gujarat", "status": "Preliminary", "fp_no": "118", "reser_use": "Housing For S.E.W.S", "reser_type": "Housing For S.E.W.S", "tps_id": 212, "show_hide": 1, "fp_area": "7127", "fp_area_final": 7127.0, "temp": "7127", "search": "Gota 33 118", "dxf_access": 1, "epsg_code": "EPSG:32643", "parcel_id": "118", "land_use": "Housing For S.E.W.S", "area_sq_m": 7127.0, "owner_name": null, "source_type": "CTPVD_Final_Plot", "source_id": "118", "survey_scheme": "Gota_33", "village_name": "Gota", "city_name": "Ahmedabad", "authority_name": "AMC", "district_name": "Ahmedabad", "state_name": "Gujarat", "status_name": "Preliminary" }, "geometry": { "type": "MultiPolygon", "coordinates": [ [ [ [ 248716.140222649672069, 2556931.697088701184839 ], [ 248735.872705965186469, 2556924.310239276848733 ], [ 248758.804471922951052, 2556818.479090671055019 ], [ 248764.325808691617567, 2556785.085890412796289 ], [ 248678.732732677075546, 2556817.127633668016642 ], [ 248678.58719806841691, 2556817.185018052812666 ], [ 248678.443746031436604, 2556817.247426406946033 ], [ 248678.302549927379005, 2556817.314783308189362 ], [ 248678.163780411647167, 2556817.387007350102067 ], [ 248678.027605193929048, 2556817.464011246804148 ], [ 248677.894188848760678, 2556817.54570193355903 ], [ 248677.76369261185755, 2556817.631980685517192 ], [ 248677.636274201679043, 2556817.722743228077888 ], [ 248677.512087608396541, 2556817.817879868205637 ], [ 248677.391282917873468, 2556817.917275629006326 ], [ 248677.27400613258942, 2556818.02081038383767 ], [ 248677.160398985113716, 2556818.128359008114785 ], [ 248677.050598771864315, 2556818.239791517145932 ], [ 248676.94473820697749, 2556818.354973246809095 ], [ 248676.842945218726527, 2556818.473764985334128 ], [ 248676.745342824811814, 2556818.596023171208799 ], [ 248676.65204899336095, 2556818.721600044518709 ], [ 248676.563176472933264, 2556818.85034384438768 ], [ 248676.478832671593409, 2556818.982098968699574 ], [ 248676.399119518173393, 2556819.116706186905503 ], [ 248676.324133351736236, 2556819.254002822097391 ], [ 248676.253964806557633, 2556819.393822940532118 ], [ 248676.188698676647618, 2556819.535997562110424 ], [ 248676.12841384060448, 2556819.680354857817292 ], [ 248676.07318316117744, 2556819.826720366254449 ], [ 248676.023073383548763, 2556819.974917195271701 ], [ 248675.978145063709235, 2556820.124766242690384 ], [ 248675.938452511065407, 2556820.276086404453963 ], [ 248675.904043691756669, 2556820.428694803267717 ], [ 248675.87496018683305, 2556820.582407002337277 ], [ 248675.851237143360777, 2556820.737037231214345 ], [ 248675.83290324738482, 2556820.892398611176759 ], [ 248675.819980638916604, 2556821.048303380142897 ], [ 248675.812484942027368, 2556821.20456311525777 ], [ 248675.810425218282035, 2556821.360988969914615 ], [ 248675.813803959084908, 2556821.51739189401269 ], [ 248675.822617074416485, 2556821.673582863528281 ], [ 248675.836853910906939, 2556821.829373115673661 ], [ 248675.856497275060974, 2556821.984574368689209 ], [ 248675.881523415097035, 2556822.138999052345753 ], [ 248675.911902088875649, 2556822.29246053379029 ], [ 248675.947596586222062, 2556822.444773348513991 ], [ 248675.98856375910691, 2556822.595753416419029 ], [ 248676.034754106018227, 2556822.745218268595636 ], [ 248676.086111799319042, 2556822.89298726990819 ], [ 248716.140222649672069, 2556931.697088701184839 ] ] ] ] } },
{ "type": "Feature", "properties": { "id": "final_plot_boundary.fid-4639cb80_1a0ba89becd_6438", "gid": 24442, "tps_name": "Gota_33", "tps_no": "33", "village": "Gota", "city": "Ahmedabad", "authority": "AMC", "district": "Ahmedabad", "state": "Gujarat", "status": "Preliminary", "fp_no": "105", "reser_use": null, "reser_type": null, "tps_id": 212, "show_hide": 1, "fp_area": "2307", "fp_area_final": 2307.0, "temp": "2307", "search": "Gota 33 105", "dxf_access": 1, "epsg_code": "EPSG:32643", "parcel_id": "105", "land_use": null, "area_sq_m": 2307.0, "owner_name": null, "source_type": "CTPVD_Final_Plot", "source_id": "105", "survey_scheme": "Gota_33", "village_name": "Gota", "city_name": "Ahmedabad", "authority_name": "AMC", "district_name": "Ahmedabad", "state_name": "Gujarat", "status_name": "Preliminary" }, "geometry": { "type": "MultiPolygon", "coordinates": [ [ [ [ 248225.039455205143895, 2555524.135435509029776 ], [ 248269.26853718975326, 2555521.46101636486128 ], [ 248266.200913299922831, 2555470.729182126000524 ], [ 248225.127858418534743, 2555469.909414891153574 ], [ 248222.92008515089401, 2555469.940933294594288 ], [ 248224.562748883559834, 2555516.251748638693243 ], [ 248225.039455205143895, 2555524.135435509029776 ] ] ] ] } },
{ "type": "Feature", "properties": { "id": "final_plot_boundary.fid-4639cb80_1a0ba89becd_6439", "gid": 24491, "tps_name": "Gota_33", "tps_no": "33", "village": "Gota", "city": "Ahmedabad", "authority": "AMC", "district": "Ahmedabad", "state": "Gujarat", "status": "Preliminary", "fp_no": "6/1", "reser_use": null, "reser_type": null, "tps_id": 212, "show_hide": 1, "fp_area": "3825", "fp_area_final": 3825.0, "temp": "3825", "search": "Gota 33 6/1", "dxf_access": 1, "epsg_code": "EPSG:32643", "parcel_id": "6/1", "land_use": null, "area_sq_m": 3825.0, "owner_name": null, "source_type": "CTPVD_Final_Plot", "source_id": "6/1", "survey_scheme": "Gota_33", "village_name": "Gota", "city_name": "Ahmedabad", "authority_name": "AMC", "district_name": "Ahmedabad", "state_name": "Gujarat", "status_name": "Preliminary" }, "geometry": { "type": "MultiPolygon", "coordinates": [ [ [ [ 248458.603817235620227, 2556221.112026902381331 ], [ 248472.848924510413781, 2556215.780890169553459 ], [ 248479.547791333752684, 2556234.613536439370364 ], [ 248516.599252792511834, 2556220.743332555983216 ], [ 248492.498107857216382, 2556150.26994071342051 ], [ 248447.710379340482177, 2556166.030961421784014 ], [ 248447.428030851995572, 2556166.164850739296526 ], [ 248447.150441596546443, 2556166.308347156737 ], [ 248446.877938336285297, 2556166.461281754076481 ], [ 248446.61084185144864, 2556166.623474502470344 ], [ 248446.349466566403862, 2556166.794734473340213 ], [ 248446.094120157533325, 2556166.974860067479312 ], [ 248445.845103216241114, 2556167.163639246020466 ], [ 248445.602708862395957, 2556167.360849783290178 ], [ 248445.367222447588574, 2556167.566259532235563 ], [ 248445.138921168021625, 2556167.779626691713929 ], [ 248444.918073784036096, 2556168.000700092408806 ], [ 248444.704940254567191, 2556168.229219497181475 ], [ 248444.499771485512611, 2556168.46491589769721 ], [ 248444.302808991924394, 2556168.707511839922518 ], [ 248444.114284624985885, 2556168.956721753813326 ], [ 248443.934420308039989, 2556169.212252273689955 ], [ 248443.763427781203063, 2556169.473802598658949 ], [ 248443.601508321124129, 2556169.741064840462059 ], [ 248443.448852543981047, 2556170.013724390882999 ], [ 248443.305640135222347, 2556170.291460279840976 ], [ 248443.172039693978149, 2556170.573945571202785 ], [ 248443.048208483087365, 2556170.860847730655223 ], [ 248442.934292273246683, 2556171.151829027570784 ], [ 248442.830425166641362, 2556171.446546928025782 ], [ 248442.736729424475925, 2556171.744654501322657 ], [ 248442.653315346426098, 2556172.045800825580955 ], [ 248442.580281123548048, 2556172.34963140450418 ], [ 248442.517712729168124, 2556172.655788575299084 ], [ 248442.465683819114929, 2556172.963911944068968 ], [ 248442.424255637277383, 2556173.273638795595616 ], [ 248442.393476951983757, 2556173.584604532457888 ], [ 248442.373383993195603, 2556173.896443098783493 ], [ 248442.364000421948731, 2556174.208787405397743 ], [ 248442.36533727083588, 2556174.521269774064422 ], [ 248442.377392972208327, 2556174.833522360306233 ], [ 248442.400153339403914, 2556175.145177590660751 ], [ 248442.433591574663296, 2556175.45586859760806 ], [ 248442.477668316831114, 2556175.765229646582156 ], [ 248442.532331681082724, 2556176.072896567638963 ], [ 248442.597517317772144, 2556176.378507185727358 ], [ 248442.673148492554901, 2556176.681701748166233 ], [ 248458.603817235620227, 2556221.112026902381331 ] ] ] ] } },
{ "type": "Feature", "properties": { "id": "final_plot_boundary.fid-4639cb80_1a0ba89becd_643a", "gid": 24407, "tps_name": "Gota_33", "tps_no": "33", "village": "Gota", "city": "Ahmedabad", "authority": "AMC", "district": "Ahmedabad", "state": "Gujarat", "status": "Preliminary", "fp_no": "42", "reser_use": null, "reser_type": null, "tps_id": 212, "show_hide": 1, "fp_area": "1277", "fp_area_final": 1277.0, "temp": "1277", "search": "Gota 33 42", "dxf_access": 1, "epsg_code": "EPSG:32643", "parcel_id": "42", "land_use": null, "area_sq_m": 1277.0, "owner_name": null, "source_type": "CTPVD_Final_Plot", "source_id": "42", "survey_scheme": "Gota_33", "village_name": "Gota", "city_name": "Ahmedabad", "authority_name": "AMC", "district_name": "Ahmedabad", "state_name": "Gujarat", "status_name": "Preliminary" }, "geometry": { "type": "MultiPolygon", "coordinates": [ [ [ [ 249098.085979707015213, 2556310.641276832669973 ], [ 249097.792283237853553, 2556309.854293740354478 ], [ 249090.392880499333842, 2556290.027004260569811 ], [ 249090.297083469864447, 2556289.78337567159906 ], [ 249090.192842278775061, 2556289.543238765560091 ], [ 249090.080283931951271, 2556289.306886107195169 ], [ 249089.959545561228879, 2556289.074605657253414 ], [ 249089.830774271045811, 2556288.846680416725576 ], [ 249089.694126950664213, 2556288.623388074804097 ], [ 249089.549770078912843, 2556288.405000679660589 ], [ 249089.397879538475536, 2556288.19178430037573 ], [ 249089.238640384486644, 2556287.983998710755259 ], [ 249089.072246616822667, 2556287.781897068489343 ], [ 249088.898900964355562, 2556287.585725594311953 ], [ 249088.718814631167334, 2556287.395723302848637 ], [ 249088.532207012875006, 2556287.212121676653624 ], [ 249088.33930546414922, 2556287.035144407302141 ], [ 249088.140345012099715, 2556286.865007115062326 ], [ 249087.935568053973839, 2556286.701917084865272 ], [ 249087.725224083143985, 2556286.546073016244918 ], [ 249087.50956936419243, 2556286.397664785850793 ], [ 249087.288866644783411, 2556286.256873200647533 ], [ 249087.063384815788595, 2556286.123869794886559 ], [ 249086.833398595248582, 2556285.998816614504904 ], [ 249086.599188180698548, 2556285.881866017822176 ], [ 249086.361038926785113, 2556285.77316048881039 ], [ 249086.119240973988781, 2556285.672832469455898 ], [ 249085.874088927172124, 2556285.581004192121327 ], [ 249085.625881452375324, 2556285.497787539847195 ], [ 249085.37492096144706, 2556285.423283896874636 ], [ 249085.121513210906414, 2556285.357584033161402 ], [ 249084.865966938174097, 2556285.300767993088812 ], [ 249084.608593485783786, 2556285.252905004192144 ], [ 249084.349706423236057, 2556285.214053373318166 ], [ 249084.089621163584525, 2556285.184260439127684 ], [ 249083.828654581739102, 2556285.163562499452382 ], [ 249083.567124627763405, 2556285.151984768919647 ], [ 249083.305349937349092, 2556285.149541355669498 ], [ 249083.043649437109707, 2556285.156235234346241 ], [ 249082.782341967336833, 2556285.172058253083378 ], [ 249082.521745896636276, 2556285.196991131175309 ], [ 249082.262178718403447, 2556285.231003494467586 ], [ 249082.003956678468967, 2556285.274053900036961 ], [ 249081.747394377191085, 2556285.326089900452644 ], [ 249081.492804394016275, 2556285.387048096396029 ], [ 249081.240496912709204, 2556285.456854219548404 ], [ 249080.990779328392819, 2556285.535423224791884 ], [ 249080.743955884652678, 2556285.622659385669976 ], [ 249046.824328827147838, 2556298.281221797224134 ], [ 249057.139717902638949, 2556325.922129111830145 ], [ 249098.085979707015213, 2556310.641276832669973 ] ] ] ] } },
{ "type": "Feature", "properties": { "id": "final_plot_boundary.fid-4639cb80_1a0ba89becd_643b", "gid": 24515, "tps_name": "Gota_33", "tps_no": "33", "village": "Gota", "city": "Ahmedabad", "authority": "AMC", "district": "Ahmedabad", "state": "Gujarat", "status": "Preliminary", "fp_no": "56/1/2", "reser_use": null, "reser_type": null, "tps_id": 212, "show_hide": 1, "fp_area": "5690", "fp_area_final": 5690.0, "temp": "5690", "search": "Gota 33 56/1/2", "dxf_access": 1, "epsg_code": "EPSG:32643", "parcel_id": "56/1/2", "land_use": null, "area_sq_m": 5690.0, "owner_name": null, "source_type": "CTPVD_Final_Plot", "source_id": "56/1/2", "survey_scheme": "Gota_33", "village_name": "Gota", "city_name": "Ahmedabad", "authority_name": "AMC", "district_name": "Ahmedabad", "state_name": "Gujarat", "status_name": "Preliminary" }, "geometry": { "type": "MultiPolygon", "coordinates": [ [ [ [ 248993.735619807150215, 2556198.004493477754295 ], [ 248929.147067813173635, 2556221.56387460231781 ], [ 248958.174006341025233, 2556299.343870270997286 ], [ 249022.584161517093889, 2556275.306460668332875 ], [ 249007.627353638003115, 2556235.228501668665558 ], [ 248993.735619807150215, 2556198.004493477754295 ] ] ] ] } },
{ "type": "Feature", "properties": { "id": "final_plot_boundary.fid-4639cb80_1a0ba89becd_643c", "gid": 24505, "tps_name": "Gota_33", "tps_no": "33", "village": "Gota", "city": "Ahmedabad", "authority": "AMC", "district": "Ahmedabad", "state": "Gujarat", "status": "Preliminary", "fp_no": "30", "reser_use": null, "reser_type": null, "tps_id": 212, "show_hide": 1, "fp_area": "1702", "fp_area_final": 1702.0, "temp": "1702", "search": "Gota 33 30", "dxf_access": 1, "epsg_code": "EPSG:32643", "parcel_id": "30", "land_use": null, "area_sq_m": 1702.0, "owner_name": null, "source_type": "CTPVD_Final_Plot", "source_id": "30", "survey_scheme": "Gota_33", "village_name": "Gota", "city_name": "Ahmedabad", "authority_name": "AMC", "district_name": "Ahmedabad", "state_name": "Gujarat", "status_name": "Preliminary" }, "geometry": { "type": "MultiPolygon", "coordinates": [ [ [ [ 249008.314684310811572, 2556457.125561572145671 ], [ 248994.618862619681749, 2556420.426515586674213 ], [ 248966.591095958574442, 2556430.886277802754194 ], [ 248986.486184109438909, 2556484.196752441581339 ], [ 249014.512281600618735, 2556473.732517840340734 ], [ 249008.314684310811572, 2556457.125561572145671 ] ] ] ] } },
{ "type": "Feature", "properties": { "id": "final_plot_boundary.fid-4639cb80_1a0ba89becd_643d", "gid": 24419, "tps_name": "Gota_33", "tps_no": "33", "village": "Gota", "city": "Ahmedabad", "authority": "AMC", "district": "Ahmedabad", "state": "Gujarat", "status": "Preliminary", "fp_no": "77", "reser_use": null, "reser_type": null, "tps_id": 212, "show_hide": 1, "fp_area": "3705", "fp_area_final": 3705.0, "temp": "3705", "search": "Gota 33 77", "dxf_access": 1, "epsg_code": "EPSG:32643", "parcel_id": "77", "land_use": null, "area_sq_m": 3705.0, "owner_name": null, "source_type": "CTPVD_Final_Plot", "source_id": "77", "survey_scheme": "Gota_33", "village_name": "Gota", "city_name": "Ahmedabad", "authority_name": "AMC", "district_name": "Ahmedabad", "state_name": "Gujarat", "status_name": "Preliminary" }, "geometry": { "type": "MultiPolygon", "coordinates": [ [ [ [ 248715.44776322710095, 2555990.638459913432598 ], [ 248701.279450764646754, 2555995.923417963087559 ], [ 248719.854583019507118, 2556045.721027567517012 ], [ 248785.174102253688034, 2556021.356028558686376 ], [ 248766.598969998623943, 2555971.558418954722583 ], [ 248715.44776322710095, 2555990.638459913432598 ] ] ] ] } },
{ "type": "Feature", "properties": { "id": "final_plot_boundary.fid-4639cb80_1a0ba89becd_643e", "gid": 24430, "tps_name": "Gota_33", "tps_no": "33", "village": "Gota", "city": "Ahmedabad", "authority": "AMC", "district": "Ahmedabad", "state": "Gujarat", "status": "Preliminary", "fp_no": "98+99+100+103", "reser_use": null, "reser_type": null, "tps_id": 212, "show_hide": 1, "fp_area": "19023", "fp_area_final": 19023.0, "temp": "19023", "search": "Gota 33 98+99+100+103", "dxf_access": 1, "epsg_code": "EPSG:32643", "parcel_id": "98+99+100+103", "land_use": null, "area_sq_m": 19023.0, "owner_name": null, "source_type": "CTPVD_Final_Plot", "source_id": "98+99+100+103", "survey_scheme": "Gota_33", "village_name": "Gota", "city_name": "Ahmedabad", "authority_name": "AMC", "district_name": "Ahmedabad", "state_name": "Gujarat", "status_name": "Preliminary" }, "geometry": { "type": "MultiPolygon", "coordinates": [ [ [ [ 248321.074924978544004, 2555706.394221484195441 ], [ 248336.015542729350273, 2555747.383182805962861 ], [ 248495.77743192127673, 2555687.576365781482309 ], [ 248496.020963143469999, 2555687.480321502313018 ], [ 248496.260994117852533, 2555687.375836613122374 ], [ 248496.49723240165622, 2555687.26303841592744 ], [ 248496.729390174208675, 2555687.142064332962036 ], [ 248496.957184585713549, 2555687.01306175487116 ], [ 248497.180338112637401, 2555686.876187851186842 ], [ 248497.398578865715535, 2555686.731609382666647 ], [ 248497.611640960472869, 2555686.579502495471388 ], [ 248497.819264805642888, 2555686.420052506495267 ], [ 248498.021197450434556, 2555686.253453681711107 ], [ 248498.217192862415686, 2555686.079908998683095 ], [ 248498.407012261508498, 2555685.899629893247038 ], [ 248498.590424380265176, 2555685.712836006190628 ], [ 248498.767205752257723, 2555685.519754919689149 ], [ 248498.937140999303665, 2555685.320621869061142 ], [ 248499.100023091508774, 2555685.115679471753538 ], [ 248499.255653568601701, 2555684.905177417676896 ], [ 248499.403842818981502, 2555684.689372170716524 ], [ 248499.544410305796191, 2555684.468526655808091 ], [ 248499.677184773550835, 2555684.242909938097 ], [ 248499.802004441356985, 2555684.012796899303794 ], [ 248499.918717241904233, 2555683.778467895463109 ], [ 248500.027180984674487, 2555683.540208420250565 ], [ 248500.127263514965307, 2555683.298308756668121 ], [ 248500.218842897593277, 2555683.053063621744514 ], [ 248500.301807566924253, 2555682.804771807510406 ], [ 248500.376056433422491, 2555682.553735823370516 ], [ 248500.441499041451607, 2555682.300261514261365 ], [ 248500.498055659030797, 2555682.044657699763775 ], [ 248500.545657377108, 2555681.787235795985907 ], [ 248500.584246202313807, 2555681.528309430927038 ], [ 248500.613775121717481, 2555681.268194065894932 ], [ 248500.634208161412971, 2555681.007206609938294 ], [ 248500.645520418795059, 2555680.745665041264147 ], [ 248500.647698118031258, 2555680.483888002112508 ], [ 248500.640738599991892, 2555680.222194429952651 ], [ 248500.624650351935998, 2555679.960903158411384 ], [ 248500.599452966678655, 2555679.700332530308515 ], [ 248500.565177152428078, 2555679.44080001115799 ], [ 248500.521864658221602, 2555679.182621801272035 ], [ 248500.469568261265522, 2555678.926112448330969 ], [ 248500.408351672784192, 2555678.671584475785494 ], [ 248500.33828947955044, 2555678.419347978662699 ], [ 248500.259467042225879, 2555678.169710275251418 ], [ 248500.171980388084194, 2555677.922975507099181 ], [ 248476.218945123575395, 2555613.937256884761155 ], [ 248357.658981917251367, 2555658.153028361033648 ], [ 248321.562663505319506, 2555561.632071701344103 ], [ 248319.857180462568067, 2555557.071638327091932 ], [ 248271.760508258274058, 2555574.973548706620932 ], [ 248294.130542307742871, 2555634.588669814169407 ], [ 248313.697493728599511, 2555686.733703480102122 ], [ 248321.074924978544004, 2555706.394221484195441 ] ] ] ] } },
{ "type": "Feature", "properties": { "id": "final_plot_boundary.fid-4639cb80_1a0ba89becd_643f", "gid": 24493, "tps_name": "Gota_33", "tps_no": "33", "village": "Gota", "city": "Ahmedabad", "authority": "AMC", "district": "Ahmedabad", "state": "Gujarat", "status": "Preliminary", "fp_no": "24/1", "reser_use": null, "reser_type": null, "tps_id": 212, "show_hide": 1, "fp_area": "10548", "fp_area_final": 10548.0, "temp": "10548", "search": "Gota 33 24/1", "dxf_access": 1, "epsg_code": "EPSG:32643", "parcel_id": "24/1", "land_use": null, "area_sq_m": 10548.0, "owner_name": null, "source_type": "CTPVD_Final_Plot", "source_id": "24/1", "survey_scheme": "Gota_33", "village_name": "Gota", "city_name": "Ahmedabad", "authority_name": "AMC", "district_name": "Ahmedabad", "state_name": "Gujarat", "status_name": "Preliminary" }, "geometry": { "type": "MultiPolygon", "coordinates": [ [ [ [ 248696.851475033792667, 2556639.241048865485936 ], [ 248703.609484066255391, 2556658.638588315341622 ], [ 248723.758521358569851, 2556716.472447932697833 ], [ 248775.596120086149313, 2556697.067057836800814 ], [ 248846.639519519230817, 2556670.471981803420931 ], [ 248820.337982332654065, 2556595.765672079753131 ], [ 248696.851475033792667, 2556639.241048865485936 ] ] ] ] } },
{ "type": "Feature", "properties": { "id": "final_plot_boundary.fid-4639cb80_1a0ba89becd_6440", "gid": 24417, "tps_name": "Gota_33", "tps_no": "33", "village": "Gota", "city": "Ahmedabad", "authority": "AMC", "district": "Ahmedabad", "state": "Gujarat", "status": "Preliminary", "fp_no": "67+70+71", "reser_use": null, "reser_type": null, "tps_id": 212, "show_hide": 1, "fp_area": "7356", "fp_area_final": 7356.0, "temp": "7356", "search": "Gota 33 67+70+71", "dxf_access": 1, "epsg_code": "EPSG:32643", "parcel_id": "67+70+71", "land_use": null, "area_sq_m": 7356.0, "owner_name": null, "source_type": "CTPVD_Final_Plot", "source_id": "67+70+71", "survey_scheme": "Gota_33", "village_name": "Gota", "city_name": "Ahmedabad", "authority_name": "AMC", "district_name": "Ahmedabad", "state_name": "Gujarat", "status_name": "Preliminary" }, "geometry": { "type": "MultiPolygon", "coordinates": [ [ [ [ 248844.020124461472733, 2556252.614858721848577 ], [ 248820.961604752985295, 2556187.119944749865681 ], [ 248721.359338575741276, 2556224.290798677131534 ], [ 248744.323530110879801, 2556289.517784972675145 ], [ 248808.069757933117216, 2556265.728148315101862 ], [ 248843.055013377830619, 2556252.966893551871181 ], [ 248844.020124461472733, 2556252.614858721848577 ] ] ] ] } },
{ "type": "Feature", "properties": { "id": "final_plot_boundary.fid-4639cb80_1a0ba89becd_6441", "gid": 24471, "tps_name": "Gota_33", "tps_no": "33", "village": "Gota", "city": "Ahmedabad", "authority": "AMC", "district": "Ahmedabad", "state": "Gujarat", "status": "Preliminary", "fp_no": "68", "reser_use": null, "reser_type": null, "tps_id": 212, "show_hide": 1, "fp_area": "250", "fp_area_final": 250.0, "temp": "250", "search": "Gota 33 68", "dxf_access": 1, "epsg_code": "EPSG:32643", "parcel_id": "68", "land_use": null, "area_sq_m": 250.0, "owner_name": null, "source_type": "CTPVD_Final_Plot", "source_id": "68", "survey_scheme": "Gota_33", "village_name": "Gota", "city_name": "Ahmedabad", "authority_name": "AMC", "district_name": "Ahmedabad", "state_name": "Gujarat", "status_name": "Preliminary" }, "geometry": { "type": "MultiPolygon", "coordinates": [ [ [ [ 248551.3085444890894, 2556283.239958722144365 ], [ 248565.943149682861986, 2556277.761498499196023 ], [ 248560.763588648114819, 2556262.616108714137226 ], [ 248546.128983454604167, 2556268.094568935688585 ], [ 248551.3085444890894, 2556283.239958722144365 ] ] ] ] } },
{ "type": "Feature", "properties": { "id": "final_plot_boundary.fid-4639cb80_1a0ba89becd_6442", "gid": 24504, "tps_name": "Gota_33", "tps_no": "33", "village": "Gota", "city": "Ahmedabad", "authority": "AMC", "district": "Ahmedabad", "state": "Gujarat", "status": "Preliminary", "fp_no": "33", "reser_use": null, "reser_type": null, "tps_id": 212, "show_hide": 1, "fp_area": "337", "fp_area_final": 337.0, "temp": "337", "search": "Gota 33 33", "dxf_access": 1, "epsg_code": "EPSG:32643", "parcel_id": "33", "land_use": null, "area_sq_m": 337.0, "owner_name": null, "source_type": "CTPVD_Final_Plot", "source_id": "33", "survey_scheme": "Gota_33", "village_name": "Gota", "city_name": "Ahmedabad", "authority_name": "AMC", "district_name": "Ahmedabad", "state_name": "Gujarat", "status_name": "Preliminary" }, "geometry": { "type": "MultiPolygon", "coordinates": [ [ [ [ 249032.349364728434011, 2556467.0721814208664 ], [ 249026.152967717382126, 2556450.468441687524319 ], [ 249008.314684310811572, 2556457.125561572145671 ], [ 249014.512281600618735, 2556473.732517840340734 ], [ 249032.349364728434011, 2556467.0721814208664 ] ] ] ] } },
{ "type": "Feature", "properties": { "id": "final_plot_boundary.fid-4639cb80_1a0ba89becd_6443", "gid": 24468, "tps_name": "Gota_33", "tps_no": "33", "village": "Gota", "city": "Ahmedabad", "authority": "AMC", "district": "Ahmedabad", "state": "Gujarat", "status": "Preliminary", "fp_no": "63", "reser_use": null, "reser_type": null, "tps_id": 212, "show_hide": 1, "fp_area": "789", "fp_area_final": 789.0, "temp": "789", "search": "Gota 33 63", "dxf_access": 1, "epsg_code": "EPSG:32643", "parcel_id": "63", "land_use": null, "area_sq_m": 789.0, "owner_name": null, "source_type": "CTPVD_Final_Plot", "source_id": "63", "survey_scheme": "Gota_33", "village_name": "Gota", "city_name": "Ahmedabad", "authority_name": "AMC", "district_name": "Ahmedabad", "state_name": "Gujarat", "status_name": "Preliminary" }, "geometry": { "type": "MultiPolygon", "coordinates": [ [ [ [ 248651.756717801763443, 2556414.080431532580405 ], [ 248638.826452867157059, 2556379.539828021079302 ], [ 248618.791282634658273, 2556387.039988204836845 ], [ 248631.721547569817631, 2556421.580591716337949 ], [ 248651.756717801763443, 2556414.080431532580405 ] ] ] ] } },
{ "type": "Feature", "properties": { "id": "final_plot_boundary.fid-4639cb80_1a0ba89becd_6444", "gid": 24462, "tps_name": "Gota_33", "tps_no": "33", "village": "Gota", "city": "Ahmedabad", "authority": "AMC", "district": "Ahmedabad", "state": "Gujarat", "status": "Preliminary", "fp_no": "73/1", "reser_use": null, "reser_type": null, "tps_id": 212, "show_hide": 1, "fp_area": "4492", "fp_area_final": 4492.0, "temp": "4492", "search": "Gota 33 73/1", "dxf_access": 1, "epsg_code": "EPSG:32643", "parcel_id": "73/1", "land_use": null, "area_sq_m": 4492.0, "owner_name": null, "source_type": "CTPVD_Final_Plot", "source_id": "73/1", "survey_scheme": "Gota_33", "village_name": "Gota", "city_name": "Ahmedabad", "authority_name": "AMC", "district_name": "Ahmedabad", "state_name": "Gujarat", "status_name": "Preliminary" }, "geometry": { "type": "MultiPolygon", "coordinates": [ [ [ [ 248806.928534251987003, 2556147.260718883946538 ], [ 248707.326268071105005, 2556184.431572811212391 ], [ 248721.359338575741276, 2556224.290798677131534 ], [ 248820.961604752985295, 2556187.119944749865681 ], [ 248806.928534251987003, 2556147.260718883946538 ] ] ] ] } },
{ "type": "Feature", "properties": { "id": "final_plot_boundary.fid-4639cb80_1a0ba89becd_6445", "gid": 24512, "tps_name": "Gota_33", "tps_no": "33", "village": "Gota", "city": "Ahmedabad", "authority": "AMC", "district": "Ahmedabad", "state": "Gujarat", "status": "Preliminary", "fp_no": "41/2", "reser_use": null, "reser_type": null, "tps_id": 212, "show_hide": 1, "fp_area": "1458", "fp_area_final": 1458.0, "temp": "1458", "search": "Gota 33 41/2", "dxf_access": 1, "epsg_code": "EPSG:32643", "parcel_id": "41/2", "land_use": null, "area_sq_m": 1458.0, "owner_name": null, "source_type": "CTPVD_Final_Plot", "source_id": "41/2", "survey_scheme": "Gota_33", "village_name": "Gota", "city_name": "Ahmedabad", "authority_name": "AMC", "district_name": "Ahmedabad", "state_name": "Gujarat", "status_name": "Preliminary" }, "geometry": { "type": "MultiPolygon", "coordinates": [ [ [ [ 249098.085979707015213, 2556310.641276832669973 ], [ 249057.139717902638949, 2556325.922129111830145 ], [ 249068.800516495248303, 2556357.168168495409191 ], [ 249109.746778300323058, 2556341.887316214852035 ], [ 249098.085979707015213, 2556310.641276832669973 ] ] ] ] } },
{ "type": "Feature", "properties": { "id": "final_plot_boundary.fid-4639cb80_1a0ba89becd_6446", "gid": 24398, "tps_name": "Gota_33", "tps_no": "33", "village": "Gota", "city": "Ahmedabad", "authority": "AMC", "district": "Ahmedabad", "state": "Gujarat", "status": "Preliminary", "fp_no": "43", "reser_use": null, "reser_type": null, "tps_id": 212, "show_hide": 1, "fp_area": "9716", "fp_area_final": 9716.0, "temp": "9716", "search": "Gota 33 43", "dxf_access": 1, "epsg_code": "EPSG:32643", "parcel_id": "43", "land_use": null, "area_sq_m": 9716.0, "owner_name": null, "source_type": "CTPVD_Final_Plot", "source_id": "43", "survey_scheme": "Gota_33", "village_name": "Gota", "city_name": "Ahmedabad", "authority_name": "AMC", "district_name": "Ahmedabad", "state_name": "Gujarat", "status_name": "Preliminary" }, "geometry": { "type": "MultiPolygon", "coordinates": [ [ [ [ 249247.561395588883897, 2556293.943828728981316 ], [ 249199.774208660790464, 2556311.777665377128869 ], [ 249176.655471810547169, 2556249.829167077783495 ], [ 249117.282456558081321, 2556271.986752058845013 ], [ 249117.038827965239761, 2556272.082549091428518 ], [ 249116.798691060655983, 2556272.186790282838047 ], [ 249116.56233840083587, 2556272.299348630476743 ], [ 249116.330057952640345, 2556272.420086998492479 ], [ 249116.102132713131141, 2556272.548858288209885 ], [ 249115.878840374178253, 2556272.685505608096719 ], [ 249115.660452977666864, 2556272.829862476792186 ], [ 249115.447236594889546, 2556272.981753019616008 ], [ 249115.239451006811578, 2556273.140992175322026 ], [ 249115.037349363352405, 2556273.307385941967368 ], [ 249114.841177894879365, 2556273.480731592979282 ], [ 249114.651175599166891, 2556273.660817928612232 ], [ 249114.467573974689003, 2556273.84742554789409 ], [ 249114.290596703212941, 2556274.040327093563974 ], [ 249114.120459409052273, 2556274.239287547767162 ], [ 249113.95736938068876, 2556274.444064504932612 ], [ 249113.80152531011845, 2556274.654408478643745 ], [ 249113.653117082925746, 2556274.870063196867704 ], [ 249113.512325494346442, 2556275.090765914414078 ], [ 249113.379322091554059, 2556275.316247741226107 ], [ 249113.254268913326086, 2556275.546233964618295 ], [ 249113.137318312888965, 2556275.780444378498942 ], [ 249113.028612782683922, 2556276.018593633547425 ], [ 249112.928284763998818, 2556276.260391586460173 ], [ 249112.836456490622368, 2556276.50554363662377 ], [ 249112.753239835146815, 2556276.753751107957214 ], [ 249112.678736193047371, 2556277.00471159722656 ], [ 249112.613036330527393, 2556277.258119347970933 ], [ 249112.556220289639896, 2556277.513665622565895 ], [ 249112.508357302605873, 2556277.771039074286819 ], [ 249112.469505672546802, 2556278.0299261379987 ], [ 249112.43971273835632, 2556278.290011396631598 ], [ 249112.41901479131775, 2556278.550977976061404 ], [ 249112.407437066925922, 2556278.812507928349078 ], [ 249112.404993655189173, 2556279.074282621499151 ], [ 249112.411687529238407, 2556279.335983124095947 ], [ 249112.427510551468004, 2556279.597290590871125 ], [ 249112.452443427144317, 2556279.857886661309749 ], [ 249112.486455791833578, 2556280.117453838232905 ], [ 249112.529506193503039, 2556280.375675879884511 ], [ 249112.581542196712689, 2556280.632238184567541 ], [ 249112.642500394402305, 2556280.886828163638711 ], [ 249112.712306518282276, 2556281.139135646168143 ], [ 249112.790875524340663, 2556281.388853230513632 ], [ 249112.878111686179182, 2556281.635676673613489 ], [ 249149.262943061912665, 2556379.131732771638781 ], [ 249237.898454166512238, 2556346.053593462333083 ], [ 249247.374000843876274, 2556320.5025858390145 ], [ 249247.561395588883897, 2556293.943828728981316 ] ] ] ] } },
{ "type": "Feature", "properties": { "id": "final_plot_boundary.fid-4639cb80_1a0ba89becd_6447", "gid": 24497, "tps_name": "Gota_33", "tps_no": "33", "village": "Gota", "city": "Ahmedabad", "authority": "AMC", "district": "Ahmedabad", "state": "Gujarat", "status": "Preliminary", "fp_no": "127/2", "reser_use": "Neighbourhood Center", "reser_type": "Public Purpose", "tps_id": 212, "show_hide": 1, "fp_area": "13047", "fp_area_final": 13047.0, "temp": "13047", "search": "Gota 33 127/2", "dxf_access": 1, "epsg_code": "EPSG:32643", "parcel_id": "127/2", "land_use": "Neighbourhood Center", "area_sq_m": 13047.0, "owner_name": null, "source_type": "CTPVD_Final_Plot", "source_id": "127/2", "survey_scheme": "Gota_33", "village_name": "Gota", "city_name": "Ahmedabad", "authority_name": "AMC", "district_name": "Ahmedabad", "state_name": "Gujarat", "status_name": "Preliminary" }, "geometry": { "type": "MultiPolygon", "coordinates": [ [ [ [ 248440.035940859495895, 2555517.281634580809623 ], [ 248348.159519612585427, 2555551.675546307582408 ], [ 248321.562663505319506, 2555561.632071701344103 ], [ 248357.658981917251367, 2555658.153028361033648 ], [ 248476.218945123575395, 2555613.937256884761155 ], [ 248440.035940859495895, 2555517.281634580809623 ] ] ] ] } },
{ "type": "Feature", "properties": { "id": "final_plot_boundary.fid-4639cb80_1a0ba89becd_6448", "gid": 24394, "tps_name": "Gota_33", "tps_no": "33", "village": "Gota", "city": "Ahmedabad", "authority": "AMC", "district": "Ahmedabad", "state": "Gujarat", "status": "Preliminary", "fp_no": "40/1", "reser_use": null, "reser_type": null, "tps_id": 212, "show_hide": 1, "fp_area": "4128", "fp_area_final": 4128.0, "temp": "4128", "search": "Gota 33 40/1", "dxf_access": 1, "epsg_code": "EPSG:32643", "parcel_id": "40/1", "land_use": null, "area_sq_m": 4128.0, "owner_name": null, "source_type": "CTPVD_Final_Plot", "source_id": "40/1", "survey_scheme": "Gota_33", "village_name": "Gota", "city_name": "Ahmedabad", "authority_name": "AMC", "district_name": "Ahmedabad", "state_name": "Gujarat", "status_name": "Preliminary" }, "geometry": { "type": "MultiPolygon", "coordinates": [ [ [ [ 249053.214824189286446, 2556398.558921486139297 ], [ 249073.104751477192622, 2556451.85556718846783 ], [ 249134.260655873658834, 2556429.0214992784895 ], [ 249134.504244585521519, 2556428.925673529971391 ], [ 249134.744341010227799, 2556428.821405885275453 ], [ 249134.98065268524806, 2556428.708823349326849 ], [ 249135.212891762144864, 2556428.588063061237335 ], [ 249135.440775340277469, 2556428.459272118285298 ], [ 249135.664025856327498, 2556428.322607401292771 ], [ 249135.882371349754976, 2556428.178235381375998 ], [ 249136.095545861840947, 2556428.026331915520132 ], [ 249136.303289723960916, 2556427.867082041222602 ], [ 249136.505349882558221, 2556427.700679736677557 ], [ 249136.701480210205773, 2556427.527327697258443 ], [ 249136.891441801039036, 2556427.347237084060907 ], [ 249137.075003263016697, 2556427.160627264995128 ], [ 249137.251941000664374, 2556426.967725548427552 ], [ 249137.422039479803061, 2556426.768766907509416 ], [ 249137.585091514571104, 2556426.563993691466749 ], [ 249137.740898485935759, 2556426.353655338287354 ], [ 249137.889270609855885, 2556426.138008059002459 ], [ 249138.030027144413907, 2556425.917314534541219 ], [ 249138.162996642058715, 2556425.691843587439507 ], [ 249138.288017130544176, 2556425.461869867518544 ], [ 249138.404936325532617, 2556425.227673502638936 ], [ 249138.513611806061817, 2556424.989539769943804 ], [ 249138.613911195338005, 2556424.74775873683393 ], [ 249138.705712317198049, 2556424.502624919638038 ], [ 249138.788903346663574, 2556424.254436910618097 ], [ 249138.863382957060821, 2556424.003497031982988 ], [ 249138.929060417518485, 2556423.750110948923975 ], [ 249138.985855729959439, 2556423.494587316643447 ], [ 249139.033699708466884, 2556423.237237381283194 ], [ 249139.072534074221039, 2556422.97837462509051 ], [ 249139.1023115303542, 2556422.718314366880804 ], [ 249139.122995797632029, 2556422.45737338392064 ], [ 249139.134561686310917, 2556422.195869531016797 ], [ 249139.13699509986327, 2556421.934121344704181 ], [ 249139.13029308617115, 2556421.672447657212615 ], [ 249139.114463797828648, 2556421.411167217418551 ], [ 249139.089526517665945, 2556421.150598287116736 ], [ 249139.055511630460387, 2556420.891058267559856 ], [ 249139.012460559169995, 2556420.632863300852478 ], [ 249138.960425755445613, 2556420.376327896490693 ], [ 249138.899470591626596, 2556420.121764538809657 ], [ 249138.829669320723042, 2556419.869483312126249 ], [ 249138.751106974581489, 2556419.619791516568512 ], [ 249138.663879237865331, 2556419.372993305325508 ], [ 249125.661979984026402, 2556384.533367805648595 ], [ 249121.399884847662179, 2556373.112744135782123 ], [ 249080.453623040230013, 2556388.39359641680494 ], [ 249053.214824189286446, 2556398.558921486139297 ] ] ] ] } },
{ "type": "Feature", "properties": { "id": "final_plot_boundary.fid-4639cb80_1a0ba89becd_6449", "gid": 24405, "tps_name": "Gota_33", "tps_no": "33", "village": "Gota", "city": "Ahmedabad", "authority": "AMC", "district": "Ahmedabad", "state": "Gujarat", "status": "Preliminary", "fp_no": "60", "reser_use": null, "reser_type": null, "tps_id": 212, "show_hide": 1, "fp_area": "6377", "fp_area_final": 6377.0, "temp": "6377", "search": "Gota 33 60", "dxf_access": 1, "epsg_code": "EPSG:32643", "parcel_id": "60", "land_use": null, "area_sq_m": 6377.0, "owner_name": null, "source_type": "CTPVD_Final_Plot", "source_id": "60", "survey_scheme": "Gota_33", "village_name": "Gota", "city_name": "Ahmedabad", "authority_name": "AMC", "district_name": "Ahmedabad", "state_name": "Gujarat", "status_name": "Preliminary" }, "geometry": { "type": "MultiPolygon", "coordinates": [ [ [ [ 248908.041007600026205, 2556350.074165459256619 ], [ 248845.923589000856737, 2556373.25594215746969 ], [ 248879.552883216034388, 2556463.368316776584834 ], [ 248941.67030181834707, 2556440.186540076974779 ], [ 248908.041007600026205, 2556350.074165459256619 ] ] ] ] } },
{ "type": "Feature", "properties": { "id": "final_plot_boundary.fid-4639cb80_1a0ba89becd_644a", "gid": 24456, "tps_name": "Gota_33", "tps_no": "33", "village": "Gota", "city": "Ahmedabad", "authority": "AMC", "district": "Ahmedabad", "state": "Gujarat", "status": "Preliminary", "fp_no": "137", "reser_use": "Housing For S.E.W.S", "reser_type": "Housing For S.E.W.S", "tps_id": 212, "show_hide": 1, "fp_area": "24256", "fp_area_final": 24256.0, "temp": "24256", "search": "Gota 33 137", "dxf_access": 1, "epsg_code": "EPSG:32643", "parcel_id": "137", "land_use": "Housing For S.E.W.S", "area_sq_m": 24256.0, "owner_name": null, "source_type": "CTPVD_Final_Plot", "source_id": "137", "survey_scheme": "Gota_33", "village_name": "Gota", "city_name": "Ahmedabad", "authority_name": "AMC", "district_name": "Ahmedabad", "state_name": "Gujarat", "status_name": "Preliminary" }, "geometry": { "type": "MultiPolygon", "coordinates": [ [ [ [ 249138.851075941172894, 2556119.135997584089637 ], [ 249259.374049390346045, 2556074.157685214653611 ], [ 249237.638618128199596, 2555962.176912952680141 ], [ 249237.459166430082405, 2555945.265641894191504 ], [ 249198.933296371804317, 2555959.687790212687105 ], [ 249176.288462980330223, 2555899.196669915691018 ], [ 249146.246148497913964, 2555913.246947030071169 ], [ 249103.2962318881182, 2555927.101040912792087 ], [ 249129.759746105002705, 2555997.96524105546996 ], [ 249083.562811507319566, 2556015.20560689875856 ], [ 249109.17094057428767, 2556083.824630095623434 ], [ 249124.366236277506687, 2556124.541636229958385 ], [ 249138.851075941172894, 2556119.135997584089637 ] ] ] ] } },
{ "type": "Feature", "properties": { "id": "final_plot_boundary.fid-4639cb80_1a0ba89becd_644b", "gid": 24496, "tps_name": "Gota_33", "tps_no": "33", "village": "Gota", "city": "Ahmedabad", "authority": "AMC", "district": "Ahmedabad", "state": "Gujarat", "status": "Preliminary", "fp_no": "130", "reser_use": "Sale For Commercial", "reser_type": "Commercial", "tps_id": 212, "show_hide": 1, "fp_area": "3932", "fp_area_final": 3932.0, "temp": "3932", "search": "Gota 33 130", "dxf_access": 1, "epsg_code": "EPSG:32643", "parcel_id": "130", "land_use": "Sale For Commercial", "area_sq_m": 3932.0, "owner_name": null, "source_type": "CTPVD_Final_Plot", "source_id": "130", "survey_scheme": "Gota_33", "village_name": "Gota", "city_name": "Ahmedabad", "authority_name": "AMC", "district_name": "Ahmedabad", "state_name": "Gujarat", "status_name": "Preliminary" }, "geometry": { "type": "MultiPolygon", "coordinates": [ [ [ [ 248691.534880556428107, 2555916.664266316685826 ], [ 248672.787563433259493, 2555866.405050582252443 ], [ 248659.364557671418879, 2555871.411999898031354 ], [ 248604.347846844029846, 2555891.933922292664647 ], [ 248619.627418863790808, 2555935.333683744072914 ], [ 248619.717675957770552, 2555935.576569599565119 ], [ 248619.816269278060645, 2555935.816192721016705 ], [ 248619.923081132292282, 2555936.052267094142735 ], [ 248620.037984040332958, 2555936.284510941710323 ], [ 248620.160840851720423, 2555936.512647055089474 ], [ 248620.291504927241476, 2555936.736403135117143 ], [ 248620.429820292483782, 2555936.955512105021626 ], [ 248620.575621874450007, 2555937.169712437316775 ], [ 248620.728735632175812, 2555937.378748463001102 ], [ 248620.888978810166009, 2555937.582370677031577 ], [ 248621.05616014948464, 2555937.780336035881191 ], [ 248621.23008009410114, 2555937.97240824950859 ], [ 248621.410531057597836, 2555938.158358059357852 ], [ 248621.597297657484887, 2555938.337963518220931 ], [ 248621.790156962786568, 2555938.511010247282684 ], [ 248621.988878781528911, 2555938.677291699219495 ], [ 248622.19322591839591, 2555938.836609401274472 ], [ 248622.402954466466326, 2555938.988773192279041 ], [ 248622.617814092052868, 2555939.133601448964328 ], [ 248622.837548342969967, 2555939.270921303424984 ], [ 248623.061894936603494, 2555939.400568855460733 ], [ 248623.290586099086795, 2555939.522389353252947 ], [ 248623.523348868242465, 2555939.636237394995987 ], [ 248623.759905415849062, 2555939.741977091878653 ], [ 248623.999973387777572, 2555939.83948223059997 ], [ 248624.243266233825125, 2555939.928636430297047 ], [ 248624.489493572007632, 2555940.009333277586848 ], [ 248624.738361501455074, 2555940.081476452760398 ], [ 248624.989572967169806, 2555940.144979847595096 ], [ 248625.242828131333226, 2555940.19976766128093 ], [ 248625.497824704361847, 2555940.245774501468986 ], [ 248625.754258329950972, 2555940.282945449464023 ], [ 248626.011822922562715, 2555940.311236146837473 ], [ 248626.270211052760715, 2555940.330612820573151 ], [ 248626.529114316159394, 2555940.341052342671901 ], [ 248626.788223681534873, 2555940.342542252037674 ], [ 248627.047229878575308, 2555940.335080773569643 ], [ 248627.30582375015365, 2555940.318676810711622 ], [ 248627.563696655153763, 2555940.293349943123758 ], [ 248627.820540778222494, 2555940.259130402468145 ], [ 248628.076049565861467, 2555940.216059030964971 ], [ 248628.329918036732124, 2555940.164187241345644 ], [ 248628.58184317490668, 2555940.103576945606619 ], [ 248628.831524276203709, 2555940.034300488419831 ], [ 248629.078663338674232, 2555939.956440555397421 ], [ 248629.322965362574905, 2555939.870090086013079 ], [ 248691.534880556428107, 2555916.664266316685826 ] ] ] ] } },
{ "type": "Feature", "properties": { "id": "final_plot_boundary.fid-4639cb80_1a0ba89becd_644c", "gid": 24382, "tps_name": "Gota_33", "tps_no": "33", "village": "Gota", "city": "Ahmedabad", "authority": "AMC", "district": "Ahmedabad", "state": "Gujarat", "status": "Preliminary", "fp_no": "94", "reser_use": null, "reser_type": null, "tps_id": 212, "show_hide": 1, "fp_area": "4249", "fp_area_final": 4249.0, "temp": "4249", "search": "Gota 33 94", "dxf_access": 1, "epsg_code": "EPSG:32643", "parcel_id": "94", "land_use": null, "area_sq_m": 4249.0, "owner_name": null, "source_type": "CTPVD_Final_Plot", "source_id": "94", "survey_scheme": "Gota_33", "village_name": "Gota", "city_name": "Ahmedabad", "authority_name": "AMC", "district_name": "Ahmedabad", "state_name": "Gujarat", "status_name": "Preliminary" }, "geometry": { "type": "MultiPolygon", "coordinates": [ [ [ [ 248801.554563881800277, 2556110.446298215538263 ], [ 248857.474966298148502, 2556089.580828764010221 ], [ 248833.829490057338262, 2556022.418736323714256 ], [ 248777.906989022681955, 2556043.278244913555682 ], [ 248801.554563881800277, 2556110.446298215538263 ] ] ] ] } },
{ "type": "Feature", "properties": { "id": "final_plot_boundary.fid-4639cb80_1a0ba89becd_644d", "gid": 24376, "tps_name": "Gota_33", "tps_no": "33", "village": "Gota", "city": "Ahmedabad", "authority": "AMC", "district": "Ahmedabad", "state": "Gujarat", "status": "Preliminary", "fp_no": "9", "reser_use": null, "reser_type": null, "tps_id": 212, "show_hide": 1, "fp_area": "6256", "fp_area_final": 6256.0, "temp": "6256", "search": "Gota 33 9", "dxf_access": 1, "epsg_code": "EPSG:32643", "parcel_id": "9", "land_use": null, "area_sq_m": 6256.0, "owner_name": null, "source_type": "CTPVD_Final_Plot", "source_id": "9", "survey_scheme": "Gota_33", "village_name": "Gota", "city_name": "Ahmedabad", "authority_name": "AMC", "district_name": "Ahmedabad", "state_name": "Gujarat", "status_name": "Preliminary" }, "geometry": { "type": "MultiPolygon", "coordinates": [ [ [ [ 248668.310539674566826, 2556163.950256180018187 ], [ 248646.122125537745887, 2556100.92677100142464 ], [ 248646.031798713636817, 2556100.683706998359412 ], [ 248645.933123439841438, 2556100.443910764530301 ], [ 248645.826217664725846, 2556100.20766893774271 ], [ 248645.711209189670626, 2556099.975263916421682 ], [ 248645.588235481583979, 2556099.746973506640643 ], [ 248645.457443542632973, 2556099.52307059802115 ], [ 248645.318989713909104, 2556099.303822833113372 ], [ 248645.173039501736639, 2556099.089492295403033 ], [ 248645.019767364690779, 2556098.88033518800512 ], [ 248644.859356517961714, 2556098.676601525396109 ], [ 248644.691998716763919, 2556098.47853484377265 ], [ 248644.517894008749863, 2556098.286371907684952 ], [ 248644.33725050726207, 2556098.100342416670173 ], [ 248644.150284161034506, 2556097.920668744947761 ], [ 248643.957218449417269, 2556097.747565668541938 ], [ 248643.758284162584459, 2556097.581240106839687 ], [ 248643.553719092538813, 2556097.421890877187252 ], [ 248643.343767769634724, 2556097.26970846299082 ], [ 248643.128681167698232, 2556097.12487477529794 ], [ 248642.908716385194566, 2556096.987562943249941 ], [ 248642.684136363182915, 2556096.857937101274729 ], [ 248642.455209562293021, 2556096.736152202822268 ], [ 248642.222209616942564, 2556096.622353822924197 ], [ 248641.985415060800733, 2556096.516677991487086 ], [ 248641.74510893819388, 2556096.419251031707972 ], [ 248641.501578509574756, 2556096.330189400352538 ], [ 248641.255114878411405, 2556096.249599559698254 ], [ 248641.006012655678205, 2556096.177577843423933 ], [ 248640.754569613578497, 2556096.114210344851017 ], [ 248640.501086313131964, 2556096.059572810307145 ], [ 248640.245865757286083, 2556096.013730550184846 ], [ 248639.989213030930841, 2556095.97673836350441 ], [ 248639.731434921646724, 2556095.948640468996018 ], [ 248639.472839572001249, 2556095.929470455739647 ], [ 248639.213736095261993, 2556095.919251234270632 ], [ 248638.95443421768141, 2556095.917995024938136 ], [ 248638.6952438846929, 2556095.925703326240182 ], [ 248638.436474938178435, 2556095.942366926465183 ], [ 248638.178436689602677, 2556095.967965902760625 ], [ 248637.921437595417956, 2556096.002469660248607 ], [ 248637.665784857003018, 2556096.045836951117963 ], [ 248637.411784077587072, 2556096.098015937022865 ], [ 248637.159738870366709, 2556096.158944244030863 ], [ 248636.909950529399794, 2556096.228549042250961 ], [ 248636.662717637344031, 2556096.306747128721327 ], [ 248636.418335725233192, 2556096.393445027060807 ], [ 248565.04340108265751, 2556123.112631171941757 ], [ 248589.144546014984371, 2556193.586023016367108 ], [ 248668.310539674566826, 2556163.950256180018187 ] ] ] ] } },
{ "type": "Feature", "properties": { "id": "final_plot_boundary.fid-4639cb80_1a0ba89becd_644e", "gid": 24397, "tps_name": "Gota_33", "tps_no": "33", "village": "Gota", "city": "Ahmedabad", "authority": "AMC", "district": "Ahmedabad", "state": "Gujarat", "status": "Preliminary", "fp_no": "44", "reser_use": null, "reser_type": null, "tps_id": 212, "show_hide": 1, "fp_area": "4979", "fp_area_final": 4979.0, "temp": "4979", "search": "Gota 33 44", "dxf_access": 1, "epsg_code": "EPSG:32643", "parcel_id": "44", "land_use": null, "area_sq_m": 4979.0, "owner_name": null, "source_type": "CTPVD_Final_Plot", "source_id": "44", "survey_scheme": "Gota_33", "village_name": "Gota", "city_name": "Ahmedabad", "authority_name": "AMC", "district_name": "Ahmedabad", "state_name": "Gujarat", "status_name": "Preliminary" }, "geometry": { "type": "MultiPolygon", "coordinates": [ [ [ [ 249176.655471810547169, 2556249.829167077783495 ], [ 249199.774208660790464, 2556311.777665377128869 ], [ 249247.561395588883897, 2556293.943828728981316 ], [ 249247.754143938276684, 2556266.626325610093772 ], [ 249273.282040206919191, 2556232.262430572882295 ], [ 249272.280872055969667, 2556214.142451096326113 ], [ 249176.655471810547169, 2556249.829167077783495 ] ] ] ] } },
{ "type": "Feature", "properties": { "id": "final_plot_boundary.fid-4639cb80_1a0ba89becd_644f", "gid": 24458, "tps_name": "Gota_33", "tps_no": "33", "village": "Gota", "city": "Ahmedabad", "authority": "AMC", "district": "Ahmedabad", "state": "Gujarat", "status": "Preliminary", "fp_no": "7", "reser_use": null, "reser_type": null, "tps_id": 212, "show_hide": 1, "fp_area": "5267", "fp_area_final": 5267.0, "temp": "5267", "search": "Gota 33 7", "dxf_access": 1, "epsg_code": "EPSG:32643", "parcel_id": "7", "land_use": null, "area_sq_m": 5267.0, "owner_name": null, "source_type": "CTPVD_Final_Plot", "source_id": "7", "survey_scheme": "Gota_33", "village_name": "Gota", "city_name": "Ahmedabad", "authority_name": "AMC", "district_name": "Ahmedabad", "state_name": "Gujarat", "status_name": "Preliminary" }, "geometry": { "type": "MultiPolygon", "coordinates": [ [ [ [ 248421.950284780410584, 2556085.925851567648351 ], [ 248422.177384079870535, 2556085.543525570072234 ], [ 248422.417514111148193, 2556085.169246490113437 ], [ 248422.670390040351776, 2556084.803458267822862 ], [ 248422.935711934725987, 2556084.446594772394747 ], [ 248423.213165089517133, 2556084.099079289939255 ], [ 248423.502420403878205, 2556083.761324019171298 ], [ 248423.803134788235184, 2556083.433729574549943 ], [ 248424.114951554161962, 2556083.116684526205063 ], [ 248424.437500858679414, 2556082.810564926825464 ], [ 248424.770400112873176, 2556082.515733877196908 ], [ 248425.113254458876327, 2556082.232541079167277 ], [ 248425.465657222463051, 2556081.961322434712201 ], [ 248425.827190417097881, 2556081.702399645000696 ], [ 248426.197425215214025, 2556081.456079820170999 ], [ 248426.575922474177787, 2556081.222655131481588 ], [ 248426.962233252736041, 2556081.002402446232736 ], [ 248427.355899333255365, 2556080.79558301018551 ], [ 248427.756453779351432, 2556080.602442140225321 ], [ 248428.163421489181928, 2556080.423208924941719 ], [ 248428.576319738756865, 2556080.258095954544842 ], [ 248428.994658793119015, 2556080.107299074996263 ], [ 248429.417942439584294, 2556079.970997149590403 ], [ 248429.845668614696478, 2556079.849351851269603 ], [ 248430.277329990611179, 2556079.742507462855428 ], [ 248430.712414544657804, 2556079.650590717792511 ], [ 248431.150406231492525, 2556079.573710639961064 ], [ 248431.590785527805565, 2556079.511958417948335 ], [ 248432.033030088496162, 2556079.465407297946513 ], [ 248432.476615365623729, 2556079.434112497139722 ], [ 248432.92101520759752, 2556079.418111130595207 ], [ 248433.365702496434096, 2556079.41742218285799 ], [ 248433.810149782511871, 2556079.43204646743834 ], [ 248434.253829895053059, 2556079.461966641247272 ], [ 248434.69621658383403, 2556079.507147214375436 ], [ 248435.136785110662458, 2556079.567534594330937 ], [ 248435.575012905348558, 2556079.643057156354189 ], [ 248436.010380187566625, 2556079.733625323045999 ], [ 248436.442370546574239, 2556079.839131665416062 ], [ 248436.870471596688731, 2556079.959451043047011 ], [ 248437.294175553310197, 2556080.094440740533173 ], [ 248437.712979850621196, 2556080.243940645828843 ], [ 248438.126387740223436, 2556080.407773429527879 ], [ 248438.533908856712515, 2556080.58574476884678 ], [ 248438.935059842799092, 2556080.77764356834814 ], [ 248439.329364878532942, 2556080.983242208138108 ], [ 248439.716356267745141, 2556081.202296826057136 ], [ 248440.09557499337825, 2556081.434547596145421 ], [ 248440.466571251861751, 2556081.679719039238989 ], [ 248440.828905001020757, 2556081.937520352657884 ], [ 248441.182146459352225, 2556082.207645751535892 ], [ 248441.525876652507577, 2556082.489774832502007 ], [ 248441.85968786032754, 2556082.783572957850993 ], [ 248442.183184147812426, 2556083.088691645301878 ], [ 248442.495981804619078, 2556083.404768987093121 ], [ 248442.797709817328723, 2556083.731430075597018 ], [ 248443.088010304956697, 2556084.068287449888885 ], [ 248443.366538923030021, 2556084.414941556286067 ], [ 248471.027220526186284, 2556074.602775571402162 ], [ 248467.575819396122824, 2556007.407182068098336 ], [ 248466.854660533106653, 2555993.366884827613831 ], [ 248458.184307154384442, 2555981.203622712753713 ], [ 248450.610967661516042, 2555967.753159935586154 ], [ 248449.094962758361362, 2555960.883481290191412 ], [ 248448.768479159305571, 2555959.404041865374893 ], [ 248446.661664958519395, 2555959.88243169663474 ], [ 248422.244191827106988, 2555965.426855531521142 ], [ 248420.388316069118446, 2555965.848265304695815 ], [ 248421.950284780410584, 2556085.925851567648351 ] ] ] ] } },
{ "type": "Feature", "properties": { "id": "final_plot_boundary.fid-4639cb80_1a0ba89becd_6450", "gid": 24412, "tps_name": "Gota_33", "tps_no": "33", "village": "Gota", "city": "Ahmedabad", "authority": "AMC", "district": "Ahmedabad", "state": "Gujarat", "status": "Preliminary", "fp_no": "47", "reser_use": null, "reser_type": null, "tps_id": 212, "show_hide": 1, "fp_area": "3583", "fp_area_final": 3583.0, "temp": "3583", "search": "Gota 33 47", "dxf_access": 1, "epsg_code": "EPSG:32643", "parcel_id": "47", "land_use": null, "area_sq_m": 3583.0, "owner_name": null, "source_type": "CTPVD_Final_Plot", "source_id": "47", "survey_scheme": "Gota_33", "village_name": "Gota", "city_name": "Ahmedabad", "authority_name": "AMC", "district_name": "Ahmedabad", "state_name": "Gujarat", "status_name": "Preliminary" }, "geometry": { "type": "MultiPolygon", "coordinates": [ [ [ [ 249176.288462980330223, 2555899.196669915691018 ], [ 249198.933296371804317, 2555959.687790212687105 ], [ 249237.459166430082405, 2555945.265641894191504 ], [ 249236.798192075628322, 2555882.976364121772349 ], [ 249236.645839313423494, 2555870.968556408770382 ], [ 249176.288462980330223, 2555899.196669915691018 ] ] ] ] } },
{ "type": "Feature", "properties": { "id": "final_plot_boundary.fid-4639cb80_1a0ba89becd_6451", "gid": 24485, "tps_name": "Gota_33", "tps_no": "33", "village": "Gota", "city": "Ahmedabad", "authority": "AMC", "district": "Ahmedabad", "state": "Gujarat", "status": "Preliminary", "fp_no": "133", "reser_use": "Sale For Commercial", "reser_type": "Commercial", "tps_id": 212, "show_hide": 1, "fp_area": "8781", "fp_area_final": 8781.0, "temp": "8781", "search": "Gota 33 133", "dxf_access": 1, "epsg_code": "EPSG:32643", "parcel_id": "133", "land_use": "Sale For Commercial", "area_sq_m": 8781.0, "owner_name": null, "source_type": "CTPVD_Final_Plot", "source_id": "133", "survey_scheme": "Gota_33", "village_name": "Gota", "city_name": "Ahmedabad", "authority_name": "AMC", "district_name": "Ahmedabad", "state_name": "Gujarat", "status_name": "Preliminary" }, "geometry": { "type": "MultiPolygon", "coordinates": [ [ [ [ 249027.202318475989159, 2556408.266602718736976 ], [ 248993.573024258250371, 2556318.15422809869051 ], [ 248908.041007600026205, 2556350.074165459256619 ], [ 248941.67030181834707, 2556440.186540076974779 ], [ 248966.591095958574442, 2556430.886277802754194 ], [ 248994.618862619681749, 2556420.426515586674213 ], [ 249027.202318475989159, 2556408.266602718736976 ] ] ] ] } },
{ "type": "Feature", "properties": { "id": "final_plot_boundary.fid-4639cb80_1a0ba89becd_6452", "gid": 24381, "tps_name": "Gota_33", "tps_no": "33", "village": "Gota", "city": "Ahmedabad", "authority": "AMC", "district": "Ahmedabad", "state": "Gujarat", "status": "Preliminary", "fp_no": "96", "reser_use": null, "reser_type": null, "tps_id": 212, "show_hide": 1, "fp_area": "2369", "fp_area_final": 2369.0, "temp": "2369", "search": "Gota 33 96", "dxf_access": 1, "epsg_code": "EPSG:32643", "parcel_id": "96", "land_use": null, "area_sq_m": 2369.0, "owner_name": null, "source_type": "CTPVD_Final_Plot", "source_id": "96", "survey_scheme": "Gota_33", "village_name": "Gota", "city_name": "Ahmedabad", "authority_name": "AMC", "district_name": "Ahmedabad", "state_name": "Gujarat", "status_name": "Preliminary" }, "geometry": { "type": "MultiPolygon", "coordinates": [ [ [ [ 248575.537471170304343, 2556048.142464503645897 ], [ 248591.657595898461295, 2556093.929713456425816 ], [ 248630.716222665039822, 2556079.308127821423113 ], [ 248630.956722810835345, 2556079.213339727837592 ], [ 248631.19381348308525, 2556079.110319756902754 ], [ 248631.427213023824152, 2556078.999190289992839 ], [ 248631.656644146918552, 2556078.880083356052637 ], [ 248631.881834286818048, 2556078.753140449989587 ], [ 248632.102515927603235, 2556078.618512383196503 ], [ 248632.318426894344157, 2556078.476359091233462 ], [ 248632.529310674930457, 2556078.326849453151226 ], [ 248632.734916753863217, 2556078.170161087065935 ], [ 248632.935000859899446, 2556078.006480139214545 ], [ 248633.129325295652961, 2556077.836001063231379 ], [ 248633.317659206397366, 2556077.658926388714463 ], [ 248633.499778852215968, 2556077.475466478150338 ], [ 248633.675467866560211, 2556077.285839287098497 ], [ 248633.844517538178479, 2556077.090270088519901 ], [ 248634.006727029947797, 2556076.888991220388561 ], [ 248634.161903639847878, 2556076.682241801638156 ], [ 248634.309863018832402, 2556076.470267451833934 ], [ 248634.450429390359204, 2556076.253320000134408 ], [ 248634.583435757376719, 2556076.031657174695283 ], [ 248634.708724118478131, 2556075.805542313028127 ], [ 248634.826145618455485, 2556075.575244043953717 ], [ 248634.935560767538846, 2556075.341035956516862 ], [ 248635.036839579144726, 2556075.1031962945126 ], [ 248635.129861730354605, 2556074.86200761096552 ], [ 248635.214516714448109, 2556074.617756436113268 ], [ 248635.290703960868996, 2556074.370732944458723 ], [ 248635.358332958625397, 2556074.121230596676469 ], [ 248635.417323361383751, 2556073.869545803405344 ], [ 248635.467605093959719, 2556073.615977569483221 ], [ 248635.509118420974119, 2556073.360827130265534 ], [ 248635.541814016818535, 2556073.104397607035935 ], [ 248635.565653050376568, 2556072.846993639599532 ], [ 248635.580607188516296, 2556072.588921022135764 ], [ 248635.586658674525097, 2556072.330486345570534 ], [ 248635.583800315100234, 2556072.071996630169451 ], [ 248635.572035513119772, 2556071.813758965581656 ], [ 248635.551378236734308, 2556071.5560801345855 ], [ 248635.521853032521904, 2556071.299266263842583 ], [ 248635.48349497030722, 2556071.043622446246445 ], [ 248635.436349623778369, 2556070.789452387951314 ], [ 248635.380473000637721, 2556070.53705804143101 ], [ 248635.315931485092733, 2556070.286739256698638 ], [ 248635.24280174690648, 2556070.038793406449258 ], [ 248635.161170668288833, 2556069.793515056371689 ], [ 248621.483133820409421, 2556030.942718975245953 ], [ 248575.537471170304343, 2556048.142464503645897 ] ] ] ] } },
{ "type": "Feature", "properties": { "id": "final_plot_boundary.fid-4639cb80_1a0ba89becd_6453", "gid": 24444, "tps_name": "Gota_33", "tps_no": "33", "village": "Gota", "city": "Ahmedabad", "authority": "AMC", "district": "Ahmedabad", "state": "Gujarat", "status": "Preliminary", "fp_no": "102", "reser_use": null, "reser_type": null, "tps_id": 212, "show_hide": 1, "fp_area": "3157", "fp_area_final": 3157.0, "temp": "3157", "search": "Gota 33 102", "dxf_access": 1, "epsg_code": "EPSG:32643", "parcel_id": "102", "land_use": null, "area_sq_m": 3157.0, "owner_name": null, "source_type": "CTPVD_Final_Plot", "source_id": "102", "survey_scheme": "Gota_33", "village_name": "Gota", "city_name": "Ahmedabad", "authority_name": "AMC", "district_name": "Ahmedabad", "state_name": "Gujarat", "status_name": "Preliminary" }, "geometry": { "type": "MultiPolygon", "coordinates": [ [ [ [ 248241.066285956883803, 2555654.453258838970214 ], [ 248261.043202178057982, 2555706.820227462798357 ], [ 248313.697493728599511, 2555686.733703480102122 ], [ 248294.130542307742871, 2555634.588669814169407 ], [ 248241.066285956883803, 2555654.453258838970214 ] ] ] ] } },
{ "type": "Feature", "properties": { "id": "final_plot_boundary.fid-4639cb80_1a0ba89becd_6454", "gid": 24421, "tps_name": "Gota_33", "tps_no": "33", "village": "Gota", "city": "Ahmedabad", "authority": "AMC", "district": "Ahmedabad", "state": "Gujarat", "status": "Preliminary", "fp_no": "79/1", "reser_use": null, "reser_type": null, "tps_id": 212, "show_hide": 1, "fp_area": "2877", "fp_area_final": 2877.0, "temp": "2877", "search": "Gota 33 79/1", "dxf_access": 1, "epsg_code": "EPSG:32643", "parcel_id": "79/1", "land_use": null, "area_sq_m": 2877.0, "owner_name": null, "source_type": "CTPVD_Final_Plot", "source_id": "79/1", "survey_scheme": "Gota_33", "village_name": "Gota", "city_name": "Ahmedabad", "authority_name": "AMC", "district_name": "Ahmedabad", "state_name": "Gujarat", "status_name": "Preliminary" }, "geometry": { "type": "MultiPolygon", "coordinates": [ [ [ [ 248703.75147469053627, 2555959.282171174883842 ], [ 248715.44776322710095, 2555990.638459913432598 ], [ 248766.598969998623943, 2555971.558418954722583 ], [ 248743.64909234555671, 2555910.032663335092366 ], [ 248713.11056480841944, 2555921.423916697502136 ], [ 248724.364153923292179, 2555951.593383580446243 ], [ 248703.75147469053627, 2555959.282171174883842 ] ] ] ] } },
{ "type": "Feature", "properties": { "id": "final_plot_boundary.fid-4639cb80_1a0ba89becd_6455", "gid": 24402, "tps_name": "Gota_33", "tps_no": "33", "village": "Gota", "city": "Ahmedabad", "authority": "AMC", "district": "Ahmedabad", "state": "Gujarat", "status": "Preliminary", "fp_no": "59/1", "reser_use": null, "reser_type": null, "tps_id": 212, "show_hide": 1, "fp_area": "6619", "fp_area_final": 6619.0, "temp": "6619", "search": "Gota 33 59/1", "dxf_access": 1, "epsg_code": "EPSG:32643", "parcel_id": "59/1", "land_use": null, "area_sq_m": 6619.0, "owner_name": null, "source_type": "CTPVD_Final_Plot", "source_id": "59/1", "survey_scheme": "Gota_33", "village_name": "Gota", "city_name": "Ahmedabad", "authority_name": "AMC", "district_name": "Ahmedabad", "state_name": "Gujarat", "status_name": "Preliminary" }, "geometry": { "type": "MultiPolygon", "coordinates": [ [ [ [ 248845.923589000856737, 2556373.25594215746969 ], [ 248789.076685357518727, 2556394.470800338778645 ], [ 248788.835932754445821, 2556394.565408843569458 ], [ 248788.598585909116082, 2556394.668263387400657 ], [ 248788.36492715094937, 2556394.779241620097309 ], [ 248788.135234432178549, 2556394.898211527150124 ], [ 248787.909780990186846, 2556395.025031587574631 ], [ 248787.688835007400485, 2556395.159550940617919 ], [ 248787.472659317194484, 2556395.301609569229186 ], [ 248787.26151106733596, 2556395.451038485392928 ], [ 248787.05564143761876, 2556395.60765993501991 ], [ 248786.855295318382559, 2556395.771287606563419 ], [ 248786.660711027972866, 2556395.941726859658957 ], [ 248786.47212004364701, 2556396.118774943053722 ], [ 248786.289746701833792, 2556396.302221249323338 ], [ 248786.113807945424924, 2556396.49184756167233 ], [ 248785.94451306364499, 2556396.687428303062916 ], [ 248785.782063443271909, 2556396.888730821665376 ], [ 248785.626652328268392, 2556397.095515657681972 ], [ 248785.478464586078189, 2556397.307536827865988 ], [ 248785.33767649816582, 2556397.524542121216655 ], [ 248785.204455539031187, 2556397.746273396536708 ], [ 248785.078960179205751, 2556397.972466893028468 ], [ 248784.961339703353588, 2556398.202853540889919 ], [ 248784.851734026917256, 2556398.437159282620996 ], [ 248784.750273539335467, 2556398.675105393864214 ], [ 248784.657078926742543, 2556398.916408828925341 ], [ 248784.572261051216628, 2556399.160782541148365 ], [ 248784.495920810528332, 2556399.407935835886747 ], [ 248784.428149013052462, 2556399.65757470857352 ], [ 248784.369026275118813, 2556399.909402199089527 ], [ 248784.318622937105829, 2556400.163118747994304 ], [ 248784.276998945162632, 2556400.418422539718449 ], [ 248784.244203809794271, 2556400.67500988021493 ], [ 248784.220276559790364, 2556400.932575542014092 ], [ 248784.20524564824882, 2556401.190813135355711 ], [ 248784.199128954554908, 2556401.449415473267436 ], [ 248784.201933751290198, 2556401.708074933849275 ], [ 248784.213656707986956, 2556401.966483826283365 ], [ 248784.234283880563453, 2556402.224334759637713 ], [ 248784.263790733239148, 2556402.481321001891047 ], [ 248784.302142151718726, 2556402.737136857584119 ], [ 248784.349292532599065, 2556402.991478016134351 ], [ 248784.405185773124686, 2556403.244041926693171 ], [ 248784.469755399768474, 2556403.494528147857636 ], [ 248784.542924592475174, 2556403.742638712748885 ], [ 248784.624606316589052, 2556403.988078479189426 ], [ 248814.126613506843569, 2556487.784933062270284 ], [ 248850.051485295931343, 2556474.378027647268027 ], [ 248877.586993089003954, 2556464.101972922682762 ], [ 248879.552883216034388, 2556463.368316776584834 ], [ 248845.923589000856737, 2556373.25594215746969 ] ] ] ] } },
{ "type": "Feature", "properties": { "id": "final_plot_boundary.fid-4639cb80_1a0ba89becd_6456", "gid": 24455, "tps_name": "Gota_33", "tps_no": "33", "village": "Gota", "city": "Ahmedabad", "authority": "AMC", "district": "Ahmedabad", "state": "Gujarat", "status": "Preliminary", "fp_no": "49", "reser_use": null, "reser_type": null, "tps_id": 212, "show_hide": 1, "fp_area": "8984", "fp_area_final": 8984.0, "temp": "8984", "search": "Gota 33 49", "dxf_access": 1, "epsg_code": "EPSG:32643", "parcel_id": "49", "land_use": null, "area_sq_m": 8984.0, "owner_name": null, "source_type": "CTPVD_Final_Plot", "source_id": "49", "survey_scheme": "Gota_33", "village_name": "Gota", "city_name": "Ahmedabad", "authority_name": "AMC", "district_name": "Ahmedabad", "state_name": "Gujarat", "status_name": "Preliminary" }, "geometry": { "type": "MultiPolygon", "coordinates": [ [ [ [ 249103.2962318881182, 2555927.101040912792087 ], [ 249001.222449759166921, 2555960.02636120095849 ], [ 249000.978445191634819, 2555960.109725689981133 ], [ 249000.737450508051552, 2555960.201428626663983 ], [ 249000.499750555172795, 2555960.301361616700888 ], [ 249000.265626311535016, 2555960.409406539518386 ], [ 249000.03535450444906, 2555960.525435683783144 ], [ 248999.809207312617218, 2555960.649311906658113 ], [ 248999.587452058680356, 2555960.780888778157532 ], [ 248999.370350843702909, 2555960.920010781846941 ], [ 248999.158160292834509, 2555961.066513468511403 ], [ 248998.951131213485496, 2555961.220223674550653 ], [ 248998.749508307664655, 2555961.380959710106254 ], [ 248998.553529908211203, 2555961.548531588166952 ], [ 248998.363427654112456, 2555961.722741233650595 ], [ 248998.179426251968835, 2555961.903382734395564 ], [ 248998.001743188680848, 2555962.090242565609515 ], [ 248997.830588489829097, 2555962.283099861815572 ], [ 248997.666164453956299, 2555962.481726661790162 ], [ 248997.508665443048812, 2555962.685888190753758 ], [ 248997.358277614926919, 2555962.89534312300384 ], [ 248997.215178730693879, 2555963.109843888320029 ], [ 248997.079537939454895, 2555963.329136939253658 ], [ 248996.951515556778759, 2555963.552963072434068 ], [ 248996.831262918043649, 2555963.781057723797858 ], [ 248996.718922155734617, 2555964.013151285238564 ], [ 248996.614626058930298, 2555964.248969418462366 ], [ 248996.518497905839467, 2555964.488233387470245 ], [ 248996.430651324277278, 2555964.730660377535969 ], [ 248996.351190145418514, 2555964.975963841658086 ], [ 248996.280208293610485, 2555965.223853825591505 ], [ 248996.217789667774923, 2555965.474037326406687 ], [ 248996.164008056599414, 2555965.726218623109162 ], [ 248996.118927021918353, 2555965.980099633336067 ], [ 248996.082599843619391, 2555966.235380272846669 ], [ 248996.055069480906241, 2555966.491758794523776 ], [ 248996.036368455504999, 2555966.748932160437107 ], [ 248996.026518878206844, 2555967.006596386898309 ], [ 248996.025532391562592, 2555967.264446914661676 ], [ 248996.033410164876841, 2555967.522178964223713 ], [ 248996.05014288489474, 2555967.779487890191376 ], [ 248996.075710772362072, 2555968.036069554742426 ], [ 248996.110083603969542, 2555968.291620677802712 ], [ 248996.15322075545555, 2555968.545839196071029 ], [ 248996.205071232805494, 2555968.798424617853016 ], [ 248996.265573750017211, 2555969.049078388605267 ], [ 248996.334656798979267, 2555969.297504235524684 ], [ 248996.412238717457512, 2555969.543408512603492 ], [ 248996.498227799980668, 2555969.786500565242022 ], [ 249022.019613693060819, 2556038.173088505398482 ], [ 249083.562811507319566, 2556015.20560689875856 ], [ 249129.759746105002705, 2555997.96524105546996 ], [ 249103.2962318881182, 2555927.101040912792087 ] ] ] ] } },
{ "type": "Feature", "properties": { "id": "final_plot_boundary.fid-4639cb80_1a0ba89becd_6457", "gid": 24400, "tps_name": "Gota_33", "tps_no": "33", "village": "Gota", "city": "Ahmedabad", "authority": "AMC", "district": "Ahmedabad", "state": "Gujarat", "status": "Preliminary", "fp_no": "28", "reser_use": null, "reser_type": null, "tps_id": 212, "show_hide": 1, "fp_area": "636", "fp_area_final": 636.0, "temp": "636", "search": "Gota 33 28", "dxf_access": 1, "epsg_code": "EPSG:32643", "parcel_id": "28", "land_use": null, "area_sq_m": 636.0, "owner_name": null, "source_type": "CTPVD_Final_Plot", "source_id": "28", "survey_scheme": "Gota_33", "village_name": "Gota", "city_name": "Ahmedabad", "authority_name": "AMC", "district_name": "Ahmedabad", "state_name": "Gujarat", "status_name": "Preliminary" }, "geometry": { "type": "MultiPolygon", "coordinates": [ [ [ [ 248855.956026076542912, 2556511.650433150585741 ], [ 248862.982660819921875, 2556509.028143279254436 ], [ 248855.292252902465407, 2556488.421082228422165 ], [ 248828.219980809284607, 2556498.524260700680315 ], [ 248835.910388723219512, 2556519.131321751978248 ], [ 248855.956026076542912, 2556511.650433150585741 ] ] ] ] } },
{ "type": "Feature", "properties": { "id": "final_plot_boundary.fid-4639cb80_1a0ba89becd_6458", "gid": 24489, "tps_name": "Gota_33", "tps_no": "33", "village": "Gota", "city": "Ahmedabad", "authority": "AMC", "district": "Ahmedabad", "state": "Gujarat", "status": "Preliminary", "fp_no": "104", "reser_use": null, "reser_type": null, "tps_id": 212, "show_hide": 1, "fp_area": "6113", "fp_area_final": 6113.0, "temp": "6113", "search": "Gota 33 104", "dxf_access": 1, "epsg_code": "EPSG:32643", "parcel_id": "104", "land_use": null, "area_sq_m": 6113.0, "owner_name": null, "source_type": "CTPVD_Final_Plot", "source_id": "104", "survey_scheme": "Gota_33", "village_name": "Gota", "city_name": "Ahmedabad", "authority_name": "AMC", "district_name": "Ahmedabad", "state_name": "Gujarat", "status_name": "Preliminary" }, "geometry": { "type": "MultiPolygon", "coordinates": [ [ [ [ 248315.901064266538015, 2555465.503567514475435 ], [ 248348.159519612672739, 2555551.675546309910715 ], [ 248440.035940859495895, 2555517.281634580809623 ], [ 248436.984495538228657, 2555509.130311804357916 ], [ 248428.955002057336969, 2555507.329718372318894 ], [ 248415.155402171483729, 2555498.008748888038099 ], [ 248412.696448518196121, 2555481.279090827796608 ], [ 248358.285846667538863, 2555468.612321850378066 ], [ 248315.901064266538015, 2555465.503567514475435 ] ] ] ] } },
{ "type": "Feature", "properties": { "id": "final_plot_boundary.fid-4639cb80_1a0ba89becd_6459", "gid": 24513, "tps_name": "Gota_33", "tps_no": "33", "village": "Gota", "city": "Ahmedabad", "authority": "AMC", "district": "Ahmedabad", "state": "Gujarat", "status": "Preliminary", "fp_no": "142", "reser_use": "Garden", "reser_type": "Recreation", "tps_id": 212, "show_hide": 1, "fp_area": "5974", "fp_area_final": 5974.0, "temp": "5974", "search": "Gota 33 142", "dxf_access": 1, "epsg_code": "EPSG:32643", "parcel_id": "142", "land_use": "Garden", "area_sq_m": 5974.0, "owner_name": null, "source_type": "CTPVD_Final_Plot", "source_id": "142", "survey_scheme": "Gota_33", "village_name": "Gota", "city_name": "Ahmedabad", "authority_name": "AMC", "district_name": "Ahmedabad", "state_name": "Gujarat", "status_name": "Preliminary" }, "geometry": { "type": "MultiPolygon", "coordinates": [ [ [ [ 248602.047367140243296, 2556273.855845921207219 ], [ 248623.372741953731747, 2556330.822297880891711 ], [ 248714.986214822944021, 2556296.526820804458112 ], [ 248697.322615709359525, 2556246.355521054472774 ], [ 248697.232288887345931, 2556246.112457051407546 ], [ 248697.133613614772912, 2556245.872660816647112 ], [ 248697.026707840850577, 2556245.636418989859521 ], [ 248696.911699363670778, 2556245.404013969004154 ], [ 248696.788725657534087, 2556245.175723557826132 ], [ 248696.657933715760009, 2556244.951820650137961 ], [ 248696.519479892769596, 2556244.732572885695845 ], [ 248696.373529673524899, 2556244.51824234938249 ], [ 248696.22025753869093, 2556244.309085240587592 ], [ 248696.059846695919987, 2556244.105351577978581 ], [ 248695.892488890181994, 2556243.907284896820784 ], [ 248695.718384182167938, 2556243.715121959336102 ], [ 248695.537740686471807, 2556243.529092468786985 ], [ 248695.350774333986919, 2556243.349418797530234 ], [ 248695.157708626560634, 2556243.176315720193088 ], [ 248694.958774332772009, 2556243.009990157559514 ], [ 248694.754209266131511, 2556242.850640931166708 ], [ 248694.544257946545258, 2556242.698458515107632 ], [ 248694.329171345976647, 2556242.553624827880412 ], [ 248694.10920656126109, 2556242.41631299443543 ], [ 248693.884626540937461, 2556242.286687154788524 ], [ 248693.655699737399118, 2556242.164902254473418 ], [ 248693.422699792310596, 2556242.051103875972331 ], [ 248693.185905236226972, 2556241.94542804453522 ], [ 248692.94559911559918, 2556241.848001083824784 ], [ 248692.702068687649444, 2556241.758939450606704 ], [ 248692.45560505281901, 2556241.678349610418081 ], [ 248692.206502833141712, 2556241.606327896472067 ], [ 248691.955059789703228, 2556241.542960396967828 ], [ 248691.701576490915613, 2556241.488322862889618 ], [ 248691.446355934924213, 2556241.442480601835996 ], [ 248691.189703206327977, 2556241.405488416552544 ], [ 248690.931925097247586, 2556241.377390522044152 ], [ 248690.673329749522964, 2556241.358220507390797 ], [ 248690.414226275897818, 2556241.348001285921782 ], [ 248690.154924391797977, 2556241.346745076589286 ], [ 248689.895734064164571, 2556241.354453378822654 ], [ 248689.636965111072641, 2556241.371116979047656 ], [ 248689.37892686817213, 2556241.396715957205743 ], [ 248689.121927771688206, 2556241.431219713762403 ], [ 248688.866275035659783, 2556241.474587003234774 ], [ 248688.6122742514126, 2556241.52676599053666 ], [ 248688.360229048761539, 2556241.587694298010319 ], [ 248688.110440707037924, 2556241.657299095299095 ], [ 248687.86320781140239, 2556241.735497180838138 ], [ 248687.61882589905872, 2556241.822195079177618 ], [ 248602.047367140243296, 2556273.855845921207219 ] ] ] ] } },
{ "type": "Feature", "properties": { "id": "final_plot_boundary.fid-4639cb80_1a0ba89becd_645a", "gid": 24433, "tps_name": "Gota_33", "tps_no": "33", "village": "Gota", "city": "Ahmedabad", "authority": "AMC", "district": "Ahmedabad", "state": "Gujarat", "status": "Preliminary", "fp_no": "11", "reser_use": null, "reser_type": null, "tps_id": 212, "show_hide": 1, "fp_area": "1822", "fp_area_final": 1822.0, "temp": "1822", "search": "Gota 33 11", "dxf_access": 1, "epsg_code": "EPSG:32643", "parcel_id": "11", "land_use": null, "area_sq_m": 1822.0, "owner_name": null, "source_type": "CTPVD_Final_Plot", "source_id": "11", "survey_scheme": "Gota_33", "village_name": "Gota", "city_name": "Ahmedabad", "authority_name": "AMC", "district_name": "Ahmedabad", "state_name": "Gujarat", "status_name": "Preliminary" }, "geometry": { "type": "MultiPolygon", "coordinates": [ [ [ [ 248507.233271321601933, 2556288.848246926441789 ], [ 248510.53524147751159, 2556298.503432912752032 ], [ 248551.3085444890894, 2556283.239958722144365 ], [ 248546.128983454604167, 2556268.094568935688585 ], [ 248537.759903769416269, 2556243.622809037100524 ], [ 248496.986600757139968, 2556258.886283229105175 ], [ 248503.099551063845865, 2556276.760966912843287 ], [ 248507.233271321601933, 2556288.848246926441789 ] ] ] ] } },
{ "type": "Feature", "properties": { "id": "final_plot_boundary.fid-4639cb80_1a0ba89becd_645b", "gid": 24474, "tps_name": "Gota_33", "tps_no": "33", "village": "Gota", "city": "Ahmedabad", "authority": "AMC", "district": "Ahmedabad", "state": "Gujarat", "status": "Preliminary", "fp_no": "92/1", "reser_use": null, "reser_type": null, "tps_id": 212, "show_hide": 1, "fp_area": "2495", "fp_area_final": 2495.0, "temp": "2495", "search": "Gota 33 92/1", "dxf_access": 1, "epsg_code": "EPSG:32643", "parcel_id": "92/1", "land_use": null, "area_sq_m": 2495.0, "owner_name": null, "source_type": "CTPVD_Final_Plot", "source_id": "92/1", "survey_scheme": "Gota_33", "village_name": "Gota", "city_name": "Ahmedabad", "authority_name": "AMC", "district_name": "Ahmedabad", "state_name": "Gujarat", "status_name": "Preliminary" }, "geometry": { "type": "MultiPolygon", "coordinates": [ [ [ [ 248449.094962758361362, 2555960.883481290191412 ], [ 248486.361368291662075, 2555946.932813154067844 ], [ 248473.039450135373045, 2555909.093528820201755 ], [ 248453.00320703277248, 2555916.594090630300343 ], [ 248440.753938071400626, 2555881.801535557489842 ], [ 248419.859309349994874, 2555889.623433778993785 ], [ 248446.661664958519395, 2555959.88243169663474 ], [ 248448.768479159305571, 2555959.404041865374893 ], [ 248449.094962758361362, 2555960.883481290191412 ] ] ] ] } },
{ "type": "Feature", "properties": { "id": "final_plot_boundary.fid-4639cb80_1a0ba89becd_645c", "gid": 24517, "tps_name": "Gota_33", "tps_no": "33", "village": "Gota", "city": "Ahmedabad", "authority": "AMC", "district": "Ahmedabad", "state": "Gujarat", "status": "Preliminary", "fp_no": "(109+110+111)/2", "reser_use": null, "reser_type": null, "tps_id": 212, "show_hide": 1, "fp_area": "3976", "fp_area_final": 3976.0, "temp": "3976", "search": "Gota 33 (109+110+111)/2", "dxf_access": 1, "epsg_code": "EPSG:32643", "parcel_id": "(109+110+111)/2", "land_use": null, "area_sq_m": 3976.0, "owner_name": null, "source_type": "CTPVD_Final_Plot", "source_id": "(109+110+111)/2", "survey_scheme": "Gota_33", "village_name": "Gota", "city_name": "Ahmedabad", "authority_name": "AMC", "district_name": "Ahmedabad", "state_name": "Gujarat", "status_name": "Preliminary" }, "geometry": { "type": "MultiPolygon", "coordinates": [ [ [ [ 248149.136948573577683, 2555488.216010920703411 ], [ 248181.165342029882595, 2555432.258679280988872 ], [ 248174.876802970888093, 2555426.872997548431158 ], [ 248171.138739033660386, 2555388.786590327043086 ], [ 248129.352774938481161, 2555377.754545001778752 ], [ 248115.739539937523659, 2555374.835398213937879 ], [ 248112.058139786793618, 2555373.658473991323262 ], [ 248149.136948573577683, 2555488.216010920703411 ] ] ] ] } },
{ "type": "Feature", "properties": { "id": "final_plot_boundary.fid-4639cb80_1a0ba89becd_645d", "gid": 24453, "tps_name": "Gota_33", "tps_no": "33", "village": "Gota", "city": "Ahmedabad", "authority": "AMC", "district": "Ahmedabad", "state": "Gujarat", "status": "Preliminary", "fp_no": "37", "reser_use": null, "reser_type": null, "tps_id": 212, "show_hide": 1, "fp_area": "2211", "fp_area_final": 2211.0, "temp": "2211", "search": "Gota 33 37", "dxf_access": 1, "epsg_code": "EPSG:32643", "parcel_id": "37", "land_use": null, "area_sq_m": 2211.0, "owner_name": null, "source_type": "CTPVD_Final_Plot", "source_id": "37", "survey_scheme": "Gota_33", "village_name": "Gota", "city_name": "Ahmedabad", "authority_name": "AMC", "district_name": "Ahmedabad", "state_name": "Gujarat", "status_name": "Preliminary" }, "geometry": { "type": "MultiPolygon", "coordinates": [ [ [ [ 248924.485583837056765, 2556595.256363489665091 ], [ 248955.158013885200489, 2556592.47529829479754 ], [ 248927.706552992487559, 2556518.952747502364218 ], [ 248899.875617326993961, 2556529.344114964362234 ], [ 248924.485583837056765, 2556595.256363489665091 ] ] ] ] } },
{ "type": "Feature", "properties": { "id": "final_plot_boundary.fid-4639cb80_1a0ba89becd_645e", "gid": 24508, "tps_name": "Gota_33", "tps_no": "33", "village": "Gota", "city": "Ahmedabad", "authority": "AMC", "district": "Ahmedabad", "state": "Gujarat", "status": "Preliminary", "fp_no": "131", "reser_use": "Open Space", "reser_type": "Open Space", "tps_id": 212, "show_hide": 1, "fp_area": "554", "fp_area_final": 554.0, "temp": "554", "search": "Gota 33 131", "dxf_access": 1, "epsg_code": "EPSG:32643", "parcel_id": "131", "land_use": "Open Space", "area_sq_m": 554.0, "owner_name": null, "source_type": "CTPVD_Final_Plot", "source_id": "131", "survey_scheme": "Gota_33", "village_name": "Gota", "city_name": "Ahmedabad", "authority_name": "AMC", "district_name": "Ahmedabad", "state_name": "Gujarat", "status_name": "Preliminary" }, "geometry": { "type": "MultiPolygon", "coordinates": [ [ [ [ 248921.194755078235175, 2555970.618620965164155 ], [ 248912.708650435670279, 2555947.890076311305165 ], [ 248891.430827193165896, 2555954.489724129904062 ], [ 248900.347728571796324, 2555978.39482302730903 ], [ 248921.194755078235175, 2555970.618620965164155 ] ] ] ] } },
{ "type": "Feature", "properties": { "id": "final_plot_boundary.fid-4639cb80_1a0ba89becd_645f", "gid": 24418, "tps_name": "Gota_33", "tps_no": "33", "village": "Gota", "city": "Ahmedabad", "authority": "AMC", "district": "Ahmedabad", "state": "Gujarat", "status": "Preliminary", "fp_no": "75", "reser_use": null, "reser_type": null, "tps_id": 212, "show_hide": 1, "fp_area": "3038", "fp_area_final": 3038.0, "temp": "3038", "search": "Gota 33 75", "dxf_access": 1, "epsg_code": "EPSG:32643", "parcel_id": "75", "land_use": null, "area_sq_m": 3038.0, "owner_name": null, "source_type": "CTPVD_Final_Plot", "source_id": "75", "survey_scheme": "Gota_33", "village_name": "Gota", "city_name": "Ahmedabad", "authority_name": "AMC", "district_name": "Ahmedabad", "state_name": "Gujarat", "status_name": "Preliminary" }, "geometry": { "type": "MultiPolygon", "coordinates": [ [ [ [ 248676.427680346707348, 2556005.19343967596069 ], [ 248647.961031592771178, 2556015.811856298241764 ], [ 248663.076965472253505, 2556058.746823577210307 ], [ 248663.167222564952681, 2556058.989709433633834 ], [ 248663.26581588370027, 2556059.229332556948066 ], [ 248663.372627745178761, 2556059.465406930074096 ], [ 248663.487530651502311, 2556059.6976507762447 ], [ 248663.610387460619677, 2556059.925786890555173 ], [ 248663.741051533375867, 2556060.149542970582843 ], [ 248663.879366905312054, 2556060.368651940021664 ], [ 248664.025168487045448, 2556060.582852273248136 ], [ 248664.178282240638509, 2556060.79188829800114 ], [ 248664.338525422121165, 2556060.995510512031615 ], [ 248664.505706755910069, 2556061.193475870415568 ], [ 248664.67962670311681, 2556061.38554808543995 ], [ 248664.860077664721757, 2556061.571497895754874 ], [ 248665.046844267169945, 2556061.751103352755308 ], [ 248665.239703571307473, 2556061.924150082748383 ], [ 248665.438425392756471, 2556062.090431535616517 ], [ 248665.642772529390641, 2556062.249749235343188 ], [ 248665.852501076966291, 2556062.401913026813418 ], [ 248666.067360701563302, 2556062.546741283498704 ], [ 248666.287094948231243, 2556062.684061139356345 ], [ 248666.511441544746049, 2556062.813708691857755 ], [ 248666.740132712177001, 2556062.935529188718647 ], [ 248666.972895475075347, 2556063.049377229996026 ], [ 248667.209452024864731, 2556063.155116925016046 ], [ 248667.449519997433526, 2556063.252622064668685 ], [ 248667.692812845925801, 2556063.341776264831424 ], [ 248667.939040183613542, 2556063.42247311398387 ], [ 248668.187908108200645, 2556063.494616288226098 ], [ 248668.439119576796656, 2556063.558119682129472 ], [ 248668.692374738486251, 2556063.612907494418323 ], [ 248668.947371312940959, 2556063.658914336469024 ], [ 248669.203804940159898, 2556063.696085286326706 ], [ 248669.461369530617958, 2556063.724375980906188 ], [ 248669.719757663056953, 2556063.743752655573189 ], [ 248669.978660923603456, 2556063.754192176740617 ], [ 248670.237770294421352, 2556063.755682087037712 ], [ 248670.496776485757437, 2556063.748220607172698 ], [ 248670.755370361468522, 2556063.731816644314677 ], [ 248671.013243260647869, 2556063.706489778589457 ], [ 248671.270087390061235, 2556063.672270238865167 ], [ 248671.52559617679799, 2556063.629198865499347 ], [ 248671.779464644583641, 2556063.577327074948698 ], [ 248672.031389778770972, 2556063.51671678153798 ], [ 248672.281070887867827, 2556063.447440322954208 ], [ 248672.528209947486175, 2556063.369580392725766 ], [ 248672.772511972289067, 2556063.283229922410101 ], [ 248719.854583019507118, 2556045.721027567517012 ], [ 248701.279450764646754, 2555995.923417963087559 ], [ 248676.427680346707348, 2556005.19343967596069 ] ] ] ] } },
{ "type": "Feature", "properties": { "id": "final_plot_boundary.fid-4639cb80_1a0ba89becd_6460", "gid": 24388, "tps_name": "Gota_33", "tps_no": "33", "village": "Gota", "city": "Ahmedabad", "authority": "AMC", "district": "Ahmedabad", "state": "Gujarat", "status": "Preliminary", "fp_no": "23", "reser_use": null, "reser_type": null, "tps_id": 212, "show_hide": 1, "fp_area": "5161", "fp_area_final": 5161.0, "temp": "5161", "search": "Gota 33 23", "dxf_access": 1, "epsg_code": "EPSG:32643", "parcel_id": "23", "land_use": null, "area_sq_m": 5161.0, "owner_name": null, "source_type": "CTPVD_Final_Plot", "source_id": "23", "survey_scheme": "Gota_33", "village_name": "Gota", "city_name": "Ahmedabad", "authority_name": "AMC", "district_name": "Ahmedabad", "state_name": "Gujarat", "status_name": "Preliminary" }, "geometry": { "type": "MultiPolygon", "coordinates": [ [ [ [ 248645.689188880758593, 2556680.321034071967006 ], [ 248650.625489250815008, 2556694.489716104697436 ], [ 248631.517745787277818, 2556701.505259786266834 ], [ 248649.400986523454776, 2556750.212586242239922 ], [ 248725.578258506517159, 2556721.695646501146257 ], [ 248723.758521358569851, 2556716.472447932697833 ], [ 248703.609484066255391, 2556658.638588315341622 ], [ 248645.689188880758593, 2556680.321034071967006 ] ] ] ] } },
{ "type": "Feature", "properties": { "id": "final_plot_boundary.fid-4639cb80_1a0ba89becd_6461", "gid": 24477, "tps_name": "Gota_33", "tps_no": "33", "village": "Gota", "city": "Ahmedabad", "authority": "AMC", "district": "Ahmedabad", "state": "Gujarat", "status": "Preliminary", "fp_no": "139", "reser_use": "Sale For Residential", "reser_type": "Residential", "tps_id": 212, "show_hide": 1, "fp_area": "3864", "fp_area_final": 3864.0, "temp": "3864", "search": "Gota 33 139", "dxf_access": 1, "epsg_code": "EPSG:32643", "parcel_id": "139", "land_use": "Sale For Residential", "area_sq_m": 3864.0, "owner_name": null, "source_type": "CTPVD_Final_Plot", "source_id": "139", "survey_scheme": "Gota_33", "village_name": "Gota", "city_name": "Ahmedabad", "authority_name": "AMC", "district_name": "Ahmedabad", "state_name": "Gujarat", "status_name": "Preliminary" }, "geometry": { "type": "MultiPolygon", "coordinates": [ [ [ [ 249134.435952580883168, 2555898.143230695743114 ], [ 248984.493090646865312, 2555895.970482143107802 ], [ 248981.486845971288858, 2555927.403098731767386 ], [ 248981.466517650726018, 2555927.66337152197957 ], [ 248981.455260038143024, 2555927.924194131046534 ], [ 248981.453086770023219, 2555928.185250530485064 ], [ 248981.46000048762653, 2555928.446224412880838 ], [ 248981.475992809952004, 2555928.706799569074064 ], [ 248981.501044352684403, 2555928.966660275124013 ], [ 248981.535124770452967, 2555929.225491672754288 ], [ 248981.578192773042247, 2555929.482980145607144 ], [ 248981.630196167388931, 2555929.738813711330295 ], [ 248981.691071952605853, 2555929.992682388983667 ], [ 248981.760746361454949, 2555930.244278579950333 ], [ 248981.839134977955837, 2555930.493297437671572 ], [ 248981.926142817363143, 2555930.739437240641564 ], [ 248984.9483776720881, 2555938.837756454478949 ], [ 248985.043507145834155, 2555939.07977010961622 ], [ 248985.146969241846818, 2555939.318340477067977 ], [ 248985.258639582636533, 2555939.553180764894933 ], [ 248985.378383925999515, 2555939.784008659888059 ], [ 248985.506058325932827, 2555940.010546680539846 ], [ 248985.641509295004653, 2555940.232522491831332 ], [ 248985.784574000223074, 2555940.449669248890132 ], [ 248985.935080469353124, 2555940.661725914571434 ], [ 248986.092847760912264, 2555940.868437565863132 ], [ 248986.257686225144425, 2555941.069555705413222 ], [ 248986.429397702217102, 2555941.264838565606624 ], [ 248986.607775767130079, 2555941.454051385167986 ], [ 248986.792605984257534, 2555941.636966707184911 ], [ 248986.983666173066013, 2555941.813364639878273 ], [ 248987.180726640421199, 2555941.983033134136349 ], [ 248987.383550499507692, 2555942.145768216345459 ], [ 248987.59189392416738, 2555942.301374264527112 ], [ 248987.805506464705104, 2555942.449664213694632 ], [ 248988.024131319543812, 2555942.590459803584963 ], [ 248988.247505680657923, 2555942.723591776564717 ], [ 248988.475361010554479, 2555942.848900086712092 ], [ 248988.70742340257857, 2555942.96623409865424 ], [ 248988.94341389008332, 2555943.075452763121575 ], [ 248989.18304877387709, 2555943.176424782257527 ], [ 248989.426039983518422, 2555943.269028771668673 ], [ 248989.67209540103795, 2555943.353153409902006 ], [ 248989.920919245865662, 2555943.428697571158409 ], [ 248990.172212394216331, 2555943.495570434723049 ], [ 248990.425672752520768, 2555943.553691615816206 ], [ 248990.680995632050326, 2555943.602991241961718 ], [ 248990.937874096765881, 2555943.643410049844533 ], [ 248991.195999342337018, 2555943.674899446777999 ], [ 248991.455061068903888, 2555943.697421582881361 ], [ 248991.714747850957792, 2555943.710949381813407 ], [ 248991.974747506552376, 2555943.715466580353677 ], [ 248992.23474748028093, 2555943.710967749822885 ], [ 248992.49443521752255, 2555943.697458296082914 ], [ 248992.75349853548687, 2555943.674954461399466 ], [ 248993.011626005580183, 2555943.643483297433704 ], [ 248993.26850732578896, 2555943.603082637302577 ], [ 248993.523833683197154, 2555943.553801046218723 ], [ 248993.77729815163184, 2555943.495697773061693 ], [ 248994.028596020594705, 2555943.428842659108341 ], [ 248994.277425200707512, 2555943.353316077496856 ], [ 249134.435952580883168, 2555898.143230695743114 ] ] ] ] } },
{ "type": "Feature", "properties": { "id": "final_plot_boundary.fid-4639cb80_1a0ba89becd_6462", "gid": 24437, "tps_name": "Gota_33", "tps_no": "33", "village": "Gota", "city": "Ahmedabad", "authority": "AMC", "district": "Ahmedabad", "state": "Gujarat", "status": "Preliminary", "fp_no": "106", "reser_use": null, "reser_type": null, "tps_id": 212, "show_hide": 1, "fp_area": "3620", "fp_area_final": 3620.0, "temp": "3620", "search": "Gota 33 106", "dxf_access": 1, "epsg_code": "EPSG:32643", "parcel_id": "106", "land_use": null, "area_sq_m": 3620.0, "owner_name": null, "source_type": "CTPVD_Final_Plot", "source_id": "106", "survey_scheme": "Gota_33", "village_name": "Gota", "city_name": "Ahmedabad", "authority_name": "AMC", "district_name": "Ahmedabad", "state_name": "Gujarat", "status_name": "Preliminary" }, "geometry": { "type": "MultiPolygon", "coordinates": [ [ [ [ 248294.130542307742871, 2555634.588669814169407 ], [ 248271.760508258274058, 2555574.973548706620932 ], [ 248221.167087670502951, 2555593.80476591270417 ], [ 248221.071218280878384, 2555593.842334646731615 ], [ 248220.97669462786871, 2555593.883171251509339 ], [ 248220.883628057141323, 2555593.927227618172765 ], [ 248220.79212821656256, 2555593.97445185109973 ], [ 248220.702302886929829, 2555594.024788313079625 ], [ 248220.614257885317784, 2555594.078177709132433 ], [ 248220.528096937458031, 2555594.134557142853737 ], [ 248220.443921546073398, 2555594.193860197905451 ], [ 248220.361830859561451, 2555594.256017013452947 ], [ 248220.281921599758789, 2555594.320954364258796 ], [ 248220.204287894594017, 2555594.388595753815025 ], [ 248220.129021208762424, 2555594.45886149816215 ], [ 248220.056210196315078, 2555594.531668819487095 ], [ 248219.985940635175211, 2555594.606931950431317 ], [ 248219.918295309675159, 2555594.684562224429101 ], [ 248219.853353905666154, 2555594.764468192588538 ], [ 248219.791192931123078, 2555594.846555721480399 ], [ 248219.731885607645381, 2555594.93072811095044 ], [ 248219.675501810532296, 2555595.016886201221496 ], [ 248219.622107947332552, 2555595.10492849489674 ], [ 248219.571766931941966, 2555595.194751273375005 ], [ 248219.524538063764339, 2555595.286248724441975 ], [ 248219.480476981465472, 2555595.37931305821985 ], [ 248219.439635581453331, 2555595.473834643140435 ], [ 248219.402061990986113, 2555595.569702127482742 ], [ 248219.367800463252934, 2555595.666802576743066 ], [ 248219.336891361774178, 2555595.765021603088826 ], [ 248219.309371095587267, 2555595.864243499003351 ], [ 248219.285272093460662, 2555595.96435137744993 ], [ 248219.264622740796767, 2555596.065227310173213 ], [ 248219.247447355650365, 2555596.166752459481359 ], [ 248219.233766188641312, 2555596.268807223532349 ], [ 248219.223595339164604, 2555596.371271381154656 ], [ 248219.216946798725985, 2555596.474024222232401 ], [ 248219.213828393694712, 2555596.576944700907916 ], [ 248219.214243800437544, 2555596.679911574814469 ], [ 248219.21819253108697, 2555596.782803542446345 ], [ 248219.225669930630829, 2555596.885499395430088 ], [ 248219.236667195043992, 2555596.987878150772303 ], [ 248219.251171366486233, 2555597.089819204993546 ], [ 248219.269165359379258, 2555597.191202466841787 ], [ 248219.29062797134975, 2555597.291908504907042 ], [ 248219.315533922344912, 2555597.391818678937852 ], [ 248219.34385387817747, 2555597.490815294440836 ], [ 248219.375554466823814, 2555597.588781728409231 ], [ 248219.410598348506028, 2555597.685602571815252 ], [ 248241.066285956883803, 2555654.453258838970214 ], [ 248294.130542307742871, 2555634.588669814169407 ] ] ] ] } },
{ "type": "Feature", "properties": { "id": "final_plot_boundary.fid-4639cb80_1a0ba89becd_6463", "gid": 24413, "tps_name": "Gota_33", "tps_no": "33", "village": "Gota", "city": "Ahmedabad", "authority": "AMC", "district": "Ahmedabad", "state": "Gujarat", "status": "Preliminary", "fp_no": "101", "reser_use": null, "reser_type": null, "tps_id": 212, "show_hide": 1, "fp_area": "2427", "fp_area_final": 2427.0, "temp": "2427", "search": "Gota 33 101", "dxf_access": 1, "epsg_code": "EPSG:32643", "parcel_id": "101", "land_use": null, "area_sq_m": 2427.0, "owner_name": null, "source_type": "CTPVD_Final_Plot", "source_id": "101", "survey_scheme": "Gota_33", "village_name": "Gota", "city_name": "Ahmedabad", "authority_name": "AMC", "district_name": "Ahmedabad", "state_name": "Gujarat", "status_name": "Preliminary" }, "geometry": { "type": "MultiPolygon", "coordinates": [ [ [ [ 248321.074924978544004, 2555706.394221484195441 ], [ 248268.527702123508789, 2555726.439900970086455 ], [ 248269.971224336593878, 2555730.223912546876818 ], [ 248282.712403853831347, 2555763.623309159185737 ], [ 248282.757744009111775, 2555763.736228176392615 ], [ 248282.806981943052961, 2555763.847502884920686 ], [ 248282.860058130609104, 2555763.956998786889017 ], [ 248282.916908423503628, 2555764.064583538565785 ], [ 248282.977464104391402, 2555764.170127102173865 ], [ 248283.041651982057374, 2555764.27350190654397 ], [ 248283.109394481143681, 2555764.374583008233458 ], [ 248283.180609708681004, 2555764.473248228430748 ], [ 248283.255211595183937, 2555764.5693783108145 ], [ 248283.333109967963537, 2555764.662857066374272 ], [ 248283.414210677234223, 2555764.753571507520974 ], [ 248283.498415692185517, 2555764.841411988250911 ], [ 248283.585623236693209, 2555764.926272335462272 ], [ 248283.675727903028019, 2555765.008049983531237 ], [ 248283.768620783375809, 2555765.086646087002009 ], [ 248283.864189594663912, 2555765.161965645849705 ], [ 248283.962318838865031, 2555765.233917623758316 ], [ 248284.062889886467019, 2555765.302415054291487 ], [ 248284.165781199582852, 2555765.367375139612705 ], [ 248284.270868400373729, 2555765.428719372488558 ], [ 248284.378024471690878, 2555765.486373600549996 ], [ 248284.487119903817074, 2555765.540268136654049 ], [ 248284.598022826161468, 2555765.590337844565511 ], [ 248284.710599200072465, 2555765.636522200889885 ], [ 248284.824712951201946, 2555765.678765386808664 ], [ 248284.940226146660279, 2555765.717016340699047 ], [ 248285.05699917615857, 2555765.751228827051818 ], [ 248285.17489089560695, 2555765.781361500732601 ], [ 248285.293758802697994, 2555765.807377933524549 ], [ 248285.413459228526335, 2555765.829246683977544 ], [ 248285.533847495447844, 2555765.84694131789729 ], [ 248285.654778086260194, 2555765.860440448857844 ], [ 248285.776104836113518, 2555765.86972776055336 ], [ 248285.897681096073939, 2555765.874792023561895 ], [ 248286.019359923462616, 2555765.875627123285085 ], [ 248286.140994245302863, 2555765.872232046443969 ], [ 248286.262437043333193, 2555765.864610898774117 ], [ 248286.383541523478925, 2555765.852772889658809 ], [ 248286.504161321703577, 2555765.836732328403741 ], [ 248286.624150631658267, 2555765.816508602816612 ], [ 248286.743364437483251, 2555765.792126157786697 ], [ 248286.861658636247739, 2555765.763614464085549 ], [ 248286.978890250728, 2555765.731007981579751 ], [ 248287.09491758706281, 2555765.694346122909337 ], [ 248287.209600405563833, 2555765.653673202730715 ], [ 248336.015542729350273, 2555747.383182805962861 ], [ 248321.074924978544004, 2555706.394221484195441 ] ] ] ] } },
{ "type": "Feature", "properties": { "id": "final_plot_boundary.fid-4639cb80_1a0ba89becd_6464", "gid": 24393, "tps_name": "Gota_33", "tps_no": "33", "village": "Gota", "city": "Ahmedabad", "authority": "AMC", "district": "Ahmedabad", "state": "Gujarat", "status": "Preliminary", "fp_no": "36/1", "reser_use": null, "reser_type": null, "tps_id": 212, "show_hide": 1, "fp_area": "2732", "fp_area_final": 2732.0, "temp": "2732", "search": "Gota 33 36/1", "dxf_access": 1, "epsg_code": "EPSG:32643", "parcel_id": "36/1", "land_use": null, "area_sq_m": 2732.0, "owner_name": null, "source_type": "CTPVD_Final_Plot", "source_id": "36/1", "survey_scheme": "Gota_33", "village_name": "Gota", "city_name": "Ahmedabad", "authority_name": "AMC", "district_name": "Ahmedabad", "state_name": "Gujarat", "status_name": "Preliminary" }, "geometry": { "type": "MultiPolygon", "coordinates": [ [ [ [ 249012.444738692749524, 2556487.313652209937572 ], [ 249029.889165142056299, 2556534.034616708755493 ], [ 249081.218821762595326, 2556514.869421187788248 ], [ 249063.774395308806561, 2556468.148456688970327 ], [ 249012.444738692749524, 2556487.313652209937572 ] ] ] ] } },
{ "type": "Feature", "properties": { "id": "final_plot_boundary.fid-4639cb80_1a0ba89becd_6465", "gid": 24465, "tps_name": "Gota_33", "tps_no": "33", "village": "Gota", "city": "Ahmedabad", "authority": "AMC", "district": "Ahmedabad", "state": "Gujarat", "status": "Preliminary", "fp_no": "78", "reser_use": null, "reser_type": null, "tps_id": 212, "show_hide": 1, "fp_area": "2735", "fp_area_final": 2735.0, "temp": "2735", "search": "Gota 33 78", "dxf_access": 1, "epsg_code": "EPSG:32643", "parcel_id": "78", "land_use": null, "area_sq_m": 2735.0, "owner_name": null, "source_type": "CTPVD_Final_Plot", "source_id": "78", "survey_scheme": "Gota_33", "village_name": "Gota", "city_name": "Ahmedabad", "authority_name": "AMC", "district_name": "Ahmedabad", "state_name": "Gujarat", "status_name": "Preliminary" }, "geometry": { "type": "MultiPolygon", "coordinates": [ [ [ [ 248715.44776322710095, 2555990.638459913432598 ], [ 248703.75147469053627, 2555959.282171174883842 ], [ 248692.497885575430701, 2555929.112704291008413 ], [ 248653.477802696375875, 2555943.66768405539915 ], [ 248676.427680346707348, 2556005.19343967596069 ], [ 248701.279450764646754, 2555995.923417963087559 ], [ 248715.44776322710095, 2555990.638459913432598 ] ] ] ] } },
{ "type": "Feature", "properties": { "id": "final_plot_boundary.fid-4639cb80_1a0ba89becd_6466", "gid": 24449, "tps_name": "Gota_33", "tps_no": "33", "village": "Gota", "city": "Ahmedabad", "authority": "AMC", "district": "Ahmedabad", "state": "Gujarat", "status": "Preliminary", "fp_no": "19", "reser_use": null, "reser_type": null, "tps_id": 212, "show_hide": 1, "fp_area": "306", "fp_area_final": 306.0, "temp": "306", "search": "Gota 33 19", "dxf_access": 1, "epsg_code": "EPSG:32643", "parcel_id": "19", "land_use": null, "area_sq_m": 306.0, "owner_name": null, "source_type": "CTPVD_Final_Plot", "source_id": "19", "survey_scheme": "Gota_33", "village_name": "Gota", "city_name": "Ahmedabad", "authority_name": "AMC", "district_name": "Ahmedabad", "state_name": "Gujarat", "status_name": "Preliminary" }, "geometry": { "type": "MultiPolygon", "coordinates": [ [ [ [ 248626.392098471755162, 2556687.54489428550005 ], [ 248631.517745787277818, 2556701.505259786266834 ], [ 248650.625489250815008, 2556694.489716104697436 ], [ 248645.689188880758593, 2556680.321034071967006 ], [ 248626.392098471755162, 2556687.54489428550005 ] ] ] ] } },
{ "type": "Feature", "properties": { "id": "final_plot_boundary.fid-4639cb80_1a0ba89becd_6467", "gid": 24427, "tps_name": "Gota_33", "tps_no": "33", "village": "Gota", "city": "Ahmedabad", "authority": "AMC", "district": "Ahmedabad", "state": "Gujarat", "status": "Preliminary", "fp_no": "15", "reser_use": null, "reser_type": null, "tps_id": 212, "show_hide": 1, "fp_area": "4008", "fp_area_final": 4008.0, "temp": "4008", "search": "Gota 33 15", "dxf_access": 1, "epsg_code": "EPSG:32643", "parcel_id": "15", "land_use": null, "area_sq_m": 4008.0, "owner_name": null, "source_type": "CTPVD_Final_Plot", "source_id": "15", "survey_scheme": "Gota_33", "village_name": "Gota", "city_name": "Ahmedabad", "authority_name": "AMC", "district_name": "Ahmedabad", "state_name": "Gujarat", "status_name": "Preliminary" }, "geometry": { "type": "MultiPolygon", "coordinates": [ [ [ [ 248601.267040744918631, 2556340.22749875113368 ], [ 248558.968416237388737, 2556356.061976605560631 ], [ 248558.055955791525776, 2556356.403555911034346 ], [ 248588.510462619597092, 2556437.756648874375969 ], [ 248631.721547569817631, 2556421.580591716337949 ], [ 248618.791282634658273, 2556387.039988204836845 ], [ 248601.267040744918631, 2556340.22749875113368 ] ] ] ] } },
{ "type": "Feature", "properties": { "id": "final_plot_boundary.fid-4639cb80_1a0ba89becd_6468", "gid": 24511, "tps_name": "Gota_33", "tps_no": "33", "village": "Gota", "city": "Ahmedabad", "authority": "AMC", "district": "Ahmedabad", "state": "Gujarat", "status": "Preliminary", "fp_no": "141", "reser_use": "Open Space", "reser_type": "Open Space", "tps_id": 212, "show_hide": 1, "fp_area": "68", "fp_area_final": 68.0, "temp": "68", "search": "Gota 33 141", "dxf_access": 1, "epsg_code": "EPSG:32643", "parcel_id": "141", "land_use": "Open Space", "area_sq_m": 68.0, "owner_name": null, "source_type": "CTPVD_Final_Plot", "source_id": "141", "survey_scheme": "Gota_33", "village_name": "Gota", "city_name": "Ahmedabad", "authority_name": "AMC", "district_name": "Ahmedabad", "state_name": "Gujarat", "status_name": "Preliminary" }, "geometry": { "type": "MultiPolygon", "coordinates": [ [ [ [ 248510.53524147751159, 2556298.503432912752032 ], [ 248507.233271321601933, 2556288.848246926441789 ], [ 248500.955943867418682, 2556291.198162642773241 ], [ 248504.257914022891782, 2556300.85334863094613 ], [ 248510.53524147751159, 2556298.503432912752032 ] ] ] ] } },
{ "type": "Feature", "properties": { "id": "final_plot_boundary.fid-4639cb80_1a0ba89becd_6469", "gid": 24386, "tps_name": "Gota_33", "tps_no": "33", "village": "Gota", "city": "Ahmedabad", "authority": "AMC", "district": "Ahmedabad", "state": "Gujarat", "status": "Preliminary", "fp_no": "22", "reser_use": null, "reser_type": null, "tps_id": 212, "show_hide": 1, "fp_area": "4431.6", "fp_area_final": 4431.6, "temp": "4431.6", "search": "Gota 33 22", "dxf_access": 1, "epsg_code": "EPSG:32643", "parcel_id": "22", "land_use": null, "area_sq_m": 4431.6, "owner_name": null, "source_type": "CTPVD_Final_Plot", "source_id": "22", "survey_scheme": "Gota_33", "village_name": "Gota", "city_name": "Ahmedabad", "authority_name": "AMC", "district_name": "Ahmedabad", "state_name": "Gujarat", "status_name": "Preliminary" }, "geometry": { "type": "MultiPolygon", "coordinates": [ [ [ [ 248725.578258506517159, 2556721.695646501146257 ], [ 248649.400986523454776, 2556750.212586242239922 ], [ 248665.739553527935641, 2556794.71279336605221 ], [ 248665.832299371162662, 2556794.95261046430096 ], [ 248665.933211279741954, 2556795.189107437618077 ], [ 248666.042170645785518, 2556795.42200631974265 ], [ 248666.159049402805977, 2556795.651033368427306 ], [ 248666.28371017446625, 2556795.875919391866773 ], [ 248666.416006439190824, 2556796.096400074195117 ], [ 248666.555782699288102, 2556796.312216266524047 ], [ 248666.702874671667814, 2556796.523114306852221 ], [ 248666.857109468459385, 2556796.728846318554133 ], [ 248667.018305812525796, 2556796.929170484654605 ], [ 248667.186274234351004, 2556797.12385135749355 ], [ 248667.360817305889213, 2556797.312660118099302 ], [ 248667.541729885298992, 2556797.49537484254688 ], [ 248667.728799333533971, 2556797.671780779026449 ], [ 248667.921805770922219, 2556797.841670587193221 ], [ 248668.120522351440741, 2556798.004844583105296 ], [ 248668.324715507740621, 2556798.161110979970545 ], [ 248668.534145242272643, 2556798.310286107938737 ], [ 248668.748565401590895, 2556798.452194632496685 ], [ 248668.967723956506234, 2556798.586669761221856 ], [ 248669.191363318503136, 2556798.713553434237838 ], [ 248669.419220638665138, 2556798.832696521189064 ], [ 248669.651028092339402, 2556798.943958984687924 ], [ 248669.886513235222083, 2556799.04721004748717 ], [ 248670.125399272277718, 2556799.142328356858343 ], [ 248670.367405430064537, 2556799.229202116373926 ], [ 248670.612247271928936, 2556799.30772921256721 ], [ 248670.859637017536443, 2556799.377817350439727 ], [ 248671.109283893281827, 2556799.439384148921818 ], [ 248671.360894467041362, 2556799.492357248906046 ], [ 248671.614173019770533, 2556799.536674384493381 ], [ 248671.86882185030845, 2556799.572283468674868 ], [ 248672.124541652417975, 2556799.599142648745328 ], [ 248672.381031862430973, 2556799.617220352869481 ], [ 248672.637991019408219, 2556799.626495334785432 ], [ 248672.895117095555179, 2556799.626956694759429 ], [ 248673.152107877627714, 2556799.618603887036443 ], [ 248673.40866131085204, 2556799.601446730550379 ], [ 248673.664475853380281, 2556799.575505391694605 ], [ 248673.919250824081246, 2556799.540810361504555 ], [ 248674.172686779289506, 2556799.497402417007834 ], [ 248674.424485837225802, 2556799.445332580246031 ], [ 248674.674352039990481, 2556799.384662050753832 ], [ 248674.92199170414824, 2556799.31546213850379 ], [ 248675.167113772185985, 2556799.237814178690314 ], [ 248675.409430128958775, 2556799.151809436269104 ], [ 248743.662000012845965, 2556773.601479636970907 ], [ 248725.578258506517159, 2556721.695646501146257 ] ] ] ] } },
{ "type": "Feature", "properties": { "id": "final_plot_boundary.fid-4639cb80_1a0ba89becd_646a", "gid": 24443, "tps_name": "Gota_33", "tps_no": "33", "village": "Gota", "city": "Ahmedabad", "authority": "AMC", "district": "Ahmedabad", "state": "Gujarat", "status": "Preliminary", "fp_no": "125", "reser_use": "Garden", "reser_type": "Recreation", "tps_id": 212, "show_hide": 1, "fp_area": "10880", "fp_area_final": 10880.0, "temp": "10880", "search": "Gota 33 125", "dxf_access": 1, "epsg_code": "EPSG:32643", "parcel_id": "125", "land_use": "Garden", "area_sq_m": 10880.0, "owner_name": null, "source_type": "CTPVD_Final_Plot", "source_id": "125", "survey_scheme": "Gota_33", "village_name": "Gota", "city_name": "Ahmedabad", "authority_name": "AMC", "district_name": "Ahmedabad", "state_name": "Gujarat", "status_name": "Preliminary" }, "geometry": { "type": "MultiPolygon", "coordinates": [ [ [ [ 248415.680251601908822, 2555736.78062365250662 ], [ 248294.60866875431384, 2555782.103735684882849 ], [ 248294.465140913496725, 2555782.160288777202368 ], [ 248294.323635865293909, 2555782.221728290431201 ], [ 248294.184319909196347, 2555782.287982019595802 ], [ 248294.047356769297039, 2555782.358972102869302 ], [ 248293.912907414487563, 2555782.434615108650178 ], [ 248293.781129856361076, 2555782.514822138939053 ], [ 248293.652178961783648, 2555782.599498932715505 ], [ 248293.526206275128061, 2555782.688545973971486 ], [ 248293.403359845367959, 2555782.781858611386269 ], [ 248293.283784048253438, 2555782.879327179864049 ], [ 248293.167619412241038, 2555782.980837134178728 ], [ 248293.055002462730044, 2555783.086269172374159 ], [ 248292.946065544296289, 2555783.195499390363693 ], [ 248292.840936683263863, 2555783.308399418368936 ], [ 248292.739739434968214, 2555783.424836565274745 ], [ 248292.642592722753761, 2555783.544673996511847 ], [ 248292.549610724061495, 2555783.667770872823894 ], [ 248292.460902714083204, 2555783.793982528150082 ], [ 248292.376572940964252, 2555783.923160630743951 ], [ 248292.29672051826492, 2555784.05515337176621 ], [ 248292.221439282060601, 2555784.189805623609573 ], [ 248292.150817716261372, 2555784.326959140598774 ], [ 248292.084938808868174, 2555784.466452733147889 ], [ 248292.023879988206318, 2555784.608122468926013 ], [ 248291.967713009333238, 2555784.751801845617592 ], [ 248291.916503886197461, 2555784.897322011645883 ], [ 248291.870312796585495, 2555785.044511943124235 ], [ 248291.829194027697667, 2555785.193198660388589 ], [ 248291.793195900158025, 2555785.343207420781255 ], [ 248291.762360731023364, 2555785.494361928198487 ], [ 248291.736724747432163, 2555785.646484542172402 ], [ 248291.716318085498642, 2555785.799396481830627 ], [ 248291.701164720900124, 2555785.952918039169163 ], [ 248291.691282466985285, 2555786.106868791393936 ], [ 248291.686682936589932, 2555786.261067809071392 ], [ 248291.687371533946134, 2555786.41533387452364 ], [ 248291.693347454420291, 2555786.569485686719418 ], [ 248291.704603669961216, 2555786.723342083394527 ], [ 248291.721126956952503, 2555786.87672224547714 ], [ 248291.742897887394065, 2555787.029445915017277 ], [ 248291.769890884053893, 2555787.181333608459681 ], [ 248291.802074215433095, 2555787.332206819672137 ], [ 248291.839410065382253, 2555787.481888238806278 ], [ 248291.881854564155219, 2555787.630201952997595 ], [ 248291.929357809014618, 2555787.776973663363606 ], [ 248291.981863985944074, 2555787.922030873596668 ], [ 248319.245126247027656, 2555859.389237496070564 ], [ 248444.79097429398098, 2555813.090714998543262 ], [ 248438.097535998706007, 2555795.544709930196404 ], [ 248415.680251601908822, 2555736.78062365250662 ] ] ] ] } },
{ "type": "Feature", "properties": { "id": "final_plot_boundary.fid-4639cb80_1a0ba89becd_646b", "gid": 24422, "tps_name": "Gota_33", "tps_no": "33", "village": "Gota", "city": "Ahmedabad", "authority": "AMC", "district": "Ahmedabad", "state": "Gujarat", "status": "Preliminary", "fp_no": "81", "reser_use": null, "reser_type": null, "tps_id": 212, "show_hide": 1, "fp_area": "6918", "fp_area_final": 6918.0, "temp": "6918", "search": "Gota 33 81", "dxf_access": 1, "epsg_code": "EPSG:32643", "parcel_id": "81", "land_use": null, "area_sq_m": 6918.0, "owner_name": null, "source_type": "CTPVD_Final_Plot", "source_id": "81", "survey_scheme": "Gota_33", "village_name": "Gota", "city_name": "Ahmedabad", "authority_name": "AMC", "district_name": "Ahmedabad", "state_name": "Gujarat", "status_name": "Preliminary" }, "geometry": { "type": "MultiPolygon", "coordinates": [ [ [ [ 248891.430827193165896, 2555954.489724129904062 ], [ 248874.059318217128748, 2555907.918878207914531 ], [ 248865.866600407869555, 2555907.316434510517865 ], [ 248858.97615075178328, 2555882.72784937126562 ], [ 248813.07712177906069, 2555884.13513854984194 ], [ 248800.118182974867523, 2555888.968985077459365 ], [ 248841.643192882154835, 2556000.292350300587714 ], [ 248900.347728571796324, 2555978.39482302730903 ], [ 248891.430827193165896, 2555954.489724129904062 ] ] ] ] } },
{ "type": "Feature", "properties": { "id": "final_plot_boundary.fid-4639cb80_1a0ba89becd_646c", "gid": 24375, "tps_name": "Gota_33", "tps_no": "33", "village": "Gota", "city": "Ahmedabad", "authority": "AMC", "district": "Ahmedabad", "state": "Gujarat", "status": "Preliminary", "fp_no": "69", "reser_use": null, "reser_type": null, "tps_id": 212, "show_hide": 1, "fp_area": "7285", "fp_area_final": 7285.0, "temp": "7285", "search": "Gota 33 69", "dxf_access": 1, "epsg_code": "EPSG:32643", "parcel_id": "69", "land_use": null, "area_sq_m": 7285.0, "owner_name": null, "source_type": "CTPVD_Final_Plot", "source_id": "69", "survey_scheme": "Gota_33", "village_name": "Gota", "city_name": "Ahmedabad", "authority_name": "AMC", "district_name": "Ahmedabad", "state_name": "Gujarat", "status_name": "Preliminary" }, "geometry": { "type": "MultiPolygon", "coordinates": [ [ [ [ 248589.144546014984371, 2556193.586023016367108 ], [ 248571.651356621965533, 2556200.134593406226486 ], [ 248595.133916999242501, 2556266.833943193312734 ], [ 248684.906064169219462, 2556233.227765858639032 ], [ 248685.146564313821727, 2556233.132977766916156 ], [ 248685.383654986973852, 2556233.02995779318735 ], [ 248685.617054521746468, 2556232.918828329071403 ], [ 248685.846485646441579, 2556232.799721393734217 ], [ 248686.071675788669381, 2556232.672778486274183 ], [ 248686.292357429018011, 2556232.538150420412421 ], [ 248686.508268392033642, 2556232.395997128915042 ], [ 248686.719152179750381, 2556232.246487489435822 ], [ 248686.924758258304792, 2556232.089799125213176 ], [ 248687.124842364893993, 2556231.926118176896125 ], [ 248687.319166801753454, 2556231.755639100912958 ], [ 248687.507500709441956, 2556231.578564424533397 ], [ 248687.689620350400219, 2556231.39510451676324 ], [ 248687.865309364598943, 2556231.205477323848754 ], [ 248688.034359036333626, 2556231.009908126201481 ], [ 248688.196568533603568, 2556230.80862925760448 ], [ 248688.351745143561857, 2556230.601879838854074 ], [ 248688.499704520538216, 2556230.389905492309481 ], [ 248688.640270893374691, 2556230.172958037815988 ], [ 248688.773277261178009, 2556229.951295212842524 ], [ 248688.898565620969748, 2556229.725180351641029 ], [ 248689.015987123508239, 2556229.494882081635296 ], [ 248689.125402267003665, 2556229.260673995595425 ], [ 248689.226681078638649, 2556229.022834333125502 ], [ 248689.319703234796179, 2556228.7816456486471 ], [ 248689.404358215047978, 2556228.537394473329186 ], [ 248689.480545460886788, 2556228.290370980277658 ], [ 248689.548174460447626, 2556228.040868633426726 ], [ 248689.60716486608726, 2556227.789183842018247 ], [ 248689.657446600118419, 2556227.535615607630461 ], [ 248689.698959917965112, 2556227.280465167947114 ], [ 248689.731655522627989, 2556227.024035645648837 ], [ 248689.75549455138389, 2556226.766631677281111 ], [ 248689.770448692841455, 2556226.508559058886021 ], [ 248689.776500179199502, 2556226.25012438185513 ], [ 248689.773641823325306, 2556225.991634669713676 ], [ 248689.761877017852385, 2556225.733397004660219 ], [ 248689.74121973963338, 2556225.475718174595386 ], [ 248689.711694532539696, 2556225.218904301989824 ], [ 248689.673336474894313, 2556224.96326048579067 ], [ 248689.62619112705579, 2556224.709090425632894 ], [ 248689.570314506010618, 2556224.456696079578251 ], [ 248689.505772989505203, 2556224.206377293448895 ], [ 248689.432643252192065, 2556223.958431443199515 ], [ 248689.351012175611686, 2556223.713153092656285 ], [ 248668.310539674566826, 2556163.950256180018187 ], [ 248589.144546014984371, 2556193.586023016367108 ] ] ] ] } },
{ "type": "Feature", "properties": { "id": "final_plot_boundary.fid-4639cb80_1a0ba89becd_646d", "gid": 24507, "tps_name": "Gota_33", "tps_no": "33", "village": "Gota", "city": "Ahmedabad", "authority": "AMC", "district": "Ahmedabad", "state": "Gujarat", "status": "Preliminary", "fp_no": "4", "reser_use": null, "reser_type": null, "tps_id": 212, "show_hide": 1, "fp_area": "378", "fp_area_final": 378.0, "temp": "378", "search": "Gota 33 4", "dxf_access": 1, "epsg_code": "EPSG:32643", "parcel_id": "4", "land_use": null, "area_sq_m": 378.0, "owner_name": null, "source_type": "CTPVD_Final_Plot", "source_id": "4", "survey_scheme": "Gota_33", "village_name": "Gota", "city_name": "Ahmedabad", "authority_name": "AMC", "district_name": "Ahmedabad", "state_name": "Gujarat", "status_name": "Preliminary" }, "geometry": { "type": "MultiPolygon", "coordinates": [ [ [ [ 248518.938398031168617, 2556121.152124153915793 ], [ 248512.959686194139067, 2556104.170322100631893 ], [ 248493.105750096321572, 2556111.60439964896068 ], [ 248499.417672629148001, 2556128.461434797383845 ], [ 248518.938398031168617, 2556121.152124153915793 ] ] ] ] } },
{ "type": "Feature", "properties": { "id": "final_plot_boundary.fid-4639cb80_1a0ba89becd_646e", "gid": 24446, "tps_name": "Gota_33", "tps_no": "33", "village": "Gota", "city": "Ahmedabad", "authority": "AMC", "district": "Ahmedabad", "state": "Gujarat", "status": "Preliminary", "fp_no": "16/1", "reser_use": null, "reser_type": null, "tps_id": 212, "show_hide": 1, "fp_area": "7588", "fp_area_final": 7588.0, "temp": "7588", "search": "Gota 33 16/1", "dxf_access": 1, "epsg_code": "EPSG:32643", "parcel_id": "16/1", "land_use": null, "area_sq_m": 7588.0, "owner_name": null, "source_type": "CTPVD_Final_Plot", "source_id": "16/1", "survey_scheme": "Gota_33", "village_name": "Gota", "city_name": "Ahmedabad", "authority_name": "AMC", "district_name": "Ahmedabad", "state_name": "Gujarat", "status_name": "Preliminary" }, "geometry": { "type": "MultiPolygon", "coordinates": [ [ [ [ 248610.93396934834891, 2556508.841727177146822 ], [ 248582.347522079013288, 2556519.543055445421487 ], [ 248564.245804456062615, 2556526.319428203161806 ], [ 248585.848231877578655, 2556587.888905941974372 ], [ 248695.413382622034987, 2556546.87322344398126 ], [ 248672.542609486292349, 2556485.778550553601235 ], [ 248630.136565079155844, 2556501.653241017367691 ], [ 248610.93396934834891, 2556508.841727177146822 ] ] ] ] } },
{ "type": "Feature", "properties": { "id": "final_plot_boundary.fid-4639cb80_1a0ba89becd_646f", "gid": 24379, "tps_name": "Gota_33", "tps_no": "33", "village": "Gota", "city": "Ahmedabad", "authority": "AMC", "district": "Ahmedabad", "state": "Gujarat", "status": "Preliminary", "fp_no": "91", "reser_use": null, "reser_type": null, "tps_id": 212, "show_hide": 1, "fp_area": "1822", "fp_area_final": 1822.0, "temp": "1822", "search": "Gota 33 91", "dxf_access": 1, "epsg_code": "EPSG:32643", "parcel_id": "91", "land_use": null, "area_sq_m": 1822.0, "owner_name": null, "source_type": "CTPVD_Final_Plot", "source_id": "91", "survey_scheme": "Gota_33", "village_name": "Gota", "city_name": "Ahmedabad", "authority_name": "AMC", "district_name": "Ahmedabad", "state_name": "Gujarat", "status_name": "Preliminary" }, "geometry": { "type": "MultiPolygon", "coordinates": [ [ [ [ 248446.661664958519395, 2555959.88243169663474 ], [ 248419.859309349994874, 2555889.623433778993785 ], [ 248396.642297452694038, 2555898.314715469721705 ], [ 248422.244191827106988, 2555965.426855531521142 ], [ 248446.661664958519395, 2555959.88243169663474 ] ] ] ] } },
{ "type": "Feature", "properties": { "id": "final_plot_boundary.fid-4639cb80_1a0ba89becd_6470", "gid": 24424, "tps_name": "Gota_33", "tps_no": "33", "village": "Gota", "city": "Ahmedabad", "authority": "AMC", "district": "Ahmedabad", "state": "Gujarat", "status": "Preliminary", "fp_no": "89", "reser_use": null, "reser_type": null, "tps_id": 212, "show_hide": 1, "fp_area": "3887", "fp_area_final": 3887.0, "temp": "3887", "search": "Gota 33 89", "dxf_access": 1, "epsg_code": "EPSG:32643", "parcel_id": "89", "land_use": null, "area_sq_m": 3887.0, "owner_name": null, "source_type": "CTPVD_Final_Plot", "source_id": "89", "survey_scheme": "Gota_33", "village_name": "Gota", "city_name": "Ahmedabad", "authority_name": "AMC", "district_name": "Ahmedabad", "state_name": "Gujarat", "status_name": "Preliminary" }, "geometry": { "type": "MultiPolygon", "coordinates": [ [ [ [ 248635.909666469175136, 2555808.532366026658565 ], [ 248588.95533221567166, 2555826.04692095797509 ], [ 248588.714540252723964, 2555826.141501416452229 ], [ 248588.47715346707264, 2555826.244330126326531 ], [ 248588.243454294628464, 2555826.355284741614014 ], [ 248588.013720786460908, 2555826.474233245011419 ], [ 248587.788226283330005, 2555826.601034115999937 ], [ 248587.567239083495224, 2555826.735536481719464 ], [ 248587.351022106566234, 2555826.877580315805972 ], [ 248587.139832619432127, 2555827.026996612548828 ], [ 248586.933921885443851, 2555827.183607598766685 ], [ 248586.733534903265536, 2555827.347226935438812 ], [ 248586.538910088362172, 2555827.517659950070083 ], [ 248586.350279005710036, 2555827.694703861139715 ], [ 248586.167866097239312, 2555827.878148020710796 ], [ 248585.991888389195083, 2555828.06777417100966 ], [ 248585.822555259248475, 2555828.263356692157686 ], [ 248585.660068183176918, 2555828.464662878774107 ], [ 248585.504620487743523, 2555828.671453217510134 ], [ 248585.356397127034143, 2555828.883481672033668 ], [ 248585.215574446134269, 2555829.100495967548341 ], [ 248585.082320010173135, 2555829.322237902786583 ], [ 248584.956792361947009, 2555829.548443647101521 ], [ 248584.839140847179806, 2555829.778844064101577 ], [ 248584.729505451046862, 2555830.013165018986911 ], [ 248584.62801661802223, 2555830.251127721276134 ], [ 248584.534795100538759, 2555830.492449042387307 ], [ 248584.449951813381631, 2555830.736841854639351 ], [ 248584.373587702575605, 2555830.984015383757651 ], [ 248584.305793627310777, 2555831.233675538096577 ], [ 248584.246650243352633, 2555831.485525276977569 ], [ 248584.196227927925065, 2555831.739264950621873 ], [ 248584.154586664109956, 2555831.994592652656138 ], [ 248584.121776007494191, 2555832.251204599626362 ], [ 248584.097834990941919, 2555832.508795473724604 ], [ 248584.082792095723562, 2555832.767058792058378 ], [ 248584.076665223605232, 2555833.025687275454402 ], [ 248584.07946166297188, 2555833.28437320375815 ], [ 248584.091178088187007, 2555833.542808798607439 ], [ 248584.111800565937301, 2555833.800686568953097 ], [ 248584.141304538381519, 2555834.057699691969901 ], [ 248584.179654927313095, 2555834.313542375341058 ], [ 248584.22680608308292, 2555834.567910216283053 ], [ 248584.28270192121272, 2555834.820500569418073 ], [ 248584.347275930078467, 2555835.071012901607901 ], [ 248584.420451269339537, 2555835.319149153772742 ], [ 248584.502140894619515, 2555835.564614093396813 ], [ 248604.347846844029846, 2555891.933922292664647 ], [ 248659.364557671418879, 2555871.411999898031354 ], [ 248635.909666469175136, 2555808.532366026658565 ] ] ] ] } },
{ "type": "Feature", "properties": { "id": "final_plot_boundary.fid-4639cb80_1a0ba89becd_6471", "gid": 24473, "tps_name": "Gota_33", "tps_no": "33", "village": "Gota", "city": "Ahmedabad", "authority": "AMC", "district": "Ahmedabad", "state": "Gujarat", "status": "Preliminary", "fp_no": "93", "reser_use": null, "reser_type": null, "tps_id": 212, "show_hide": 1, "fp_area": "3523", "fp_area_final": 3523.0, "temp": "3523", "search": "Gota 33 93", "dxf_access": 1, "epsg_code": "EPSG:32643", "parcel_id": "93", "land_use": null, "area_sq_m": 3523.0, "owner_name": null, "source_type": "CTPVD_Final_Plot", "source_id": "93", "survey_scheme": "Gota_33", "village_name": "Gota", "city_name": "Ahmedabad", "authority_name": "AMC", "district_name": "Ahmedabad", "state_name": "Gujarat", "status_name": "Preliminary" }, "geometry": { "type": "MultiPolygon", "coordinates": [ [ [ [ 248473.039450135373045, 2555909.093528820201755 ], [ 248486.361368291662075, 2555946.932813154067844 ], [ 248529.220568993390771, 2555930.888483763672411 ], [ 248503.649381877767155, 2555858.256644357461482 ], [ 248460.790181170188589, 2555874.300973747856915 ], [ 248473.039450135373045, 2555909.093528820201755 ] ] ] ] } },
{ "type": "Feature", "properties": { "id": "final_plot_boundary.fid-4639cb80_1a0ba89becd_6472", "gid": 24461, "tps_name": "Gota_33", "tps_no": "33", "village": "Gota", "city": "Ahmedabad", "authority": "AMC", "district": "Ahmedabad", "state": "Gujarat", "status": "Preliminary", "fp_no": "132", "reser_use": "Sale For Residential", "reser_type": "Residential", "tps_id": 212, "show_hide": 1, "fp_area": "26373", "fp_area_final": 26373.0, "temp": "26373", "search": "Gota 33 132", "dxf_access": 1, "epsg_code": "EPSG:32643", "parcel_id": "132", "land_use": "Sale For Residential", "area_sq_m": 26373.0, "owner_name": null, "source_type": "CTPVD_Final_Plot", "source_id": "132", "survey_scheme": "Gota_33", "village_name": "Gota", "city_name": "Ahmedabad", "authority_name": "AMC", "district_name": "Ahmedabad", "state_name": "Gujarat", "status_name": "Preliminary" }, "geometry": { "type": "MultiPolygon", "coordinates": [ [ [ [ 248909.49346925484133, 2556070.170151436701417 ], [ 248857.474966298148502, 2556089.580828764010221 ], [ 248801.554563881800277, 2556110.446298215538263 ], [ 248798.471096027147723, 2556111.596826491877437 ], [ 248810.551161687471904, 2556145.908780216239393 ], [ 248806.928534251987003, 2556147.260718883946538 ], [ 248820.961604752985295, 2556187.119944749865681 ], [ 248844.020124461472733, 2556252.614858721848577 ], [ 248929.147067813173635, 2556221.56387460231781 ], [ 248993.735619807150215, 2556198.004493477754295 ], [ 249048.584384467860218, 2556177.997806365601718 ], [ 249017.750109020387754, 2556095.374907340388745 ], [ 248930.977288702357328, 2556127.747759835794568 ], [ 248909.49346925484133, 2556070.170151436701417 ] ] ] ] } },
{ "type": "Feature", "properties": { "id": "final_plot_boundary.fid-4639cb80_1a0ba89becd_6473", "gid": 24392, "tps_name": "Gota_33", "tps_no": "33", "village": "Gota", "city": "Ahmedabad", "authority": "AMC", "district": "Ahmedabad", "state": "Gujarat", "status": "Preliminary", "fp_no": "39/2", "reser_use": null, "reser_type": null, "tps_id": 212, "show_hide": 1, "fp_area": "5155", "fp_area_final": 5155.0, "temp": "5155", "search": "Gota 33 39/2", "dxf_access": 1, "epsg_code": "EPSG:32643", "parcel_id": "39/2", "land_use": null, "area_sq_m": 5155.0, "owner_name": null, "source_type": "CTPVD_Final_Plot", "source_id": "39/2", "survey_scheme": "Gota_33", "village_name": "Gota", "city_name": "Ahmedabad", "authority_name": "AMC", "district_name": "Ahmedabad", "state_name": "Gujarat", "status_name": "Preliminary" }, "geometry": { "type": "MultiPolygon", "coordinates": [ [ [ [ 249081.218821762595326, 2556514.869421187788248 ], [ 249085.852430860773893, 2556527.279498801100999 ], [ 249153.246720198134426, 2556502.11617573723197 ], [ 249149.807078498328337, 2556474.036669563502073 ], [ 249157.273078918398824, 2556469.237827287055552 ], [ 249148.104122890508734, 2556444.668878707103431 ], [ 249148.008315695973579, 2556444.425225535873324 ], [ 249147.904062632267596, 2556444.185064787045121 ], [ 249147.791490755596897, 2556443.948689111508429 ], [ 249147.670737233565887, 2556443.716386562213302 ], [ 249147.541949225618737, 2556443.488440218847245 ], [ 249147.405283664527815, 2556443.265127855818719 ], [ 249147.260907089279499, 2556443.04672159999609 ], [ 249147.108995442278683, 2556442.833487598225474 ], [ 249146.949733845423907, 2556442.625685698818415 ], [ 249146.783316359389573, 2556442.423569128382951 ], [ 249146.609945789794438, 2556442.227384182624519 ], [ 249146.429833406611579, 2556442.0373699311167 ], [ 249146.243198687006952, 2556441.853757925797254 ], [ 249146.050269065861357, 2556441.676771911792457 ], [ 249145.85127964487765, 2556441.50662756850943 ], [ 249145.64647291431902, 2556441.34353222604841 ], [ 249145.43609844846651, 2556441.187684636097401 ], [ 249145.220412606111495, 2556441.039274714421481 ], [ 249144.99967822493636, 2556440.898483308497816 ], [ 249144.774164287751773, 2556440.765481987968087 ], [ 249144.544145607971586, 2556440.640432825312018 ], [ 249144.309902480395976, 2556440.523488209582865 ], [ 249144.071720346517395, 2556440.414790644310415 ], [ 249143.829889471613569, 2556440.314472587779164 ], [ 249143.584704530279851, 2556440.222656288184226 ], [ 249143.336464311549207, 2556440.13945363368839 ], [ 249143.085471324215177, 2556440.064966012258083 ], [ 249142.83203141510603, 2556439.999284193385392 ], [ 249142.576453439512989, 2556439.942488217260689 ], [ 249142.319048826146172, 2556439.89464729744941 ], [ 249142.060131260397611, 2556439.855819729622453 ], [ 249141.800016245892039, 2556439.8260528286919 ], [ 249141.539020767901093, 2556439.805382872931659 ], [ 249141.277462867845315, 2556439.793835045769811 ], [ 249141.015661279234337, 2556439.79142342088744 ], [ 249140.753935034124879, 2556439.798150937538594 ], [ 249140.492603069986217, 2556439.814009396359324 ], [ 249140.231983840523753, 2556439.838979473337531 ], [ 249139.972394940152299, 2556439.873030740302056 ], [ 249139.714152691245545, 2556439.916121700778604 ], [ 249139.457571802311577, 2556439.968199846334755 ], [ 249139.202964931813767, 2556440.029201716650277 ], [ 249138.950642344076186, 2556440.099052971228957 ], [ 249138.700911509426078, 2556440.177668490912765 ], [ 249138.454076764784986, 2556440.264952477067709 ], [ 249063.774395308806561, 2556468.148456688970327 ], [ 249081.218821762595326, 2556514.869421187788248 ] ] ] ] } },
{ "type": "Feature", "properties": { "id": "final_plot_boundary.fid-4639cb80_1a0ba89becd_6474", "gid": 24429, "tps_name": "Gota_33", "tps_no": "33", "village": "Gota", "city": "Ahmedabad", "authority": "AMC", "district": "Ahmedabad", "state": "Gujarat", "status": "Preliminary", "fp_no": "64", "reser_use": null, "reser_type": null, "tps_id": 212, "show_hide": 1, "fp_area": "9834", "fp_area_final": 9834.0, "temp": "9834", "search": "Gota 33 64", "dxf_access": 1, "epsg_code": "EPSG:32643", "parcel_id": "64", "land_use": null, "area_sq_m": 9834.0, "owner_name": null, "source_type": "CTPVD_Final_Plot", "source_id": "64", "survey_scheme": "Gota_33", "village_name": "Gota", "city_name": "Ahmedabad", "authority_name": "AMC", "district_name": "Ahmedabad", "state_name": "Gujarat", "status_name": "Preliminary" }, "geometry": { "type": "MultiPolygon", "coordinates": [ [ [ [ 248618.791282634658273, 2556387.039988204836845 ], [ 248638.826452867157059, 2556379.539828021079302 ], [ 248651.756717801763443, 2556414.080431532580405 ], [ 248737.303414215915836, 2556382.056050467304885 ], [ 248737.543914364097873, 2556381.961262373253703 ], [ 248737.78100503855967, 2556381.85824240045622 ], [ 248738.01440457632998, 2556381.74711293540895 ], [ 248738.243835696368478, 2556381.628006001468748 ], [ 248738.4690258448245, 2556381.501063095871359 ], [ 248738.689707480749348, 2556381.366435027681291 ], [ 248738.905618443095591, 2556381.224281735252589 ], [ 248739.116502229502657, 2556381.074772098567337 ], [ 248739.322108305816073, 2556380.918083731085062 ], [ 248739.522192415344762, 2556380.754402784164995 ], [ 248739.716516851709457, 2556380.583923707716167 ], [ 248739.9048507627449, 2556380.406849034130573 ], [ 248740.086970402131556, 2556380.22338912403211 ], [ 248740.262659415835515, 2556380.033761930186301 ], [ 248740.431709088181378, 2556379.838192731607705 ], [ 248740.593918581260368, 2556379.636913865804672 ], [ 248740.749095196282724, 2556379.430164447054267 ], [ 248740.89705457360833, 2556379.218190099112689 ], [ 248741.037620943359798, 2556379.001242644619197 ], [ 248741.170627314655576, 2556378.779579819180071 ], [ 248741.295915674127173, 2556378.553464957512915 ], [ 248741.413337173289619, 2556378.323166688904166 ], [ 248741.522752320364816, 2556378.088958601932973 ], [ 248741.624031127721537, 2556377.851118938997388 ], [ 248741.717053285305155, 2556377.609930254518986 ], [ 248741.801708267972572, 2556377.365679079201072 ], [ 248741.877895509591326, 2556377.118655586615205 ], [ 248741.945524509326788, 2556376.86915324209258 ], [ 248742.004514915635809, 2556376.617468450218439 ], [ 248742.0547966483864, 2556376.363900213036686 ], [ 248742.096309973334428, 2556376.108749775681645 ], [ 248742.129005569819128, 2556375.852320252452046 ], [ 248742.152844599477248, 2556375.594916283618659 ], [ 248742.167798740352737, 2556375.33684366568923 ], [ 248742.173850230377866, 2556375.078408990055323 ], [ 248742.170991871622391, 2556374.819919275585562 ], [ 248742.159227066411404, 2556374.561681610997766 ], [ 248742.138569790695328, 2556374.304002780932933 ], [ 248742.109044587530661, 2556374.047188908327371 ], [ 248742.070686523482436, 2556373.791545091196895 ], [ 248742.023541177477455, 2556373.537375032436103 ], [ 248741.967664554947987, 2556373.284980687312782 ], [ 248741.903123038442573, 2556373.034661900252104 ], [ 248741.829993300256319, 2556372.78671605233103 ], [ 248741.748362225509482, 2556372.541437700856477 ], [ 248714.986214822944021, 2556296.526820804458112 ], [ 248623.372741953731747, 2556330.822297880891711 ], [ 248600.89603997420636, 2556339.236444769892842 ], [ 248601.267040744918631, 2556340.22749875113368 ], [ 248618.791282634658273, 2556387.039988204836845 ] ] ] ] } },
{ "type": "Feature", "properties": { "id": "final_plot_boundary.fid-4639cb80_1a0ba89becd_6475", "gid": 24519, "tps_name": "Gota_33", "tps_no": "33", "village": "Gota", "city": "Ahmedabad", "authority": "AMC", "district": "Ahmedabad", "state": "Gujarat", "status": "Preliminary", "fp_no": "144", "reser_use": "Sale For Commercial", "reser_type": "Commercial", "tps_id": 212, "show_hide": 1, "fp_area": "4905", "fp_area_final": 4905.0, "temp": "4905", "search": "Gota 33 144", "dxf_access": 1, "epsg_code": "EPSG:32643", "parcel_id": "144", "land_use": "Sale For Commercial", "area_sq_m": 4905.0, "owner_name": null, "source_type": "CTPVD_Final_Plot", "source_id": "144", "survey_scheme": "Gota_33", "village_name": "Gota", "city_name": "Ahmedabad", "authority_name": "AMC", "district_name": "Ahmedabad", "state_name": "Gujarat", "status_name": "Preliminary" }, "geometry": { "type": "MultiPolygon", "coordinates": [ [ [ [ 248930.922275494056521, 2556062.17557916091755 ], [ 248996.260511068423511, 2556037.791816586628556 ], [ 248973.997900630667573, 2555978.137377252336591 ], [ 248973.907343217608286, 2555977.896746341604739 ], [ 248973.808472922246438, 2555977.659409988671541 ], [ 248973.701409342727857, 2555977.425655268132687 ], [ 248973.586281972267898, 2555977.1957649262622 ], [ 248973.463230070861755, 2555976.970017035957426 ], [ 248973.3324024885369, 2555976.748684655874968 ], [ 248973.193957456038333, 2555976.532035505864769 ], [ 248973.048062444693642, 2555976.320331642404199 ], [ 248972.894893924240023, 2555976.113829135894775 ], [ 248972.734637167537585, 2555975.912777773570269 ], [ 248972.567486017302144, 2555975.717420735862106 ], [ 248972.393642644077772, 2555975.527994330041111 ], [ 248972.213317341957008, 2555975.344727678690106 ], [ 248972.026728223834652, 2555975.167842460330576 ], [ 248971.834100983367534, 2555974.997552631422877 ], [ 248971.63566861950676, 2555974.834064169321209 ], [ 248971.431671150901821, 2555974.677574830129743 ], [ 248971.222355334728491, 2555974.528273900039494 ], [ 248971.007974347041454, 2555974.386341969016939 ], [ 248970.788787503814092, 2555974.251950714271516 ], [ 248970.565059931541327, 2555974.125262697227299 ], [ 248970.337062252219766, 2555974.006431152578443 ], [ 248970.105070233927108, 2555973.895599822048098 ], [ 248969.869364498183131, 2555973.792902760673314 ], [ 248969.63023014497594, 2555973.698464193381369 ], [ 248969.387956439139089, 2555973.612398346886039 ], [ 248969.142836421378888, 2555973.534809327218682 ], [ 248968.8951665822824, 2555973.465790985152125 ], [ 248968.645246502943337, 2555973.405426804441959 ], [ 248968.393378482607659, 2555973.353789797518402 ], [ 248968.139867178077111, 2555973.310942425392568 ], [ 248967.885019226290751, 2555973.276936515700072 ], [ 248967.629142889694776, 2555973.251813201699406 ], [ 248967.372547676495742, 2555973.23560286918655 ], [ 248967.115543951367727, 2555973.228325131814927 ], [ 248966.858442584198201, 2555973.229988787323236 ], [ 248966.601554563763784, 2555973.240591827314347 ], [ 248966.345190612308215, 2555973.260121422354132 ], [ 248966.089660826168256, 2555973.288553952239454 ], [ 248965.835274288954679, 2555973.325855024624616 ], [ 248965.582338704291033, 2555973.371979521587491 ], [ 248965.331160013680346, 2555973.426871652249247 ], [ 248965.082042044989066, 2555973.490465018898249 ], [ 248964.835286115383497, 2555973.562682697549462 ], [ 248964.591190710372757, 2555973.643437341786921 ], [ 248964.35005107728648, 2555973.732631266582757 ], [ 248907.279649935633643, 2555995.021609752904624 ], [ 248930.922275494056521, 2556062.17557916091755 ] ] ] ] } },
{ "type": "Feature", "properties": { "id": "final_plot_boundary.fid-4639cb80_1a0ba89becd_6476", "gid": 24416, "tps_name": "Gota_33", "tps_no": "33", "village": "Gota", "city": "Ahmedabad", "authority": "AMC", "district": "Ahmedabad", "state": "Gujarat", "status": "Preliminary", "fp_no": "55", "reser_use": null, "reser_type": null, "tps_id": 212, "show_hide": 1, "fp_area": "2307", "fp_area_final": 2307.0, "temp": "2307", "search": "Gota 33 55", "dxf_access": 1, "epsg_code": "EPSG:32643", "parcel_id": "55", "land_use": null, "area_sq_m": 2307.0, "owner_name": null, "source_type": "CTPVD_Final_Plot", "source_id": "55", "survey_scheme": "Gota_33", "village_name": "Gota", "city_name": "Ahmedabad", "authority_name": "AMC", "district_name": "Ahmedabad", "state_name": "Gujarat", "status_name": "Preliminary" }, "geometry": { "type": "MultiPolygon", "coordinates": [ [ [ [ 249048.584384467860218, 2556177.997806365601718 ], [ 248993.735619807150215, 2556198.004493477754295 ], [ 249007.627353638003115, 2556235.228501668665558 ], [ 249062.324623267893912, 2556214.815871537197381 ], [ 249048.584384467860218, 2556177.997806365601718 ] ] ] ] } },
{ "type": "Feature", "properties": { "id": "final_plot_boundary.fid-4639cb80_1a0ba89becd_6477", "gid": 24411, "tps_name": "Gota_33", "tps_no": "33", "village": "Gota", "city": "Ahmedabad", "authority": "AMC", "district": "Ahmedabad", "state": "Gujarat", "status": "Preliminary", "fp_no": "45", "reser_use": null, "reser_type": null, "tps_id": 212, "show_hide": 1, "fp_area": "12324", "fp_area_final": 12324.0, "temp": "12324", "search": "Gota 33 45", "dxf_access": 1, "epsg_code": "EPSG:32643", "parcel_id": "45", "land_use": null, "area_sq_m": 12324.0, "owner_name": null, "source_type": "CTPVD_Final_Plot", "source_id": "45", "survey_scheme": "Gota_33", "village_name": "Gota", "city_name": "Ahmedabad", "authority_name": "AMC", "district_name": "Ahmedabad", "state_name": "Gujarat", "status_name": "Preliminary" }, "geometry": { "type": "MultiPolygon", "coordinates": [ [ [ [ 249138.851075941172894, 2556119.135997584089637 ], [ 249149.322124139784137, 2556147.19400593964383 ], [ 249175.794699803605909, 2556218.129382700193673 ], [ 249270.547385370155098, 2556182.768357602413744 ], [ 249266.604669426451437, 2556111.409783252514899 ], [ 249259.374049390346045, 2556074.157685214653611 ], [ 249138.851075941172894, 2556119.135997584089637 ] ] ] ] } },
{ "type": "Feature", "properties": { "id": "final_plot_boundary.fid-4639cb80_1a0ba89becd_6478", "gid": 24514, "tps_name": "Gota_33", "tps_no": "33", "village": "Gota", "city": "Ahmedabad", "authority": "AMC", "district": "Ahmedabad", "state": "Gujarat", "status": "Preliminary", "fp_no": "56/1/1", "reser_use": null, "reser_type": null, "tps_id": 212, "show_hide": 1, "fp_area": "6211", "fp_area_final": 6211.0, "temp": "6211", "search": "Gota 33 56/1/1", "dxf_access": 1, "epsg_code": "EPSG:32643", "parcel_id": "56/1/1", "land_use": null, "area_sq_m": 6211.0, "owner_name": null, "source_type": "CTPVD_Final_Plot", "source_id": "56/1/1", "survey_scheme": "Gota_33", "village_name": "Gota", "city_name": "Ahmedabad", "authority_name": "AMC", "district_name": "Ahmedabad", "state_name": "Gujarat", "status_name": "Preliminary" }, "geometry": { "type": "MultiPolygon", "coordinates": [ [ [ [ 248843.055013377830619, 2556252.966893551871181 ], [ 248858.527357282378944, 2556295.384658410679549 ], [ 248894.09082202159334, 2556282.412495482247323 ], [ 248907.20494915911695, 2556318.365158159285784 ], [ 248958.174006341025233, 2556299.343870270997286 ], [ 248929.147067813173635, 2556221.56387460231781 ], [ 248844.020124461472733, 2556252.614858721848577 ], [ 248843.055013377830619, 2556252.966893551871181 ] ] ] ] } },
{ "type": "Feature", "properties": { "id": "final_plot_boundary.fid-4639cb80_1a0ba89becd_6479", "gid": 24439, "tps_name": "Gota_33", "tps_no": "33", "village": "Gota", "city": "Ahmedabad", "authority": "AMC", "district": "Ahmedabad", "state": "Gujarat", "status": "Preliminary", "fp_no": "115/1", "reser_use": null, "reser_type": null, "tps_id": 212, "show_hide": 1, "fp_area": "1908", "fp_area_final": 1908.0, "temp": "1908", "search": "Gota 33 115/1", "dxf_access": 1, "epsg_code": "EPSG:32643", "parcel_id": "115/1", "land_use": null, "area_sq_m": 1908.0, "owner_name": null, "source_type": "CTPVD_Final_Plot", "source_id": "115/1", "survey_scheme": "Gota_33", "village_name": "Gota", "city_name": "Ahmedabad", "authority_name": "AMC", "district_name": "Ahmedabad", "state_name": "Gujarat", "status_name": "Preliminary" }, "geometry": { "type": "MultiPolygon", "coordinates": [ [ [ [ 248362.842288410407491, 2555973.673704509623349 ], [ 248394.104262599954382, 2555969.422521788626909 ], [ 248370.68498209916288, 2555908.031828966923058 ], [ 248346.151218905375572, 2555917.216036124620587 ], [ 248346.007691064471146, 2555917.272589215543121 ], [ 248345.866186013096012, 2555917.334028729237616 ], [ 248345.726870056125335, 2555917.400282458867878 ], [ 248345.589906918845372, 2555917.471272542607039 ], [ 248345.455457567353733, 2555917.546915548387915 ], [ 248345.32368000416318, 2555917.62712257867679 ], [ 248345.194729110749904, 2555917.711799371987581 ], [ 248345.068756422173465, 2555917.800846411380917 ], [ 248344.945909997099079, 2555917.894159050658345 ], [ 248344.826334201905411, 2555917.991627620533109 ], [ 248344.710169564146781, 2555918.093137574847788 ], [ 248344.597552612365689, 2555918.198569613043219 ], [ 248344.48861569489236, 2555918.307799831964076 ], [ 248344.38348682835931, 2555918.420699856244028 ], [ 248344.282289577502524, 2555918.537137004546821 ], [ 248344.185142873087898, 2555918.656974437646568 ], [ 248344.092160875414265, 2555918.780071313027292 ], [ 248344.003452866134467, 2555918.906282967887819 ], [ 248343.919123092491645, 2555919.035461072809994 ], [ 248343.839270667318488, 2555919.167453811038285 ], [ 248343.763989431725349, 2555919.302106061950326 ], [ 248343.693367863685125, 2555919.439259578939527 ], [ 248343.627488961385097, 2555919.578753173351288 ], [ 248343.566430137056159, 2555919.720422907266766 ], [ 248343.510263160918839, 2555919.86410228535533 ], [ 248343.459054036502494, 2555920.009622450452298 ], [ 248343.412862941389903, 2555920.156812383793294 ], [ 248343.371744178235531, 2555920.305499101988971 ], [ 248343.335746053460753, 2555920.455507861915976 ], [ 248343.304910883773118, 2555920.606662368867546 ], [ 248343.279274900472956, 2555920.758784982841462 ], [ 248343.258868234639522, 2555920.911696920637041 ], [ 248343.243714872543933, 2555921.065218477509916 ], [ 248343.233832618570887, 2555921.219169231131673 ], [ 248343.229233091173228, 2555921.37336824927479 ], [ 248343.229921689693583, 2555921.527634314727038 ], [ 248343.235897606034996, 2555921.681786127854139 ], [ 248343.24715382172144, 2555921.835642524063587 ], [ 248343.26367710577324, 2555921.989022684749216 ], [ 248343.28544803490513, 2555922.141746355220675 ], [ 248343.312441033660434, 2555922.293634047731757 ], [ 248343.344624367367942, 2555922.444507259875536 ], [ 248343.381960220722249, 2555922.594188678078353 ], [ 248343.424404714314733, 2555922.742502393200994 ], [ 248343.471907957980875, 2555922.889274103101343 ], [ 248343.524414139945293, 2555923.034331312868744 ], [ 248362.842288410407491, 2555973.673704509623349 ] ] ] ] } },
{ "type": "Feature", "properties": { "id": "final_plot_boundary.fid-4639cb80_1a0ba89becd_647a", "gid": 24414, "tps_name": "Gota_33", "tps_no": "33", "village": "Gota", "city": "Ahmedabad", "authority": "AMC", "district": "Ahmedabad", "state": "Gujarat", "status": "Preliminary", "fp_no": "85", "reser_use": null, "reser_type": null, "tps_id": 212, "show_hide": 1, "fp_area": "12450", "fp_area_final": 12450.0, "temp": "12450", "search": "Gota 33 85", "dxf_access": 1, "epsg_code": "EPSG:32643", "parcel_id": "85", "land_use": null, "area_sq_m": 12450.0, "owner_name": null, "source_type": "CTPVD_Final_Plot", "source_id": "85", "survey_scheme": "Gota_33", "village_name": "Gota", "city_name": "Ahmedabad", "authority_name": "AMC", "district_name": "Ahmedabad", "state_name": "Gujarat", "status_name": "Preliminary" }, "geometry": { "type": "MultiPolygon", "coordinates": [ [ [ [ 248627.932985230669146, 2555657.779785413295031 ], [ 248650.546126013854519, 2555718.402791538275778 ], [ 248661.030836367048323, 2555746.510990498587489 ], [ 248674.077555284980917, 2555781.487614414189011 ], [ 248723.460169819445582, 2555763.067280517425388 ], [ 248734.666901057003997, 2555764.862814710475504 ], [ 248744.929492440220201, 2555694.036601346451789 ], [ 248745.040211401268607, 2555693.043706921394914 ], [ 248745.61666534160031, 2555687.874241196550429 ], [ 248729.58945970115019, 2555624.003251567482948 ], [ 248731.106622702092864, 2555615.339257516432554 ], [ 248731.057325013593072, 2555615.594633703120053 ], [ 248730.999202166683972, 2555615.848147004842758 ], [ 248730.93232405532035, 2555616.099492539651692 ], [ 248730.856771115621086, 2555616.348368034698069 ], [ 248730.772634201450273, 2555616.594474188052118 ], [ 248730.680014503042912, 2555616.837515030521899 ], [ 248730.579023401543964, 2555617.077198272570968 ], [ 248730.469782355125062, 2555617.313235668931156 ], [ 248730.35242273908807, 2555617.545343359932303 ], [ 248730.227085687511135, 2555617.77324220398441 ], [ 248730.093921939231222, 2555617.996658126357943 ], [ 248729.953091632836731, 2555618.215322445146739 ], [ 248729.804764136759331, 2555618.428972190245986 ], [ 248729.64911783838761, 2555618.637350423727185 ], [ 248729.486339905386558, 2555618.84020654251799 ], [ 248729.316626113082748, 2555619.037296591326594 ], [ 248729.140180556540145, 2555619.228383544832468 ], [ 248728.957215427799383, 2555619.413237599190325 ], [ 248728.767950769310119, 2555619.591636443510652 ], [ 248728.57261419275892, 2555619.763365538790822 ], [ 248728.371440610295394, 2555619.928218349814415 ], [ 248728.164671963109868, 2555620.085996631067246 ], [ 248727.952556915668538, 2555620.236510630231351 ], [ 248727.735350550879957, 2555620.37957933684811 ], [ 248727.513314094161615, 2555620.515030696522444 ], [ 248727.286714570800541, 2555620.642701813951135 ], [ 248727.055824482551543, 2555620.762439145706594 ], [ 248726.820921518694377, 2555620.874098693951964 ], [ 248726.582288161764154, 2555620.977546178270131 ], [ 248726.340211410250049, 2555621.072657187003642 ], [ 248627.932985230669146, 2555657.779785413295031 ] ] ] ] } },
{ "type": "Feature", "properties": { "id": "final_plot_boundary.fid-4639cb80_1a0ba89becd_647b", "gid": 24420, "tps_name": "Gota_33", "tps_no": "33", "village": "Gota", "city": "Ahmedabad", "authority": "AMC", "district": "Ahmedabad", "state": "Gujarat", "status": "Preliminary", "fp_no": "76", "reser_use": null, "reser_type": null, "tps_id": 212, "show_hide": 1, "fp_area": "1943", "fp_area_final": 1943.0, "temp": "1943", "search": "Gota 33 76", "dxf_access": 1, "epsg_code": "EPSG:32643", "parcel_id": "76", "land_use": null, "area_sq_m": 1943.0, "owner_name": null, "source_type": "CTPVD_Final_Plot", "source_id": "76", "survey_scheme": "Gota_33", "village_name": "Gota", "city_name": "Ahmedabad", "authority_name": "AMC", "district_name": "Ahmedabad", "state_name": "Gujarat", "status_name": "Preliminary" }, "geometry": { "type": "MultiPolygon", "coordinates": [ [ [ [ 248676.427680346707348, 2556005.19343967596069 ], [ 248653.477802696375875, 2555943.66768405539915 ], [ 248633.048463164304849, 2555951.288083644583821 ], [ 248632.807671202754136, 2555951.382664104923606 ], [ 248632.570284418732626, 2555951.485492815263569 ], [ 248632.33658524355269, 2555951.596447428222746 ], [ 248632.106851736461977, 2555951.715395933017135 ], [ 248631.881357234931784, 2555951.842196804005653 ], [ 248631.660370031255297, 2555951.976699169259518 ], [ 248631.444153054442722, 2555952.118743002880365 ], [ 248631.232963563350495, 2555952.268159300554544 ], [ 248631.027052832272602, 2555952.4247702867724 ], [ 248630.826665850356221, 2555952.588389622978866 ], [ 248630.632041036558803, 2555952.758822636678815 ], [ 248630.443409956846153, 2555952.935866547282785 ], [ 248630.260997042409144, 2555953.119310710113496 ], [ 248630.085019332298543, 2555953.308936859015375 ], [ 248629.915686206863029, 2555953.504519378766418 ], [ 248629.753199130063877, 2555953.7058255658485 ], [ 248629.597751437831903, 2555953.912615905050188 ], [ 248629.449528073862894, 2555954.124644358642399 ], [ 248629.308705400588224, 2555954.341658655554056 ], [ 248629.17545096136746, 2555954.563400589860976 ], [ 248629.04992330976529, 2555954.789606335107237 ], [ 248628.932271794445114, 2555955.020006750710309 ], [ 248628.822636397468159, 2555955.254327707923949 ], [ 248628.721147562639089, 2555955.492290408816189 ], [ 248628.627926051034592, 2555955.733611728530377 ], [ 248628.543082762626, 2555955.978004543110728 ], [ 248628.466718649666291, 2555956.225178071297705 ], [ 248628.398924576380523, 2555956.47483822517097 ], [ 248628.33978119288804, 2555956.726687968242913 ], [ 248628.28935887652915, 2555956.980427637696266 ], [ 248628.247717615799047, 2555957.235755340196192 ], [ 248628.214906955923652, 2555957.492367286235094 ], [ 248628.190965935122222, 2555957.749958159867674 ], [ 248628.175923045317177, 2555958.008221480529755 ], [ 248628.169796173344366, 2555958.266849961597472 ], [ 248628.172592614457244, 2555958.525535891763866 ], [ 248628.184309041040251, 2555958.783971485681832 ], [ 248628.204931509884773, 2555959.041849256493151 ], [ 248628.234435494377976, 2555959.298862379044294 ], [ 248628.272785873763496, 2555959.554705063346773 ], [ 248628.31993703453918, 2555959.809072903823107 ], [ 248628.375832867546706, 2555960.06166325788945 ], [ 248628.440406876266934, 2555960.312175589613616 ], [ 248628.513582221901743, 2555960.560311840381473 ], [ 248628.595271840400528, 2555960.805776780005544 ], [ 248647.961031592771178, 2556015.811856298241764 ], [ 248676.427680346707348, 2556005.19343967596069 ] ] ] ] } },
{ "type": "Feature", "properties": { "id": "final_plot_boundary.fid-4639cb80_1a0ba89becd_647c", "gid": 24484, "tps_name": "Gota_33", "tps_no": "33", "village": "Gota", "city": "Ahmedabad", "authority": "AMC", "district": "Ahmedabad", "state": "Gujarat", "status": "Preliminary", "fp_no": "25", "reser_use": null, "reser_type": null, "tps_id": 212, "show_hide": 1, "fp_area": "1593", "fp_area_final": 1593.0, "temp": "1593", "search": "Gota 33 25", "dxf_access": 1, "epsg_code": "EPSG:32643", "parcel_id": "25", "land_use": null, "area_sq_m": 1593.0, "owner_name": null, "source_type": "CTPVD_Final_Plot", "source_id": "25", "survey_scheme": "Gota_33", "village_name": "Gota", "city_name": "Ahmedabad", "authority_name": "AMC", "district_name": "Ahmedabad", "state_name": "Gujarat", "status_name": "Preliminary" }, "geometry": { "type": "MultiPolygon", "coordinates": [ [ [ [ 248897.964532459882321, 2556614.424503671936691 ], [ 248894.764093678852078, 2556597.951207090634853 ], [ 248899.22037055369583, 2556597.547157051973045 ], [ 248891.682092332834145, 2556575.785683675203472 ], [ 248850.171221456141211, 2556590.165247431024909 ], [ 248860.996349762368482, 2556620.91270460234955 ], [ 248861.069089747732505, 2556621.108377944212407 ], [ 248861.148592681711307, 2556621.301402415148914 ], [ 248861.234762320818845, 2556621.491544351913035 ], [ 248861.327494355879026, 2556621.67857358045876 ], [ 248861.426676535891602, 2556621.862263696268201 ], [ 248861.532188789162319, 2556622.042392337694764 ], [ 248861.64390339210513, 2556622.218741450458765 ], [ 248861.761685112811392, 2556622.391097559593618 ], [ 248861.885391374788014, 2556622.559252025093883 ], [ 248862.01487242069561, 2556622.723001286853105 ], [ 248862.149971518781967, 2556622.882147124037147 ], [ 248862.290525119722588, 2556623.036496883723885 ], [ 248862.436363077780697, 2556623.18586372025311 ], [ 248862.587308858695906, 2556623.330066819209605 ], [ 248862.743179733544821, 2556623.468931621871889 ], [ 248862.903787017858122, 2556623.602290024515241 ], [ 248863.06893628812395, 2556623.729980594478548 ], [ 248863.238427622447489, 2556623.851848756428808 ], [ 248863.412055853405036, 2556623.967746987938881 ], [ 248863.589610796218039, 2556624.077534988056868 ], [ 248863.770877517032204, 2556624.181079853791744 ], [ 248863.955636583559681, 2556624.278256242163479 ], [ 248864.143664333532797, 2556624.368946519680321 ], [ 248864.3347331629775, 2556624.453040901105851 ], [ 248864.528611780173378, 2556624.530437587760389 ], [ 248864.725065472826827, 2556624.601042888592929 ], [ 248864.923856436129427, 2556624.664771333802491 ], [ 248865.124744035187177, 2556624.721545776352286 ], [ 248865.327485077548772, 2556624.771297490224242 ], [ 248865.531834135123063, 2556624.813966249581426 ], [ 248865.737543850176735, 2556624.849500402808189 ], [ 248865.944365200266475, 2556624.877856933511794 ], [ 248866.152047818206483, 2556624.899001515470445 ], [ 248866.36034029442817, 2556624.912908553611487 ], [ 248866.568990496627521, 2556624.919561211951077 ], [ 248866.777745829720516, 2556624.918951436877251 ], [ 248866.986353603890166, 2556624.911079968325794 ], [ 248867.194561287295073, 2556624.895956334192306 ], [ 248867.402116831974126, 2556624.873598841950297 ], [ 248867.608768993173726, 2556624.844034553971142 ], [ 248867.814267610199749, 2556624.807299261447042 ], [ 248868.018363915994996, 2556624.763437432236969 ], [ 248868.220810853817966, 2556624.712502164300531 ], [ 248868.421363340719836, 2556624.65455511584878 ], [ 248868.619778617459815, 2556624.589666431304067 ], [ 248897.964532459882321, 2556614.424503671936691 ] ] ] ] } },
{ "type": "Feature", "properties": { "id": "final_plot_boundary.fid-4639cb80_1a0ba89becd_647d", "gid": 24374, "tps_name": "Gota_33", "tps_no": "33", "village": "Gota", "city": "Ahmedabad", "authority": "AMC", "district": "Ahmedabad", "state": "Gujarat", "status": "Preliminary", "fp_no": "113", "reser_use": null, "reser_type": null, "tps_id": 212, "show_hide": 1, "fp_area": "5042", "fp_area_final": 5042.0, "temp": "5042", "search": "Gota 33 113", "dxf_access": 1, "epsg_code": "EPSG:32643", "parcel_id": "113", "land_use": null, "area_sq_m": 5042.0, "owner_name": null, "source_type": "CTPVD_Final_Plot", "source_id": "113", "survey_scheme": "Gota_33", "village_name": "Gota", "city_name": "Ahmedabad", "authority_name": "AMC", "district_name": "Ahmedabad", "state_name": "Gujarat", "status_name": "Preliminary" }, "geometry": { "type": "MultiPolygon", "coordinates": [ [ [ [ 248691.534880556428107, 2555916.664266316685826 ], [ 248791.671495731367031, 2555879.312054328620434 ], [ 248777.105086994240992, 2555864.49883766984567 ], [ 248752.223602127633058, 2555847.130545017775148 ], [ 248753.869420750357676, 2555836.160501996055245 ], [ 248672.787563433259493, 2555866.405050582252443 ], [ 248691.534880556428107, 2555916.664266316685826 ] ] ] ] } },
{ "type": "Feature", "properties": { "id": "final_plot_boundary.fid-4639cb80_1a0ba89becd_647e", "gid": 24467, "tps_name": "Gota_33", "tps_no": "33", "village": "Gota", "city": "Ahmedabad", "authority": "AMC", "district": "Ahmedabad", "state": "Gujarat", "status": "Preliminary", "fp_no": "1", "reser_use": null, "reser_type": null, "tps_id": 212, "show_hide": 1, "fp_area": "251", "fp_area_final": 251.0, "temp": "251", "search": "Gota 33 1", "dxf_access": 1, "epsg_code": "EPSG:32643", "parcel_id": "1", "land_use": null, "area_sq_m": 251.0, "owner_name": null, "source_type": "CTPVD_Final_Plot", "source_id": "1", "survey_scheme": "Gota_33", "village_name": "Gota", "city_name": "Ahmedabad", "authority_name": "AMC", "district_name": "Ahmedabad", "state_name": "Gujarat", "status_name": "Preliminary" }, "geometry": { "type": "MultiPolygon", "coordinates": [ [ [ [ 248525.587101921526482, 2556368.558261966798455 ], [ 248520.278763881651685, 2556353.795292551163584 ], [ 248505.293024828744819, 2556359.405199632048607 ], [ 248510.601362869725563, 2556374.168169049080461 ], [ 248525.587101921526482, 2556368.558261966798455 ] ] ] ] } },
{ "type": "Feature", "properties": { "id": "final_plot_boundary.fid-4639cb80_1a0ba89becd_647f", "gid": 24434, "tps_name": "Gota_33", "tps_no": "33", "village": "Gota", "city": "Ahmedabad", "authority": "AMC", "district": "Ahmedabad", "state": "Gujarat", "status": "Preliminary", "fp_no": "3", "reser_use": null, "reser_type": null, "tps_id": 212, "show_hide": 1, "fp_area": "1944", "fp_area_final": 1944.0, "temp": "1944", "search": "Gota 33 3", "dxf_access": 1, "epsg_code": "EPSG:32643", "parcel_id": "3", "land_use": null, "area_sq_m": 1944.0, "owner_name": null, "source_type": "CTPVD_Final_Plot", "source_id": "3", "survey_scheme": "Gota_33", "village_name": "Gota", "city_name": "Ahmedabad", "authority_name": "AMC", "district_name": "Ahmedabad", "state_name": "Gujarat", "status_name": "Preliminary" }, "geometry": { "type": "MultiPolygon", "coordinates": [ [ [ [ 248528.421802668366581, 2556216.317564428783953 ], [ 248516.599252792511834, 2556220.743332555983216 ], [ 248479.547791333752684, 2556234.613536439370364 ], [ 248465.303181451541604, 2556239.946002029813826 ], [ 248474.641282548400341, 2556267.25124663952738 ], [ 248496.986600757139968, 2556258.886283229105175 ], [ 248537.759903769416269, 2556243.622809037100524 ], [ 248528.421802668366581, 2556216.317564428783953 ] ] ] ] } },
{ "type": "Feature", "properties": { "id": "final_plot_boundary.fid-4639cb80_1a0ba89becd_6480", "gid": 24454, "tps_name": "Gota_33", "tps_no": "33", "village": "Gota", "city": "Ahmedabad", "authority": "AMC", "district": "Ahmedabad", "state": "Gujarat", "status": "Preliminary", "fp_no": "52", "reser_use": null, "reser_type": null, "tps_id": 212, "show_hide": 1, "fp_area": "6132", "fp_area_final": 6132.0, "temp": "6132", "search": "Gota 33 52", "dxf_access": 1, "epsg_code": "EPSG:32643", "parcel_id": "52", "land_use": null, "area_sq_m": 6132.0, "owner_name": null, "source_type": "CTPVD_Final_Plot", "source_id": "52", "survey_scheme": "Gota_33", "village_name": "Gota", "city_name": "Ahmedabad", "authority_name": "AMC", "district_name": "Ahmedabad", "state_name": "Gujarat", "status_name": "Preliminary" }, "geometry": { "type": "MultiPolygon", "coordinates": [ [ [ [ 249073.294086663634516, 2556175.567126187961549 ], [ 249082.144874397141393, 2556199.283517466858029 ], [ 249097.144372459268197, 2556239.475868207402527 ], [ 249097.240169490716653, 2556239.719496794510633 ], [ 249097.344410682911985, 2556239.95963370334357 ], [ 249097.456969027523883, 2556240.195986358914524 ], [ 249097.577707396034384, 2556240.42826680932194 ], [ 249097.706478688429343, 2556240.656192049849778 ], [ 249097.843126009218395, 2556240.879484392236918 ], [ 249097.987482878583251, 2556241.097871787846088 ], [ 249098.139373417245224, 2556241.311088165268302 ], [ 249098.298612574522849, 2556241.518873754423112 ], [ 249098.465006341953995, 2556241.720975399948657 ], [ 249098.638351995119592, 2556241.917146871332079 ], [ 249098.818438333226368, 2556242.107149164192379 ], [ 249099.005045944824815, 2556242.290750790387392 ], [ 249099.197947493725223, 2556242.467728059738874 ], [ 249099.396907946211286, 2556242.637865352444351 ], [ 249099.601684904482681, 2556242.800955383107066 ], [ 249099.812028881162405, 2556242.956799449864775 ], [ 249100.027683593187248, 2556243.105207681655884 ], [ 249100.248386314691743, 2556243.245999266859144 ], [ 249100.473868141853018, 2556243.379002671688795 ], [ 249100.70385436763172, 2556243.504055849742144 ], [ 249100.938064780668356, 2556243.621006449684501 ], [ 249101.17621403458179, 2556243.729711977764964 ], [ 249101.418011984118493, 2556243.83003999851644 ], [ 249101.663164037134266, 2556243.921868273057044 ], [ 249101.911371504451381, 2556244.005084926262498 ], [ 249102.162331993604312, 2556244.079588572029024 ], [ 249102.415739749412751, 2556244.145288434345275 ], [ 249102.671286020195112, 2556244.20210447255522 ], [ 249102.928659475466702, 2556244.249967462848872 ], [ 249103.187546536559239, 2556244.288819093257189 ], [ 249103.44763179437723, 2556244.318612026982009 ], [ 249103.70859837307944, 2556244.339309969451278 ], [ 249103.970128328044666, 2556244.350887697655708 ], [ 249104.2319030231738, 2556244.353331111371517 ], [ 249104.493603523500497, 2556244.346637231763452 ], [ 249104.754910991439829, 2556244.330814213026315 ], [ 249105.015507061878452, 2556244.305881335865706 ], [ 249105.275074238103116, 2556244.271868973039091 ], [ 249105.533296280656941, 2556244.228818566072732 ], [ 249105.789858581614681, 2556244.176782567519695 ], [ 249106.044448565284256, 2556244.115824370179325 ], [ 249106.2967560463876, 2556244.046018246561289 ], [ 249106.546473631489789, 2556243.967449239455163 ], [ 249106.79329707659781, 2556243.880213080439717 ], [ 249175.794699803605909, 2556218.129382700193673 ], [ 249149.322124139784137, 2556147.19400593964383 ], [ 249073.294086663634516, 2556175.567126187961549 ] ] ] ] } },
{ "type": "Feature", "properties": { "id": "final_plot_boundary.fid-4639cb80_1a0ba89becd_6481", "gid": 24383, "tps_name": "Gota_33", "tps_no": "33", "village": "Gota", "city": "Ahmedabad", "authority": "AMC", "district": "Ahmedabad", "state": "Gujarat", "status": "Preliminary", "fp_no": "108", "reser_use": null, "reser_type": null, "tps_id": 212, "show_hide": 1, "fp_area": "1152", "fp_area_final": 1152.0, "temp": "1152", "search": "Gota 33 108", "dxf_access": 1, "epsg_code": "EPSG:32643", "parcel_id": "108", "land_use": null, "area_sq_m": 1152.0, "owner_name": null, "source_type": "CTPVD_Final_Plot", "source_id": "108", "survey_scheme": "Gota_33", "village_name": "Gota", "city_name": "Ahmedabad", "authority_name": "AMC", "district_name": "Ahmedabad", "state_name": "Gujarat", "status_name": "Preliminary" }, "geometry": { "type": "MultiPolygon", "coordinates": [ [ [ [ 248188.420074785040924, 2555578.616921552922577 ], [ 248198.151052086264826, 2555575.624030540231615 ], [ 248202.371752306265989, 2555586.688064324203879 ], [ 248209.212488861143356, 2555584.127236572559923 ], [ 248209.548568410478765, 2555583.994790283963084 ], [ 248209.879893128876574, 2555583.850861796177924 ], [ 248210.206070863147033, 2555583.695621464867145 ], [ 248210.526715568004875, 2555583.529253030661494 ], [ 248210.841447713522939, 2555583.351953407749534 ], [ 248211.149894783855416, 2555583.163932445924729 ], [ 248211.451691708876751, 2555582.965412686113268 ], [ 248211.746481281908927, 2555582.756629096344113 ], [ 248212.033914588944754, 2555582.537828792352229 ], [ 248212.313651424687123, 2555582.309270742349327 ], [ 248212.585360697790748, 2555582.071225470863283 ], [ 248212.848720804788172, 2555581.823974725790322 ], [ 248213.103420044790255, 2555581.567811151500791 ], [ 248213.349156951415353, 2555581.30303794099018 ], [ 248213.58564067343832, 2555581.029968484304845 ], [ 248213.81259130226681, 2555580.748925979249179 ], [ 248214.029740230471361, 2555580.460243069101125 ], [ 248214.236830437497701, 2555580.164261437952518 ], [ 248214.433616810274543, 2555579.861331408377737 ], [ 248214.619866434601136, 2555579.551811528857797 ], [ 248214.795358865987509, 2555579.236068142112345 ], [ 248214.959886392171029, 2555578.914474962744862 ], [ 248215.113254276337102, 2555578.587412628345191 ], [ 248215.255280997982481, 2555578.255268247332424 ], [ 248215.385798452334711, 2555577.918434944935143 ], [ 248215.504652156552766, 2555577.577311397064477 ], [ 248215.611701441026526, 2555577.232301352545619 ], [ 248215.706819601968164, 2555576.88381316838786 ], [ 248215.78989405624452, 2555576.532259311527014 ], [ 248215.860826477961382, 2555576.178055880591273 ], [ 248215.919532906031236, 2555575.821622108109295 ], [ 248215.965943866816815, 2555575.463379869703203 ], [ 248216.00000441679731, 2555575.103753175586462 ], [ 248216.021674250398064, 2555574.743167683016509 ], [ 248216.030927717365557, 2555574.382050178479403 ], [ 248216.02775386380381, 2555574.020828077103943 ], [ 248216.012156448559836, 2555573.65992892254144 ], [ 248215.432942819985328, 2555564.080993963871151 ], [ 248214.66363970466773, 2555551.358391867950559 ], [ 248214.143831590306945, 2555542.761895026545972 ], [ 248214.131786182289943, 2555542.607079486362636 ], [ 248214.114406451903051, 2555542.452771715819836 ], [ 248214.091713103174698, 2555542.299155458342284 ], [ 248214.063733148970641, 2555542.146413631271571 ], [ 248214.030499913526, 2555541.994728119112551 ], [ 248213.992052963527385, 2555541.844279539305717 ], [ 248213.948438082559733, 2555541.695247041527182 ], [ 248213.899707209988264, 2555541.547808087430894 ], [ 248213.845918363513192, 2555541.402138244360685 ], [ 248213.787135605816729, 2555541.258410966023803 ], [ 248213.723428919969592, 2555541.116797402501106 ], [ 248213.654874176339945, 2555540.977466179057956 ], [ 248213.581552997522522, 2555540.840583206620067 ], [ 248213.503552698064595, 2555540.706311481073499 ], [ 248213.420966155972565, 2555540.574810887221247 ], [ 248213.333891715010395, 2555540.446238010656089 ], [ 248213.242433057253947, 2555540.320745951496065 ], [ 248213.146699083008571, 2555540.19848414324224 ], [ 248213.046803800360067, 2555540.079598166514188 ], [ 248212.942866153782234, 2555539.964229590725154 ], [ 248212.8350099074014, 2555539.852515789680183 ], [ 248212.72336349694524, 2555539.744589786510915 ], [ 248212.608059864753159, 2555539.640580100007355 ], [ 248212.489236306020757, 2555539.540610576514155 ], [ 248212.367034315422643, 2555539.444800260011107 ], [ 248212.24159941347898, 2555539.353263234253973 ], [ 248212.113080948707648, 2555539.266108498908579 ], [ 248211.981631963979453, 2555539.183439839165658 ], [ 248211.847408981382614, 2555539.105355686042458 ], [ 248211.710571837844327, 2555539.031949025113136 ], [ 248211.571283457044046, 2555538.963307264260948 ], [ 248211.429709713876946, 2555538.89951213914901 ], [ 248211.286019182094606, 2555538.840639614965767 ], [ 248211.140382965735625, 2555538.78675979655236 ], [ 248210.992974478984252, 2555538.73793684085831 ], [ 248210.843969250301598, 2555538.694228879641742 ], [ 248210.693544714245945, 2555538.655687967780977 ], [ 248210.541879988100845, 2555538.62235999153927 ], [ 248210.389155665441649, 2555538.594284638296813 ], [ 248210.235553615930257, 2555538.571495341602713 ], [ 248210.081256729259621, 2555538.55401923507452 ], [ 248209.926448743004585, 2555538.541877131443471 ], [ 248209.771314001525752, 2555538.535083484835923 ], [ 248209.616037219791906, 2555538.533646387048066 ], [ 248209.460803307854803, 2555538.537567552644759 ], [ 248209.305797108856495, 2555538.546842305921018 ], [ 248209.15120319541893, 2555538.561459606513381 ], [ 248185.779852731793653, 2555541.178861720487475 ], [ 248188.420074785040924, 2555578.616921552922577 ] ] ] ] } },
{ "type": "Feature", "properties": { "id": "final_plot_boundary.fid-4639cb80_1a0ba89becd_6482", "gid": 24478, "tps_name": "Gota_33", "tps_no": "33", "village": "Gota", "city": "Ahmedabad", "authority": "AMC", "district": "Ahmedabad", "state": "Gujarat", "status": "Preliminary", "fp_no": "138", "reser_use": "Sale For Commercial", "reser_type": "Commercial", "tps_id": 212, "show_hide": 1, "fp_area": "2584", "fp_area_final": 2584.0, "temp": "2584", "search": "Gota 33 138", "dxf_access": 1, "epsg_code": "EPSG:32643", "parcel_id": "138", "land_use": "Sale For Commercial", "area_sq_m": 2584.0, "owner_name": null, "source_type": "CTPVD_Final_Plot", "source_id": "138", "survey_scheme": "Gota_33", "village_name": "Gota", "city_name": "Ahmedabad", "authority_name": "AMC", "district_name": "Ahmedabad", "state_name": "Gujarat", "status_name": "Preliminary" }, "geometry": { "type": "MultiPolygon", "coordinates": [ [ [ [ 249136.83987124855048, 2555897.367813244462013 ], [ 249139.644548993150238, 2555896.463125369977206 ], [ 249203.367726078722626, 2555866.660884365439415 ], [ 249203.602391200751299, 2555866.54611320560798 ], [ 249203.832917062391061, 2555866.423239417374134 ], [ 249204.059023994661402, 2555866.29241206869483 ], [ 249204.280437695386354, 2555866.15378987044096 ], [ 249204.496889555302914, 2555866.007540996652097 ], [ 249204.708116983587388, 2555865.853842868003994 ], [ 249204.91386372371926, 2555865.692881946451962 ], [ 249205.11388018206344, 2555865.524853501468897 ], [ 249205.307923694199417, 2555865.349961377680302 ], [ 249205.495758865698008, 2555865.168417748529464 ], [ 249205.677157819183776, 2555864.980442856904119 ], [ 249205.851900484820362, 2555864.786264741327614 ], [ 249206.019774879474426, 2555864.586118973325938 ], [ 249206.180577338527655, 2555864.380248361267149 ], [ 249206.334112791228108, 2555864.168902658391744 ], [ 249206.480194966396084, 2555863.952338261064142 ], [ 249206.618646645947592, 2555863.73081789445132 ], [ 249206.749299865507055, 2555863.504610298201442 ], [ 249206.871996123634744, 2555863.273989898618311 ], [ 249206.986586566345068, 2555863.039236477576196 ], [ 249207.092932186002145, 2555862.800634822808206 ], [ 249207.190903964743484, 2555862.558474397286773 ], [ 249207.28038304913207, 2555862.313048982061446 ], [ 249207.361260877689347, 2555862.064656314440072 ], [ 249207.433439339132747, 2555861.813597735948861 ], [ 249207.496830869029509, 2555861.560177819337696 ], [ 249207.55135856900597, 2555861.304704003967345 ], [ 249207.596956278721336, 2555861.047486217692494 ], [ 249207.633568690507673, 2555860.788836508989334 ], [ 249207.66115137381712, 2555860.529068659525365 ], [ 249207.679670880141202, 2555860.268497809767723 ], [ 249207.689104739431059, 2555860.007440071087331 ], [ 249207.689441503665876, 2555859.746212149504572 ], [ 249207.680680764693534, 2555859.485130955930799 ], [ 249207.662833147973288, 2555859.224513222463429 ], [ 249207.635920317785349, 2555858.964675118681043 ], [ 249207.599974911077879, 2555858.70593187212944 ], [ 249207.555040538485628, 2555858.448597374837846 ], [ 249207.501171714568045, 2555858.19298382056877 ], [ 249207.438433789386181, 2555857.939401302486658 ], [ 249207.366902868699981, 2555857.68815746018663 ], [ 249207.286665740568424, 2555857.439557091332972 ], [ 249207.197819740598788, 2555857.193901787512004 ], [ 249207.100472655263729, 2555856.951489565894008 ], [ 249206.994742576731369, 2555856.712614511139691 ], [ 249206.880757780600106, 2555856.477566419169307 ], [ 249206.758656536054332, 2555856.246630438603461 ], [ 249206.628586987324525, 2555856.02008673036471 ], [ 249206.490706910437439, 2555855.798210128676146 ], [ 249206.345183590747183, 2555855.581269805319607 ], [ 249206.192193568189396, 2555855.369528943672776 ], [ 249206.031922442809446, 2555855.163244416471571 ], [ 249205.864564642426558, 2555854.962666482664645 ], [ 249205.690323206654284, 2555854.768038471695036 ], [ 249205.509409514517756, 2555854.579596500843763 ], [ 249205.322043045976898, 2555854.39756917860359 ], [ 249205.128451099648373, 2555854.222177331801504 ], [ 249204.928868538961979, 2555854.053633742034435 ], [ 249204.723537489247974, 2555853.892142876982689 ], [ 249204.512707045563729, 2555853.7379006491974 ], [ 249204.296632979938295, 2555853.591094180941582 ], [ 249204.075577425101073, 2555853.451901572290808 ], [ 249203.84980856187758, 2555853.320491683669388 ], [ 249203.619600272446405, 2555853.197023937478662 ], [ 249203.385231840540655, 2555853.081648118328303 ], [ 249203.146987595479004, 2555852.974504198413342 ], [ 249202.905156562948832, 2555852.875722154043615 ], [ 249202.660032121551922, 2555852.785421831998974 ], [ 249202.411911643896019, 2555852.70371277211234 ], [ 249202.161096145980991, 2555852.630694108083844 ], [ 249201.90788989973953, 2555852.566454418934882 ], [ 249201.652600091387285, 2555852.511071636341512 ], [ 249201.395536419324344, 2555852.464612951967865 ], [ 249157.551042570645222, 2555845.32681722426787 ], [ 249133.500945933978073, 2555845.065053094178438 ], [ 249114.289074229047401, 2555838.366545151919127 ], [ 249113.782747011282481, 2555866.629544585011899 ], [ 249135.526684752694564, 2555866.951087816152722 ], [ 249137.217009132436942, 2555879.06535714212805 ], [ 249136.83987124855048, 2555897.367813244462013 ] ] ] ] } },
{ "type": "Feature", "properties": { "id": "final_plot_boundary.fid-4639cb80_1a0ba89becd_6483", "gid": 24502, "tps_name": "Gota_33", "tps_no": "33", "village": "Gota", "city": "Ahmedabad", "authority": "AMC", "district": "Ahmedabad", "state": "Gujarat", "status": "Preliminary", "fp_no": "58", "reser_use": null, "reser_type": null, "tps_id": 212, "show_hide": 1, "fp_area": "5404", "fp_area_final": 5404.0, "temp": "5404", "search": "Gota 33 58", "dxf_access": 1, "epsg_code": "EPSG:32643", "parcel_id": "58", "land_use": null, "area_sq_m": 5404.0, "owner_name": null, "source_type": "CTPVD_Final_Plot", "source_id": "58", "survey_scheme": "Gota_33", "village_name": "Gota", "city_name": "Ahmedabad", "authority_name": "AMC", "district_name": "Ahmedabad", "state_name": "Gujarat", "status_name": "Preliminary" }, "geometry": { "type": "MultiPolygon", "coordinates": [ [ [ [ 248695.766757491772296, 2556429.638455200940371 ], [ 248725.104025518056005, 2556511.274754687678069 ], [ 248779.124962684931234, 2556492.255829874891788 ], [ 248779.272187491180375, 2556492.201090845745057 ], [ 248779.417412253911607, 2556492.141247091349214 ], [ 248779.560460026346846, 2556492.076371517963707 ], [ 248779.701156537630595, 2556492.006543172989041 ], [ 248779.839330364338821, 2556491.931847126223147 ], [ 248779.974813161417842, 2556491.85237438743934 ], [ 248780.107439872517716, 2556491.768221778795123 ], [ 248780.237048908107681, 2556491.679491826798767 ], [ 248780.363482355664019, 2556491.586292637512088 ], [ 248780.486586180049926, 2556491.488737758249044 ], [ 248780.606210394325899, 2556491.386946047656238 ], [ 248780.722209260798991, 2556491.281041518319398 ], [ 248780.834441444749245, 2556491.171153203584254 ], [ 248780.94277022103779, 2556491.057414982002228 ], [ 248781.047063590493053, 2556490.939965425059199 ], [ 248781.147194501128979, 2556490.818947630934417 ], [ 248781.24304095361731, 2556490.69450903730467 ], [ 248781.334486175095662, 2556490.566801257431507 ], [ 248781.421418750134762, 2556490.435979880858213 ], [ 248781.503732776764082, 2556490.30220429552719 ], [ 248781.58132795401616, 2556490.165637481492013 ], [ 248781.654109748807969, 2556490.026445829775184 ], [ 248781.721989484794904, 2556489.884798923041672 ], [ 248781.784884469088865, 2556489.740869333036244 ], [ 248781.842718072613934, 2556489.594832417555153 ], [ 248781.895419821259566, 2556489.44686610205099 ], [ 248781.942925523297163, 2556489.297150656115264 ], [ 248781.985177290946012, 2556489.145868490450084 ], [ 248782.022123648086563, 2556488.993203915189952 ], [ 248782.05371957962052, 2556488.839342929888517 ], [ 248782.079926594800781, 2556488.684472992550582 ], [ 248782.100712765095523, 2556488.528782783541828 ], [ 248782.116052757046418, 2556488.372461988590658 ], [ 248782.125927888933802, 2556488.215701065491885 ], [ 248782.130326127953595, 2556488.058690996840596 ], [ 248782.129242118244292, 2556487.901623079553246 ], [ 248782.122677176550496, 2556487.744688677135855 ], [ 248782.110639302496566, 2556487.588078984990716 ], [ 248782.09314316092059, 2556487.431984812021255 ], [ 248782.07021006962168, 2556487.276596334762871 ], [ 248782.041867966880091, 2556487.122102868743241 ], [ 248782.00815139093902, 2556486.968692641239613 ], [ 248781.969101409224095, 2556486.816552557982504 ], [ 248781.92476560419891, 2556486.665867979638278 ], [ 248781.875197996996576, 2556486.516822492238134 ], [ 248756.695118858275237, 2556414.995877625886351 ], [ 248756.604792030761018, 2556414.752813624683768 ], [ 248756.50611675757682, 2556414.513017390388995 ], [ 248756.399210989940912, 2556414.276775564067066 ], [ 248756.284202513139462, 2556414.044370540883392 ], [ 248756.161228801851394, 2556413.816080130636692 ], [ 248756.030436861241469, 2556413.592177221085876 ], [ 248755.891983038192848, 2556413.372929459437728 ], [ 248755.746032817551168, 2556413.158598919864744 ], [ 248755.592760681000073, 2556412.949441812932491 ], [ 248755.432349838985829, 2556412.74570815032348 ], [ 248755.264992038602941, 2556412.547641470562667 ], [ 248755.090887327154633, 2556412.35547853121534 ], [ 248754.910243830789113, 2556412.169449042994529 ], [ 248754.723277482175035, 2556411.989775371737778 ], [ 248754.530211771052564, 2556411.816672292537987 ], [ 248754.331277482269797, 2556411.650346730370075 ], [ 248754.126712411700282, 2556411.490997502580285 ], [ 248753.916761090338696, 2556411.338815089315176 ], [ 248753.701674486568663, 2556411.193981400690973 ], [ 248753.481709705694811, 2556411.05666956724599 ], [ 248753.257129684760002, 2556410.927043726667762 ], [ 248753.028202879271703, 2556410.805258828215301 ], [ 248752.795202937530121, 2556410.691460446454585 ], [ 248752.558408380369656, 2556410.585784616414458 ], [ 248752.318102261837339, 2556410.488357656169683 ], [ 248752.07457183059887, 2556410.399296024814248 ], [ 248751.828108197514666, 2556410.318706184625626 ], [ 248751.579005978535861, 2556410.246684468351305 ], [ 248751.327562928374391, 2556410.18331697024405 ], [ 248751.074079631071072, 2556410.128679434303194 ], [ 248750.818859078834066, 2556410.08283717604354 ], [ 248750.562206350819906, 2556410.045844989363104 ], [ 248750.30442824223428, 2556410.017747096251696 ], [ 248750.045832897594664, 2556409.998577080667019 ], [ 248749.786729414307047, 2556409.988357860129327 ], [ 248749.527427534048911, 2556409.987101649399847 ], [ 248749.268237205746118, 2556409.994809952564538 ], [ 248749.009468259639107, 2556410.011473551392555 ], [ 248748.751430015865481, 2556410.03707252908498 ], [ 248748.494430917635327, 2556410.071576286107302 ], [ 248748.238778179569636, 2556410.114943576976657 ], [ 248747.984777399775339, 2556410.16712256334722 ], [ 248747.732732190255774, 2556410.228050869423896 ], [ 248747.482943848212017, 2556410.297655668109655 ], [ 248747.235710955021204, 2556410.375853753183037 ], [ 248746.991329044889426, 2556410.46255165245384 ], [ 248695.766757491772296, 2556429.638455200940371 ] ] ] ] } },
{ "type": "Feature", "properties": { "id": "final_plot_boundary.fid-4639cb80_1a0ba89becd_6484", "gid": 24403, "tps_name": "Gota_33", "tps_no": "33", "village": "Gota", "city": "Ahmedabad", "authority": "AMC", "district": "Ahmedabad", "state": "Gujarat", "status": "Preliminary", "fp_no": "65/1", "reser_use": null, "reser_type": null, "tps_id": 212, "show_hide": 1, "fp_area": "5767", "fp_area_final": 5767.0, "temp": "5767", "search": "Gota 33 65/1", "dxf_access": 1, "epsg_code": "EPSG:32643", "parcel_id": "65/1", "land_use": null, "area_sq_m": 5767.0, "owner_name": null, "source_type": "CTPVD_Final_Plot", "source_id": "65/1", "survey_scheme": "Gota_33", "village_name": "Gota", "city_name": "Ahmedabad", "authority_name": "AMC", "district_name": "Ahmedabad", "state_name": "Gujarat", "status_name": "Preliminary" }, "geometry": { "type": "MultiPolygon", "coordinates": [ [ [ [ 248837.431118050211808, 2556344.404253288637847 ], [ 248808.069757933117216, 2556265.728148315101862 ], [ 248744.323530110879801, 2556289.517784972675145 ], [ 248769.678140691568842, 2556361.534465131815523 ], [ 248769.768407199910143, 2556361.777375020086765 ], [ 248769.86701156781055, 2556362.017021497245878 ], [ 248769.973836096556624, 2556362.253118460532278 ], [ 248770.088753243413521, 2556362.485384052153677 ], [ 248770.211625818599714, 2556362.713540982455015 ], [ 248770.342307138897013, 2556362.937316872645169 ], [ 248770.480641190952156, 2556363.156444568186998 ], [ 248770.626462815533159, 2556363.370662470348179 ], [ 248770.779597935761558, 2556363.57971483329311 ], [ 248770.939863731444348, 2556363.783352085854858 ], [ 248771.107068866316695, 2556363.981331118848175 ], [ 248771.281013734755106, 2556364.1734155761078 ], [ 248771.461490668152692, 2556364.359376142267138 ], [ 248771.648284211376449, 2556364.538990810047835 ], [ 248771.841171361098532, 2556364.712045148480684 ], [ 248772.039921841031173, 2556364.878332558553666 ], [ 248772.244298372417688, 2556365.037654522806406 ], [ 248772.454056969989324, 2556365.189820836763829 ], [ 248772.668947210186161, 2556365.33464983664453 ], [ 248772.888712558662519, 2556365.471968621015549 ], [ 248773.113090643571923, 2556365.601613254286349 ], [ 248773.341813594073756, 2556365.723428965080529 ], [ 248773.574608359776903, 2556365.837270319461823 ], [ 248773.811197015806101, 2556365.943001414183527 ], [ 248774.051297111436725, 2556366.040496021974832 ], [ 248774.29462201523711, 2556366.129637750796974 ], [ 248774.54088122950634, 2556366.210320177022368 ], [ 248774.789780767459888, 2556366.282446985598654 ], [ 248775.041023480327567, 2556366.345932063180953 ], [ 248775.294309422606602, 2556366.400699621532112 ], [ 248775.549336225551087, 2556366.44668427715078 ], [ 248775.805799413326895, 2556366.483831132296473 ], [ 248776.063392818847205, 2556366.512095836456865 ], [ 248776.321808914333815, 2556366.531444649212062 ], [ 248776.58073920069728, 2556366.54185447236523 ], [ 248776.839874545636121, 2556366.543312875088304 ], [ 248777.098905593622476, 2556366.535818118602037 ], [ 248777.35752310481621, 2556366.519379149656743 ], [ 248777.615418326371582, 2556366.494015594013035 ], [ 248777.872283378324937, 2556366.459757730364799 ], [ 248778.127811601298163, 2556366.4166464577429 ], [ 248778.381697946431814, 2556366.364733244758099 ], [ 248778.633639305655379, 2556366.304080066271126 ], [ 248778.883334903686773, 2556366.234759334009141 ], [ 248779.130486643407494, 2556366.156853802036494 ], [ 248779.37479947230895, 2556366.070456478279084 ], [ 248837.431118050211808, 2556344.404253288637847 ] ] ] ] } },
{ "type": "Feature", "properties": { "id": "final_plot_boundary.fid-4639cb80_1a0ba89becd_6485", "gid": 24480, "tps_name": "Gota_33", "tps_no": "33", "village": "Gota", "city": "Ahmedabad", "authority": "AMC", "district": "Ahmedabad", "state": "Gujarat", "status": "Preliminary", "fp_no": "126", "reser_use": "Sale For Residential", "reser_type": "Residential", "tps_id": 212, "show_hide": 1, "fp_area": "13419", "fp_area_final": 13419.0, "temp": "13419", "search": "Gota 33 126", "dxf_access": 1, "epsg_code": "EPSG:32643", "parcel_id": "126", "land_use": "Sale For Residential", "area_sq_m": 13419.0, "owner_name": null, "source_type": "CTPVD_Final_Plot", "source_id": "126", "survey_scheme": "Gota_33", "village_name": "Gota", "city_name": "Ahmedabad", "authority_name": "AMC", "district_name": "Ahmedabad", "state_name": "Gujarat", "status_name": "Preliminary" }, "geometry": { "type": "MultiPolygon", "coordinates": [ [ [ [ 248526.706802888133097, 2555761.742105964105576 ], [ 248438.097535998706007, 2555795.544709930196404 ], [ 248444.79097429398098, 2555813.090714998543262 ], [ 248319.245126247027656, 2555859.389237496070564 ], [ 248336.039338498434518, 2555903.413148703984916 ], [ 248336.097632990858983, 2555903.558330297935754 ], [ 248336.160938896791777, 2555903.701397779863328 ], [ 248336.229179711081088, 2555903.842178225517273 ], [ 248336.30227294305223, 2555903.980501478072256 ], [ 248336.380130251520313, 2555904.116200344637036 ], [ 248336.462657525204122, 2555904.249110809061676 ], [ 248336.549755023210309, 2555904.379072225186974 ], [ 248336.641317458590493, 2555904.505927507765591 ], [ 248336.737234170519514, 2555904.629523326642811 ], [ 248336.837389224267099, 2555904.74971029907465 ], [ 248336.94166156166466, 2555904.866343152243644 ], [ 248337.049925151251955, 2555904.979280912317336 ], [ 248337.162049130361993, 2555905.088387076277286 ], [ 248337.277897987369215, 2555905.1935297655873 ], [ 248337.397331692598527, 2555905.294581897556782 ], [ 248337.520205882989103, 2555905.391421331092715 ], [ 248337.64637204259634, 2555905.483931017108262 ], [ 248337.775677686295239, 2555905.571999140549451 ], [ 248337.90796651004348, 2555905.65551925310865 ], [ 248338.043078627233626, 2555905.734390407800674 ], [ 248338.180850723409094, 2555905.808517270255834 ], [ 248338.321116279752459, 2555905.877810248639435 ], [ 248338.463705756468698, 2555905.942185585387051 ], [ 248338.608446803322295, 2555906.001565472688526 ], [ 248338.755164484959096, 2555906.055878139100969 ], [ 248338.903681456227787, 2555906.105057935230434 ], [ 248339.053818201704416, 2555906.149045421741903 ], [ 248339.205393265991006, 2555906.187787427566946 ], [ 248339.358223432587693, 2555906.221237129066139 ], [ 248339.512123984779464, 2555906.249354091472924 ], [ 248339.66690889527672, 2555906.272104336414486 ], [ 248339.822391085792333, 2555906.289460362866521 ], [ 248339.978382620727643, 2555906.30140119092539 ], [ 248340.134694959153421, 2555906.307912387885153 ], [ 248340.29113916202914, 2555906.308986087329686 ], [ 248340.447526145057054, 2555906.30462098820135 ], [ 248340.603666886629071, 2555906.29482236970216 ], [ 248340.759372651315061, 2555906.279602071270347 ], [ 248340.914455241843825, 2555906.258978492580354 ], [ 248341.068727219215361, 2555906.232976560015231 ], [ 248341.222002109134337, 2555906.201627700123936 ], [ 248341.374094652041094, 2555906.164969809353352 ], [ 248341.524821015831549, 2555906.123047189321369 ], [ 248341.6739990147762, 2555906.075910514686257 ], [ 248341.82144835285726, 2555906.023616760503501 ], [ 248442.496515659062425, 2555868.335934421978891 ], [ 248543.171582972951001, 2555830.648252085316926 ], [ 248543.412083110946696, 2555830.553463991265744 ], [ 248543.649173790152417, 2555830.450444018933922 ], [ 248543.882573327107821, 2555830.339314552955329 ], [ 248544.112004452152178, 2555830.220207619480789 ], [ 248544.337194596912013, 2555830.0932647138834 ], [ 248544.5578762323712, 2555829.958636645693332 ], [ 248544.773787193960743, 2555829.816483354195952 ], [ 248544.984670979931252, 2555829.666973716113716 ], [ 248545.190277057117783, 2555829.510285350028425 ], [ 248545.390361162222689, 2555829.346604402177036 ], [ 248545.584685602341779, 2555829.17612532665953 ], [ 248545.773019511485472, 2555828.99905065074563 ], [ 248545.95513915354968, 2555828.815590742044151 ], [ 248546.130828170542372, 2555828.625963550060987 ], [ 248546.299877838173416, 2555828.430394352879375 ], [ 248546.462087333347881, 2555828.229115482885391 ], [ 248546.617263944237493, 2555828.02236606599763 ], [ 248546.765223324240651, 2555827.810391717590392 ], [ 248546.905789696407737, 2555827.593444264493883 ], [ 248547.038796064065536, 2555827.371781438589096 ], [ 248547.164084421820007, 2555827.145666577387601 ], [ 248547.281505924271187, 2555826.91536830784753 ], [ 248547.39092107131728, 2555826.681160220410675 ], [ 248547.492199877568055, 2555826.443320558872074 ], [ 248547.585222036170308, 2555826.202131873462349 ], [ 248547.66987701508333, 2555825.957880699075758 ], [ 248547.7460642621445, 2555825.710857207421213 ], [ 248547.813693259609863, 2555825.46135486010462 ], [ 248547.872683666064404, 2555825.209670067299157 ], [ 248547.922965398232918, 2555824.956101832445711 ], [ 248547.964478725160006, 2555824.700951393228024 ], [ 248547.997174321149942, 2555824.444521872326732 ], [ 248548.021013354387833, 2555824.187117903959006 ], [ 248548.035967492178315, 2555823.929045284632593 ], [ 248548.042018977575935, 2555823.670610609464347 ], [ 248548.039160623622593, 2555823.412120894528925 ], [ 248548.027395819517551, 2555823.153883229009807 ], [ 248548.00673854330671, 2555822.896204399876297 ], [ 248547.977213336213026, 2555822.639390527736396 ], [ 248547.938855277898256, 2555822.383746710605919 ], [ 248547.891709929186618, 2555822.129576651379466 ], [ 248547.835833304154221, 2555821.877182307187468 ], [ 248547.771291793091223, 2555821.626863519661129 ], [ 248547.698162053886335, 2555821.378917671274394 ], [ 248547.616530978906667, 2555821.133639317471534 ], [ 248526.706802888133097, 2555761.742105964105576 ] ] ] ] } },
{ "type": "Feature", "properties": { "id": "final_plot_boundary.fid-4639cb80_1a0ba89becd_6486", "gid": 24521, "tps_name": "Gota_33", "tps_no": "33", "village": "Gota", "city": "Ahmedabad", "authority": "AMC", "district": "Ahmedabad", "state": "Gujarat", "status": "Preliminary", "fp_no": "127/1", "reser_use": "Housing For S.E.W.S", "reser_type": "Housing For S.E.W.S", "tps_id": 212, "show_hide": 1, "fp_area": "8040", "fp_area_final": 8040.0, "temp": "8040", "search": "Gota 33 127/1", "dxf_access": 1, "epsg_code": "EPSG:32643", "parcel_id": "127/1", "land_use": "Housing For S.E.W.S", "area_sq_m": 8040.0, "owner_name": null, "source_type": "CTPVD_Final_Plot", "source_id": "127/1", "survey_scheme": "Gota_33", "village_name": "Gota", "city_name": "Ahmedabad", "authority_name": "AMC", "district_name": "Ahmedabad", "state_name": "Gujarat", "status_name": "Preliminary" }, "geometry": { "type": "MultiPolygon", "coordinates": [ [ [ [ 248315.901064266538015, 2555465.503567514475435 ], [ 248306.36241620578221, 2555464.803945813793689 ], [ 248295.46360757338698, 2555463.627615200355649 ], [ 248274.305268434603931, 2555470.890935001894832 ], [ 248266.200913299922831, 2555470.729182126000524 ], [ 248269.26853718975326, 2555521.46101636486128 ], [ 248225.039455205143895, 2555524.135435509029776 ], [ 248228.017308200942352, 2555573.382654094602913 ], [ 248228.033401377411792, 2555573.589432797860354 ], [ 248228.056631664774613, 2555573.795531744137406 ], [ 248228.086971299286233, 2555574.000704668462276 ], [ 248228.124384030146757, 2555574.204706408083439 ], [ 248228.168825156113598, 2555574.407293200027198 ], [ 248228.220241561211878, 2555574.608222977258265 ], [ 248228.278571824048413, 2555574.807255643885583 ], [ 248228.343746233527781, 2555575.004153379704803 ], [ 248228.415686922293389, 2555575.198680909816176 ], [ 248228.494307921006111, 2555575.390605792868882 ], [ 248228.579515291145071, 2555575.579698697198182 ], [ 248228.671207211416913, 2555575.765733676031232 ], [ 248228.769274126098026, 2555575.948488436173648 ], [ 248228.87359884972102, 2555576.127744605299085 ], [ 248228.984056726825656, 2555576.303287988994271 ], [ 248229.100515771278879, 2555576.474908829666674 ], [ 248229.222836829634616, 2555576.642402057535946 ], [ 248229.350873733637854, 2555576.805567535106093 ], [ 248229.4844734944636, 2555576.964210296981037 ], [ 248229.623476475768257, 2555577.118140778038651 ], [ 248229.767716581380228, 2555577.267175050452352 ], [ 248229.917021461355034, 2555577.411135029513389 ], [ 248230.071212705632206, 2555577.549848701339215 ], [ 248230.230106071976479, 2555577.683150311000645 ], [ 248230.393511704663979, 2555577.810880582779646 ], [ 248230.561234340857482, 2555577.932886887341738 ], [ 248230.733073574607261, 2555578.049023441039026 ], [ 248230.908824084122898, 2555578.159151471219957 ], [ 248231.088275843125302, 2555578.263139387127012 ], [ 248231.271214442007476, 2555578.36086293309927 ], [ 248231.457421282771975, 2555578.45220533804968 ], [ 248231.64667386765359, 2555578.537057458423078 ], [ 248231.838746052322676, 2555578.615317904390395 ], [ 248232.033408333081752, 2555578.686893159989268 ], [ 248232.230428114940878, 2555578.751697703264654 ], [ 248232.429569970321609, 2555578.809654098004103 ], [ 248232.630595944647212, 2555578.860693091060966 ], [ 248232.833265838387888, 2555578.904753697104752 ], [ 248233.037337474845117, 2555578.941783268004656 ], [ 248233.242567012435757, 2555578.971737554762512 ], [ 248233.448709219403099, 2555578.994580768980086 ], [ 248233.655517777340719, 2555579.010285610798746 ], [ 248233.862745571241248, 2555579.018833321053535 ], [ 248234.070144982892089, 2555579.020213678944856 ], [ 248234.277468199667055, 2555579.014425039291382 ], [ 248234.48446747570415, 2555579.001474316231906 ], [ 248234.690895475476282, 2555578.981376987881958 ], [ 248234.896505538141355, 2555578.954157066531479 ], [ 248235.101051980484044, 2555578.91984707582742 ], [ 248235.304290388652589, 2555578.878488016314805 ], [ 248235.505977913970128, 2555578.830129306763411 ], [ 248235.7058735571336, 2555578.774828728754073 ], [ 248235.903738465596689, 2555578.712652364280075 ], [ 248236.099336206068983, 2555578.643674504477531 ], [ 248316.717733810597565, 2555548.636955479625612 ], [ 248319.857180462568067, 2555557.071638327091932 ], [ 248321.56266350534861, 2555561.632071702741086 ], [ 248348.159519612672739, 2555551.675546309910715 ], [ 248315.901064266538015, 2555465.503567514475435 ] ] ] ] } },
{ "type": "Feature", "properties": { "id": "final_plot_boundary.fid-4639cb80_1a0ba89becd_6487", "gid": 24401, "tps_name": "Gota_33", "tps_no": "33", "village": "Gota", "city": "Ahmedabad", "authority": "AMC", "district": "Ahmedabad", "state": "Gujarat", "status": "Preliminary", "fp_no": "134", "reser_use": "Open Space", "reser_type": "Open Space", "tps_id": 212, "show_hide": 1, "fp_area": "1408", "fp_area_final": 1408.0, "temp": "1408", "search": "Gota 33 134", "dxf_access": 1, "epsg_code": "EPSG:32643", "parcel_id": "134", "land_use": "Open Space", "area_sq_m": 1408.0, "owner_name": null, "source_type": "CTPVD_Final_Plot", "source_id": "134", "survey_scheme": "Gota_33", "village_name": "Gota", "city_name": "Ahmedabad", "authority_name": "AMC", "district_name": "Ahmedabad", "state_name": "Gujarat", "status_name": "Preliminary" }, "geometry": { "type": "MultiPolygon", "coordinates": [ [ [ [ 248814.126613506843569, 2556487.784933062270284 ], [ 248830.496896315889899, 2556534.282725541386753 ], [ 248830.587172305677086, 2556534.525659664068371 ], [ 248830.685787824040744, 2556534.765329690184444 ], [ 248830.792625123111065, 2556535.001449433621019 ], [ 248830.90755663139862, 2556535.23373695043847 ], [ 248831.03044511412736, 2556535.46191487275064 ], [ 248831.161143826670013, 2556535.685710737947375 ], [ 248831.299496702296892, 2556535.904857315123081 ], [ 248831.445338545454433, 2556536.119092931505293 ], [ 248831.598495207465021, 2556536.328161769080907 ], [ 248831.758783812663751, 2556536.53181418357417 ], [ 248831.926012953394093, 2556536.729807002469897 ], [ 248832.099982953106519, 2556536.921903805807233 ], [ 248832.280486072180793, 2556537.107875215820968 ], [ 248832.467306785896653, 2556537.287499166093767 ], [ 248832.660222005943069, 2556537.460561175830662 ], [ 248832.859001388307661, 2556537.626854592002928 ], [ 248833.063407566573005, 2556537.786180851515383 ], [ 248833.273196461610496, 2556537.938349704258144 ], [ 248833.488117579661775, 2556538.083179451525211 ], [ 248833.707914283935679, 2556538.220497151371092 ], [ 248833.932324123336002, 2556538.350138841196895 ], [ 248834.161079126963159, 2556538.471949716098607 ], [ 248834.393906152981799, 2556538.585784325841814 ], [ 248834.630527184199309, 2556538.691506743896753 ], [ 248834.870659679785604, 2556538.788990726228803 ], [ 248835.114016903418815, 2556538.878119872417301 ], [ 248835.360308262286708, 2556538.958787756040692 ], [ 248835.609239675133722, 2556539.030898051802069 ], [ 248835.860513891762821, 2556539.09436465613544 ], [ 248836.113830875139683, 2556539.149111785925925 ], [ 248836.368888143304503, 2556539.19507406372577 ], [ 248836.62538114641211, 2556539.23219661321491 ], [ 248836.883003602473764, 2556539.26043510530144 ], [ 248837.141447895526653, 2556539.279755820054561 ], [ 248837.400405419844901, 2556539.290135687217116 ], [ 248837.65956696527428, 2556539.291562313679606 ], [ 248837.91862307235715, 2556539.284033994656056 ], [ 248838.177264406782342, 2556539.267559722065926 ], [ 248838.435182132408954, 2556539.242159162648022 ], [ 248838.692068280332023, 2556539.207862650509924 ], [ 248838.947616097459104, 2556539.164711138233542 ], [ 248839.201520457369043, 2556539.112756148446351 ], [ 248839.453478162817191, 2556539.052059723529965 ], [ 248839.703188364481321, 2556538.982694338075817 ], [ 248839.950352892105002, 2556538.904742820188403 ], [ 248840.194676608487498, 2556538.818298248108476 ], [ 248857.307222355913837, 2556532.428906484507024 ], [ 248857.502093330142088, 2556532.352245886810124 ], [ 248857.694170470931567, 2556532.268831768073142 ], [ 248857.883219808369176, 2556532.178765742108226 ], [ 248858.069011065672385, 2556532.082157510798424 ], [ 248858.251317932415986, 2556531.979124756995589 ], [ 248858.429918345762417, 2556531.869792983867228 ], [ 248858.604594739736058, 2556531.754295367747545 ], [ 248858.775134348426946, 2556531.632772595621645 ], [ 248858.94132943614386, 2556531.505372693762183 ], [ 248859.102977562200977, 2556531.372250852175057 ], [ 248859.259881826263154, 2556531.233569219708443 ], [ 248859.411851101351203, 2556531.089496729429811 ], [ 248859.558700266235974, 2556530.940208873711526 ], [ 248859.700250460242387, 2556530.785887500736862 ], [ 248859.83632924396079, 2556530.626720586791635 ], [ 248859.966770872619236, 2556530.462902016937733 ], [ 248860.091416450450197, 2556530.294631333090365 ], [ 248860.210114145709667, 2556530.122113509569317 ], [ 248860.322719374729786, 2556529.945558690000325 ], [ 248860.429094969469588, 2556529.76518193166703 ], [ 248860.529111367213773, 2556529.581202957779169 ], [ 248860.622646721574711, 2556529.393845864571631 ], [ 248860.709587105578976, 2556529.203338877763599 ], [ 248860.789826618216466, 2556529.009914052672684 ], [ 248860.863267513399478, 2556528.813806997146457 ], [ 248860.929820339049911, 2556528.615256590768695 ], [ 248860.989404023071984, 2556528.414504687767476 ], [ 248861.041945991339162, 2556528.211795822251588 ], [ 248861.087382242083549, 2556528.007376913446933 ], [ 248861.125657424738165, 2556527.80149696720764 ], [ 248861.156724920932902, 2556527.594406763091683 ], [ 248861.180546885268996, 2556527.386358555406332 ], [ 248861.1970943006163, 2556527.177605769596994 ], [ 248861.206347005703719, 2556526.968402687460184 ], [ 248861.208293740579393, 2556526.75900413794443 ], [ 248861.202932126150699, 2556526.5496651888825 ], [ 248861.190268697508145, 2556526.340640835464001 ], [ 248861.170318874705117, 2556526.132185692898929 ], [ 248861.143106965988409, 2556525.924553676042706 ], [ 248861.108666106796591, 2556525.717997704166919 ], [ 248861.067038266395684, 2556525.512769379653037 ], [ 248861.018274131958606, 2556525.309118693228811 ], [ 248860.962433114676969, 2556525.107293711509556 ], [ 248860.899583235703176, 2556524.907540276180953 ], [ 248860.829801050684182, 2556524.710101706907153 ], [ 248855.956026076542912, 2556511.650433150585741 ], [ 248835.910388723219512, 2556519.131321751978248 ], [ 248828.219980809284607, 2556498.524260700680315 ], [ 248855.292252902465407, 2556488.421082228422165 ], [ 248850.051485295931343, 2556474.378027647268027 ], [ 248814.126613506843569, 2556487.784933062270284 ] ] ] ] } },
{ "type": "Feature", "properties": { "id": "final_plot_boundary.fid-4639cb80_1a0ba89becd_6488", "gid": 24425, "tps_name": "Gota_33", "tps_no": "33", "village": "Gota", "city": "Ahmedabad", "authority": "AMC", "district": "Ahmedabad", "state": "Gujarat", "status": "Preliminary", "fp_no": "14", "reser_use": null, "reser_type": null, "tps_id": 212, "show_hide": 1, "fp_area": "3339", "fp_area_final": 3339.0, "temp": "3339", "search": "Gota 33 14", "dxf_access": 1, "epsg_code": "EPSG:32643", "parcel_id": "14", "land_use": null, "area_sq_m": 3339.0, "owner_name": null, "source_type": "CTPVD_Final_Plot", "source_id": "14", "survey_scheme": "Gota_33", "village_name": "Gota", "city_name": "Ahmedabad", "authority_name": "AMC", "district_name": "Ahmedabad", "state_name": "Gujarat", "status_name": "Preliminary" }, "geometry": { "type": "MultiPolygon", "coordinates": [ [ [ [ 248510.601362869725563, 2556374.168169049080461 ], [ 248522.855867095087888, 2556408.249056481290609 ], [ 248522.910981293447549, 2556408.394399696495384 ], [ 248522.971082413336262, 2556408.537752693518996 ], [ 248523.036098724784097, 2556408.67894442146644 ], [ 248523.105952662182972, 2556408.817806414794177 ], [ 248523.180560873966897, 2556408.954172981437296 ], [ 248523.259834341151873, 2556409.087881407700479 ], [ 248523.343678470322629, 2556409.218772154767066 ], [ 248523.431993221107405, 2556409.34668904542923 ], [ 248523.524673209205503, 2556409.4714794466272 ], [ 248523.621607863664394, 2556409.592994461767375 ], [ 248523.722681509389076, 2556409.711089098826051 ], [ 248523.827773553988663, 2556409.825622447300702 ], [ 248523.936758597032167, 2556409.936457845382392 ], [ 248524.049506603128975, 2556410.043463048990816 ], [ 248524.165883038251195, 2556410.146510376129299 ], [ 248524.285749038273934, 2556410.245476870797575 ], [ 248524.408961585839279, 2556410.340244447812438 ], [ 248524.535373662190977, 2556410.430700032040477 ], [ 248524.664834431663621, 2556410.516735687386245 ], [ 248524.797189426142722, 2556410.598248763009906 ], [ 248524.932280716922833, 2556410.67514199251309 ], [ 248525.069947112817317, 2556410.747323631308973 ], [ 248525.210024352185428, 2556410.814707549288869 ], [ 248525.352345301886089, 2556410.877213346306235 ], [ 248525.496740129048703, 2556410.934766439255327 ], [ 248525.643036555236904, 2556410.987298156134784 ], [ 248525.791060013376409, 2556411.034745815675706 ], [ 248525.940633888269076, 2556411.077052807901055 ], [ 248526.091579711559461, 2556411.114168647211045 ], [ 248526.243717362551251, 2556411.14604904782027 ], [ 248526.396865323738893, 2556411.172655971720815 ], [ 248526.550840848969528, 2556411.193957670591772 ], [ 248526.705460224329727, 2556411.209928729571402 ], [ 248526.860538954468211, 2556411.220550090074539 ], [ 248527.015891999792075, 2556411.225809077266604 ], [ 248527.171333989856066, 2556411.225699418224394 ], [ 248527.326679463993059, 2556411.220221245195717 ], [ 248527.481743053183891, 2556411.20938109094277 ], [ 248527.636339740653057, 2556411.193191892001778 ], [ 248527.790285059483722, 2556411.171672965399921 ], [ 248527.94339532579761, 2556411.144849987700582 ], [ 248528.095487843587762, 2556411.112754962407053 ], [ 248528.246381148142973, 2556411.075426185503602 ], [ 248528.395895176858176, 2556411.032908199820668 ], [ 248528.543851547234226, 2556410.985251736361533 ], [ 248528.690073712496087, 2556410.932513659354299 ], [ 248542.552032797422726, 2556405.660613152664155 ], [ 248542.698222556442488, 2556405.607886132784188 ], [ 248542.846145793737378, 2556405.560238475911319 ], [ 248542.995626092364546, 2556405.517727010883391 ], [ 248543.146485168661457, 2556405.480402438435704 ], [ 248543.29854309654911, 2556405.448309275787324 ], [ 248543.451618518767646, 2556405.421485799830407 ], [ 248543.605528871732531, 2556405.399964001961052 ], [ 248543.760090585419675, 2556405.383769547566772 ], [ 248543.915119320823578, 2556405.372921755537391 ], [ 248544.070430181542179, 2556405.367433560080826 ], [ 248544.225837934442097, 2556405.3673115093261 ], [ 248544.381157221359899, 2556405.372555749956518 ], [ 248544.536202811752446, 2556405.383160023484379 ], [ 248544.690789770043921, 2556405.399111684877425 ], [ 248544.844733737001661, 2556405.420391710940748 ], [ 248544.997851101885317, 2556405.446974718477577 ], [ 248545.149959248054074, 2556405.478829002007842 ], [ 248545.300876764173154, 2556405.515916571486741 ], [ 248545.4504236500361, 2556405.558193194679916 ], [ 248545.59842154654325, 2556405.605608448386192 ], [ 248545.744693943532184, 2556405.658105781301856 ], [ 248545.889066385832848, 2556405.715622583869845 ], [ 248546.031366682000225, 2556405.778090251609683 ], [ 248546.171425116597675, 2556405.845434289891273 ], [ 248546.309074638556922, 2556405.917574372608215 ], [ 248546.444151094532572, 2556405.994424462784082 ], [ 248546.576493367989315, 2556406.075892901513726 ], [ 248546.705943624576321, 2556406.161882527172565 ], [ 248546.832347465358907, 2556406.252290778793395 ], [ 248546.95555414291448, 2556406.347009833436459 ], [ 248547.075416700245114, 2556406.445926719345152 ], [ 248547.191792195080779, 2556406.548923462629318 ], [ 248547.304541814868571, 2556406.655877219513059 ], [ 248547.413531099504326, 2556406.766660432796925 ], [ 248547.518630051345099, 2556406.881140973418951 ], [ 248547.619713328109356, 2556406.999182302504778 ], [ 248547.71666036741226, 2556407.120643636677414 ], [ 248547.809355539502576, 2556407.24538011290133 ], [ 248547.897688303666655, 2556407.373242960311472 ], [ 248547.981553290999727, 2556407.50407968275249 ], [ 248548.060850484878756, 2556407.637734231539071 ], [ 248548.135485314007383, 2556407.774047204758972 ], [ 248548.205368758441182, 2556407.91285602375865 ], [ 248548.270417470659595, 2556408.053995136171579 ], [ 248548.330553871055599, 2556408.197296208236367 ], [ 248548.385706234781537, 2556408.342588331084698 ], [ 248560.937745545787038, 2556443.212612902745605 ], [ 248560.992708457517438, 2556443.357430698815733 ], [ 248561.052622924093157, 2556443.500271068420261 ], [ 248561.117417960922467, 2556443.640964773949236 ], [ 248561.187016787705943, 2556443.779345110990107 ], [ 248561.261336953641148, 2556443.915248120203614 ], [ 248561.34029039228335, 2556444.048512779176235 ], [ 248561.423783560399897, 2556444.178981189616024 ], [ 248561.511717525281711, 2556444.306498768273741 ], [ 248561.603988102375297, 2556444.430914424359798 ], [ 248561.700485968729481, 2556444.552080744877458 ], [ 248561.801096785144182, 2556444.669854166451842 ], [ 248561.905701339710504, 2556444.784095146693289 ], [ 248562.014175700198393, 2556444.894668325316161 ], [ 248562.126391337165842, 2556445.001442693173885 ], [ 248562.242215297417715, 2556445.104291739407927 ], [ 248562.3615103388438, 2556445.203093599993736 ], [ 248562.484135120583232, 2556445.297731213737279 ], [ 248562.609944347292185, 2556445.388092448469251 ], [ 248562.738788957882207, 2556445.47407024120912 ], [ 248562.870516296214191, 2556445.555562719237059 ], [ 248563.004970281093847, 2556445.632473327685148 ], [ 248563.141991598356981, 2556445.704710939433426 ], [ 248563.28141791454982, 2556445.772189965005964 ], [ 248563.423084014706546, 2556445.834830451291054 ], [ 248563.566822051419877, 2556445.892558178398758 ], [ 248563.71246172679821, 2556445.945304749067873 ], [ 248563.859830467612483, 2556445.993007666897029 ], [ 248564.008753679168876, 2556446.035610408522189 ], [ 248564.159054894495057, 2556446.073062499985099 ], [ 248564.310556039505173, 2556446.105319565162063 ], [ 248564.463077603373677, 2556446.132343384902924 ], [ 248564.616438879544148, 2556446.15410193707794 ], [ 248564.770458150276681, 2556446.170569445937872 ], [ 248564.924952931847656, 2556446.181726397015154 ], [ 248565.079740168410353, 2556446.187559570651501 ], [ 248565.234636466950178, 2556446.188062055967748 ], [ 248565.389458295190707, 2556446.183233259711415 ], [ 248565.544022205140209, 2556446.173078901134431 ], [ 248565.698145079280948, 2556446.157611011527479 ], [ 248565.851644294540165, 2556446.136847918853164 ], [ 248566.004337980033597, 2556446.110814223997295 ], [ 248566.156045217474457, 2556446.079540772363544 ], [ 248566.306586257385788, 2556446.043064618017524 ], [ 248566.455782734468812, 2556446.001428980380297 ], [ 248566.603457871329738, 2556445.954683189745992 ], [ 248566.749436697020428, 2556445.902882635127753 ], [ 248588.510462619597092, 2556437.756648874375969 ], [ 248558.055955791525776, 2556356.403555911034346 ], [ 248525.587101921526482, 2556368.558261966798455 ], [ 248510.601362869725563, 2556374.168169049080461 ] ] ] ] } },
{ "type": "Feature", "properties": { "id": "final_plot_boundary.fid-4639cb80_1a0ba89becd_6489", "gid": 24487, "tps_name": "Gota_33", "tps_no": "33", "village": "Gota", "city": "Ahmedabad", "authority": "AMC", "district": "Ahmedabad", "state": "Gujarat", "status": "Preliminary", "fp_no": "62", "reser_use": null, "reser_type": null, "tps_id": 212, "show_hide": 1, "fp_area": "911", "fp_area_final": 911.0, "temp": "911", "search": "Gota 33 62", "dxf_access": 1, "epsg_code": "EPSG:32643", "parcel_id": "62", "land_use": null, "area_sq_m": 911.0, "owner_name": null, "source_type": "CTPVD_Final_Plot", "source_id": "62", "survey_scheme": "Gota_33", "village_name": "Gota", "city_name": "Ahmedabad", "authority_name": "AMC", "district_name": "Ahmedabad", "state_name": "Gujarat", "status_name": "Preliminary" }, "geometry": { "type": "MultiPolygon", "coordinates": [ [ [ [ 248630.136565079155844, 2556501.653241017367691 ], [ 248614.558227880392224, 2556460.038844779599458 ], [ 248595.355632177379448, 2556467.227331021334976 ], [ 248610.93396934834891, 2556508.841727177146822 ], [ 248630.136565079155844, 2556501.653241017367691 ] ] ] ] } },
{ "type": "Feature", "properties": { "id": "final_plot_boundary.fid-4639cb80_1a0ba89becd_648a", "gid": 24440, "tps_name": "Gota_33", "tps_no": "33", "village": "Gota", "city": "Ahmedabad", "authority": "AMC", "district": "Ahmedabad", "state": "Gujarat", "status": "Preliminary", "fp_no": "128", "reser_use": "Garden", "reser_type": "Recreation", "tps_id": 212, "show_hide": 1, "fp_area": "3248", "fp_area_final": 3248.0, "temp": "3248", "search": "Gota 33 128", "dxf_access": 1, "epsg_code": "EPSG:32643", "parcel_id": "128", "land_use": "Garden", "area_sq_m": 3248.0, "owner_name": null, "source_type": "CTPVD_Final_Plot", "source_id": "128", "survey_scheme": "Gota_33", "village_name": "Gota", "city_name": "Ahmedabad", "authority_name": "AMC", "district_name": "Ahmedabad", "state_name": "Gujarat", "status_name": "Preliminary" }, "geometry": { "type": "MultiPolygon", "coordinates": [ [ [ [ 248670.350947204773547, 2555622.74587781354785 ], [ 248703.990749447984854, 2555610.197810129728168 ], [ 248704.233037580968812, 2555610.102611805777997 ], [ 248704.47187600491452, 2555609.999062449671328 ], [ 248704.706976973160636, 2555609.887286806944758 ], [ 248704.938057259627385, 2555609.767419539857656 ], [ 248705.164838470896939, 2555609.63960505835712 ], [ 248705.387047402211465, 2555609.503997341264039 ], [ 248705.604416343412595, 2555609.360759761650115 ], [ 248705.816683423123322, 2555609.210064882878214 ], [ 248706.023592917947099, 2555609.052094250451773 ], [ 248706.224895562540041, 2555608.887038178741932 ], [ 248706.420348833926255, 2555608.71509551582858 ], [ 248706.609717264276696, 2555608.536473406013101 ], [ 248706.792772714281455, 2555608.351387042086571 ], [ 248706.969294653390534, 2555608.160059402696788 ], [ 248707.139070417615585, 2555607.962720987852663 ], [ 248707.301895480544772, 2555607.759609538596123 ], [ 248707.457573667285033, 2555607.550969748292118 ], [ 248707.605917431850685, 2555607.337052972055972 ], [ 248707.746748064877465, 2555607.118116924539208 ], [ 248707.879895906284219, 2555606.89442536374554 ], [ 248708.00520053395303, 2555606.666247779503465 ], [ 248708.122511002409738, 2555606.433859063312411 ], [ 248708.231685974256834, 2555606.197539184242487 ], [ 248708.332593929371797, 2555605.957572842948139 ], [ 248708.425113298901124, 2555605.714249135926366 ], [ 248708.509132618579315, 2555605.467861202545464 ], [ 248708.584550672385376, 2555605.218705873005092 ], [ 248708.651276603282895, 2555604.967083315830678 ], [ 248708.709230014675995, 2555604.713296669535339 ], [ 248708.758341095264768, 2555604.457651677075773 ], [ 248713.130930605984759, 2555578.6001439653337 ], [ 248695.024235006305389, 2555557.017624975182116 ], [ 248642.756734444643371, 2555548.769239837303758 ], [ 248670.350947204773547, 2555622.74587781354785 ] ] ] ] } },
{ "type": "Feature", "properties": { "id": "final_plot_boundary.fid-4639cb80_1a0ba89becd_648b", "gid": 24450, "tps_name": "Gota_33", "tps_no": "33", "village": "Gota", "city": "Ahmedabad", "authority": "AMC", "district": "Ahmedabad", "state": "Gujarat", "status": "Preliminary", "fp_no": "38", "reser_use": null, "reser_type": null, "tps_id": 212, "show_hide": 1, "fp_area": "11958", "fp_area_final": 11958.0, "temp": "11958", "search": "Gota 33 38", "dxf_access": 1, "epsg_code": "EPSG:32643", "parcel_id": "38", "land_use": null, "area_sq_m": 11958.0, "owner_name": null, "source_type": "CTPVD_Final_Plot", "source_id": "38", "survey_scheme": "Gota_33", "village_name": "Gota", "city_name": "Ahmedabad", "authority_name": "AMC", "district_name": "Ahmedabad", "state_name": "Gujarat", "status_name": "Preliminary" }, "geometry": { "type": "MultiPolygon", "coordinates": [ [ [ [ 249018.412984857044648, 2556622.699471473228186 ], [ 248973.937790003605187, 2556624.441162459086627 ], [ 248903.488816464610863, 2556635.380954059306532 ], [ 248899.871905146574136, 2556623.442006637807935 ], [ 248899.82980872792541, 2556623.303051914554089 ], [ 248871.665801439172355, 2556633.059198433998972 ], [ 248871.472770006337669, 2556633.129791049286723 ], [ 248871.28226967388764, 2556633.20695371273905 ], [ 248871.094523993670009, 2556633.290595880243927 ], [ 248870.909753279265715, 2556633.38061939785257 ], [ 248870.728174339019461, 2556633.476918632164598 ], [ 248870.550000256480416, 2556633.579380572773516 ], [ 248870.375440113217337, 2556633.687884992454201 ], [ 248870.20469874839182, 2556633.802304562181234 ], [ 248870.037976513151079, 2556633.922505012247711 ], [ 248869.875469052174594, 2556634.048345299437642 ], [ 248869.717367061995901, 2556634.179677751846611 ], [ 248869.563856067223242, 2556634.316348256543279 ], [ 248869.415116206364473, 2556634.458196437451988 ], [ 248869.271322017390048, 2556634.605055840220302 ], [ 248869.13264224267914, 2556634.756754133384675 ], [ 248868.999239609896904, 2556634.913113303948194 ], [ 248868.871270667674253, 2556635.07394987391308 ], [ 248868.748885578999761, 2556635.239075107034296 ], [ 248868.632227953145048, 2556635.408295234665275 ], [ 248868.521434692869661, 2556635.581411684397608 ], [ 248868.416635803907411, 2556635.758221312426031 ], [ 248868.31795425832388, 2556635.938516641501337 ], [ 248868.225505862646969, 2556636.122086098883301 ], [ 248868.139399097068235, 2556636.308714280836284 ], [ 248868.059735002811067, 2556636.498182178009301 ], [ 248867.986607064580312, 2556636.690267464611679 ], [ 248867.920101097319275, 2556636.884744735900313 ], [ 248867.860295136924833, 2556637.081385775934905 ], [ 248867.80725937068928, 2556637.279959842562675 ], [ 248867.761056022281991, 2556637.480233914684504 ], [ 248867.721739325410454, 2556637.681972977239639 ], [ 248867.689355402893852, 2556637.884940299205482 ], [ 248867.663942262792261, 2556638.088897707872093 ], [ 248867.645529722620267, 2556638.29360586963594 ], [ 248867.634139385510935, 2556638.498824564740062 ], [ 248867.629784626391483, 2556638.704312979709357 ], [ 248867.632470550975995, 2556638.909829980228096 ], [ 248867.642194010113599, 2556639.115134406834841 ], [ 248867.658943592512514, 2556639.319985337089747 ], [ 248867.682699637545738, 2556639.524142390582711 ], [ 248867.713434277306078, 2556639.727365998085588 ], [ 248867.751111441786634, 2556639.92941768374294 ], [ 248867.79568691708846, 2556640.130060351919383 ], [ 248867.847108395100804, 2556640.329058550763875 ], [ 248867.905315535404952, 2556640.526178771164268 ], [ 248867.970240042690421, 2556640.721189696807414 ], [ 248891.844613790977746, 2556708.533437605015934 ], [ 248912.132556741882581, 2556710.534575437195599 ], [ 249078.406115410296479, 2556648.290116827003658 ], [ 249062.680008682247717, 2556606.171284405048937 ], [ 249018.412984857044648, 2556622.699471473228186 ] ] ] ] } },
{ "type": "Feature", "properties": { "id": "final_plot_boundary.fid-4639cb80_1a0ba89becd_648c", "gid": 24391, "tps_name": "Gota_33", "tps_no": "33", "village": "Gota", "city": "Ahmedabad", "authority": "AMC", "district": "Ahmedabad", "state": "Gujarat", "status": "Preliminary", "fp_no": "39/1", "reser_use": null, "reser_type": null, "tps_id": 212, "show_hide": 1, "fp_area": "4641", "fp_area_final": 4641.0, "temp": "4641", "search": "Gota 33 39/1", "dxf_access": 1, "epsg_code": "EPSG:32643", "parcel_id": "39/1", "land_use": null, "area_sq_m": 4641.0, "owner_name": null, "source_type": "CTPVD_Final_Plot", "source_id": "39/1", "survey_scheme": "Gota_33", "village_name": "Gota", "city_name": "Ahmedabad", "authority_name": "AMC", "district_name": "Ahmedabad", "state_name": "Gujarat", "status_name": "Preliminary" }, "geometry": { "type": "MultiPolygon", "coordinates": [ [ [ [ 249237.898454166512238, 2556346.053593462333083 ], [ 249149.262943061912665, 2556379.131732771638781 ], [ 249177.933912649488775, 2556455.957881296984851 ], [ 249194.189252974407282, 2556445.509607795160264 ], [ 249202.528788428317057, 2556433.93122511729598 ], [ 249232.476617678417824, 2556360.673687704373151 ], [ 249237.898454166512238, 2556346.053593462333083 ] ] ] ] } },
{ "type": "Feature", "properties": { "id": "final_plot_boundary.fid-4639cb80_1a0ba89becd_648d", "gid": 24509, "tps_name": "Gota_33", "tps_no": "33", "village": "Gota", "city": "Ahmedabad", "authority": "AMC", "district": "Ahmedabad", "state": "Gujarat", "status": "Preliminary", "fp_no": "82", "reser_use": null, "reser_type": null, "tps_id": 212, "show_hide": 1, "fp_area": "3845", "fp_area_final": 3845.0, "temp": "3845", "search": "Gota 33 82", "dxf_access": 1, "epsg_code": "EPSG:32643", "parcel_id": "82", "land_use": null, "area_sq_m": 3845.0, "owner_name": null, "source_type": "CTPVD_Final_Plot", "source_id": "82", "survey_scheme": "Gota_33", "village_name": "Gota", "city_name": "Ahmedabad", "authority_name": "AMC", "district_name": "Ahmedabad", "state_name": "Gujarat", "status_name": "Preliminary" }, "geometry": { "type": "MultiPolygon", "coordinates": [ [ [ [ 248874.059318217128748, 2555907.918878207914531 ], [ 248891.430827193165896, 2555954.489724129904062 ], [ 248912.708650435670279, 2555947.890076311305165 ], [ 248921.194755078235175, 2555970.618620965164155 ], [ 248960.865187831339426, 2555955.821052550338209 ], [ 248961.108855960803339, 2555955.725284005515277 ], [ 248961.349033012753353, 2555955.621069060638547 ], [ 248961.585426311125048, 2555955.508534709922969 ], [ 248961.817747791705187, 2555955.387818088755012 ], [ 248962.045714339561528, 2555955.259066300466657 ], [ 248962.269048172456678, 2555955.122436240781099 ], [ 248962.487477119022515, 2555954.978094404563308 ], [ 248962.700735016813269, 2555954.826216687448323 ], [ 248962.908561989926966, 2555954.666988166980445 ], [ 248963.110704777936917, 2555954.500602874904871 ], [ 248963.306917052308563, 2555954.327263571787626 ], [ 248963.496959709125804, 2555954.147181480191648 ], [ 248963.680601167550776, 2555953.960576051846147 ], [ 248963.857617648085579, 2555953.767674683127552 ], [ 248964.02779343147995, 2555953.56871243705973 ], [ 248964.190921143745072, 2555953.36393177183345 ], [ 248964.346801999665331, 2555953.153582231607288 ], [ 248964.495246049686102, 2555952.937920143362135 ], [ 248964.636072399036493, 2555952.717208313755691 ], [ 248964.76910942530958, 2555952.491715698502958 ], [ 248964.89419502983219, 2555952.261717081535608 ], [ 248965.01117677547154, 2555952.027492735534906 ], [ 248965.119912108028075, 2555951.789328090380877 ], [ 248965.220268524804851, 2555951.547513365745544 ], [ 248965.312123733048793, 2555951.302343234885484 ], [ 248965.395365797012346, 2555951.054116463288665 ], [ 248965.469893279572716, 2555950.803135535679758 ], [ 248965.53561536342022, 2555950.549706296995282 ], [ 248965.592451962002087, 2555950.294137570541352 ], [ 248965.640333810151787, 2555950.036740795243531 ], [ 248965.679202554631047, 2555949.77782962936908 ], [ 248965.709010846185265, 2555949.517719580791891 ], [ 248965.729722348769428, 2555949.256727615371346 ], [ 248965.741311829217011, 2555948.995171779766679 ], [ 248965.743765154358698, 2555948.733370801433921 ], [ 248965.737079348793486, 2555948.471643706317991 ], [ 248965.721262546605431, 2555948.210309435613453 ], [ 248965.696334031352308, 2555947.949686449486762 ], [ 248965.662324178148992, 2555947.690092341508716 ], [ 248965.619274429162033, 2555947.431843446567655 ], [ 248965.567237248033052, 2555947.175254469737411 ], [ 248965.506276046769926, 2555946.920638086739928 ], [ 248965.436465105129173, 2555946.668304567225277 ], [ 248965.357889504841296, 2555946.418561407830566 ], [ 248965.270644988573622, 2555946.171712940558791 ], [ 248962.96029955742415, 2555939.980958200991154 ], [ 248962.878275729424786, 2555939.749687616713345 ], [ 248962.803861509513808, 2555939.515857519116253 ], [ 248962.737136560084764, 2555939.279718213248998 ], [ 248962.678172305400949, 2555939.041522478684783 ], [ 248962.627031876094406, 2555938.801525295712054 ], [ 248962.583770003257087, 2555938.559983578976244 ], [ 248962.548433005053084, 2555938.317155888769776 ], [ 248962.521058703627205, 2555938.073302163276821 ], [ 248962.501676404208411, 2555937.828683444764465 ], [ 248962.490306860068813, 2555937.583561588544399 ], [ 248962.486962233524537, 2555937.338198991492391 ], [ 248962.491646113776369, 2555937.092858305200934 ], [ 248962.504353484255262, 2555936.847802160773426 ], [ 248962.52507073423476, 2555936.603292883839458 ], [ 248964.75371087595704, 2555914.588003946933895 ], [ 248874.059318217128748, 2555907.918878207914531 ] ] ] ] } },
{ "type": "Feature", "properties": { "id": "final_plot_boundary.fid-4639cb80_1a0ba89becd_648e", "gid": 24387, "tps_name": "Gota_33", "tps_no": "33", "village": "Gota", "city": "Ahmedabad", "authority": "AMC", "district": "Ahmedabad", "state": "Gujarat", "status": "Preliminary", "fp_no": "120", "reser_use": "Sale For Commercial", "reser_type": "Commercial", "tps_id": 212, "show_hide": 1, "fp_area": "1400", "fp_area_final": 1400.0, "temp": "1400", "search": "Gota 33 120", "dxf_access": 1, "epsg_code": "EPSG:32643", "parcel_id": "120", "land_use": "Sale For Commercial", "area_sq_m": 1400.0, "owner_name": null, "source_type": "CTPVD_Final_Plot", "source_id": "120", "survey_scheme": "Gota_33", "village_name": "Gota", "city_name": "Ahmedabad", "authority_name": "AMC", "district_name": "Ahmedabad", "state_name": "Gujarat", "status_name": "Preliminary" }, "geometry": { "type": "MultiPolygon", "coordinates": [ [ [ [ 248775.596120086149313, 2556697.067057836800814 ], [ 248858.895442453533178, 2556705.283436686266214 ], [ 248846.639519519230817, 2556670.471981803420931 ], [ 248775.596120086149313, 2556697.067057836800814 ] ] ] ] } },
{ "type": "Feature", "properties": { "id": "final_plot_boundary.fid-4639cb80_1a0ba89becd_648f", "gid": 24500, "tps_name": "Gota_33", "tps_no": "33", "village": "Gota", "city": "Ahmedabad", "authority": "AMC", "district": "Ahmedabad", "state": "Gujarat", "status": "Preliminary", "fp_no": "123", "reser_use": "Sale For Commercial", "reser_type": "Commercial", "tps_id": 212, "show_hide": 1, "fp_area": "5974", "fp_area_final": 5974.0, "temp": "5974", "search": "Gota 33 123", "dxf_access": 1, "epsg_code": "EPSG:32643", "parcel_id": "123", "land_use": "Sale For Commercial", "area_sq_m": 5974.0, "owner_name": null, "source_type": "CTPVD_Final_Plot", "source_id": "123", "survey_scheme": "Gota_33", "village_name": "Gota", "city_name": "Ahmedabad", "authority_name": "AMC", "district_name": "Ahmedabad", "state_name": "Gujarat", "status_name": "Preliminary" }, "geometry": { "type": "MultiPolygon", "coordinates": [ [ [ [ 248415.680251601908822, 2555736.78062365250662 ], [ 248438.097535998706007, 2555795.544709930196404 ], [ 248526.706802888133097, 2555761.742105964105576 ], [ 248508.553383196616778, 2555710.179530578665435 ], [ 248508.463056375068845, 2555709.936466577928513 ], [ 248508.364381100604078, 2555709.696670341771096 ], [ 248508.257475332909962, 2555709.460428515449166 ], [ 248508.142466849967605, 2555709.228023494593799 ], [ 248508.019493143539876, 2555708.999733083415776 ], [ 248507.888701208372368, 2555708.775830175727606 ], [ 248507.750247376796324, 2555708.556582411751151 ], [ 248507.604297160403803, 2555708.342251873575151 ], [ 248507.451025025977287, 2555708.133094765245914 ], [ 248507.290614179975819, 2555707.929361102636904 ], [ 248507.123256381630199, 2555707.731294422410429 ], [ 248506.949151669454295, 2555707.539131485391408 ], [ 248506.768508171866415, 2555707.35310199437663 ], [ 248506.581541822873987, 2555707.173428322654217 ], [ 248506.388476109743351, 2555707.000325245782733 ], [ 248506.189541821862804, 2555706.833999684546143 ], [ 248505.984976756764809, 2555706.674650457222015 ], [ 248505.775025433656992, 2555706.522468040231615 ], [ 248505.559938831225736, 2555706.377634353470057 ], [ 248505.339974049595185, 2555706.240322519559413 ], [ 248505.115394024876878, 2555706.110696678981185 ], [ 248504.886467219679616, 2555705.988911780528724 ], [ 248504.65346727630822, 2555705.875113401096314 ], [ 248504.416672721301438, 2555705.769437570124865 ], [ 248504.176366603467613, 2555705.672010609414428 ], [ 248503.932836172316456, 2555705.582948977127671 ], [ 248503.686372539697913, 2555705.502359136939049 ], [ 248503.437270318972878, 2555705.43033742159605 ], [ 248503.18582727239118, 2555705.366969923488796 ], [ 248502.932343974767718, 2555705.312332386616617 ], [ 248502.677123420930002, 2555705.266490128356963 ], [ 248502.420470695098629, 2555705.229497940279543 ], [ 248502.162692585872719, 2555705.201400047168136 ], [ 248501.904097232385539, 2555705.182230032514781 ], [ 248501.644993756606709, 2555705.17201081244275 ], [ 248501.385691878967918, 2555705.170754602178931 ], [ 248501.126501549209934, 2555705.178462904877961 ], [ 248500.867732602375327, 2555705.195126503705978 ], [ 248500.609694352868246, 2555705.220725482329726 ], [ 248500.352695259643951, 2555705.255229238420725 ], [ 248500.097042522160336, 2555705.298596529755741 ], [ 248499.843041741143679, 2555705.350775514729321 ], [ 248499.590996532788267, 2555705.411703823599964 ], [ 248499.341208191908663, 2555705.481308619491756 ], [ 248499.093975297582801, 2555705.559506707359105 ], [ 248498.849593382648891, 2555705.646204604301602 ], [ 248415.680251601908822, 2555736.78062365250662 ] ] ] ] } },
{ "type": "Feature", "properties": { "id": "final_plot_boundary.fid-4639cb80_1a0ba89becd_6490", "gid": 24518, "tps_name": "Gota_33", "tps_no": "33", "village": "Gota", "city": "Ahmedabad", "authority": "AMC", "district": "Ahmedabad", "state": "Gujarat", "status": "Preliminary", "fp_no": "50/1", "reser_use": null, "reser_type": null, "tps_id": 212, "show_hide": 1, "fp_area": "5692", "fp_area_final": 5692.0, "temp": "5692", "search": "Gota 33 50/1", "dxf_access": 1, "epsg_code": "EPSG:32643", "parcel_id": "50/1", "land_use": null, "area_sq_m": 5692.0, "owner_name": null, "source_type": "CTPVD_Final_Plot", "source_id": "50/1", "survey_scheme": "Gota_33", "village_name": "Gota", "city_name": "Ahmedabad", "authority_name": "AMC", "district_name": "Ahmedabad", "state_name": "Gujarat", "status_name": "Preliminary" }, "geometry": { "type": "MultiPolygon", "coordinates": [ [ [ [ 248930.922275494056521, 2556062.17557916091755 ], [ 248909.49346925484133, 2556070.170151436701417 ], [ 248930.977288702357328, 2556127.747759835794568 ], [ 249017.750109020387754, 2556095.374907340388745 ], [ 248996.260511068423511, 2556037.791816586628556 ], [ 248930.922275494056521, 2556062.17557916091755 ] ] ] ] } },
{ "type": "Feature", "properties": { "id": "final_plot_boundary.fid-4639cb80_1a0ba89becd_6491", "gid": 24408, "tps_name": "Gota_33", "tps_no": "33", "village": "Gota", "city": "Ahmedabad", "authority": "AMC", "district": "Ahmedabad", "state": "Gujarat", "status": "Preliminary", "fp_no": "57", "reser_use": null, "reser_type": null, "tps_id": 212, "show_hide": 1, "fp_area": "5467", "fp_area_final": 5467.0, "temp": "5467", "search": "Gota 33 57", "dxf_access": 1, "epsg_code": "EPSG:32643", "parcel_id": "57", "land_use": null, "area_sq_m": 5467.0, "owner_name": null, "source_type": "CTPVD_Final_Plot", "source_id": "57", "survey_scheme": "Gota_33", "village_name": "Gota", "city_name": "Ahmedabad", "authority_name": "AMC", "district_name": "Ahmedabad", "state_name": "Gujarat", "status_name": "Preliminary" }, "geometry": { "type": "MultiPolygon", "coordinates": [ [ [ [ 249027.202318475989159, 2556408.266602718736976 ], [ 249053.214824189286446, 2556398.558921486139297 ], [ 249080.453623040230013, 2556388.39359641680494 ], [ 249068.800516495248303, 2556357.168168495409191 ], [ 249057.139717902638949, 2556325.922129111830145 ], [ 249046.824328827147838, 2556298.281221797224134 ], [ 248993.573024258250371, 2556318.15422809869051 ], [ 249027.202318475989159, 2556408.266602718736976 ] ] ] ] } },
{ "type": "Feature", "properties": { "id": "final_plot_boundary.fid-4639cb80_1a0ba89becd_6492", "gid": 24452, "tps_name": "Gota_33", "tps_no": "33", "village": "Gota", "city": "Ahmedabad", "authority": "AMC", "district": "Ahmedabad", "state": "Gujarat", "status": "Preliminary", "fp_no": "34", "reser_use": null, "reser_type": null, "tps_id": 212, "show_hide": 1, "fp_area": "5149", "fp_area_final": 5149.0, "temp": "5149", "search": "Gota 33 34", "dxf_access": 1, "epsg_code": "EPSG:32643", "parcel_id": "34", "land_use": null, "area_sq_m": 5149.0, "owner_name": null, "source_type": "CTPVD_Final_Plot", "source_id": "34", "survey_scheme": "Gota_33", "village_name": "Gota", "city_name": "Ahmedabad", "authority_name": "AMC", "district_name": "Ahmedabad", "state_name": "Gujarat", "status_name": "Preliminary" }, "geometry": { "type": "MultiPolygon", "coordinates": [ [ [ [ 248899.22037055369583, 2556597.547157051973045 ], [ 248894.764093678852078, 2556597.951207090634853 ], [ 248897.964532459882321, 2556614.424503671936691 ], [ 248899.871905146574136, 2556623.442006637807935 ], [ 248903.488816464610863, 2556635.380954059306532 ], [ 248973.937790003605187, 2556624.441162459086627 ], [ 249018.412984857044648, 2556622.699471473228186 ], [ 249029.291573716443963, 2556574.338184917811304 ], [ 248971.483627565408824, 2556576.203903750982136 ], [ 248972.374013781547546, 2556590.914325851481408 ], [ 248955.158013885200489, 2556592.47529829479754 ], [ 248924.485583837056765, 2556595.256363489665091 ], [ 248899.22037055369583, 2556597.547157051973045 ] ] ] ] } },
{ "type": "Feature", "properties": { "id": "final_plot_boundary.fid-4639cb80_1a0ba89becd_6493", "gid": 24501, "tps_name": "Gota_33", "tps_no": "33", "village": "Gota", "city": "Ahmedabad", "authority": "AMC", "district": "Ahmedabad", "state": "Gujarat", "status": "Preliminary", "fp_no": "122", "reser_use": "Neighbourhood Center", "reser_type": "Public Purpose", "tps_id": 212, "show_hide": 1, "fp_area": "3908", "fp_area_final": 3908.0, "temp": "3908", "search": "Gota 33 122", "dxf_access": 1, "epsg_code": "EPSG:32643", "parcel_id": "122", "land_use": "Neighbourhood Center", "area_sq_m": 3908.0, "owner_name": null, "source_type": "CTPVD_Final_Plot", "source_id": "122", "survey_scheme": "Gota_33", "village_name": "Gota", "city_name": "Ahmedabad", "authority_name": "AMC", "district_name": "Ahmedabad", "state_name": "Gujarat", "status_name": "Preliminary" }, "geometry": { "type": "MultiPolygon", "coordinates": [ [ [ [ 248725.104025518056005, 2556511.274754687678069 ], [ 248695.766757491772296, 2556429.638455200940371 ], [ 248656.96427229011897, 2556444.164154315833002 ], [ 248672.542609486292349, 2556485.778550553601235 ], [ 248695.413382622034987, 2556546.87322344398126 ], [ 248697.244195805949857, 2556551.763872837182134 ], [ 248704.747107152303215, 2556548.955160142853856 ], [ 248707.237070254370337, 2556511.910561786498874 ], [ 248720.03148750931723, 2556513.060621872078627 ], [ 248725.104025518056005, 2556511.274754687678069 ] ] ] ] } },
{ "type": "Feature", "properties": { "id": "final_plot_boundary.fid-4639cb80_1a0ba89becd_6494", "gid": 24506, "tps_name": "Gota_33", "tps_no": "33", "village": "Gota", "city": "Ahmedabad", "authority": "AMC", "district": "Ahmedabad", "state": "Gujarat", "status": "Preliminary", "fp_no": "135", "reser_use": "Sale For Residential", "reser_type": "Residential", "tps_id": 212, "show_hide": 1, "fp_area": "3221", "fp_area_final": 3221.0, "temp": "3221", "search": "Gota 33 135", "dxf_access": 1, "epsg_code": "EPSG:32643", "parcel_id": "135", "land_use": "Sale For Residential", "area_sq_m": 3221.0, "owner_name": null, "source_type": "CTPVD_Final_Plot", "source_id": "135", "survey_scheme": "Gota_33", "village_name": "Gota", "city_name": "Ahmedabad", "authority_name": "AMC", "district_name": "Ahmedabad", "state_name": "Gujarat", "status_name": "Preliminary" }, "geometry": { "type": "MultiPolygon", "coordinates": [ [ [ [ 249008.314684310811572, 2556457.125561572145671 ], [ 249026.152967717382126, 2556450.468441687524319 ], [ 249032.349364728434011, 2556467.0721814208664 ], [ 249073.104751477192622, 2556451.85556718846783 ], [ 249053.214824189286446, 2556398.558921486139297 ], [ 249027.202318475989159, 2556408.266602718736976 ], [ 248994.618862619681749, 2556420.426515586674213 ], [ 249008.314684310811572, 2556457.125561572145671 ] ] ] ] } },
{ "type": "Feature", "properties": { "id": "final_plot_boundary.fid-4639cb80_1a0ba89becd_6495", "gid": 24472, "tps_name": "Gota_33", "tps_no": "33", "village": "Gota", "city": "Ahmedabad", "authority": "AMC", "district": "Ahmedabad", "state": "Gujarat", "status": "Preliminary", "fp_no": "10", "reser_use": null, "reser_type": null, "tps_id": 212, "show_hide": 1, "fp_area": "5767", "fp_area_final": 5767.0, "temp": "5767", "search": "Gota 33 10", "dxf_access": 1, "epsg_code": "EPSG:32643", "parcel_id": "10", "land_use": null, "area_sq_m": 5767.0, "owner_name": null, "source_type": "CTPVD_Final_Plot", "source_id": "10", "survey_scheme": "Gota_33", "village_name": "Gota", "city_name": "Ahmedabad", "authority_name": "AMC", "district_name": "Ahmedabad", "state_name": "Gujarat", "status_name": "Preliminary" }, "geometry": { "type": "MultiPolygon", "coordinates": [ [ [ [ 248492.498107857216382, 2556150.26994071342051 ], [ 248516.599252792511834, 2556220.743332555983216 ], [ 248528.421802668366581, 2556216.317564428783953 ], [ 248571.651356621965533, 2556200.134593406226486 ], [ 248589.144546014984371, 2556193.586023016367108 ], [ 248565.04340108265751, 2556123.112631171941757 ], [ 248492.498107857216382, 2556150.26994071342051 ] ] ] ] } },
{ "type": "Feature", "properties": { "id": "final_plot_boundary.fid-4639cb80_1a0ba89becd_6496", "gid": 24390, "tps_name": "Gota_33", "tps_no": "33", "village": "Gota", "city": "Ahmedabad", "authority": "AMC", "district": "Ahmedabad", "state": "Gujarat", "status": "Preliminary", "fp_no": "136", "reser_use": "Neighbourhood Center", "reser_type": "Public Purpose", "tps_id": 212, "show_hide": 1, "fp_area": "11774", "fp_area_final": 11774.0, "temp": "11774", "search": "Gota 33 136", "dxf_access": 1, "epsg_code": "EPSG:32643", "parcel_id": "136", "land_use": "Neighbourhood Center", "area_sq_m": 11774.0, "owner_name": null, "source_type": "CTPVD_Final_Plot", "source_id": "136", "survey_scheme": "Gota_33", "village_name": "Gota", "city_name": "Ahmedabad", "authority_name": "AMC", "district_name": "Ahmedabad", "state_name": "Gujarat", "status_name": "Preliminary" }, "geometry": { "type": "MultiPolygon", "coordinates": [ [ [ [ 249062.680008682247717, 2556606.171284405048937 ], [ 249087.455102437321329, 2556596.920891023240983 ], [ 249103.179403110640123, 2556639.034886324312538 ], [ 249134.355322473857086, 2556627.348660429939628 ], [ 249154.20809852523962, 2556509.964385212399065 ], [ 249153.246720198134426, 2556502.11617573723197 ], [ 249085.852430860773893, 2556527.279498801100999 ], [ 249081.218821762595326, 2556514.869421187788248 ], [ 249029.889165142056299, 2556534.034616708755493 ], [ 249016.157547333859839, 2556539.16165549075231 ], [ 249029.291573716443963, 2556574.338184917811304 ], [ 249018.412984857044648, 2556622.699471473228186 ], [ 249062.680008682247717, 2556606.171284405048937 ] ] ] ] } },
{ "type": "Feature", "properties": { "id": "final_plot_boundary.fid-4639cb80_1a0ba89becd_6497", "gid": 24516, "tps_name": "Gota_33", "tps_no": "33", "village": "Gota", "city": "Ahmedabad", "authority": "AMC", "district": "Ahmedabad", "state": "Gujarat", "status": "Preliminary", "fp_no": "143", "reser_use": "Sale For Commercial", "reser_type": "Commercial", "tps_id": 212, "show_hide": 1, "fp_area": "5580", "fp_area_final": 5580.0, "temp": "5580", "search": "Gota 33 143", "dxf_access": 1, "epsg_code": "EPSG:32643", "parcel_id": "143", "land_use": "Sale For Commercial", "area_sq_m": 5580.0, "owner_name": null, "source_type": "CTPVD_Final_Plot", "source_id": "143", "survey_scheme": "Gota_33", "village_name": "Gota", "city_name": "Ahmedabad", "authority_name": "AMC", "district_name": "Ahmedabad", "state_name": "Gujarat", "status_name": "Preliminary" }, "geometry": { "type": "MultiPolygon", "coordinates": [ [ [ [ 248909.49346925484133, 2556070.170151436701417 ], [ 248930.922275494056521, 2556062.17557916091755 ], [ 248907.279649935633643, 2555995.021609752904624 ], [ 248833.829490057338262, 2556022.418736323714256 ], [ 248857.474966298148502, 2556089.580828764010221 ], [ 248909.49346925484133, 2556070.170151436701417 ] ] ] ] } },
{ "type": "Feature", "properties": { "id": "final_plot_boundary.fid-4639cb80_1a0ba89becd_6498", "gid": 24409, "tps_name": "Gota_33", "tps_no": "33", "village": "Gota", "city": "Ahmedabad", "authority": "AMC", "district": "Ahmedabad", "state": "Gujarat", "status": "Preliminary", "fp_no": "53", "reser_use": null, "reser_type": null, "tps_id": 212, "show_hide": 1, "fp_area": "2855", "fp_area_final": 2855.0, "temp": "2855", "search": "Gota 33 53", "dxf_access": 1, "epsg_code": "EPSG:32643", "parcel_id": "53", "land_use": null, "area_sq_m": 2855.0, "owner_name": null, "source_type": "CTPVD_Final_Plot", "source_id": "53", "survey_scheme": "Gota_33", "village_name": "Gota", "city_name": "Ahmedabad", "authority_name": "AMC", "district_name": "Ahmedabad", "state_name": "Gujarat", "status_name": "Preliminary" }, "geometry": { "type": "MultiPolygon", "coordinates": [ [ [ [ 249124.366236277506687, 2556124.541636229958385 ], [ 249109.17094057428767, 2556083.824630095623434 ], [ 249047.627742762851994, 2556106.792111700866371 ], [ 249062.823038461705437, 2556147.509117833804339 ], [ 249124.366236277506687, 2556124.541636229958385 ] ] ] ] } },
{ "type": "Feature", "properties": { "id": "final_plot_boundary.fid-4639cb80_1a0ba89becd_6499", "gid": 24384, "tps_name": "Gota_33", "tps_no": "33", "village": "Gota", "city": "Ahmedabad", "authority": "AMC", "district": "Ahmedabad", "state": "Gujarat", "status": "Preliminary", "fp_no": "56/2", "reser_use": null, "reser_type": null, "tps_id": 212, "show_hide": 1, "fp_area": "1454", "fp_area_final": 1454.0, "temp": "1454", "search": "Gota 33 56/2", "dxf_access": 1, "epsg_code": "EPSG:32643", "parcel_id": "56/2", "land_use": null, "area_sq_m": 1454.0, "owner_name": null, "source_type": "CTPVD_Final_Plot", "source_id": "56/2", "survey_scheme": "Gota_33", "village_name": "Gota", "city_name": "Ahmedabad", "authority_name": "AMC", "district_name": "Ahmedabad", "state_name": "Gujarat", "status_name": "Preliminary" }, "geometry": { "type": "MultiPolygon", "coordinates": [ [ [ [ 248871.737759040959645, 2556331.601260043215007 ], [ 248907.20494915911695, 2556318.365158159285784 ], [ 248894.09082202159334, 2556282.412495482247323 ], [ 248858.527357282378944, 2556295.384658410679549 ], [ 248871.737759040959645, 2556331.601260043215007 ] ] ] ] } },
{ "type": "Feature", "properties": { "id": "final_plot_boundary.fid-4639cb80_1a0ba89becd_649a", "gid": 24503, "tps_name": "Gota_33", "tps_no": "33", "village": "Gota", "city": "Ahmedabad", "authority": "AMC", "district": "Ahmedabad", "state": "Gujarat", "status": "Preliminary", "fp_no": "32/1", "reser_use": null, "reser_type": null, "tps_id": 212, "show_hide": 1, "fp_area": "5406", "fp_area_final": 5406.0, "temp": "5406", "search": "Gota 33 32/1", "dxf_access": 1, "epsg_code": "EPSG:32643", "parcel_id": "32/1", "land_use": null, "area_sq_m": 5406.0, "owner_name": null, "source_type": "CTPVD_Final_Plot", "source_id": "32/1", "survey_scheme": "Gota_33", "village_name": "Gota", "city_name": "Ahmedabad", "authority_name": "AMC", "district_name": "Ahmedabad", "state_name": "Gujarat", "status_name": "Preliminary" }, "geometry": { "type": "MultiPolygon", "coordinates": [ [ [ [ 248879.552883216034388, 2556463.368316776584834 ], [ 248877.586993089003954, 2556464.101972922682762 ], [ 248897.487381918996107, 2556517.426651164423674 ], [ 248986.486184109438909, 2556484.196752441581339 ], [ 248966.591095958574442, 2556430.886277802754194 ], [ 248941.67030181834707, 2556440.186540076974779 ], [ 248879.552883216034388, 2556463.368316776584834 ] ] ] ] } },
{ "type": "Feature", "properties": { "id": "final_plot_boundary.fid-4639cb80_1a0ba89becd_649b", "gid": 24423, "tps_name": "Gota_33", "tps_no": "33", "village": "Gota", "city": "Ahmedabad", "authority": "AMC", "district": "Ahmedabad", "state": "Gujarat", "status": "Preliminary", "fp_no": "83", "reser_use": null, "reser_type": null, "tps_id": 212, "show_hide": 1, "fp_area": "6921", "fp_area_final": 6921.0, "temp": "6921", "search": "Gota 33 83", "dxf_access": 1, "epsg_code": "EPSG:32643", "parcel_id": "83", "land_use": null, "area_sq_m": 6921.0, "owner_name": null, "source_type": "CTPVD_Final_Plot", "source_id": "83", "survey_scheme": "Gota_33", "village_name": "Gota", "city_name": "Ahmedabad", "authority_name": "AMC", "district_name": "Ahmedabad", "state_name": "Gujarat", "status_name": "Preliminary" }, "geometry": { "type": "MultiPolygon", "coordinates": [ [ [ [ 248753.869420750357676, 2555836.160501996055245 ], [ 248757.038417795818532, 2555815.037862214259803 ], [ 248730.725120765418978, 2555792.066603812854737 ], [ 248732.945900431950577, 2555776.740122582763433 ], [ 248726.641563005046919, 2555775.730046299751848 ], [ 248726.386211846926017, 2555775.693626069463789 ], [ 248726.129759344650665, 2555775.666007958352566 ], [ 248725.872508818982169, 2555775.647224633023143 ], [ 248725.614764539262978, 2555775.637298307847232 ], [ 248725.356831350305583, 2555775.636240723542869 ], [ 248725.09901433516643, 2555775.64405312994495 ], [ 248724.841618425562046, 2555775.660726289730519 ], [ 248724.584948070492828, 2555775.686240481212735 ], [ 248724.329306841624202, 2555775.720565527677536 ], [ 248724.074997104122303, 2555775.763660829048604 ], [ 248723.822319649596466, 2555775.815475413110107 ], [ 248723.571573335502762, 2555775.875947998370975 ], [ 248723.323054738808423, 2555775.945007055997849 ], [ 248723.077057800808689, 2555776.022570908069611 ], [ 248722.833873464172939, 2555776.10854781512171 ], [ 248635.909666469175136, 2555808.532366026658565 ], [ 248659.364557671418879, 2555871.411999898031354 ], [ 248672.787563433259493, 2555866.405050582252443 ], [ 248753.869420750357676, 2555836.160501996055245 ] ] ] ] } },
{ "type": "Feature", "properties": { "id": "final_plot_boundary.fid-4639cb80_1a0ba89becd_649c", "gid": 24406, "tps_name": "Gota_33", "tps_no": "33", "village": "Gota", "city": "Ahmedabad", "authority": "AMC", "district": "Ahmedabad", "state": "Gujarat", "status": "Preliminary", "fp_no": "41/1", "reser_use": null, "reser_type": null, "tps_id": 212, "show_hide": 1, "fp_area": "1457", "fp_area_final": 1457.0, "temp": "1457", "search": "Gota 33 41/1", "dxf_access": 1, "epsg_code": "EPSG:32643", "parcel_id": "41/1", "land_use": null, "area_sq_m": 1457.0, "owner_name": null, "source_type": "CTPVD_Final_Plot", "source_id": "41/1", "survey_scheme": "Gota_33", "village_name": "Gota", "city_name": "Ahmedabad", "authority_name": "AMC", "district_name": "Ahmedabad", "state_name": "Gujarat", "status_name": "Preliminary" }, "geometry": { "type": "MultiPolygon", "coordinates": [ [ [ [ 249121.399884847662179, 2556373.112744135782123 ], [ 249109.746778300323058, 2556341.887316214852035 ], [ 249068.800516495248303, 2556357.168168495409191 ], [ 249080.453623040230013, 2556388.39359641680494 ], [ 249121.399884847662179, 2556373.112744135782123 ] ] ] ] } },
{ "type": "Feature", "properties": { "id": "final_plot_boundary.fid-4639cb80_1a0ba89becd_649d", "gid": 24470, "tps_name": "Gota_33", "tps_no": "33", "village": "Gota", "city": "Ahmedabad", "authority": "AMC", "district": "Ahmedabad", "state": "Gujarat", "status": "Preliminary", "fp_no": "5", "reser_use": null, "reser_type": null, "tps_id": 212, "show_hide": 1, "fp_area": "450", "fp_area_final": 450.0, "temp": "450", "search": "Gota 33 5", "dxf_access": 1, "epsg_code": "EPSG:32643", "parcel_id": "5", "land_use": null, "area_sq_m": 450.0, "owner_name": null, "source_type": "CTPVD_Final_Plot", "source_id": "5", "survey_scheme": "Gota_33", "village_name": "Gota", "city_name": "Ahmedabad", "authority_name": "AMC", "district_name": "Ahmedabad", "state_name": "Gujarat", "status_name": "Preliminary" }, "geometry": { "type": "MultiPolygon", "coordinates": [ [ [ [ 248480.75423285382567, 2556285.125930322799832 ], [ 248503.099551063845865, 2556276.760966912843287 ], [ 248496.986600757139968, 2556258.886283229105175 ], [ 248474.641282548400341, 2556267.25124663952738 ], [ 248480.75423285382567, 2556285.125930322799832 ] ] ] ] } },
{ "type": "Feature", "properties": { "id": "final_plot_boundary.fid-4639cb80_1a0ba89becd_649e", "gid": 24432, "tps_name": "Gota_33", "tps_no": "33", "village": "Gota", "city": "Ahmedabad", "authority": "AMC", "district": "Ahmedabad", "state": "Gujarat", "status": "Preliminary", "fp_no": "86", "reser_use": null, "reser_type": null, "tps_id": 212, "show_hide": 1, "fp_area": "5403", "fp_area_final": 5403.0, "temp": "5403", "search": "Gota 33 86", "dxf_access": 1, "epsg_code": "EPSG:32643", "parcel_id": "86", "land_use": null, "area_sq_m": 5403.0, "owner_name": null, "source_type": "CTPVD_Final_Plot", "source_id": "86", "survey_scheme": "Gota_33", "village_name": "Gota", "city_name": "Ahmedabad", "authority_name": "AMC", "district_name": "Ahmedabad", "state_name": "Gujarat", "status_name": "Preliminary" }, "geometry": { "type": "MultiPolygon", "coordinates": [ [ [ [ 248670.350947204773547, 2555622.74587781354785 ], [ 248642.756734444643371, 2555548.769239837303758 ], [ 248616.043602815159829, 2555544.553614533971995 ], [ 248599.830847453238675, 2555545.032190547790378 ], [ 248579.403513612429379, 2555544.0333241247572 ], [ 248616.347937415441265, 2555642.889677023515105 ], [ 248670.350947204773547, 2555622.74587781354785 ] ] ] ] } },
{ "type": "Feature", "properties": { "id": "final_plot_boundary.fid-4639cb80_1a0ba89becd_649f", "gid": 24380, "tps_name": "Gota_33", "tps_no": "33", "village": "Gota", "city": "Ahmedabad", "authority": "AMC", "district": "Ahmedabad", "state": "Gujarat", "status": "Preliminary", "fp_no": "90", "reser_use": null, "reser_type": null, "tps_id": 212, "show_hide": 1, "fp_area": "6861", "fp_area_final": 6861.0, "temp": "6861", "search": "Gota 33 90", "dxf_access": 1, "epsg_code": "EPSG:32643", "parcel_id": "90", "land_use": null, "area_sq_m": 6861.0, "owner_name": null, "source_type": "CTPVD_Final_Plot", "source_id": "90", "survey_scheme": "Gota_33", "village_name": "Gota", "city_name": "Ahmedabad", "authority_name": "AMC", "district_name": "Ahmedabad", "state_name": "Gujarat", "status_name": "Preliminary" }, "geometry": { "type": "MultiPolygon", "coordinates": [ [ [ [ 248449.094962758361362, 2555960.883481290191412 ], [ 248450.610967661516042, 2555967.753159935586154 ], [ 248458.184307154384442, 2555981.203622712753713 ], [ 248466.854660533106653, 2555993.366884827613831 ], [ 248467.575819396122824, 2556007.407182068098336 ], [ 248596.239722618454834, 2555959.241887100040913 ], [ 248579.615607739397092, 2555912.023115582764149 ], [ 248529.220568993390771, 2555930.888483763672411 ], [ 248486.361368291662075, 2555946.932813154067844 ], [ 248449.094962758361362, 2555960.883481290191412 ] ] ] ] } },
{ "type": "Feature", "properties": { "id": "final_plot_boundary.fid-4639cb80_1a0ba89becd_64a0", "gid": 24483, "tps_name": "Gota_33", "tps_no": "33", "village": "Gota", "city": "Ahmedabad", "authority": "AMC", "district": "Ahmedabad", "state": "Gujarat", "status": "Preliminary", "fp_no": "26/1", "reser_use": null, "reser_type": null, "tps_id": 212, "show_hide": 1, "fp_area": "1774", "fp_area_final": 1774.0, "temp": "1774", "search": "Gota 33 26/1", "dxf_access": 1, "epsg_code": "EPSG:32643", "parcel_id": "26/1", "land_use": null, "area_sq_m": 1774.0, "owner_name": null, "source_type": "CTPVD_Final_Plot", "source_id": "26/1", "survey_scheme": "Gota_33", "village_name": "Gota", "city_name": "Ahmedabad", "authority_name": "AMC", "district_name": "Ahmedabad", "state_name": "Gujarat", "status_name": "Preliminary" }, "geometry": { "type": "MultiPolygon", "coordinates": [ [ [ [ 248728.728333259175997, 2556519.510743059683591 ], [ 248728.345404427673202, 2556516.465402075555176 ], [ 248725.104025518056005, 2556511.274754687678069 ], [ 248720.03148750931723, 2556513.060621872078627 ], [ 248707.237070254370337, 2556511.910561786498874 ], [ 248704.747107152303215, 2556548.955160142853856 ], [ 248702.6340712546953, 2556580.391997965518385 ], [ 248729.812112031650031, 2556582.973797920625657 ], [ 248732.214356126060011, 2556547.234245245344937 ], [ 248728.728333259175997, 2556519.510743059683591 ] ] ] ] } },
{ "type": "Feature", "properties": { "id": "final_plot_boundary.fid-4639cb80_1a0ba89becd_64a1", "gid": 24476, "tps_name": "Gota_33", "tps_no": "33", "village": "Gota", "city": "Ahmedabad", "authority": "AMC", "district": "Ahmedabad", "state": "Gujarat", "status": "Preliminary", "fp_no": "48", "reser_use": null, "reser_type": null, "tps_id": 212, "show_hide": 1, "fp_area": "7897", "fp_area_final": 7897.0, "temp": "7897", "search": "Gota 33 48", "dxf_access": 1, "epsg_code": "EPSG:32643", "parcel_id": "48", "land_use": null, "area_sq_m": 7897.0, "owner_name": null, "source_type": "CTPVD_Final_Plot", "source_id": "48", "survey_scheme": "Gota_33", "village_name": "Gota", "city_name": "Ahmedabad", "authority_name": "AMC", "district_name": "Ahmedabad", "state_name": "Gujarat", "status_name": "Preliminary" }, "geometry": { "type": "MultiPolygon", "coordinates": [ [ [ [ 249134.435952580883168, 2555898.143230695743114 ], [ 249136.83987124855048, 2555897.367813244462013 ], [ 249137.217009132436942, 2555879.06535714212805 ], [ 249135.526684752694564, 2555866.951087816152722 ], [ 249113.782747011282481, 2555866.629544585011899 ], [ 249114.289074229047401, 2555838.366545151919127 ], [ 249113.844188090297394, 2555838.211428910028189 ], [ 249084.317404613510007, 2555833.404527741484344 ], [ 249040.154054512269795, 2555837.465661290101707 ], [ 248989.645473788259551, 2555842.098325613886118 ], [ 248984.493090646865312, 2555895.970482143107802 ], [ 249134.435952580883168, 2555898.143230695743114 ] ] ] ] } },
{ "type": "Feature", "properties": { "id": "final_plot_boundary.fid-4639cb80_1a0ba89becd_64a2", "gid": 24377, "tps_name": "Gota_33", "tps_no": "33", "village": "Gota", "city": "Ahmedabad", "authority": "AMC", "district": "Ahmedabad", "state": "Gujarat", "status": "Preliminary", "fp_no": "8", "reser_use": null, "reser_type": null, "tps_id": 212, "show_hide": 1, "fp_area": "11299", "fp_area_final": 11299.0, "temp": "11299", "search": "Gota 33 8", "dxf_access": 1, "epsg_code": "EPSG:32643", "parcel_id": "8", "land_use": null, "area_sq_m": 11299.0, "owner_name": null, "source_type": "CTPVD_Final_Plot", "source_id": "8", "survey_scheme": "Gota_33", "village_name": "Gota", "city_name": "Ahmedabad", "authority_name": "AMC", "district_name": "Ahmedabad", "state_name": "Gujarat", "status_name": "Preliminary" }, "geometry": { "type": "MultiPolygon", "coordinates": [ [ [ [ 248502.818273301207228, 2556075.36487519973889 ], [ 248534.509539994207444, 2556063.501258675474674 ], [ 248575.537471170304343, 2556048.142464503645897 ], [ 248621.483133820409421, 2556030.942718975245953 ], [ 248596.239722618454834, 2555959.241887100040913 ], [ 248467.575819396122824, 2556007.407182068098336 ], [ 248471.027220526186284, 2556074.602775571402162 ], [ 248471.665369941707468, 2556087.026955563575029 ], [ 248502.818273301207228, 2556075.36487519973889 ] ] ] ] } },
{ "type": "Feature", "properties": { "id": "final_plot_boundary.fid-4639cb80_1a0ba89becd_64a3", "gid": 24495, "tps_name": "Gota_33", "tps_no": "33", "village": "Gota", "city": "Ahmedabad", "authority": "AMC", "district": "Ahmedabad", "state": "Gujarat", "status": "Preliminary", "fp_no": "20", "reser_use": null, "reser_type": null, "tps_id": 212, "show_hide": 1, "fp_area": "1189", "fp_area_final": 1189.0, "temp": "1189", "search": "Gota 33 20", "dxf_access": 1, "epsg_code": "EPSG:32643", "parcel_id": "20", "land_use": null, "area_sq_m": 1189.0, "owner_name": null, "source_type": "CTPVD_Final_Plot", "source_id": "20", "survey_scheme": "Gota_33", "village_name": "Gota", "city_name": "Ahmedabad", "authority_name": "AMC", "district_name": "Ahmedabad", "state_name": "Gujarat", "status_name": "Preliminary" }, "geometry": { "type": "MultiPolygon", "coordinates": [ [ [ [ 249062.680008682247717, 2556606.171284405048937 ], [ 249078.406115410296479, 2556648.290116827003658 ], [ 249103.179403110640123, 2556639.034886324312538 ], [ 249087.455102437321329, 2556596.920891023240983 ], [ 249062.680008682247717, 2556606.171284405048937 ] ] ] ] } },
{ "type": "Feature", "properties": { "id": "final_plot_boundary.fid-4639cb80_1a0ba89becd_64a4", "gid": 24498, "tps_name": "Gota_33", "tps_no": "33", "village": "Gota", "city": "Ahmedabad", "authority": "AMC", "district": "Ahmedabad", "state": "Gujarat", "status": "Preliminary", "fp_no": "112", "reser_use": null, "reser_type": null, "tps_id": 212, "show_hide": 1, "fp_area": "1642", "fp_area_final": 1642.0, "temp": "1642", "search": "Gota 33 112", "dxf_access": 1, "epsg_code": "EPSG:32643", "parcel_id": "112", "land_use": null, "area_sq_m": 1642.0, "owner_name": null, "source_type": "CTPVD_Final_Plot", "source_id": "112", "survey_scheme": "Gota_33", "village_name": "Gota", "city_name": "Ahmedabad", "authority_name": "AMC", "district_name": "Ahmedabad", "state_name": "Gujarat", "status_name": "Preliminary" }, "geometry": { "type": "MultiPolygon", "coordinates": [ [ [ [ 248550.629664723965107, 2556109.288507628720254 ], [ 248534.509539994207444, 2556063.501258675474674 ], [ 248502.818273301207228, 2556075.36487519973889 ], [ 248512.959686194139067, 2556104.170322100631893 ], [ 248518.938398031168617, 2556121.152124153915793 ], [ 248550.629664723965107, 2556109.288507628720254 ] ] ] ] } },
{ "type": "Feature", "properties": { "id": "final_plot_boundary.fid-4639cb80_1a0ba89becd_64a5", "gid": 24373, "tps_name": "Gota_33", "tps_no": "33", "village": "Gota", "city": "Ahmedabad", "authority": "AMC", "district": "Ahmedabad", "state": "Gujarat", "status": "Preliminary", "fp_no": "119", "reser_use": "Sale For Commercial", "reser_type": "Commercial", "tps_id": 212, "show_hide": 1, "fp_area": "2465", "fp_area_final": 2465.0, "temp": "2465", "search": "Gota 33 119", "dxf_access": 1, "epsg_code": "EPSG:32643", "parcel_id": "119", "land_use": "Sale For Commercial", "area_sq_m": 2465.0, "owner_name": null, "source_type": "CTPVD_Final_Plot", "source_id": "119", "survey_scheme": "Gota_33", "village_name": "Gota", "city_name": "Ahmedabad", "authority_name": "AMC", "district_name": "Ahmedabad", "state_name": "Gujarat", "status_name": "Preliminary" }, "geometry": { "type": "MultiPolygon", "coordinates": [ [ [ [ 248743.662000012845965, 2556773.601479636970907 ], [ 248767.713364359311527, 2556764.597858348395675 ], [ 248769.166144224494928, 2556755.811404801905155 ], [ 248775.596120086149313, 2556697.067057836800814 ], [ 248723.758521358569851, 2556716.472447932697833 ], [ 248725.578258506517159, 2556721.695646501146257 ], [ 248743.662000012845965, 2556773.601479636970907 ] ] ] ] } },
{ "type": "Feature", "properties": { "id": "final_plot_boundary.fid-4639cb80_1a0ba89becd_64a6", "gid": 24459, "tps_name": "Gota_33", "tps_no": "33", "village": "Gota", "city": "Ahmedabad", "authority": "AMC", "district": "Ahmedabad", "state": "Gujarat", "status": "Preliminary", "fp_no": "84", "reser_use": null, "reser_type": null, "tps_id": 212, "show_hide": 1, "fp_area": "1762", "fp_area_final": 1762.0, "temp": "1762", "search": "Gota 33 84", "dxf_access": 1, "epsg_code": "EPSG:32643", "parcel_id": "84", "land_use": null, "area_sq_m": 1762.0, "owner_name": null, "source_type": "CTPVD_Final_Plot", "source_id": "84", "survey_scheme": "Gota_33", "village_name": "Gota", "city_name": "Ahmedabad", "authority_name": "AMC", "district_name": "Ahmedabad", "state_name": "Gujarat", "status_name": "Preliminary" }, "geometry": { "type": "MultiPolygon", "coordinates": [ [ [ [ 248674.077555284980917, 2555781.487614414189011 ], [ 248661.030836367048323, 2555746.510990498587489 ], [ 248616.817388960480457, 2555763.003160296473652 ], [ 248629.864107873436296, 2555797.979784213006496 ], [ 248674.077555284980917, 2555781.487614414189011 ] ] ] ] } },
{ "type": "Feature", "properties": { "id": "final_plot_boundary.fid-4639cb80_1a0ba89becd_64a7", "gid": 24410, "tps_name": "Gota_33", "tps_no": "33", "village": "Gota", "city": "Ahmedabad", "authority": "AMC", "district": "Ahmedabad", "state": "Gujarat", "status": "Preliminary", "fp_no": "51", "reser_use": null, "reser_type": null, "tps_id": 212, "show_hide": 1, "fp_area": "1821", "fp_area_final": 1821.0, "temp": "1821", "search": "Gota 33 51", "dxf_access": 1, "epsg_code": "EPSG:32643", "parcel_id": "51", "land_use": null, "area_sq_m": 1821.0, "owner_name": null, "source_type": "CTPVD_Final_Plot", "source_id": "51", "survey_scheme": "Gota_33", "village_name": "Gota", "city_name": "Ahmedabad", "authority_name": "AMC", "district_name": "Ahmedabad", "state_name": "Gujarat", "status_name": "Preliminary" }, "geometry": { "type": "MultiPolygon", "coordinates": [ [ [ [ 248650.546126013854519, 2555718.402791538275778 ], [ 248627.932985230669146, 2555657.779785413295031 ], [ 248601.56393423571717, 2555667.61577179050073 ], [ 248624.177075016079471, 2555728.238777916412801 ], [ 248650.546126013854519, 2555718.402791538275778 ] ] ] ] } },
{ "type": "Feature", "properties": { "id": "final_plot_boundary.fid-4639cb80_1a0ba89becd_64a8", "gid": 24494, "tps_name": "Gota_33", "tps_no": "33", "village": "Gota", "city": "Ahmedabad", "authority": "AMC", "district": "Ahmedabad", "state": "Gujarat", "status": "Preliminary", "fp_no": "24/2", "reser_use": null, "reser_type": null, "tps_id": 212, "show_hide": 1, "fp_area": "8371", "fp_area_final": 8371.0, "temp": "8371", "search": "Gota 33 24/2", "dxf_access": 1, "epsg_code": "EPSG:32643", "parcel_id": "24/2", "land_use": null, "area_sq_m": 8371.0, "owner_name": null, "source_type": "CTPVD_Final_Plot", "source_id": "24/2", "survey_scheme": "Gota_33", "village_name": "Gota", "city_name": "Ahmedabad", "authority_name": "AMC", "district_name": "Ahmedabad", "state_name": "Gujarat", "status_name": "Preliminary" }, "geometry": { "type": "MultiPolygon", "coordinates": [ [ [ [ 248696.851475033792667, 2556639.241048865485936 ], [ 248820.337982332654065, 2556595.765672079753131 ], [ 248795.417656348028686, 2556524.982524378225207 ], [ 248732.214356126060011, 2556547.234245245344937 ], [ 248729.812112031650031, 2556582.973797920625657 ], [ 248702.6340712546953, 2556580.391997965518385 ], [ 248679.38140115616261, 2556589.09662829246372 ], [ 248696.851475033792667, 2556639.241048865485936 ] ] ] ] } },
{ "type": "Feature", "properties": { "id": "final_plot_boundary.fid-4639cb80_1a0ba89becd_64a9", "gid": 24457, "tps_name": "Gota_33", "tps_no": "33", "village": "Gota", "city": "Ahmedabad", "authority": "AMC", "district": "Ahmedabad", "state": "Gujarat", "status": "Preliminary", "fp_no": "46", "reser_use": null, "reser_type": null, "tps_id": 212, "show_hide": 1, "fp_area": "2430", "fp_area_final": 2430.0, "temp": "2430", "search": "Gota 33 46", "dxf_access": 1, "epsg_code": "EPSG:32643", "parcel_id": "46", "land_use": null, "area_sq_m": 2430.0, "owner_name": null, "source_type": "CTPVD_Final_Plot", "source_id": "46", "survey_scheme": "Gota_33", "village_name": "Gota", "city_name": "Ahmedabad", "authority_name": "AMC", "district_name": "Ahmedabad", "state_name": "Gujarat", "status_name": "Preliminary" }, "geometry": { "type": "MultiPolygon", "coordinates": [ [ [ [ 249149.322124139784137, 2556147.19400593964383 ], [ 249138.851075941172894, 2556119.135997584089637 ], [ 249124.366236277506687, 2556124.541636229958385 ], [ 249062.823038461705437, 2556147.509117833804339 ], [ 249073.294086663634516, 2556175.567126187961549 ], [ 249149.322124139784137, 2556147.19400593964383 ] ] ] ] } },
{ "type": "Feature", "properties": { "id": "final_plot_boundary.fid-4639cb80_1a0ba89becd_64aa", "gid": 24482, "tps_name": "Gota_33", "tps_no": "33", "village": "Gota", "city": "Ahmedabad", "authority": "AMC", "district": "Ahmedabad", "state": "Gujarat", "status": "Preliminary", "fp_no": "79/2", "reser_use": null, "reser_type": null, "tps_id": 212, "show_hide": 1, "fp_area": "708", "fp_area_final": 708.0, "temp": "708", "search": "Gota 33 79/2", "dxf_access": 1, "epsg_code": "EPSG:32643", "parcel_id": "79/2", "land_use": null, "area_sq_m": 708.0, "owner_name": null, "source_type": "CTPVD_Final_Plot", "source_id": "79/2", "survey_scheme": "Gota_33", "village_name": "Gota", "city_name": "Ahmedabad", "authority_name": "AMC", "district_name": "Ahmedabad", "state_name": "Gujarat", "status_name": "Preliminary" }, "geometry": { "type": "MultiPolygon", "coordinates": [ [ [ [ 248692.497885575430701, 2555929.112704291008413 ], [ 248703.75147469053627, 2555959.282171174883842 ], [ 248724.364153923292179, 2555951.593383580446243 ], [ 248713.11056480841944, 2555921.423916697502136 ], [ 248692.497885575430701, 2555929.112704291008413 ] ] ] ] } },
{ "type": "Feature", "properties": { "id": "final_plot_boundary.fid-4639cb80_1a0ba89becd_64ab", "gid": 24481, "tps_name": "Gota_33", "tps_no": "33", "village": "Gota", "city": "Ahmedabad", "authority": "AMC", "district": "Ahmedabad", "state": "Gujarat", "status": "Preliminary", "fp_no": "129", "reser_use": "Neighbourhood Center", "reser_type": "Public Purpose", "tps_id": 212, "show_hide": 1, "fp_area": "5083", "fp_area_final": 5083.0, "temp": "5083", "search": "Gota 33 129", "dxf_access": 1, "epsg_code": "EPSG:32643", "parcel_id": "129", "land_use": "Neighbourhood Center", "area_sq_m": 5083.0, "owner_name": null, "source_type": "CTPVD_Final_Plot", "source_id": "129", "survey_scheme": "Gota_33", "village_name": "Gota", "city_name": "Ahmedabad", "authority_name": "AMC", "district_name": "Ahmedabad", "state_name": "Gujarat", "status_name": "Preliminary" }, "geometry": { "type": "MultiPolygon", "coordinates": [ [ [ [ 248555.708072589419317, 2555753.77857361221686 ], [ 248575.534287913469598, 2555810.092521055135876 ], [ 248575.624545009806752, 2555810.335406912956387 ], [ 248575.72313832983491, 2555810.575030033476651 ], [ 248575.829950183659093, 2555810.811104404740036 ], [ 248575.944853094464634, 2555811.043348254170269 ], [ 248576.067709904105868, 2555811.271484368480742 ], [ 248576.19837397619267, 2555811.495240446645766 ], [ 248576.336689347896026, 2555811.714349417947233 ], [ 248576.482490925816819, 2555811.928549750708044 ], [ 248576.63560468389187, 2555812.137585774995387 ], [ 248576.795847863686504, 2555812.341207990888506 ], [ 248576.963029195525451, 2555812.539173347875476 ], [ 248577.136949146806728, 2555812.731245562899858 ], [ 248577.317400110070594, 2555812.917195371817797 ], [ 248577.504166707309196, 2555813.096800829283893 ], [ 248577.697026013105642, 2555813.26984755974263 ], [ 248577.895747832633788, 2555813.436129011213779 ], [ 248578.100094971217914, 2555813.595446715131402 ], [ 248578.30982352051069, 2555813.747610503807664 ], [ 248578.524683143186849, 2555813.892438760958612 ], [ 248578.744417393347248, 2555814.029758616816252 ], [ 248578.968763987300918, 2555814.15940616838634 ], [ 248579.197455151152099, 2555814.281226666178554 ], [ 248579.43021792138461, 2555814.395074708852917 ], [ 248579.666774470708333, 2555814.500814403407276 ], [ 248579.906842433672864, 2555814.598319542594254 ], [ 248580.150135289528407, 2555814.687473742756993 ], [ 248580.396362622559536, 2555814.768170591443777 ], [ 248580.64523055384052, 2555814.840313766151667 ], [ 248580.896442017605295, 2555814.903817160520703 ], [ 248581.149697182612726, 2555814.958604973275214 ], [ 248581.40469375642715, 2555815.004611812531948 ], [ 248581.661127381492406, 2555815.041782762855291 ], [ 248581.918691971804947, 2555815.07007345976308 ], [ 248582.177080107125221, 2555815.089450133033097 ], [ 248582.435983368661255, 2555815.099889656528831 ], [ 248582.695092735229991, 2555815.101379565894604 ], [ 248582.954098927555606, 2555815.093918086029589 ], [ 248583.212692802626407, 2555815.077514124568552 ], [ 248583.470565701194573, 2555815.052187256980687 ], [ 248583.727409829763928, 2555815.017967713996768 ], [ 248583.982918614463415, 2555814.974896345287561 ], [ 248584.236787089146674, 2555814.923024554271251 ], [ 248584.488712224003393, 2555814.862414257135242 ], [ 248584.738393330364488, 2555814.793137800879776 ], [ 248584.985532386926934, 2555814.715277868788689 ], [ 248585.229834412573837, 2555814.628927399404347 ], [ 248629.864107873436296, 2555797.979784213006496 ], [ 248616.817388960480457, 2555763.003160296473652 ], [ 248661.030836367048323, 2555746.510990498587489 ], [ 248650.546126013854519, 2555718.402791538275778 ], [ 248624.177075016079471, 2555728.238777916412801 ], [ 248555.708072589419317, 2555753.77857361221686 ] ] ] ] } },
{ "type": "Feature", "properties": { "id": "final_plot_boundary.fid-4639cb80_1a0ba89becd_64ac", "gid": 24395, "tps_name": "Gota_33", "tps_no": "33", "village": "Gota", "city": "Ahmedabad", "authority": "AMC", "district": "Ahmedabad", "state": "Gujarat", "status": "Preliminary", "fp_no": "31/1", "reser_use": null, "reser_type": null, "tps_id": 212, "show_hide": 1, "fp_area": "3036", "fp_area_final": 3036.0, "temp": "3036", "search": "Gota 33 31/1", "dxf_access": 1, "epsg_code": "EPSG:32643", "parcel_id": "31/1", "land_use": null, "area_sq_m": 3036.0, "owner_name": null, "source_type": "CTPVD_Final_Plot", "source_id": "31/1", "survey_scheme": "Gota_33", "village_name": "Gota", "city_name": "Ahmedabad", "authority_name": "AMC", "district_name": "Ahmedabad", "state_name": "Gujarat", "status_name": "Preliminary" }, "geometry": { "type": "MultiPolygon", "coordinates": [ [ [ [ 248528.421802668366581, 2556216.317564428783953 ], [ 248537.759903769416269, 2556243.622809037100524 ], [ 248546.128983454604167, 2556268.094568935688585 ], [ 248560.763588648114819, 2556262.616108714137226 ], [ 248565.943149682861986, 2556277.761498499196023 ], [ 248595.133916999242501, 2556266.833943193312734 ], [ 248571.651356621965533, 2556200.134593406226486 ], [ 248528.421802668366581, 2556216.317564428783953 ] ] ] ] } },
{ "type": "Feature", "properties": { "id": "final_plot_boundary.fid-4639cb80_1a0ba89becd_64ad", "gid": 24396, "tps_name": "Gota_33", "tps_no": "33", "village": "Gota", "city": "Ahmedabad", "authority": "AMC", "district": "Ahmedabad", "state": "Gujarat", "status": "Preliminary", "fp_no": "21", "reser_use": null, "reser_type": null, "tps_id": 212, "show_hide": 1, "fp_area": "6690", "fp_area_final": 6690.0, "temp": "6690", "search": "Gota 33 21", "dxf_access": 1, "epsg_code": "EPSG:32643", "parcel_id": "21", "land_use": null, "area_sq_m": 6690.0, "owner_name": null, "source_type": "CTPVD_Final_Plot", "source_id": "21", "survey_scheme": "Gota_33", "village_name": "Gota", "city_name": "Ahmedabad", "authority_name": "AMC", "district_name": "Ahmedabad", "state_name": "Gujarat", "status_name": "Preliminary" }, "geometry": { "type": "MultiPolygon", "coordinates": [ [ [ [ 249029.889165142056299, 2556534.034616708755493 ], [ 249012.444738692749524, 2556487.313652209937572 ], [ 248927.706552992487559, 2556518.952747502364218 ], [ 248955.158013885200489, 2556592.47529829479754 ], [ 248972.374013781547546, 2556590.914325851481408 ], [ 248971.483627565408824, 2556576.203903750982136 ], [ 249029.291573716443963, 2556574.338184917811304 ], [ 249016.157547333859839, 2556539.16165549075231 ], [ 249029.889165142056299, 2556534.034616708755493 ] ] ] ] } },
{ "type": "Feature", "properties": { "id": "final_plot_boundary.fid-4639cb80_1a0ba89becd_64ae", "gid": 24488, "tps_name": "Gota_33", "tps_no": "33", "village": "Gota", "city": "Ahmedabad", "authority": "AMC", "district": "Ahmedabad", "state": "Gujarat", "status": "Preliminary", "fp_no": "115/2", "reser_use": null, "reser_type": null, "tps_id": 212, "show_hide": 1, "fp_area": "1908", "fp_area_final": 1908.0, "temp": "1908", "search": "Gota 33 115/2", "dxf_access": 1, "epsg_code": "EPSG:32643", "parcel_id": "115/2", "land_use": null, "area_sq_m": 1908.0, "owner_name": null, "source_type": "CTPVD_Final_Plot", "source_id": "115/2", "survey_scheme": "Gota_33", "village_name": "Gota", "city_name": "Ahmedabad", "authority_name": "AMC", "district_name": "Ahmedabad", "state_name": "Gujarat", "status_name": "Preliminary" }, "geometry": { "type": "MultiPolygon", "coordinates": [ [ [ [ 248394.104262599954382, 2555969.422521788626909 ], [ 248420.388316069118446, 2555965.848265304695815 ], [ 248422.244191827106988, 2555965.426855531521142 ], [ 248396.642297452694038, 2555898.314715469721705 ], [ 248370.68498209916288, 2555908.031828966923058 ], [ 248394.104262599954382, 2555969.422521788626909 ] ] ] ] } },
{ "type": "Feature", "properties": { "id": "final_plot_boundary.fid-4639cb80_1a0ba89becd_64af", "gid": 24426, "tps_name": "Gota_33", "tps_no": "33", "village": "Gota", "city": "Ahmedabad", "authority": "AMC", "district": "Ahmedabad", "state": "Gujarat", "status": "Preliminary", "fp_no": "13", "reser_use": null, "reser_type": null, "tps_id": 212, "show_hide": 1, "fp_area": "2916", "fp_area_final": 2916.0, "temp": "2916", "search": "Gota 33 13", "dxf_access": 1, "epsg_code": "EPSG:32643", "parcel_id": "13", "land_use": null, "area_sq_m": 2916.0, "owner_name": null, "source_type": "CTPVD_Final_Plot", "source_id": "13", "survey_scheme": "Gota_33", "village_name": "Gota", "city_name": "Ahmedabad", "authority_name": "AMC", "district_name": "Ahmedabad", "state_name": "Gujarat", "status_name": "Preliminary" }, "geometry": { "type": "MultiPolygon", "coordinates": [ [ [ [ 248505.293024828744819, 2556359.405199632048607 ], [ 248520.278763881651685, 2556353.795292551163584 ], [ 248525.587101921526482, 2556368.558261966798455 ], [ 248558.055955791525776, 2556356.403555911034346 ], [ 248558.968416237388737, 2556356.061976605560631 ], [ 248537.272040647629183, 2556298.104470664635301 ], [ 248493.81974555348279, 2556314.370824770070612 ], [ 248493.674829997471534, 2556314.427952592726797 ], [ 248493.53197846680996, 2556314.490061751566827 ], [ 248493.39136213879101, 2556314.557077825535089 ], [ 248493.253149499360006, 2556314.628920512739569 ], [ 248493.117506156588206, 2556314.705503730103374 ], [ 248492.984594638284761, 2556314.786735713481903 ], [ 248492.854574212047737, 2556314.872519129887223 ], [ 248492.727600665937643, 2556314.962751190643758 ], [ 248492.603826139413286, 2556315.05732377525419 ], [ 248492.483398953714641, 2556315.156123567372561 ], [ 248492.366463403508533, 2556315.259032177738845 ], [ 248492.253159596119076, 2556315.365926303900778 ], [ 248492.143623305280926, 2556315.476677860599011 ], [ 248492.037985777686117, 2556315.591154139954597 ], [ 248491.936373588512652, 2556315.709217973519117 ], [ 248491.838908493315103, 2556315.8307278980501 ], [ 248491.745707282709191, 2556315.955538312904537 ], [ 248491.656881620263448, 2556316.083499669097364 ], [ 248491.572537948959507, 2556316.214458638802171 ], [ 248491.492777337989537, 2556316.348258303944021 ], [ 248491.417695345066022, 2556316.484738339670002 ], [ 248491.347381939733168, 2556316.623735215049237 ], [ 248491.281921378453262, 2556316.765082380268723 ], [ 248491.221392092091264, 2556316.90861046873033 ], [ 248491.165866610972444, 2556317.054147497285157 ], [ 248491.115411470091203, 2556317.201519085559994 ], [ 248491.070087117288494, 2556317.350548644550145 ], [ 248491.029947875154903, 2556317.501057601999491 ], [ 248490.99504182554665, 2556317.652865620329976 ], [ 248490.965410800854443, 2556317.805790793616325 ], [ 248490.941090308595449, 2556317.95964988367632 ], [ 248490.922109484963585, 2556318.114258533809334 ], [ 248490.908491077250801, 2556318.269431484397501 ], [ 248490.900251398648834, 2556318.424982808064669 ], [ 248490.897400323039619, 2556318.580726114101708 ], [ 248490.899941266543465, 2556318.736474787350744 ], [ 248490.907871192554012, 2556318.892042210325599 ], [ 248490.921180592471501, 2556319.047241970896721 ], [ 248490.939853517658776, 2556319.201888108626008 ], [ 248490.963867592392489, 2556319.355795321986079 ], [ 248490.993194044887787, 2556319.508779194205999 ], [ 248491.027797737508081, 2556319.660656416323036 ], [ 248491.06763720678282, 2556319.81124500464648 ], [ 248491.112664713757113, 2556319.960364518687129 ], [ 248491.162826304207556, 2556320.107836282812059 ], [ 248505.293024828744819, 2556359.405199632048607 ] ] ] ] } },
{ "type": "Feature", "properties": { "id": "final_plot_boundary.fid-4639cb80_1a0ba89becd_64b0", "gid": 24460, "tps_name": "Gota_33", "tps_no": "33", "village": "Gota", "city": "Ahmedabad", "authority": "AMC", "district": "Ahmedabad", "state": "Gujarat", "status": "Preliminary", "fp_no": "87", "reser_use": null, "reser_type": null, "tps_id": 212, "show_hide": 1, "fp_area": "4678", "fp_area_final": 4678.0, "temp": "4678", "search": "Gota 33 87", "dxf_access": 1, "epsg_code": "EPSG:32643", "parcel_id": "87", "land_use": null, "area_sq_m": 4678.0, "owner_name": null, "source_type": "CTPVD_Final_Plot", "source_id": "87", "survey_scheme": "Gota_33", "village_name": "Gota", "city_name": "Ahmedabad", "authority_name": "AMC", "district_name": "Ahmedabad", "state_name": "Gujarat", "status_name": "Preliminary" }, "geometry": { "type": "MultiPolygon", "coordinates": [ [ [ [ 248624.177075016079471, 2555728.238777916412801 ], [ 248601.56393423571717, 2555667.61577179050073 ], [ 248541.115526438516099, 2555690.163785208016634 ], [ 248540.874734475510195, 2555690.258365669753402 ], [ 248540.637347690411843, 2555690.361194380559027 ], [ 248540.403648519160924, 2555690.47214899212122 ], [ 248540.173915009945631, 2555690.591097497846931 ], [ 248539.948420511005679, 2555690.717898367438465 ], [ 248539.727433310094057, 2555690.852400733623654 ], [ 248539.5112163349404, 2555690.994444568641484 ], [ 248539.300026843033265, 2555691.14386086538434 ], [ 248539.09411610767711, 2555691.300471848808229 ], [ 248538.893729121627985, 2555691.46409118687734 ], [ 248538.699104309955146, 2555691.634524202439934 ], [ 248538.510473234258825, 2555691.811568112578243 ], [ 248538.328060321131488, 2555691.99501227401197 ], [ 248538.152082610002253, 2555692.184638422913849 ], [ 248537.982749481772771, 2555692.380220943596214 ], [ 248537.820262405701214, 2555692.581527130678296 ], [ 248537.664814711024519, 2555692.788317470811307 ], [ 248537.516591350547969, 2555693.000345923937857 ], [ 248537.37576867302414, 2555693.217360218521208 ], [ 248537.242514235840645, 2555693.439102154690772 ], [ 248537.116986581211677, 2555693.665307899471372 ], [ 248536.999335069936933, 2555693.895708315074444 ], [ 248536.889699672465213, 2555694.130029272288084 ], [ 248536.788210844446439, 2555694.367991974111646 ], [ 248536.69498932181159, 2555694.609313293360174 ], [ 248536.610146038117819, 2555694.853706107474864 ], [ 248536.533781924197683, 2555695.100879636127502 ], [ 248536.465987847099314, 2555695.350539791863412 ], [ 248536.406844462879235, 2555695.602389530278742 ], [ 248536.356422147364356, 2555695.856129202060401 ], [ 248536.314780888962559, 2555696.11145690549165 ], [ 248536.281970232783351, 2555696.368068852461874 ], [ 248536.258029212593101, 2555696.625659726094455 ], [ 248536.242986315715825, 2555696.883923043962568 ], [ 248536.236859447701136, 2555697.14255152689293 ], [ 248536.239655890734866, 2555697.40123745938763 ], [ 248536.251372316299239, 2555697.659673049580306 ], [ 248536.271994784648996, 2555697.917550820857286 ], [ 248536.301498763757991, 2555698.174563945736736 ], [ 248536.339849148062058, 2555698.430406629107893 ], [ 248536.38700031148619, 2555698.684774469584227 ], [ 248536.442896142660175, 2555698.937364822719246 ], [ 248536.507470153126633, 2555699.187877153977752 ], [ 248536.580645496433135, 2555699.436013406142592 ], [ 248536.662335117231123, 2555699.681478344835341 ], [ 248555.708072589419317, 2555753.77857361221686 ], [ 248624.177075016079471, 2555728.238777916412801 ] ] ] ] } },
{ "type": "Feature", "properties": { "id": "final_plot_boundary.fid-4639cb80_1a0ba89becd_64b1", "gid": 24499, "tps_name": "Gota_33", "tps_no": "33", "village": "Gota", "city": "Ahmedabad", "authority": "AMC", "district": "Ahmedabad", "state": "Gujarat", "status": "Preliminary", "fp_no": "114", "reser_use": null, "reser_type": null, "tps_id": 212, "show_hide": 1, "fp_area": "1907", "fp_area_final": 1907.0, "temp": "1907", "search": "Gota 33 114", "dxf_access": 1, "epsg_code": "EPSG:32643", "parcel_id": "114", "land_use": null, "area_sq_m": 1907.0, "owner_name": null, "source_type": "CTPVD_Final_Plot", "source_id": "114", "survey_scheme": "Gota_33", "village_name": "Gota", "city_name": "Ahmedabad", "authority_name": "AMC", "district_name": "Ahmedabad", "state_name": "Gujarat", "status_name": "Preliminary" }, "geometry": { "type": "MultiPolygon", "coordinates": [ [ [ [ 248602.047367140243296, 2556273.855845921207219 ], [ 248579.570665156294126, 2556282.269992812070996 ], [ 248600.89603997420636, 2556339.236444769892842 ], [ 248623.372741953731747, 2556330.822297880891711 ], [ 248602.047367140243296, 2556273.855845921207219 ] ] ] ] } },
{ "type": "Feature", "properties": { "id": "final_plot_boundary.fid-4639cb80_1a0ba89becd_64b2", "gid": 24479, "tps_name": "Gota_33", "tps_no": "33", "village": "Gota", "city": "Ahmedabad", "authority": "AMC", "district": "Ahmedabad", "state": "Gujarat", "status": "Preliminary", "fp_no": "124", "reser_use": "Neighbourhood Center", "reser_type": "Public Purpose", "tps_id": 212, "show_hide": 1, "fp_area": "3135", "fp_area_final": 3135.0, "temp": "3135", "search": "Gota 33 124", "dxf_access": 1, "epsg_code": "EPSG:32643", "parcel_id": "124", "land_use": "Neighbourhood Center", "area_sq_m": 3135.0, "owner_name": null, "source_type": "CTPVD_Final_Plot", "source_id": "124", "survey_scheme": "Gota_33", "village_name": "Gota", "city_name": "Ahmedabad", "authority_name": "AMC", "district_name": "Ahmedabad", "state_name": "Gujarat", "status_name": "Preliminary" }, "geometry": { "type": "MultiPolygon", "coordinates": [ [ [ [ 248443.366538923030021, 2556084.414941556286067 ], [ 248443.6370332747465, 2556084.776620434597135 ], [ 248443.894713075045729, 2556085.14753812039271 ], [ 248444.139263040124206, 2556085.527240794152021 ], [ 248444.370383969915565, 2556085.915263889357448 ], [ 248444.587793091661297, 2556086.311132657341659 ], [ 248444.791224393091397, 2556086.714362756814808 ], [ 248444.980428985581966, 2556087.124460827559233 ], [ 248445.155175371706719, 2556087.540925121866167 ], [ 248445.315249754639808, 2556087.96324608894065 ], [ 248445.460456276836339, 2556088.3909070212394 ], [ 248445.590617276960984, 2556088.823384671937674 ], [ 248445.705573511659168, 2556089.260149908717722 ], [ 248445.805184331780765, 2556089.700668345671147 ], [ 248445.889327849639812, 2556090.144401005469263 ], [ 248445.957901123678312, 2556090.590804986190051 ], [ 248446.0108202585252, 2556091.039334106259048 ], [ 248446.04802050080616, 2556091.489439592231065 ], [ 248446.069456338882446, 2556091.940570740029216 ], [ 248446.075101550057298, 2556092.392175588291138 ], [ 248446.064949216000969, 2556092.843701596837491 ], [ 248446.039011770772049, 2556093.294596325140446 ], [ 248445.9973209433374, 2556093.744308101478964 ], [ 248445.939927744271699, 2556094.192286703269929 ], [ 248445.866902388544986, 2556094.637984026689082 ], [ 248445.778334223869024, 2556095.080854763276875 ], [ 248445.674331620743033, 2556095.520357054192573 ], [ 248445.555021820327966, 2556095.955953174270689 ], [ 248445.420550804177765, 2556096.387110165785998 ], [ 248445.271083091531182, 2556096.813300510402769 ], [ 248445.106801557121798, 2556097.234002763405442 ], [ 248444.927907204197254, 2556097.648702192120254 ], [ 248444.734618908318225, 2556098.056891413405538 ], [ 248444.527173152717296, 2556098.458071008324623 ], [ 248444.305823754431913, 2556098.851750127971172 ], [ 248444.070841535780346, 2556099.23744711233303 ], [ 248443.822513991122833, 2556099.614690054673702 ], [ 248443.561144950450398, 2556099.983017400838435 ], [ 248443.287054206681205, 2556100.341978497803211 ], [ 248443.000577106198762, 2556100.691134160384536 ], [ 248442.702064152079402, 2556101.030057195574045 ], [ 248442.391880574141396, 2556101.35833292780444 ], [ 248442.070405888021924, 2556101.675559712573886 ], [ 248441.738033417699626, 2556101.981349421199411 ], [ 248441.395169817958958, 2556102.27532792231068 ], [ 248455.694648338860134, 2556138.1071413657628 ], [ 248455.775440543977311, 2556138.299780460074544 ], [ 248455.8628896602022, 2556138.489490378182381 ], [ 248455.956889690714888, 2556138.676041162572801 ], [ 248456.057326693728101, 2556138.85920668579638 ], [ 248456.164078922476619, 2556139.038764927070588 ], [ 248456.277016985957744, 2556139.214498235844076 ], [ 248456.396003972389735, 2556139.386193596757948 ], [ 248456.520895670168102, 2556139.553642888087779 ], [ 248456.651540677266894, 2556139.716643144376576 ], [ 248456.787780638871482, 2556139.874996777158231 ], [ 248456.929450416268082, 2556140.028511844109744 ], [ 248457.076378278434277, 2556140.177002262324095 ], [ 248457.228386130242143, 2556140.320288036949933 ], [ 248457.385289720172295, 2556140.458195488434285 ], [ 248457.546898852335289, 2556140.590557451825589 ], [ 248457.713017631758703, 2556140.717213485855609 ], [ 248457.88344470760785, 2556140.838010062463582 ], [ 248458.057973489834694, 2556140.952800760511309 ], [ 248458.236392429185798, 2556141.06144643900916 ], [ 248458.418485251779202, 2556141.163815401960164 ], [ 248458.604031238035532, 2556141.259783561807126 ], [ 248458.792805474979104, 2556141.34923459449783 ], [ 248458.984579150011996, 2556141.432060068938881 ], [ 248459.179119799955515, 2556141.508159590885043 ], [ 248459.376191609597299, 2556141.577440919820219 ], [ 248459.575555702962447, 2556141.639820068143308 ], [ 248459.776970425766194, 2556141.695221431553364 ], [ 248459.980191631271737, 2556141.743577852845192 ], [ 248460.184972982562613, 2556141.784830715507269 ], [ 248460.391066251322627, 2556141.818930017296225 ], [ 248460.598221640830161, 2556141.845834423322231 ], [ 248460.806188031012425, 2556141.865511322394013 ], [ 248461.014713349955855, 2556141.877936863340437 ], [ 248461.223544824868441, 2556141.883095984347165 ], [ 248461.432429323496763, 2556141.880982432048768 ], [ 248461.641113645688165, 2556141.871598768047988 ], [ 248461.849344843649305, 2556141.854956366121769 ], [ 248462.056870504951803, 2556141.831075401511043 ], [ 248462.263439079513773, 2556141.799984817858785 ], [ 248462.468800177535741, 2556141.761722304392606 ], [ 248462.67270487503265, 2556141.71633424051106 ], [ 248462.874906002689386, 2556141.663875641301274 ], [ 248463.075158465391723, 2556141.604410096537322 ], [ 248463.273219534225063, 2556141.538009685464203 ], [ 248486.48031828738749, 2556133.305678022094071 ], [ 248499.417672629148001, 2556128.461434797383845 ], [ 248493.105750096321572, 2556111.60439964896068 ], [ 248512.959686194139067, 2556104.170322100631893 ], [ 248502.818273301207228, 2556075.36487519973889 ], [ 248471.665369941707468, 2556087.026955563575029 ], [ 248471.027220526186284, 2556074.602775571402162 ], [ 248443.366538923030021, 2556084.414941556286067 ] ] ] ] } },
{ "type": "Feature", "properties": { "id": "final_plot_boundary.fid-4639cb80_1a0ba89becd_64b3", "gid": 24463, "tps_name": "Gota_33", "tps_no": "33", "village": "Gota", "city": "Ahmedabad", "authority": "AMC", "district": "Ahmedabad", "state": "Gujarat", "status": "Preliminary", "fp_no": "72", "reser_use": null, "reser_type": null, "tps_id": 212, "show_hide": 1, "fp_area": "4007", "fp_area_final": 4007.0, "temp": "4007", "search": "Gota 33 72", "dxf_access": 1, "epsg_code": "EPSG:32643", "parcel_id": "72", "land_use": null, "area_sq_m": 4007.0, "owner_name": null, "source_type": "CTPVD_Final_Plot", "source_id": "72", "survey_scheme": "Gota_33", "village_name": "Gota", "city_name": "Ahmedabad", "authority_name": "AMC", "district_name": "Ahmedabad", "state_name": "Gujarat", "status_name": "Preliminary" }, "geometry": { "type": "MultiPolygon", "coordinates": [ [ [ [ 248707.326268071105005, 2556184.431572811212391 ], [ 248806.928534251987003, 2556147.260718883946538 ], [ 248810.551161687471904, 2556145.908780216239393 ], [ 248798.471096027147723, 2556111.596826491877437 ], [ 248695.246202414709842, 2556150.119619088247418 ], [ 248707.326268071105005, 2556184.431572811212391 ] ] ] ] } },
{ "type": "Feature", "properties": { "id": "final_plot_boundary.fid-4639cb80_1a0ba89becd_64b4", "gid": 24378, "tps_name": "Gota_33", "tps_no": "33", "village": "Gota", "city": "Ahmedabad", "authority": "AMC", "district": "Ahmedabad", "state": "Gujarat", "status": "Preliminary", "fp_no": "88", "reser_use": null, "reser_type": null, "tps_id": 212, "show_hide": 1, "fp_area": "4130", "fp_area_final": 4130.0, "temp": "4130", "search": "Gota 33 88", "dxf_access": 1, "epsg_code": "EPSG:32643", "parcel_id": "88", "land_use": null, "area_sq_m": 4130.0, "owner_name": null, "source_type": "CTPVD_Final_Plot", "source_id": "88", "survey_scheme": "Gota_33", "village_name": "Gota", "city_name": "Ahmedabad", "authority_name": "AMC", "district_name": "Ahmedabad", "state_name": "Gujarat", "status_name": "Preliminary" }, "geometry": { "type": "MultiPolygon", "coordinates": [ [ [ [ 248529.220568993390771, 2555930.888483763672411 ], [ 248579.615607739397092, 2555912.023115582764149 ], [ 248556.584584957337938, 2555846.606303274165839 ], [ 248556.494258130231174, 2555846.363239271566272 ], [ 248556.395582861237926, 2555846.123443036805838 ], [ 248556.288677085452946, 2555845.887201210483909 ], [ 248556.17366861255141, 2555845.65479618916288 ], [ 248556.050694901263341, 2555845.42650577891618 ], [ 248555.919902962603373, 2555845.202602869831026 ], [ 248555.781449137401069, 2555844.983355106785893 ], [ 248555.635498921968974, 2555844.769024570006877 ], [ 248555.482226782187354, 2555844.559867460746318 ], [ 248555.32181593668065, 2555844.356133797205985 ], [ 248555.154458134580636, 2555844.158067117910832 ], [ 248554.980353426421061, 2555843.965904179494828 ], [ 248554.799709930201061, 2555843.779874688014388 ], [ 248554.612743581295945, 2555843.600201018620282 ], [ 248554.419677869766019, 2555843.427097942214459 ], [ 248554.220743580721319, 2555843.260772378183901 ], [ 248554.01617850974435, 2555843.101423150859773 ], [ 248553.806227187189506, 2555842.949240736663342 ], [ 248553.591140587668633, 2555842.804407048970461 ], [ 248553.371175802196376, 2555842.667095215991139 ], [ 248553.146595784666715, 2555842.53746937494725 ], [ 248552.917668981739553, 2555842.415684476494789 ], [ 248552.684669033129467, 2555842.301886095665395 ], [ 248552.447874480567407, 2555842.196210264228284 ], [ 248552.2075683583098, 2555842.09878330398351 ], [ 248551.964037928148173, 2555842.009721673093736 ], [ 248551.717574299400439, 2555841.929131832905114 ], [ 248551.468472074338933, 2555841.857110117562115 ], [ 248551.217029031860875, 2555841.793742617592216 ], [ 248550.963545733364299, 2555841.739105083048344 ], [ 248550.708325178304221, 2555841.693262824323028 ], [ 248550.451672452240018, 2555841.656270635314286 ], [ 248550.19389434409095, 2555841.628172742202878 ], [ 248549.935298994445475, 2555841.609002727549523 ], [ 248549.676195519248722, 2555841.59878350654617 ], [ 248549.416893632354913, 2555841.597527298610657 ], [ 248549.157703303935705, 2555841.605235600378364 ], [ 248548.898934356839163, 2555841.621899198275059 ], [ 248548.6408961105044, 2555841.647498176898807 ], [ 248548.383897013351088, 2555841.682001933921129 ], [ 248548.128244276187615, 2555841.725369224324822 ], [ 248547.874243494385155, 2555841.777548209298402 ], [ 248547.62219829170499, 2555841.838476517703384 ], [ 248547.372409949981375, 2555841.908081315923482 ], [ 248547.125177051959326, 2555841.986279400996864 ], [ 248546.880795142351417, 2555842.072977300267667 ], [ 248503.649381877767155, 2555858.256644357461482 ], [ 248529.220568993390771, 2555930.888483763672411 ] ] ] ] } },
{ "type": "Feature", "properties": { "id": "final_plot_boundary.fid-4639cb80_1a0ba89becd_64b5", "gid": 24451, "tps_name": "Gota_33", "tps_no": "33", "village": "Gota", "city": "Ahmedabad", "authority": "AMC", "district": "Ahmedabad", "state": "Gujarat", "status": "Preliminary", "fp_no": "35/1", "reser_use": null, "reser_type": null, "tps_id": 212, "show_hide": 1, "fp_area": "3348", "fp_area_final": 3348.0, "temp": "3348", "search": "Gota 33 35/1", "dxf_access": 1, "epsg_code": "EPSG:32643", "parcel_id": "35/1", "land_use": null, "area_sq_m": 3348.0, "owner_name": null, "source_type": "CTPVD_Final_Plot", "source_id": "35/1", "survey_scheme": "Gota_33", "village_name": "Gota", "city_name": "Ahmedabad", "authority_name": "AMC", "district_name": "Ahmedabad", "state_name": "Gujarat", "status_name": "Preliminary" }, "geometry": { "type": "MultiPolygon", "coordinates": [ [ [ [ 248924.485583837056765, 2556595.256363489665091 ], [ 248899.875617326993961, 2556529.344114964362234 ], [ 248843.456084343022667, 2556550.409741584677249 ], [ 248843.23141896125162, 2556550.498069235589355 ], [ 248843.009932832530467, 2556550.594091112725437 ], [ 248842.791889363201335, 2556550.697693018242717 ], [ 248842.577547880093334, 2556550.808751733973622 ], [ 248842.36716330613126, 2556550.927135174628347 ], [ 248842.160985853523016, 2556551.052702548447996 ], [ 248841.959260725765489, 2556551.185304517392069 ], [ 248841.762227841129061, 2556551.324783373158425 ], [ 248841.570121538767125, 2556551.470973234623671 ], [ 248841.383170278131729, 2556551.623700232710689 ], [ 248841.201596419530688, 2556551.782782732974738 ], [ 248841.025615898572141, 2556551.948031530715525 ], [ 248840.855438019731082, 2556552.119250096846372 ], [ 248840.691265171190025, 2556552.296234798617661 ], [ 248840.533292611507932, 2556552.478775147348642 ], [ 248840.381708211527439, 2556552.666654041036963 ], [ 248840.236692259582924, 2556552.8596480358392 ], [ 248840.098417225526646, 2556553.057527602650225 ], [ 248839.967047558136983, 2556553.260057399515063 ], [ 248839.842739494692069, 2556553.466996554750949 ], [ 248839.725640879652929, 2556553.678098952863365 ], [ 248839.615890981483972, 2556553.893113527912647 ], [ 248839.513620319718029, 2556554.11178456293419 ], [ 248839.41895053445478, 2556554.333851986564696 ], [ 248839.331994218373438, 2556554.559051691554487 ], [ 248839.252854781254428, 2556554.787115845363587 ], [ 248839.18162635184126, 2556555.01777320727706 ], [ 248839.118393642769661, 2556555.250749454833567 ], [ 248839.063231848034775, 2556555.485767509788275 ], [ 248839.016206579981372, 2556555.722547855693847 ], [ 248838.97737377154408, 2556555.960808892734349 ], [ 248838.946779597492423, 2556556.200267252046615 ], [ 248838.924460447917227, 2556556.440638138446957 ], [ 248838.910442867811071, 2556556.681635683402419 ], [ 248838.904743526800303, 2556556.922973259817809 ], [ 248838.907369208347518, 2556557.164363843854517 ], [ 248838.918316780065652, 2556557.40552034555003 ], [ 248838.937573230097769, 2556557.646155958995223 ], [ 248838.965115648403298, 2556557.88598448690027 ], [ 248839.000911287846975, 2556558.124720703344792 ], [ 248839.044917571300175, 2556558.362080674618483 ], [ 248839.097082163352752, 2556558.597782104276121 ], [ 248839.157343019294785, 2556558.831544670276344 ], [ 248839.225628478219733, 2556559.063090356998146 ], [ 248839.301857318816474, 2556559.29214378260076 ], [ 248850.171221456141211, 2556590.165247431024909 ], [ 248891.682092332834145, 2556575.785683675203472 ], [ 248899.22037055369583, 2556597.547157051973045 ], [ 248924.485583837056765, 2556595.256363489665091 ] ] ] ] } },
{ "type": "Feature", "properties": { "id": "final_plot_boundary.fid-4639cb80_1a0ba89becd_64b6", "gid": 24520, "tps_name": "Gota_33", "tps_no": "33", "village": "Gota", "city": "Ahmedabad", "authority": "AMC", "district": "Ahmedabad", "state": "Gujarat", "status": "Preliminary", "fp_no": "50/2", "reser_use": null, "reser_type": null, "tps_id": 212, "show_hide": 1, "fp_area": "4811", "fp_area_final": 4811.0, "temp": "4811", "search": "Gota 33 50/2", "dxf_access": 1, "epsg_code": "EPSG:32643", "parcel_id": "50/2", "land_use": null, "area_sq_m": 4811.0, "owner_name": null, "source_type": "CTPVD_Final_Plot", "source_id": "50/2", "survey_scheme": "Gota_33", "village_name": "Gota", "city_name": "Ahmedabad", "authority_name": "AMC", "district_name": "Ahmedabad", "state_name": "Gujarat", "status_name": "Preliminary" }, "geometry": { "type": "MultiPolygon", "coordinates": [ [ [ [ 249109.17094057428767, 2556083.824630095623434 ], [ 249083.562811507319566, 2556015.20560689875856 ], [ 249022.019613693060819, 2556038.173088505398482 ], [ 249047.627742762851994, 2556106.792111700866371 ], [ 249109.17094057428767, 2556083.824630095623434 ] ] ] ] } },
{ "type": "Feature", "properties": { "id": "final_plot_boundary.fid-4639cb80_1a0ba89becd_64b7", "gid": 24486, "tps_name": "Gota_33", "tps_no": "33", "village": "Gota", "city": "Ahmedabad", "authority": "AMC", "district": "Ahmedabad", "state": "Gujarat", "status": "Preliminary", "fp_no": "27/1", "reser_use": null, "reser_type": null, "tps_id": 212, "show_hide": 1, "fp_area": "1744", "fp_area_final": 1744.0, "temp": "1744", "search": "Gota 33 27/1", "dxf_access": 1, "epsg_code": "EPSG:32643", "parcel_id": "27/1", "land_use": null, "area_sq_m": 1744.0, "owner_name": null, "source_type": "CTPVD_Final_Plot", "source_id": "27/1", "survey_scheme": "Gota_33", "village_name": "Gota", "city_name": "Ahmedabad", "authority_name": "AMC", "district_name": "Ahmedabad", "state_name": "Gujarat", "status_name": "Preliminary" }, "geometry": { "type": "MultiPolygon", "coordinates": [ [ [ [ 248795.417656348028686, 2556524.982524378225207 ], [ 248787.852742441260489, 2556503.495308730751276 ], [ 248787.798021353140939, 2556503.348129712976515 ], [ 248787.738198712846497, 2556503.202949437778443 ], [ 248787.67334736007615, 2556503.059944672975689 ], [ 248787.603546256897971, 2556502.919289539568126 ], [ 248787.528880388941616, 2556502.781155297998339 ], [ 248787.449440669210162, 2556502.645710134878755 ], [ 248787.365323824196821, 2556502.513118969276547 ], [ 248787.276632268767571, 2556502.383543241769075 ], [ 248787.183473998593399, 2556502.257140719331801 ], [ 248787.085962441284209, 2556502.134065310005099 ], [ 248786.984216315846425, 2556502.014466867782176 ], [ 248786.878359520313097, 2556501.89849101100117 ], [ 248786.768520931771491, 2556501.786278955172747 ], [ 248786.654834297893103, 2556501.677967322058976 ], [ 248786.537438033148646, 2556501.57368799392134 ], [ 248786.416475083591649, 2556501.473567938432097 ], [ 248786.292092728137504, 2556501.377729061525315 ], [ 248786.164442418201361, 2556501.286288050469011 ], [ 248786.033679568528896, 2556501.199356247670949 ], [ 248785.89996339668869, 2556501.117039495613426 ], [ 248785.763456724205753, 2556501.039438026491553 ], [ 248785.62432574594277, 2556500.966646321583539 ], [ 248785.482739875238622, 2556500.89875301392749 ], [ 248785.338871496642241, 2556500.83584076911211 ], [ 248785.192895784275606, 2556500.777986184228212 ], [ 248785.044990480004344, 2556500.72525970870629 ], [ 248784.895335666427854, 2556500.677725537214428 ], [ 248784.74411356303608, 2556500.635441546794027 ], [ 248784.591508291865466, 2556500.598459221422672 ], [ 248784.437705665826797, 2556500.566823592409492 ], [ 248784.282892951741815, 2556500.540573175065219 ], [ 248784.127258643129608, 2556500.519739934708923 ], [ 248783.970992244430818, 2556500.504349239636213 ], [ 248783.814284021937056, 2556500.494419820141047 ], [ 248783.657324776111636, 2556500.489963775500655 ], [ 248783.500305620400468, 2556500.490986528806388 ], [ 248783.343417740019504, 2556500.497486833482981 ], [ 248783.186852159851696, 2556500.509456773288548 ], [ 248783.030799512664089, 2556500.526881779544055 ], [ 248782.875449796323664, 2556500.549740627873689 ], [ 248782.720992171700345, 2556500.578005491755903 ], [ 248782.567614698840771, 2556500.611641955561936 ], [ 248782.415504128322937, 2556500.650609062984586 ], [ 248782.264845667174086, 2556500.694859367329627 ], [ 248782.115822755760746, 2556500.744338991586119 ], [ 248728.728333259175997, 2556519.510743059683591 ], [ 248732.214356126060011, 2556547.234245245344937 ], [ 248795.417656348028686, 2556524.982524378225207 ] ] ] ] } }
]
}
